season,rank,PLAYER_ID,player,team,minutes,prior,impact_per100,waa_wins
2015,325,201569,Eric Gordon,NOP,1861.0,-1.0,-1.47,-2.12
2015,145,201600,Omer Asik,NOP,1888.0,-1.0,0.12,0.18
2015,57,201936,Tyreke Evans,NOP,2496.0,1.08,1.67,3.22
2015,61,201950,Jrue Holiday,NOP,1228.0,2.39,3.11,2.95
2015,4,203076,Anthony Davis,NOP,2277.0,8.29,9.23,16.25
2015,131,202696,Nikola Vucevic,ORL,2315.0,0.78,0.27,0.46
2015,291,202699,Tobias Harris,ORL,2152.0,0.4,-0.96,-1.53
2015,223,203095,Evan Fournier,ORL,1484.0,-1.73,-0.78,-0.86
2015,273,203124,Kyle O'Quinn,ORL,775.0,-0.41,-2.16,-1.24
2015,91,203901,Elfrid Payton,ORL,2294.0,-1.19,0.87,1.49
2015,258,203932,Aaron Gordon,ORL,740.0,-2.41,-2.06,-1.13
2015,296,201583,Ryan Anderson,NOP,1504.0,-0.36,-1.35,-1.57
2015,339,2732,Ben Gordon,ORL,691.0,-3.63,-4.65,-2.39
2015,294,2557,Luke Ridnour,ORL,613.0,-2.85,-3.43,-1.56
2015,199,202690,Jimmer Fredette,NOP,450.0,-3.78,-1.45,-0.51
2015,329,203085,Austin Rivers,LAC,1431.0,-2.65,-2.2,-2.25
2015,172,203473,Dewayne Dedmon,ORL,777.0,-3.1,-0.35,-0.2
2015,287,2584,Willie Green,ORL,855.0,-3.72,-2.31,-1.47
2015,115,201582,Alexis Ajinca,NOP,881.0,-0.4,1.52,1.03
2015,315,202337,Luke Babbitt,NOP,782.0,-0.5,-3.18,-1.92
2015,72,1495,Tim Duncan,SAS,1999.0,4.67,1.69,2.53
2015,392,2225,Tony Parker,SAS,1767.0,-1.28,-4.42,-5.82
2015,276,2588,Matt Bonner,SAS,844.0,-0.75,-2.04,-1.28
2015,387,201158,Marco Belinelli,SAS,1214.0,-1.0,-5.37,-4.86
2015,10,201980,Danny Green,SAS,2094.0,4.23,6.29,9.83
2015,88,1717,Dirk Nowitzki,DAL,2107.0,1.99,0.99,1.62
2015,25,2199,Tyson Chandler,DAL,2126.0,2.36,3.38,5.61
2015,142,2749,Jameer Nelson,DEN,1287.0,-0.96,0.29,0.26
2015,102,101145,Monta Ellis,DAL,2465.0,-0.15,0.68,1.31
2015,82,202718,Chandler Parsons,DAL,2002.0,1.42,1.2,1.88
2015,29,1938,Manu Ginobili,SAS,1393.0,1.44,5.06,5.25
2015,156,2564,Boris Diaw,SAS,1739.0,-0.45,0.01,0.01
2015,230,202962,Greg Smith,DAL,326.0,-2.1,-3.63,-0.92
2015,139,2734,Devin Harris,DAL,1494.0,1.18,0.25,0.29
2015,171,203382,Aron Baynes,SAS,1039.0,-1.7,-0.23,-0.18
2015,94,201148,Brandan Wright,PHO,1295.0,3.22,1.61,1.43
2015,98,202709,Cory Joseph,SAS,1295.0,1.15,1.45,1.4
2015,58,202329,Al-Farouq Aminu,DAL,1234.0,0.52,3.31,3.18
2015,78,203109,Jae Crowder,BOS,1505.0,0.36,1.55,2.03
2015,254,2210,Richard Jefferson,DAL,1137.0,-0.82,-1.23,-1.09
2015,245,977,Kobe Bryant,LAL,1129.0,0.15,-1.28,-1.03
2015,373,2430,Carlos Boozer,LAL,1571.0,-1.64,-3.15,-3.51
2015,353,201941,Jordan Hill,LAL,1746.0,-2.11,-2.3,-2.85
2015,103,202325,Wesley Johnson,LAL,2091.0,-1.84,0.86,1.27
2015,80,202391,Jeremy Lin,LAL,1766.0,-0.45,1.57,1.97
2015,87,2730,Dwight Howard,HOU,1140.0,-0.47,2.14,1.78
2015,76,2772,Trevor Ariza,HOU,2706.0,0.89,1.08,2.14
2015,2,201935,James Harden,HOU,2746.0,8.29,8.46,17.0
2015,206,201976,Patrick Beverley,HOU,1606.0,0.01,-0.49,-0.58
2015,135,203093,Terrence Jones,HOU,818.0,0.86,0.63,0.38
2015,175,101179,Ronnie Price,LAL,933.0,-2.38,-0.36,-0.24
2015,149,204028,Tarik Black,LAL,1117.0,-1.99,0.17,0.14
2015,247,203903,Jordan Clarkson,LAL,1364.0,0.08,-1.08,-1.04
2015,203,1891,Jason Terry,HOU,1493.0,0.36,-0.5,-0.55
2015,138,202334,Ed Davis,LAL,1708.0,1.3,0.26,0.32
2015,337,202700,Donatas Motiejunas,HOU,1901.0,-0.54,-1.7,-2.36
2015,316,203123,Kostas Papanikolaou,HOU,697.0,-1.82,-3.8,-1.94
2015,233,203584,Troy Daniels,MIN,351.0,-2.56,-3.85,-0.94
2015,282,203135,Robert Sacre,LAL,1059.0,-3.19,-1.85,-1.39
2015,241,203477,Isaiah Canaan,PHI,856.0,-0.84,-1.68,-1.0
2015,238,2744,Al Jefferson,CHO,1815.0,1.4,-0.71,-0.98
2015,211,101107,Marvin Williams,CHO,1852.0,-0.07,-0.45,-0.63
2015,390,202362,Lance Stephenson,CHO,1423.0,-4.17,-4.99,-5.4
2015,218,202689,Kemba Walker,CHO,1926.0,2.06,-0.48,-0.71
2015,66,203077,Michael Kidd-Gilchrist,CHO,1468.0,-0.55,2.58,2.89
2015,64,201162,Jared Dudley,MIL,1557.0,0.46,2.48,2.92
2015,167,202336,Larry Sanders,MIL,535.0,-1.0,-0.39,-0.16
2015,225,202688,Brandon Knight,MIL,1836.0,1.39,-0.63,-0.87
2015,8,203114,Khris Middleton,MIL,2172.0,1.43,6.41,10.54
2015,232,203953,Jabari Parker,MIL,668.0,-0.59,-1.86,-0.94
2015,50,2585,Zaza Pachulia,MIL,1609.0,0.28,2.86,3.48
2015,70,203469,Cody Zeller,CHO,1381.0,-0.64,2.48,2.61
2015,117,203507,Giannis Antetokounmpo,MIL,2329.0,-0.06,0.55,0.97
2015,68,201945,Gerald Henderson,CHO,2127.0,-1.37,1.71,2.77
2015,359,202390,Gary Neal,CHO,1067.0,-3.13,-3.64,-2.96
2015,212,201564,O.J. Mayo,MIL,1542.0,-0.64,-0.55,-0.64
2015,327,101131,Jason Maxiell,CHO,815.0,-2.86,-3.61,-2.24
2015,198,101141,Ersan Ilyasova,MIL,1236.0,0.87,-0.54,-0.5
2015,256,203089,John Henson,MIL,1110.0,0.5,-1.33,-1.12
2015,216,203148,Brian Roberts,CHO,1227.0,-1.62,-0.76,-0.71
2015,360,201573,Jerryd Bayless,MIL,1577.0,-2.0,-2.5,-2.99
2015,83,2449,Luis Scola,IND,1520.0,-0.36,1.68,1.88
2015,56,101139,CJ Miles,IND,1682.0,0.74,2.62,3.24
2015,312,201579,Roy Hibbert,IND,1772.0,-1.18,-1.41,-1.84
2015,251,202388,Donald Sloan,IND,1019.0,-0.22,-1.42,-1.06
2015,393,203524,Solomon Hill,IND,2184.0,-1.47,-3.82,-6.12
2015,283,203100,Tony Wroten,PHI,781.0,-1.17,-2.56,-1.4
2015,340,203138,Hollis Thompson,PHI,1598.0,-1.73,-2.17,-2.42
2015,383,203156,Henry Sims,PHI,1267.0,-2.61,-4.62,-4.09
2015,205,203187,Chris Johnson,UTA,467.0,-1.52,-1.72,-0.57
2015,334,203457,Nerlens Noel,PHI,2112.0,-0.35,-1.57,-2.33
2015,260,203561,Brandon Davies,PHI,374.0,-3.48,-4.41,-1.15
2015,288,203142,Chris Copeland,IND,759.0,-3.25,-2.65,-1.48
2015,208,203909,KJ McDaniels,PHI,1208.0,-2.58,-0.71,-0.6
2015,361,203960,JaKarr Sampson,PHI,1025.0,-3.79,-4.21,-3.02
2015,67,202730,Lavoy Allen,IND,951.0,-0.14,3.98,2.78
2015,137,203144,Alexey Shved,NYK,667.0,2.19,0.67,0.33
2015,130,201155,Rodney Stuckey,IND,1703.0,0.19,0.37,0.46
2015,333,101133,Ian Mahinmi,IND,1068.0,-2.32,-2.97,-2.32
2015,284,204014,Damjan Rudez,IND,966.0,-2.13,-1.98,-1.4
2015,320,200765,Rajon Rondo,DAL,1854.0,-0.83,-1.41,-2.04
2015,396,201145,Jeff Green,MEM,2229.0,-0.23,-5.02,-7.74
2015,303,202340,Avery Bradley,BOS,2219.0,-2.12,-0.85,-1.65
2015,48,203096,Jared Sullinger,BOS,1418.0,0.9,2.83,3.5
2015,31,203482,Kelly Olynyk,BOS,1269.0,0.25,4.6,5.09
2015,79,708,Kevin Garnett,BRK,909.0,0.46,2.81,1.99
2015,42,2207,Joe Johnson,BRK,2500.0,-0.15,2.08,4.06
2015,63,101114,Deron Williams,BRK,1881.0,0.11,2.01,2.94
2015,324,202711,Bojan Bogdanovic,BRK,1680.0,-1.64,-1.59,-2.08
2015,157,203486,Mason Plumlee,BRK,1607.0,0.01,-0.02,-0.02
2015,257,202323,Evan Turner,BOS,2050.0,-1.0,-0.63,-1.13
2015,73,203935,Marcus Smart,BOS,1637.0,-0.54,1.77,2.52
2015,243,203141,Mirza Teletovic,BRK,784.0,-1.59,-1.65,-1.01
2015,330,101138,Brandon Bass,BOS,1744.0,-0.08,-1.5,-2.28
2015,200,201977,Marcus Thornton,BOS,648.0,0.8,-0.91,-0.51
2015,397,101127,Jarrett Jack,BRK,1994.0,-1.09,-5.42,-8.43
2015,127,101187,Alan Anderson,BRK,1600.0,-1.46,0.4,0.5
2015,270,203092,Tyler Zeller,BOS,1595.0,0.74,-0.88,-1.23
2015,248,202366,Jerome Jordan,BRK,350.0,-1.14,-3.85,-1.05
2015,132,203928,Cory Jefferson,BRK,449.0,-2.5,1.24,0.44
2015,151,203508,Sergey Karasev,BRK,502.0,-1.54,0.19,0.07
2015,114,2547,Chris Bosh,MIA,1415.0,1.08,0.95,1.04
2015,119,2548,Dwyane Wade,MIA,1805.0,1.86,0.59,0.82
2015,26,2736,Luol Deng,MIA,2187.0,-0.06,3.28,5.5
2015,345,200761,Shawne Williams,MIA,994.0,-1.87,-3.26,-2.49
2015,389,202708,Norris Cole,MIA,1602.0,-2.63,-4.39,-5.4
2015,116,1718,Paul Pierce,WAS,1766.0,1.3,0.8,1.03
2015,209,2400,Drew Gooden,WAS,768.0,-1.33,-1.09,-0.61
2015,45,101162,Marcin Gortat,WAS,2262.0,1.34,2.2,3.66
2015,293,202066,Garrett Temple,WAS,688.0,0.31,-3.08,-1.56
2015,13,202322,John Wall,WAS,2581.0,3.35,4.58,8.66
2015,92,2365,Chris Andersen,MIA,1043.0,0.84,1.85,1.48
2015,365,201596,Mario Chalmers,MIA,2125.0,-2.4,-1.9,-3.09
2015,344,2743,Kris Humphries,WAS,1232.0,-1.0,-2.73,-2.46
2015,161,203490,Otto Porter Jr.,WAS,1277.0,-0.55,-0.07,-0.06
2015,141,203516,James Ennis III,MIA,931.0,-1.43,0.38,0.27
2015,308,203894,Shabazz Napier,MIA,920.0,-2.89,-2.49,-1.76
2015,268,1889,Andre Miller,WAS,1131.0,-1.94,-1.46,-1.21
2015,215,2446,Rasual Butler,WAS,1330.0,-0.82,-0.71,-0.7
2015,363,202338,Kevin Seraphin,WAS,1130.0,-3.47,-3.73,-3.09
2015,93,101161,Amir Johnson,TOR,1850.0,-0.17,1.08,1.46
2015,14,200768,Kyle Lowry,TOR,2238.0,2.75,5.22,8.52
2015,253,201942,DeMar DeRozan,TOR,1939.0,-0.91,-0.76,-1.08
2015,354,202685,Jonas Valanciunas,TOR,1984.0,0.39,-1.98,-2.87
2015,321,203082,Terrence Ross,TOR,1937.0,-1.37,-1.45,-2.05
2015,11,2594,Kyle Korver,ATL,2244.0,2.56,5.36,9.0
2015,22,200794,Paul Millsap,ATL,2210.0,3.12,3.64,6.02
2015,74,201143,Al Horford,ATL,2159.0,3.77,1.54,2.48
2015,75,201952,Jeff Teague,ATL,2033.0,2.63,1.53,2.32
2015,302,201960,DeMarre Carroll,ATL,2007.0,1.51,-1.1,-1.65
2015,226,1882,Elton Brand,ATL,447.0,-2.5,-2.61,-0.87
2015,376,203145,Kent Bazemore,ATL,1203.0,-1.98,-4.03,-3.62
2015,107,201949,James Johnson,TOR,1273.0,2.04,1.32,1.23
2015,47,202335,Patrick Patterson,TOR,1978.0,2.25,2.43,3.51
2015,85,200757,Thabo Sefolosha,ATL,877.0,0.71,2.78,1.82
2015,195,202714,Shelvin Mack,ATL,728.0,-1.58,-0.88,-0.48
2015,278,203118,Mike Scott,ATL,990.0,-0.57,-1.79,-1.32
2015,39,101150,Lou Williams,TOR,1821.0,2.33,3.3,4.39
2015,378,202349,Greivis Vasquez,TOR,1841.0,-1.0,-2.84,-3.81
2015,163,201946,Tyler Hansbrough,TOR,954.0,-1.26,-0.16,-0.11
2015,343,203471,Dennis Schroder,ATL,1374.0,-1.27,-2.38,-2.45
2015,20,2216,Zach Randolph,MEM,2111.0,1.15,4.4,6.42
2015,43,2754,Tony Allen,MEM,1498.0,1.36,3.78,3.92
2015,37,201144,Mike Conley,MEM,2045.0,2.54,3.16,4.47
2015,32,201188,Marc Gasol,MEM,2465.0,4.75,2.98,5.07
2015,377,201584,Courtney Lee,MEM,2148.0,-0.53,-2.53,-3.76
2015,197,201147,Corey Brewer,HOU,1868.0,-1.0,-0.37,-0.5
2015,207,201152,Thaddeus Young,MIN,2239.0,-0.18,-0.37,-0.59
2015,147,201593,Nikola Pekovic,MIN,757.0,-1.83,0.3,0.16
2015,96,201937,Ricky Rubio,MIN,628.0,-0.27,3.21,1.41
2015,318,203952,Andrew Wiggins,MIN,2773.0,-2.33,-1.01,-1.95
2015,277,2757,Beno Udrih,MEM,1347.0,0.35,-1.41,-1.31
2015,99,201585,Kosta Koufos,MEM,1233.0,-1.18,1.62,1.38
2015,368,202347,Quincy Pondexter,NOP,1660.0,-2.0,-2.44,-3.13
2015,140,2590,Mo Williams,MIN,1817.0,-0.82,0.22,0.28
2015,262,203476,Gorgui Dieng,MIN,2027.0,0.12,-0.82,-1.16
2015,280,1713,Vince Carter,MEM,994.0,-1.61,-1.96,-1.35
2015,242,202720,Jon Leuer,MEM,767.0,-2.51,-1.9,-1.01
2015,120,203498,Shabazz Muhammad,MIN,786.0,0.43,1.34,0.74
2015,362,203461,Anthony Bennett,MIN,816.0,-3.45,-5.31,-3.03
2015,263,201978,Chase Budinger,MIN,1155.0,-1.71,-1.47,-1.18
2015,300,2223,Samuel Dalembert,NYK,504.0,-2.62,-4.48,-1.64
2015,169,2405,Amar'e Stoudemire,NYK,1110.0,-0.0,-0.22,-0.17
2015,28,2546,Carmelo Anthony,NYK,1286.0,2.58,5.73,5.34
2015,106,202697,Iman Shumpert,CLE,1385.0,-0.9,1.28,1.24
2015,346,203499,Shane Larkin,NYK,1695.0,-2.65,-2.04,-2.51
2015,60,2200,Pau Gasol,CHI,2460.0,3.24,1.67,3.01
2015,112,2399,Mike Dunleavy,CHI,1696.0,-0.08,0.87,1.09
2015,379,2550,Kirk Hinrich,CHI,1462.0,-3.54,-3.6,-3.86
2015,136,201149,Joakim Noah,CHI,1942.0,1.88,0.24,0.35
2015,89,201565,Derrick Rose,CHI,1434.0,-0.64,1.52,1.6
2015,162,203143,Pablo Prigioni,NYK,1057.0,-0.12,-0.15,-0.11
2015,122,2747,JR Smith,CLE,1898.0,0.58,0.52,0.7
2015,395,201160,Jason Smith,NYK,1647.0,-3.57,-5.96,-7.12
2015,173,201166,Aaron Brooks,CHI,1724.0,-0.82,-0.17,-0.21
2015,304,201959,Taj Gibson,CHI,1515.0,-0.45,-1.51,-1.67
2015,289,203926,Doug McDermott,CHI,298.0,-4.32,-6.81,-1.49
2015,348,203501,Tim Hardaway Jr.,NYK,1505.0,-2.64,-2.34,-2.55
2015,310,203112,Quincy Acy,NYK,1180.0,-2.86,-2.14,-1.83
2015,65,202703,Nikola Mirotic,CHI,1504.0,2.0,2.62,2.89
2015,124,203503,Tony Snell,CHI,1300.0,-1.36,0.72,0.69
2015,237,202332,Cole Aldrich,NYK,884.0,0.11,-1.51,-0.97
2015,314,203921,Cleanthony Early,NYK,601.0,-4.36,-4.37,-1.9
2015,228,204037,Travis Wear,NYK,591.0,-4.59,-2.12,-0.91
2015,186,202734,E'Twaun Moore,CHI,429.0,-1.37,-1.24,-0.39
2015,307,201167,Arron Afflalo,DEN,2312.0,-2.4,-1.08,-1.73
2015,52,201568,Danilo Gallinari,DEN,1312.0,2.05,3.74,3.39
2015,19,201951,Ty Lawson,DEN,2457.0,2.02,4.06,6.9
2015,49,202389,Timofey Mozgov,CLE,1912.0,-0.71,2.6,3.48
2015,125,202702,Kenneth Faried,DEN,1950.0,-0.16,0.45,0.61
2015,101,2746,Josh Smith,HOU,2073.0,0.59,0.87,1.32
2015,81,201943,Brandon Jennings,DET,1072.0,2.77,2.41,1.96
2015,382,202713,Kyle Singler,DET,1635.0,-2.0,-3.3,-4.09
2015,168,203083,Andre Drummond,DET,2345.0,-0.15,-0.09,-0.16
2015,44,203484,Kentavious Caldwell-Pope,DET,2365.0,-1.66,2.07,3.71
2015,126,203994,Jusuf Nurkic,DEN,1031.0,-2.57,0.85,0.6
2015,349,2406,Caron Butler,DET,1496.0,-1.64,-2.42,-2.74
2015,239,200751,Randy Foye,DEN,1002.0,-1.17,-1.42,-0.99
2015,391,201163,Wilson Chandler,DEN,2302.0,-0.62,-3.42,-5.44
2015,227,203915,Spencer Dinwiddie,DET,418.0,-2.32,-2.78,-0.88
2015,118,201589,Darrell Arthur,DEN,898.0,-1.6,1.47,0.92
2015,121,201202,Joel Anthony,DET,354.0,-0.16,2.65,0.71
2015,371,201571,D.J. Augustin,DET,1791.0,-1.15,-2.43,-3.3
2015,292,101126,Nate Robinson,DEN,547.0,-2.58,-4.08,-1.54
2015,69,201973,Jonas Jerebko,DET,1093.0,0.6,3.23,2.68
2015,231,202087,Alonzo Gee,DEN,610.0,-0.67,-2.21,-0.93
2015,18,202324,Derrick Favors,UTA,2075.0,2.26,4.84,7.15
2015,21,202330,Gordon Hayward,UTA,2363.0,3.7,3.7,6.22
2015,213,202683,Enes Freedom,UTA,2006.0,-0.92,-0.47,-0.67
2015,299,202692,Alec Burks,UTA,825.0,-1.59,-2.77,-1.63
2015,335,203504,Trey Burke,UTA,2033.0,-1.37,-1.62,-2.34
2015,178,203918,Rodney Hood,UTA,936.0,-0.74,-0.46,-0.31
2015,143,202344,Trevor Booker,UTA,1358.0,-0.28,0.23,0.22
2015,54,203497,Rudy Gobert,UTA,1930.0,3.82,2.39,3.29
2015,355,203957,Dante Exum,UTA,1665.0,-4.03,-2.47,-2.92
2015,384,204060,Joe Ingles,UTA,1518.0,-1.18,-3.91,-4.22
2015,84,201609,Goran Dragic,PHO,2433.0,0.69,1.11,1.86
2015,36,202339,Eric Bledsoe,PHO,2589.0,1.93,2.58,4.58
2015,62,202693,Markieff Morris,PHO,2399.0,-0.34,1.79,2.95
2015,298,202694,Marcus Morris Sr.,PHO,1882.0,0.02,-1.26,-1.62
2015,219,203101,Miles Plumlee,PHO,1120.0,-0.64,-0.93,-0.71
2015,350,203458,Alex Len,PHO,1424.0,-1.72,-2.87,-2.8
2015,53,202738,Isaiah Thomas,PHO,1545.0,2.81,3.14,3.32
2015,234,101123,Gerald Green,PHO,1326.0,-0.37,-1.05,-0.95
2015,326,203462,Archie Goodwin,PHO,496.0,-2.84,-6.43,-2.18
2015,105,201229,Anthony Tolliver,DET,1302.0,-1.33,1.26,1.24
2015,109,201961,Wayne Ellington,LAL,1548.0,-2.19,1.08,1.18
2015,240,203898,Tyler Ennis,MIL,362.0,-3.36,-3.65,-1.0
2015,193,200752,Rudy Gay,SAC,2205.0,2.46,-0.27,-0.44
2015,352,201574,Jason Thompson,SAC,1842.0,-2.66,-2.07,-2.82
2015,71,201954,Darren Collison,SAC,1425.0,1.8,2.39,2.53
2015,15,202326,DeMarcus Cousins,SAC,1871.0,3.91,5.55,7.7
2015,146,203463,Ben McLemore,SAC,2443.0,-2.13,0.09,0.17
2015,35,101106,Andrew Bogut,GSW,1494.0,2.09,4.19,4.58
2015,1,201939,Stephen Curry,GSW,2434.0,9.27,11.77,20.98
2015,23,202691,Klay Thompson,GSW,2274.0,4.07,3.59,5.98
2015,351,203084,Harrison Barnes,GSW,2196.0,0.03,-1.75,-2.81
2015,12,203110,Draymond Green,GSW,2330.0,3.23,5.16,8.81
2015,261,203105,Festus Ezeli,GSW,475.0,-1.61,-3.32,-1.16
2015,38,2738,Andre Iguodala,GSW,1901.0,0.76,3.18,4.43
2015,323,201171,Carl Landry,SAC,1107.0,-2.14,-2.53,-2.08
2015,358,203917,Nik Stauskas,SAC,1023.0,-3.01,-3.89,-2.95
2015,155,201578,Marreese Speights,GSW,1092.0,-1.79,0.03,0.02
2015,388,202682,Derrick Williams,SAC,1308.0,-1.9,-5.14,-4.98
2015,250,2501,Reggie Evans,SAC,683.0,-2.15,-2.09,-1.06
2015,356,201196,Ramon Sessions,SAC,1096.0,-2.5,-3.6,-2.93
2015,306,2571,Leandro Barbosa,GSW,915.0,0.12,-2.54,-1.7
2015,267,203200,Justin Holiday,GSW,620.0,-1.32,-2.67,-1.21
2015,274,201956,Omri Casspi,SAC,1300.0,-0.82,-1.3,-1.25
2015,311,2733,Shaun Livingston,GSW,1346.0,-0.82,-1.86,-1.83
2015,202,200797,Ryan Hollins,SAC,415.0,-1.95,-1.78,-0.55
2015,375,203492,Ray McCallum,SAC,1318.0,-1.9,-3.66,-3.58
2015,16,200746,LaMarcus Aldridge,POR,2310.0,2.66,3.86,7.22
2015,189,201577,Robin Lopez,POR,1517.0,0.0,-0.33,-0.41
2015,357,201587,Nicolas Batum,POR,2176.0,1.9,-1.68,-2.95
2015,17,202083,Wesley Matthews,POR,1843.0,2.79,4.81,7.17
2015,9,203081,Damian Lillard,POR,2647.0,4.39,4.78,10.22
2015,6,201566,Russell Westbrook,OKC,2129.0,7.5,6.83,11.18
2015,55,201586,Serge Ibaka,OKC,1924.0,0.76,2.21,3.28
2015,364,203103,Perry Jones III,OKC,579.0,-3.7,-6.94,-3.09
2015,128,203460,Andre Roberson,OKC,1211.0,-0.73,0.53,0.5
2015,301,203500,Steven Adams,OKC,1667.0,-1.28,-1.28,-1.64
2015,372,2549,Chris Kaman,POR,1291.0,-0.82,-3.34,-3.49
2015,381,202498,Lance Thomas,NYK,1407.0,-5.13,-3.96,-4.04
2015,374,2570,Kendrick Perkins,OKC,1029.0,-4.81,-4.46,-3.53
2015,188,2581,Steve Blake,POR,1394.0,-1.72,-0.36,-0.4
2015,159,200777,Joel Freeland,POR,563.0,-2.26,-0.1,-0.05
2015,113,203468,CJ McCollum,POR,878.0,-0.66,1.5,1.06
2015,180,2555,Nick Collison,OKC,1013.0,-1.0,-0.4,-0.31
2015,185,2742,Sebastian Telfair,OKC,282.0,-1.26,-1.77,-0.38
2015,111,2748,Dorell Wright,POR,500.0,1.15,2.69,1.09
2015,181,203080,Thomas Robinson,PHI,704.0,-1.82,-0.72,-0.36
2015,153,203115,Will Barton,DEN,890.0,-0.3,0.05,0.03
2015,266,203459,Allen Crabbe,POR,628.0,-0.84,-2.38,-1.21
2015,331,101112,Channing Frye,ORL,1723.0,-1.46,-1.78,-2.29
2015,90,2403,Nene,WAS,1575.0,-0.82,1.37,1.58
2015,317,2755,Kevin Martin,MIN,1218.0,-0.73,-2.28,-1.94
2015,394,203897,Zach LaVine,MIN,1751.0,-4.32,-5.09,-6.22
2015,5,2544,LeBron James,CLE,2286.0,6.6,9.15,14.66
2015,272,2760,Anderson Varejao,CLE,604.0,0.28,-2.93,-1.24
2015,100,201567,Kevin Love,CLE,2332.0,2.48,0.81,1.32
2015,27,202681,Kyrie Irving,CLE,2526.0,3.81,3.04,5.39
2015,386,203079,Dion Waiters,OKC,1992.0,-3.14,-2.99,-4.58
2015,108,202684,Tristan Thompson,CLE,1979.0,-1.19,0.87,1.21
2015,332,203521,Matthew Dellavedova,CLE,1258.0,-2.61,-2.63,-2.32
2015,328,1890,Shawn Marion,CLE,1034.0,-1.0,-3.1,-2.25
2015,319,2034,Mike Miller,CLE,664.0,-2.96,-4.24,-1.97
2015,150,200826,J.J. Barea,DAL,1239.0,-1.0,0.14,0.13
2015,166,101111,Charlie Villanueva,DAL,598.0,1.0,-0.33,-0.16
2015,77,2440,Matt Barnes,LAC,2119.0,-0.35,1.4,2.11
2015,3,101108,Chris Paul,LAC,2600.0,7.51,8.82,16.35
2015,46,200755,JJ Redick,LAC,2235.0,1.16,2.29,3.65
2015,24,201599,DeAndre Jordan,LAC,2607.0,2.69,3.19,5.93
2015,95,201933,Blake Griffin,LAC,2167.0,3.68,0.92,1.43
2015,342,201150,Spencer Hawes,LAC,1171.0,-2.15,-2.93,-2.44
2015,217,2037,Jamal Crawford,LAC,1517.0,0.55,-0.65,-0.71
2015,201,200770,Jordan Farmar,LAC,496.0,-1.31,-1.52,-0.54
2015,285,2419,Tayshaun Prince,MEM,1243.0,-0.66,-1.68,-1.44
2015,295,203925,Joe Harris,CLE,452.0,-4.45,-4.95,-1.57
2015,148,203088,Kendall Marshall,MIL,374.0,-0.86,0.55,0.16
2015,380,201601,Luc Mbah a Moute,PHI,1763.0,-2.66,-3.13,-3.86
2015,244,201948,Austin Daye,SAS,307.0,-3.14,-4.42,-1.01
2015,7,202695,Kawhi Leonard,SAS,1840.0,5.38,7.99,10.96
2015,246,201965,Jeff Ayres,SAS,336.0,-1.83,-4.12,-1.03
2015,144,2045,Hedo Turkoglu,LAC,643.0,-0.35,0.41,0.19
2015,252,203090,Maurice Harkless,ORL,609.0,-3.09,-2.37,-1.07
2015,249,203094,Andrew Nicholson,ORL,446.0,-3.92,-3.18,-1.06
2015,154,201177,Josh McRoberts,MIA,262.0,-2.14,0.11,0.02
2015,235,203120,Justin Hamilton,MIN,650.0,-0.9,-2.11,-0.96
2015,123,203544,Pero Antic,ATL,889.0,-1.0,1.05,0.7
2015,97,202328,Greg Monroe,DET,1975.0,1.79,0.94,1.4
2015,236,203923,James Young,BOS,307.0,-2.61,-3.6,-0.96
2015,290,201595,Joey Dorsey,HOU,790.0,-2.76,-2.63,-1.52
2015,33,202710,Jimmy Butler,CHI,2327.0,4.26,2.94,5.02
2015,322,203133,Robbie Hummel,MIN,684.0,-3.54,-4.33,-2.07
2015,177,201572,Brook Lopez,BRK,1862.0,1.04,-0.21,-0.3
2015,41,202704,Reggie Jackson,OKC,2064.0,0.99,2.59,4.11
2015,182,2222,Gerald Wallace,BOS,262.0,-2.34,-1.56,-0.36
2015,170,203493,Reggie Bullock,LAC,312.0,-2.48,-0.78,-0.17
2015,297,203798,PJ Hairston,CHO,641.0,-2.54,-3.25,-1.59
2015,187,200782,P.J. Tucker,PHO,2192.0,0.31,-0.26,-0.39
2015,309,203527,Ryan Kelly,LAL,1152.0,-3.04,-2.19,-1.79
2015,86,201168,Tiago Splitter,SAS,948.0,1.85,2.52,1.78
2015,275,101135,David Lee,GSW,817.0,0.61,-2.13,-1.28
2015,204,203937,Kyle Anderson,SAS,343.0,-1.28,-2.18,-0.56
2015,224,203086,Meyers Leonard,POR,758.0,0.34,-1.4,-0.86
2015,190,201985,AJ Price,IND,285.0,-1.26,-1.98,-0.41
2015,259,203515,Phil Pressey,BOS,526.0,-1.16,-2.49,-1.14
2015,222,203087,Jeremy Lamb,OKC,576.0,1.06,-1.82,-0.81
2015,255,202397,Ish Smith,PHI,747.0,-2.26,-2.13,-1.11
2015,229,203475,Erick Green,DEN,374.0,-3.36,-3.51,-0.91
2015,279,201175,Glen Davis,LAC,853.0,-2.79,-2.21,-1.35
2015,369,2617,Udonis Haslem,MIA,893.0,-3.31,-4.6,-3.16
2015,183,203933,T.J. Warren,PHO,569.0,-0.92,-0.93,-0.36
2015,370,201581,JJ Hickson,DEN,1282.0,-2.52,-3.6,-3.18
2015,210,202687,Bismack Biyombo,CHO,1153.0,-1.09,-0.71,-0.62
2015,34,201627,Anthony Morrow,OKC,1606.0,1.56,4.02,4.96
2015,152,203488,Mike Muscala,ATL,471.0,-0.17,0.1,0.03
2015,196,203487,Michael Carter-Williams,PHI,1968.0,-1.08,-0.36,-0.49
2015,341,203914,Gary Harris,DEN,650.0,-4.49,-5.43,-2.44
2015,158,203506,Victor Oladipo,ORL,2364.0,-0.44,-0.02,-0.04
2015,174,203098,John Jenkins,ATL,288.0,-0.15,-1.0,-0.22
2015,165,200811,Lou Amundson,NYK,871.0,-3.8,-0.24,-0.15
2015,313,2592,James Jones,CLE,602.0,-0.76,-4.35,-1.84
2015,286,101122,Danny Granger,MIA,519.0,-3.25,-3.65,-1.45
2015,51,203496,Robert Covington,PHI,1779.0,0.57,2.74,3.41
2015,214,201156,Nick Young,LAL,907.0,-1.26,-1.07,-0.69
2015,59,203078,Bradley Beal,WAS,1930.0,0.02,2.24,3.17
2015,385,101181,Jose Calderon,NYK,1174.0,-2.77,-5.13,-4.37
2015,271,203900,Markel Brown,BRK,705.0,-2.32,-2.25,-1.24
2015,104,201979,Nick Calathes,MEM,751.0,-0.17,2.4,1.25
2015,176,2561,David West,IND,1726.0,1.39,-0.2,-0.26
2015,164,201228,C.J. Watson,IND,1297.0,1.06,-0.13,-0.12
2015,194,203924,Jerami Grant,PHI,1234.0,-3.05,-0.52,-0.45
2015,134,202355,Hassan Whiteside,MIA,1030.0,3.45,0.54,0.43
2015,40,201142,Kevin Durant,OKC,853.0,8.36,6.47,4.25
2015,281,201967,Dante Cunningham,NOP,1490.0,-2.36,-1.19,-1.37
2015,269,202721,Darius Morris,BRK,260.0,-4.42,-6.0,-1.22
2015,366,201975,Jodie Meeks,DET,1314.0,-0.55,-3.11,-3.1
2015,133,203956,Mitch McGary,OKC,451.0,-1.68,1.23,0.43
2015,264,203128,Furkan Aldemir,PHI,485.0,-2.99,-3.5,-1.19
2015,338,203948,Johnny O'Bryant III,MIL,334.0,-6.87,-9.35,-2.36
2015,265,203106,Jeffery Taylor,CHO,409.0,-1.0,-3.87,-1.2
2015,30,201588,George Hill,IND,1144.0,4.57,6.18,5.19
2015,367,203940,Adreian Payne,MIN,685.0,-5.84,-6.5,-3.11
2015,110,201988,Patty Mills,SAS,721.0,-0.42,2.03,1.09
2015,192,101109,Raymond Felton,DAL,262.0,-1.25,-2.12,-0.43
2015,305,101110,Martell Webster,WAS,330.0,-4.16,-6.95,-1.68
2015,347,200745,Andrea Bargnani,NYK,722.0,-1.08,-4.8,-2.51
2015,179,202407,Elijah Millsap,UTA,819.0,-2.77,-0.54,-0.31
2015,129,204038,Langston Galloway,NYK,1354.0,-2.17,0.48,0.47
2015,220,204020,Tyler Johnson,MIA,526.0,-0.92,-1.84,-0.74
2015,184,203485,Lorenzo Brown,MIN,507.0,-2.16,-1.03,-0.37
2015,160,2202,Jason Richardson,PHI,388.0,-1.22,-0.24,-0.06
2015,191,201611,Henry Walker,MIA,578.0,-1.79,-0.96,-0.43
2015,221,201563,Michael Beasley,MIA,465.0,-3.65,-2.18,-0.78
2015,336,203913,Jabari Brown,LAL,529.0,-3.57,-6.28,-2.36
2016,21,2594,Kyle Korver,ATL,2176.0,-1.0,3.24,5.59
2016,16,200794,Paul Millsap,ATL,2381.0,3.89,4.32,8.17
2016,22,201143,Al Horford,ATL,2398.0,3.52,2.87,5.46
2016,357,201952,Jeff Teague,ATL,2041.0,1.14,-2.0,-3.24
2016,351,203145,Kent Bazemore,ATL,1854.0,0.2,-2.08,-3.06
2016,389,101141,Ersan Ilyasova,DET,1733.0,-0.26,-4.36,-5.92
2016,49,202694,Marcus Morris Sr.,DET,2619.0,-0.24,1.81,3.71
2016,34,202704,Reggie Jackson,DET,2209.0,2.46,2.63,4.56
2016,40,203083,Andre Drummond,DET,2441.0,0.98,2.15,4.11
2016,27,203484,Kentavious Caldwell-Pope,DET,2508.0,-0.34,2.46,4.84
2016,222,200757,Thabo Sefolosha,ATL,1533.0,0.64,-0.64,-0.78
2016,138,201168,Tiago Splitter,ATL,514.0,-1.54,0.53,0.22
2016,219,203934,Lamar Patterson,ATL,365.0,-3.91,-2.65,-0.77
2016,89,203471,Dennis Schroder,ATL,1433.0,-0.82,1.25,1.43
2016,388,1626169,Stanley Johnson,DET,1517.0,-3.09,-4.83,-5.74
2016,298,2581,Steve Blake,DET,876.0,-2.2,-2.55,-1.75
2016,226,203382,Aron Baynes,DET,1104.0,-0.3,-0.95,-0.82
2016,213,203488,Mike Muscala,ATL,483.0,-0.92,-1.88,-0.72
2016,185,203118,Mike Scott,ATL,1003.0,-0.22,-0.48,-0.38
2016,23,2200,Pau Gasol,CHI,2100.0,4.51,3.41,5.21
2016,392,201565,Derrick Rose,CHI,1941.0,-2.39,-5.01,-7.08
2016,83,202703,Nikola Mirotic,CHI,1506.0,1.27,1.56,1.72
2016,44,202710,Jimmy Butler,CHI,2259.0,4.06,2.36,3.88
2016,84,203503,Tony Snell,CHI,1203.0,-3.67,1.87,1.64
2016,2,2544,LeBron James,CLE,2464.0,8.43,10.1,18.94
2016,326,2590,Mo Williams,CLE,679.0,-1.41,-4.66,-2.41
2016,320,2747,JR Smith,CLE,2154.0,0.4,-1.37,-2.25
2016,42,201567,Kevin Love,CLE,2239.0,3.03,2.3,3.91
2016,355,202389,Timofey Mozgov,CLE,1245.0,-1.36,-3.34,-3.16
2016,259,201166,Aaron Brooks,CHI,1003.0,-2.39,-1.49,-1.09
2016,358,2210,Richard Jefferson,CLE,1160.0,-1.18,-3.73,-3.29
2016,145,201149,Joakim Noah,CHI,571.0,1.06,0.33,0.14
2016,361,203926,Doug McDermott,CHI,1701.0,-2.75,-2.69,-3.33
2016,91,202684,Tristan Thompson,CLE,2025.0,0.12,0.91,1.4
2016,56,203521,Matthew Dellavedova,CLE,1656.0,-1.18,2.34,2.95
2016,125,201959,Taj Gibson,CHI,1814.0,-0.08,0.39,0.51
2016,217,2592,James Jones,CLE,379.0,-0.5,-2.61,-0.75
2016,250,203099,Jared Cunningham,CLE,351.0,-4.31,-3.73,-1.0
2016,134,202734,E'Twaun Moore,CHI,1129.0,-1.79,0.44,0.36
2016,274,2760,Anderson Varejao,CLE,430.0,-2.39,-4.2,-1.38
2016,205,101106,Andrew Bogut,GSW,1375.0,2.07,-0.56,-0.59
2016,1,201939,Stephen Curry,GSW,2450.0,11.16,12.04,22.46
2016,24,202691,Klay Thompson,GSW,2435.0,1.64,2.79,5.17
2016,369,203084,Harrison Barnes,GSW,1894.0,-1.28,-2.68,-3.86
2016,3,203110,Draymond Green,GSW,2544.0,5.14,8.97,17.37
2016,266,2570,Kendrick Perkins,NOP,484.0,-4.05,-3.21,-1.19
2016,127,201569,Eric Gordon,NOP,1322.0,-0.19,0.45,0.46
2016,375,201967,Dante Cunningham,NOP,1793.0,-2.66,-3.08,-4.24
2016,60,203076,Anthony Davis,NOP,1970.0,3.55,1.92,2.89
2016,137,202397,Ish Smith,PHI,2004.0,-1.55,0.15,0.22
2016,119,2738,Andre Iguodala,GSW,1537.0,-1.0,0.51,0.6
2016,291,201582,Alexis Ajinca,NOP,782.0,-3.52,-2.78,-1.66
2016,312,2571,Leandro Barbosa,GSW,969.0,-1.87,-2.72,-2.0
2016,166,203105,Festus Ezeli,GSW,690.0,-0.26,-0.2,-0.11
2016,275,202087,Alonzo Gee,NOP,1466.0,-2.45,-1.24,-1.39
2016,77,2733,Shaun Livingston,GSW,1380.0,0.17,1.88,1.98
2016,315,201578,Marreese Speights,GSW,757.0,-3.25,-3.82,-2.2
2016,122,201583,Ryan Anderson,NOP,1761.0,-0.26,0.41,0.55
2016,370,201575,Brandon Rush,GSW,963.0,-0.83,-5.34,-3.92
2016,88,202696,Nikola Vucevic,ORL,1852.0,1.68,1.11,1.43
2016,70,202699,Tobias Harris,ORL,2300.0,1.35,1.51,2.43
2016,366,203095,Evan Fournier,ORL,2324.0,-0.34,-2.16,-3.49
2016,28,203506,Victor Oladipo,ORL,2158.0,1.52,3.21,4.83
2016,233,203901,Elfrid Payton,ORL,1921.0,-1.19,-0.67,-0.89
2016,278,2743,Kris Humphries,WAS,758.0,-1.84,-2.41,-1.44
2016,85,101162,Marcin Gortat,WAS,2088.0,0.49,0.93,1.53
2016,10,202322,John Wall,WAS,2501.0,3.25,5.33,10.52
2016,336,203078,Bradley Beal,WAS,1541.0,0.18,-2.21,-2.69
2016,47,203490,Otto Porter Jr.,WAS,2076.0,0.96,2.27,3.73
2016,228,201228,C.J. Watson,ORL,593.0,-2.6,-2.08,-0.86
2016,244,203932,Aaron Gordon,ORL,1688.0,0.84,-0.82,-0.96
2016,264,1626209,Mario Hezonja,ORL,1307.0,-2.88,-1.28,-1.17
2016,263,2400,Drew Gooden,WAS,272.0,-4.42,-5.43,-1.17
2016,131,201196,Ramon Sessions,WAS,1453.0,-0.37,0.37,0.42
2016,187,203473,Dewayne Dedmon,ORL,641.0,-1.0,-0.95,-0.42
2016,111,2403,Nene,WAS,972.0,0.21,0.89,0.68
2016,330,202390,Gary Neal,WAS,704.0,-1.41,-4.48,-2.49
2016,248,201160,Jason Smith,ORL,1081.0,-2.05,-1.3,-0.98
2016,271,101135,David Lee,BOS,807.0,0.96,-2.21,-1.32
2016,96,202340,Avery Bradley,BOS,2280.0,-0.16,0.77,1.3
2016,318,203092,Tyler Zeller,BOS,624.0,-2.85,-4.82,-2.23
2016,37,203109,Jae Crowder,BOS,2096.0,1.99,2.7,4.2
2016,196,203935,Marcus Smart,BOS,1516.0,-1.0,-0.46,-0.52
2016,256,203138,Hollis Thompson,PHI,1859.0,-3.22,-0.78,-1.04
2016,316,203457,Nerlens Noel,PHI,1774.0,-0.26,-1.73,-2.21
2016,379,203477,Isaiah Canaan,PHI,1765.0,-2.29,-3.7,-4.72
2016,350,203960,JaKarr Sampson,PHI,1064.0,-4.88,-3.98,-3.06
2016,382,1626143,Jahlil Okafor,PHI,1437.0,-2.18,-4.91,-5.1
2016,81,203096,Jared Sullinger,BOS,1768.0,0.47,1.38,1.81
2016,38,202738,Isaiah Thomas,BOS,2384.0,3.99,2.37,4.18
2016,90,101161,Amir Johnson,BOS,1686.0,1.02,1.13,1.42
2016,230,202323,Evan Turner,BOS,1996.0,-0.07,-0.59,-0.87
2016,310,203924,Jerami Grant,PHI,1865.0,-1.65,-1.44,-1.94
2016,238,204456,T.J. McConnell,PHI,1410.0,-1.18,-0.9,-0.91
2016,107,1626158,Richaun Holmes,PHI,603.0,-1.4,1.84,0.8
2016,296,201973,Jonas Jerebko,BOS,1054.0,-1.88,-2.18,-1.7
2016,249,1626179,Terry Rozier,BOS,272.0,-4.29,-4.88,-0.98
2016,64,2207,Joe Johnson,BRK,2432.0,-1.84,1.58,2.75
2016,87,201152,Thaddeus Young,BRK,2197.0,-0.06,0.95,1.49
2016,55,201572,Brook Lopez,BRK,2264.0,1.16,1.88,3.05
2016,376,201961,Wayne Ellington,BRK,1501.0,-2.64,-4.17,-4.48
2016,347,203499,Shane Larkin,BRK,1575.0,-1.91,-2.67,-3.01
2016,343,200745,Andrea Bargnani,BRK,578.0,-4.26,-6.9,-2.86
2016,155,202388,Donald Sloan,BRK,1234.0,-1.62,0.01,0.01
2016,384,202711,Bojan Bogdanovic,BRK,1912.0,-3.32,-3.88,-5.31
2016,141,1626178,Rondae Hollis-Jefferson,BRK,586.0,0.43,0.45,0.19
2016,339,203080,Thomas Robinson,BRK,858.0,-3.38,-4.49,-2.76
2016,332,203900,Markel Brown,BRK,896.0,-2.71,-3.94,-2.53
2016,220,2550,Kirk Hinrich,CHI,570.0,-2.97,-1.86,-0.77
2016,30,202324,Derrick Favors,UTA,1784.0,2.97,3.58,4.76
2016,39,202330,Gordon Hayward,UTA,2584.0,2.4,2.13,4.12
2016,45,203497,Rudy Gobert,UTA,1781.0,1.95,2.9,3.86
2016,301,203526,Raul Neto,UTA,1394.0,-1.9,-1.69,-1.76
2016,52,203918,Rodney Hood,UTA,2311.0,0.6,1.84,3.17
2016,253,203504,Trey Burke,UTA,1186.0,-0.56,-1.16,-1.03
2016,257,202692,Alec Burks,UTA,689.0,-0.51,-2.03,-1.05
2016,341,1626168,Trey Lyles,UTA,1248.0,-1.71,-3.03,-2.82
2016,73,201229,Anthony Tolliver,DET,1204.0,0.24,2.36,2.23
2016,331,204060,Joe Ingles,UTA,1133.0,0.06,-2.97,-2.51
2016,167,203493,Reggie Bullock,DET,392.0,0.3,-0.48,-0.15
2016,79,2547,Chris Bosh,MIA,1601.0,3.57,1.49,1.88
2016,338,2548,Dwyane Wade,MIA,2053.0,1.7,-1.7,-2.74
2016,94,2736,Luol Deng,MIA,2182.0,0.68,0.78,1.34
2016,48,201609,Goran Dragic,MIA,2144.0,-0.44,2.2,3.72
2016,67,202355,Hassan Whiteside,MIA,1914.0,3.73,1.69,2.55
2016,317,2744,Al Jefferson,CHO,1015.0,-0.56,-2.9,-2.22
2016,19,101107,Marvin Williams,CHO,2202.0,2.46,4.1,6.81
2016,62,201587,Nicolas Batum,CHO,2263.0,1.06,1.66,2.83
2016,12,202689,Kemba Walker,CHO,2648.0,3.73,4.6,9.19
2016,386,203798,PJ Hairston,CHO,1256.0,-4.13,-5.89,-5.58
2016,255,1626159,Justise Winslow,MIA,1981.0,-2.49,-0.67,-1.04
2016,101,203469,Cody Zeller,CHO,1640.0,-0.18,0.91,1.13
2016,75,201596,Mario Chalmers,MEM,1227.0,1.08,2.36,2.14
2016,224,201177,Josh McRoberts,MIA,536.0,-1.47,-1.92,-0.81
2016,203,201150,Spencer Hawes,CHO,948.0,-0.65,-0.77,-0.55
2016,262,203148,Brian Roberts,CHO,417.0,-1.45,-3.58,-1.13
2016,302,101123,Gerald Green,MIA,1380.0,-2.89,-1.65,-1.79
2016,354,202391,Jeremy Lin,CHO,1829.0,-0.91,-2.26,-3.11
2016,327,1626163,Frank Kaminsky,CHO,1533.0,-0.82,-2.09,-2.42
2016,385,2449,Luis Scola,TOR,1536.0,-1.09,-4.88,-5.49
2016,7,200768,Kyle Lowry,TOR,2666.0,5.44,7.27,14.19
2016,279,201942,DeMar DeRozan,TOR,2584.0,2.31,-0.77,-1.46
2016,132,201960,DeMarre Carroll,TOR,744.0,0.08,0.76,0.42
2016,98,202685,Jonas Valanciunas,TOR,1453.0,1.45,1.13,1.2
2016,165,101133,Ian Mahinmi,IND,1685.0,0.74,-0.09,-0.11
2016,189,101139,CJ Miles,IND,1343.0,0.35,-0.45,-0.45
2016,176,101145,Monta Ellis,IND,2488.0,0.04,-0.13,-0.25
2016,210,201588,George Hill,IND,2341.0,0.6,-0.38,-0.67
2016,9,202331,Paul George,IND,2578.0,4.58,6.26,11.97
2016,246,201155,Rodney Stuckey,IND,1155.0,-1.35,-1.14,-0.97
2016,33,202335,Patrick Patterson,TOR,1847.0,-0.17,3.39,4.59
2016,328,202687,Bismack Biyombo,TOR,1670.0,-0.27,-2.02,-2.47
2016,149,203082,Terrence Ross,TOR,1595.0,0.19,0.09,0.11
2016,135,201941,Jordan Hill,IND,1366.0,-0.73,0.35,0.35
2016,110,202709,Cory Joseph,TOR,1854.0,-1.19,0.51,0.69
2016,78,202730,Lavoy Allen,IND,1493.0,-1.55,1.78,1.97
2016,216,201978,Chase Budinger,IND,865.0,-1.25,-1.17,-0.75
2016,269,1626202,Joe Young,IND,361.0,-3.61,-4.84,-1.29
2016,174,201949,James Johnson,TOR,878.0,-1.0,-0.32,-0.21
2016,102,2772,Trevor Ariza,HOU,2552.0,0.32,0.55,1.07
2016,11,201935,James Harden,HOU,2796.0,6.21,4.77,10.12
2016,387,201951,Ty Lawson,HOU,1266.0,-3.33,-5.9,-5.67
2016,377,203093,Terrence Jones,HOU,931.0,-1.95,-6.62,-4.67
2016,92,203991,Clint Capela,HOU,1330.0,-0.46,1.39,1.4
2016,51,201568,Danilo Gallinari,DEN,1680.0,2.4,2.86,3.49
2016,121,202702,Kenneth Faried,DEN,1561.0,0.19,0.49,0.56
2016,335,203530,Joffrey Lauvergne,DEN,965.0,-1.52,-3.72,-2.61
2016,378,203914,Gary Harris,DEN,2213.0,-0.91,-2.91,-4.69
2016,325,1626144,Emmanuel Mudiay,DEN,1900.0,-3.97,-1.73,-2.39
2016,163,1626149,Montrezl Harrell,HOU,331.0,-0.72,-0.38,-0.09
2016,364,201147,Corey Brewer,HOU,1491.0,-2.73,-2.99,-3.39
2016,59,201976,Patrick Beverley,HOU,1842.0,0.11,2.09,2.91
2016,319,2749,Jameer Nelson,DEN,923.0,-2.72,-3.33,-2.23
2016,307,203115,Will Barton,DEN,2054.0,0.68,-1.28,-1.91
2016,150,200751,Randy Foye,DEN,1513.0,-3.05,0.1,0.11
2016,152,201589,Darrell Arthur,DEN,1357.0,-0.82,0.08,0.08
2016,294,1891,Jason Terry,HOU,1096.0,-1.53,-2.02,-1.68
2016,18,203999,Nikola Jokic,DEN,1588.0,3.48,6.07,7.01
2016,140,2216,Zach Randolph,MEM,1789.0,-0.35,0.16,0.21
2016,53,201144,Mike Conley,MEM,1608.0,2.66,2.58,3.07
2016,371,201145,Jeff Green,MEM,2035.0,-1.72,-2.6,-3.93
2016,161,201188,Marc Gasol,MEM,1627.0,1.47,-0.06,-0.07
2016,66,201584,Courtney Lee,MEM,2146.0,-0.97,1.63,2.59
2016,258,2754,Tony Allen,MEM,1484.0,-1.0,-0.97,-1.06
2016,373,2440,Matt Barnes,MEM,1987.0,-0.91,-2.7,-3.98
2016,270,2757,Beno Udrih,MIA,648.0,-3.13,-2.58,-1.32
2016,236,203210,JaMychal Green,MEM,1312.0,-2.35,-0.93,-0.9
2016,356,201573,Jerryd Bayless,MIL,1382.0,-0.82,-3.11,-3.21
2016,69,202328,Greg Monroe,MIL,2132.0,1.9,1.53,2.44
2016,15,203114,Khris Middleton,MIL,2603.0,0.51,4.22,8.18
2016,297,203487,Michael Carter-Williams,MIL,1500.0,-0.73,-1.53,-1.71
2016,41,2546,Carmelo Anthony,NYK,2311.0,3.04,2.36,4.09
2016,201,2756,Sasha Vujacic,NYK,841.0,-1.17,-0.85,-0.54
2016,353,101181,Jose Calderon,NYK,1879.0,-0.63,-2.2,-3.09
2016,146,201577,Robin Lopez,NYK,2057.0,-0.25,0.09,0.13
2016,50,204001,Kristaps Porzingis,NYK,1905.0,0.76,2.58,3.68
2016,324,202682,Derrick Williams,NYK,1294.0,0.16,-2.45,-2.37
2016,144,203124,Kyle O'Quinn,NYK,689.0,0.15,0.29,0.15
2016,313,202349,Greivis Vasquez,MIL,403.0,-4.79,-6.84,-2.05
2016,183,204038,Langston Galloway,NYK,1794.0,-1.0,-0.27,-0.37
2016,337,203948,Johnny O'Bryant III,MIL,775.0,-5.11,-4.73,-2.73
2016,212,203089,John Henson,MIL,870.0,0.02,-1.1,-0.72
2016,359,1626173,Rashad Vaughn,MIL,933.0,-5.05,-4.75,-3.3
2016,206,202498,Lance Thomas,NYK,1163.0,-2.95,-0.73,-0.64
2016,159,203101,Miles Plumlee,MIL,812.0,-1.42,-0.06,-0.04
2016,348,1626170,Jerian Grant,NYK,1135.0,-2.85,-3.56,-3.03
2016,4,201142,Kevin Durant,OKC,2349.0,9.25,8.33,15.34
2016,6,201566,Russell Westbrook,OKC,2501.0,7.3,7.27,14.26
2016,311,201586,Serge Ibaka,OKC,2294.0,-0.62,-1.09,-1.96
2016,181,203460,Andre Roberson,OKC,1465.0,0.36,-0.29,-0.33
2016,68,203500,Steven Adams,OKC,1892.0,0.11,1.65,2.45
2016,57,1495,Tim Duncan,SAS,1424.0,2.62,2.67,2.94
2016,267,2225,Tony Parker,SAS,1861.0,0.3,-0.84,-1.2
2016,63,200746,LaMarcus Aldridge,SAS,2043.0,2.07,1.78,2.82
2016,80,201980,Danny Green,SAS,1911.0,0.95,1.25,1.84
2016,5,202695,Kawhi Leonard,SAS,2164.0,8.45,8.72,14.6
2016,95,201988,Patty Mills,SAS,1435.0,1.26,1.17,1.3
2016,200,201627,Anthony Morrow,OKC,869.0,-1.09,-0.79,-0.54
2016,46,1938,Manu Ginobili,SAS,987.0,2.99,5.02,3.84
2016,245,2564,Boris Diaw,SAS,1235.0,0.6,-1.01,-0.96
2016,130,202683,Enes Freedom,OKC,1555.0,1.01,0.36,0.44
2016,363,203079,Dion Waiters,OKC,1911.0,-2.67,-2.26,-3.39
2016,160,203937,Kyle Anderson,SAS,1089.0,1.11,-0.04,-0.04
2016,265,201571,D.J. Augustin,DEN,1038.0,-0.49,-1.57,-1.19
2016,74,2561,David West,SAS,1274.0,2.49,2.21,2.18
2016,208,2555,Nick Collison,OKC,651.0,-2.71,-1.29,-0.66
2016,368,2199,Tyson Chandler,PHO,1511.0,-1.09,-3.4,-3.78
2016,211,200782,P.J. Tucker,PHO,2294.0,-1.19,-0.42,-0.71
2016,82,202339,Eric Bledsoe,PHO,945.0,2.71,2.5,1.73
2016,194,202688,Brandon Knight,PHO,1669.0,-0.63,-0.41,-0.5
2016,151,202693,Markieff Morris,PHO,1492.0,-2.31,0.09,0.1
2016,17,1717,Dirk Nowitzki,DAL,2130.0,2.27,4.49,7.5
2016,280,2585,Zaza Pachulia,DAL,1819.0,-0.26,-1.03,-1.47
2016,284,101109,Raymond Felton,DAL,1941.0,-1.56,-1.0,-1.52
2016,184,101114,Deron Williams,DAL,1882.0,-0.35,-0.25,-0.37
2016,29,202083,Wesley Matthews,DAL,2375.0,-1.0,2.56,4.77
2016,142,203933,T.J. Warren,PHO,950.0,-0.57,0.25,0.17
2016,180,203939,Dwight Powell,DAL,866.0,-0.06,-0.47,-0.32
2016,329,2734,Devin Harris,DAL,1081.0,-0.03,-2.93,-2.48
2016,156,203141,Mirza Teletovic,PHO,1515.0,1.09,-0.01,-0.02
2016,340,203458,Alex Len,PHO,1672.0,-4.03,-2.26,-2.77
2016,254,201603,Sonny Weems,PHO,448.0,-5.7,-3.15,-1.04
2016,344,200826,J.J. Barea,DAL,1468.0,-0.09,-2.55,-2.93
2016,243,202720,Jon Leuer,PHO,1111.0,-0.12,-1.17,-0.96
2016,115,101179,Ronnie Price,PHO,1088.0,-1.7,0.76,0.61
2016,276,101111,Charlie Villanueva,DAL,579.0,-2.35,-3.1,-1.41
2016,309,203462,Archie Goodwin,PHO,1035.0,-3.36,-2.53,-1.93
2016,374,1626164,Devin Booker,PHO,1922.0,-2.67,-2.99,-4.22
2016,241,203098,John Jenkins,PHO,441.0,-2.44,-2.91,-0.94
2016,139,1626257,Salah Mejri,DAL,353.0,-0.16,0.78,0.21
2016,273,202329,Al-Farouq Aminu,POR,2159.0,0.03,-0.82,-1.35
2016,14,203081,Damian Lillard,POR,2433.0,4.09,4.41,8.2
2016,168,203086,Meyers Leonard,POR,1197.0,-1.62,-0.19,-0.17
2016,35,203468,CJ McCollum,POR,2578.0,1.17,2.28,4.49
2016,76,203486,Mason Plumlee,POR,1916.0,1.32,1.36,2.0
2016,32,201950,Jrue Holiday,NOP,1647.0,1.84,3.69,4.66
2016,287,203459,Allen Crabbe,POR,1881.0,-1.0,-1.1,-1.59
2016,72,202334,Ed Davis,POR,1535.0,1.64,1.92,2.25
2016,193,203090,Maurice Harkless,POR,1300.0,-0.55,-0.5,-0.49
2016,360,203943,Noah Vonleh,POR,1134.0,-3.83,-3.81,-3.31
2016,86,200752,Rudy Gay,SAC,2197.0,-0.34,0.92,1.5
2016,235,200765,Rajon Rondo,SAC,2318.0,0.88,-0.52,-0.9
2016,321,201585,Kosta Koufos,SAC,1358.0,-1.9,-2.28,-2.31
2016,20,202326,DeMarcus Cousins,SAC,2038.0,3.01,4.38,6.67
2016,105,203463,Ben McLemore,SAC,1341.0,-3.52,0.85,0.85
2016,8,101108,Chris Paul,LAC,2173.0,7.33,8.53,13.83
2016,65,200755,JJ Redick,LAC,1869.0,1.96,1.88,2.63
2016,26,201599,DeAndre Jordan,LAC,2317.0,2.57,2.92,5.06
2016,133,201933,Blake Griffin,LAC,1042.0,3.81,0.5,0.39
2016,207,202362,Lance Stephenson,LAC,1187.0,-1.17,-0.73,-0.65
2016,43,201956,Omri Casspi,SAC,1721.0,0.01,3.04,3.91
2016,261,1626161,Willie Cauley-Stein,SAC,1313.0,-0.82,-1.15,-1.12
2016,394,201158,Marco Belinelli,SAC,1500.0,-3.55,-6.73,-7.54
2016,106,201954,Darren Collison,SAC,1998.0,0.02,0.57,0.85
2016,342,1718,Paul Pierce,LAC,1129.0,-3.03,-3.38,-2.85
2016,260,2037,Jamal Crawford,LAC,1878.0,-1.37,-0.8,-1.12
2016,334,2746,Josh Smith,LAC,782.0,-2.76,-4.44,-2.59
2016,162,202325,Wesley Johnson,LAC,1495.0,-0.27,-0.07,-0.08
2016,372,203085,Austin Rivers,LAC,1302.0,-2.52,-4.07,-3.95
2016,281,202341,James Anderson,SAC,658.0,-3.85,-3.0,-1.47
2016,173,202332,Cole Aldrich,LAC,752.0,-1.0,-0.32,-0.18
2016,308,977,Kobe Bryant,LAL,1732.0,-1.55,-1.49,-1.91
2016,393,201579,Roy Hibbert,LAL,1780.0,-3.03,-5.5,-7.25
2016,282,203903,Jordan Clarkson,LAL,2387.0,-1.56,-0.84,-1.49
2016,383,203944,Julius Randle,LAL,2108.0,-3.05,-3.31,-5.16
2016,362,1626156,D'Angelo Russell,LAL,2099.0,-2.21,-2.18,-3.38
2016,103,708,Kevin Garnett,MIN,528.0,0.95,2.41,0.92
2016,314,2419,Tayshaun Prince,MIN,1367.0,-2.8,-2.09,-2.06
2016,25,201937,Ricky Rubio,MIN,2151.0,1.62,3.33,5.17
2016,306,203952,Andrew Wiggins,MIN,2606.0,-1.28,-1.0,-1.88
2016,349,1626157,Karl-Anthony Towns,MIN,2422.0,2.01,-1.73,-3.03
2016,234,202357,Nemanja Bjelica,MIN,988.0,-0.74,-1.25,-0.89
2016,367,2755,Kevin Martin,MIN,983.0,-2.93,-4.98,-3.53
2016,365,201156,Nick Young,LAL,951.0,-3.33,-4.96,-3.49
2016,380,203498,Shabazz Muhammad,MIN,1542.0,-2.37,-4.4,-4.9
2016,381,203897,Zach LaVine,MIN,2118.0,-1.47,-3.3,-5.04
2016,13,203476,Gorgui Dieng,MIN,2087.0,0.68,5.75,8.66
2016,54,101138,Brandon Bass,LAL,1211.0,0.42,3.41,3.05
2016,214,203527,Ryan Kelly,LAL,427.0,-2.85,-2.31,-0.73
2016,288,203940,Adreian Payne,MIN,443.0,-4.88,-4.96,-1.59
2016,118,101150,Lou Williams,LAL,1760.0,1.12,0.46,0.6
2016,172,1626273,Marcelo Huertas,LAL,791.0,-4.36,-0.3,-0.17
2016,333,1626167,Myles Turner,IND,1243.0,-1.54,-2.8,-2.58
2016,293,203200,Justin Holiday,CHI,688.0,-2.75,-3.34,-1.68
2016,116,1626147,Justin Anderson,DAL,567.0,0.03,1.36,0.6
2016,229,203143,Pablo Prigioni,LAC,758.0,-0.5,-1.53,-0.86
2016,227,201601,Luc Mbah a Moute,LAC,1169.0,-2.42,-0.99,-0.86
2016,171,2405,Amar'e Stoudemire,MIA,734.0,-1.0,-0.3,-0.17
2016,170,203516,James Ennis III,NOP,308.0,0.69,-0.73,-0.17
2016,147,204020,Tyler Johnson,MIA,761.0,0.42,0.2,0.12
2016,322,202713,Kyle Singler,OKC,908.0,-2.89,-3.3,-2.35
2016,277,203894,Shabazz Napier,ORL,557.0,-2.58,-3.69,-1.44
2016,391,203917,Nik Stauskas,PHI,1611.0,-3.56,-5.3,-6.17
2016,61,202344,Trevor Booker,UTA,1427.0,-0.1,2.69,2.86
2016,179,203187,Chris Johnson,UTA,747.0,-1.83,-0.56,-0.32
2016,36,203482,Kelly Olynyk,BOS,1261.0,1.59,4.59,4.29
2016,58,203087,Jeremy Lamb,CHO,1131.0,0.59,3.44,2.93
2016,71,203507,Giannis Antetokounmpo,MIL,2603.0,1.93,1.17,2.27
2016,169,201162,Jared Dudley,WAS,1892.0,-0.17,-0.11,-0.17
2016,299,101127,Jarrett Jack,BRK,942.0,-0.74,-2.6,-1.76
2016,124,2446,Rasual Butler,SAS,357.0,1.75,1.88,0.52
2016,191,203492,Ray McCallum,SAS,388.0,-2.51,-1.6,-0.48
2016,117,1626246,Boban Marjanovic,SAS,435.0,2.94,1.78,0.6
2016,153,203508,Sergey Karasev,BRK,376.0,-3.0,0.06,0.02
2016,252,2034,Mike Miller,DEN,335.0,-2.1,-4.21,-1.02
2016,99,2730,Dwight Howard,HOU,2083.0,0.03,0.73,1.16
2016,240,201574,Jason Thompson,TOR,437.0,-0.88,-2.9,-0.93
2016,303,203546,Ian Clark,GSW,517.0,-1.7,-4.61,-1.81
2016,136,204028,Tarik Black,LAL,471.0,-2.74,0.74,0.26
2016,190,203135,Robert Sacre,LAL,286.0,-3.36,-2.23,-0.47
2016,231,1626148,Anthony Brown,LAL,549.0,-4.53,-2.17,-0.88
2016,223,203552,Seth Curry,SAC,628.0,-0.35,-1.68,-0.79
2016,114,204025,Tim Frazier,NOP,658.0,-1.81,1.27,0.64
2016,100,203524,Solomon Hill,IND,795.0,-0.07,1.94,1.15
2016,123,203481,Jeff Withey,UTA,590.0,0.59,1.18,0.52
2016,304,201600,Omer Asik,NOP,1130.0,-1.0,-2.11,-1.82
2016,247,201962,Toney Douglas,NOP,1186.0,-0.11,-1.07,-0.98
2016,197,202337,Luke Babbitt,NOP,784.0,-2.26,-0.86,-0.52
2016,112,201977,Marcus Thornton,HOU,1011.0,-0.55,0.86,0.66
2016,157,1626181,Norman Powell,TOR,671.0,-0.43,-0.06,-0.03
2016,93,101112,Channing Frye,ORL,1126.0,0.59,1.73,1.36
2016,126,203094,Andrew Nicholson,ORL,744.0,-1.08,0.97,0.5
2016,272,1626166,Cameron Payne,OKC,656.0,-0.76,-2.58,-1.33
2016,198,201581,JJ Hickson,DEN,407.0,-1.06,-1.79,-0.53
2016,143,202718,Chandler Parsons,DAL,1635.0,1.75,0.12,0.16
2016,31,203496,Robert Covington,PHI,1704.0,-0.91,3.85,4.74
2016,283,202338,Kevin Seraphin,NYK,483.0,-3.14,-4.12,-1.49
2016,285,1713,Vince Carter,MEM,906.0,-1.0,-2.28,-1.53
2016,352,1626171,Bobby Portis,CHI,1022.0,-3.01,-4.13,-3.08
2016,237,201946,Tyler Hansbrough,CHO,294.0,-2.85,-4.08,-0.91
2016,218,203584,Troy Daniels,CHO,419.0,0.25,-2.39,-0.75
2016,199,2365,Chris Andersen,MEM,369.0,0.23,-1.96,-0.53
2016,232,203922,Glenn Robinson III,IND,466.0,-1.08,-2.56,-0.88
2016,186,1626154,RJ Hunter,BOS,276.0,-1.71,-1.98,-0.41
2016,323,202066,Garrett Temple,WAS,1769.0,-2.01,-1.69,-2.36
2016,178,202714,Shelvin Mack,UTA,942.0,-1.5,-0.43,-0.31
2016,390,203953,Jabari Parker,MIL,2227.0,-1.94,-3.72,-6.17
2016,251,203898,Tyler Ennis,MIL,598.0,-3.64,-2.26,-1.01
2016,239,203112,Quincy Acy,SAC,802.0,-0.24,-1.55,-0.93
2016,108,1626196,Josh Richardson,MIA,978.0,-0.48,0.99,0.76
2016,148,1889,Andre Miller,MIN,407.0,-1.64,0.39,0.11
2016,192,203123,Kostas Papanikolaou,DEN,275.0,-3.26,-2.44,-0.49
2016,289,1626162,Kelly Oubre Jr.,WAS,605.0,-4.29,-3.42,-1.63
2016,209,1897,Metta World Peace,LAL,545.0,-2.96,-1.64,-0.66
2016,120,1626204,Larry Nance Jr.,LAL,1174.0,-1.44,0.68,0.59
2016,128,1626245,Cristiano Felicio,CHI,293.0,-0.14,2.11,0.45
2016,242,1626145,Tyus Jones,MIN,519.0,-2.09,-2.53,-0.95
2016,346,201167,Arron Afflalo,NYK,2189.0,-2.78,-1.84,-3.01
2016,305,201945,Gerald Henderson,POR,1276.0,-1.72,-1.9,-1.85
2016,225,203613,Jonathon Simmons,SAS,687.0,-2.4,-1.55,-0.82
2016,286,201564,O.J. Mayo,MIL,1020.0,-3.62,-2.01,-1.53
2016,202,201580,JaVale McGee,DAL,330.0,-0.52,-2.11,-0.54
2016,164,1626199,Darrun Hilliard,DET,351.0,-2.05,-0.34,-0.09
2016,97,203501,Tim Hardaway Jr.,ATL,777.0,-0.92,2.06,1.27
2016,109,201936,Tyreke Evans,NOP,683.0,1.21,1.32,0.69
2016,345,202708,Norris Cole,NOP,1095.0,-3.46,-3.57,-2.99
2016,290,200797,Ryan Hollins,MEM,440.0,-3.04,-5.03,-1.64
2016,154,203186,Willie Reed,BRK,370.0,-0.64,0.06,0.01
2016,268,202700,Donatas Motiejunas,HOU,500.0,-3.69,-3.24,-1.23
2016,129,202697,Iman Shumpert,CLE,1146.0,-1.44,0.51,0.45
2016,292,203088,Kendall Marshall,PHI,372.0,-5.49,-6.21,-1.67
2016,177,1626185,Jarell Martin,MEM,334.0,-2.86,-1.14,-0.28
2016,113,202681,Kyrie Irving,CLE,1519.0,2.0,0.56,0.64
2016,158,201171,Carl Landry,PHI,516.0,0.7,-0.08,-0.03
2016,104,201943,Brandon Jennings,ORL,830.0,-0.5,1.5,0.87
2016,175,203994,Jusuf Nurkic,DEN,504.0,-2.46,-0.67,-0.25
2016,300,203930,Sean Kilpatrick,BRK,563.0,-1.93,-4.37,-1.76
2016,182,1626214,Bryce Dejean-Jones,NOP,253.0,-1.94,-1.83,-0.36
2016,295,2399,Mike Dunleavy,CHI,654.0,-3.03,-3.53,-1.68
2016,204,1626191,Chris McCullough,BRK,330.0,-1.96,-2.43,-0.57
2016,195,1626253,Axel Toupane,DEN,277.0,-3.4,-2.48,-0.5
2016,221,201563,Michael Beasley,HOU,321.0,0.29,-3.18,-0.77
2016,188,200770,Jordan Farmar,MEM,258.0,-0.81,-2.32,-0.44
2016,215,202706,Jordan Hamilton,NOP,274.0,-2.49,-3.49,-0.73
2017,1,2544,LeBron James,CLE,2611.0,7.13,10.07,19.19
2017,317,2747,JR Smith,CLE,1078.0,-1.97,-2.42,-1.91
2017,65,201567,Kevin Love,CLE,1739.0,1.85,1.76,2.24
2017,27,202681,Kyrie Irving,CLE,2335.0,3.13,3.72,6.34
2017,368,202684,Tristan Thompson,CLE,2188.0,-0.72,-2.25,-3.59
2017,168,2546,Carmelo Anthony,NYK,2311.0,0.6,-0.16,-0.24
2017,261,201149,Joakim Noah,NYK,957.0,-0.57,-1.79,-1.15
2017,234,201565,Derrick Rose,NYK,1880.0,-1.0,-0.72,-0.92
2017,103,201584,Courtney Lee,NYK,2248.0,-0.91,0.52,0.78
2017,64,204001,Kristaps Porzingis,NYK,2022.0,0.21,1.71,2.33
2017,197,2210,Richard Jefferson,CLE,1472.0,-2.91,-0.51,-0.54
2017,285,201943,Brandon Jennings,NYK,1657.0,-2.29,-1.38,-1.53
2017,176,203124,Kyle O'Quinn,NYK,1117.0,1.56,-0.45,-0.34
2017,309,202697,Iman Shumpert,CLE,1762.0,-2.2,-1.42,-1.83
2017,367,202498,Lance Thomas,NYK,877.0,-3.13,-5.9,-3.48
2017,312,2399,Mike Dunleavy,ATL,769.0,-1.34,-3.51,-1.87
2017,81,203200,Justin Holiday,NYK,1482.0,-0.36,1.24,1.23
2017,214,101112,Channing Frye,CLE,1286.0,0.79,-0.72,-0.67
2017,195,1626195,Willy Hernangomez,NYK,1199.0,-0.38,-0.65,-0.52
2017,256,203895,Jordan McRae,CLE,350.0,-2.89,-4.32,-1.1
2017,213,2756,Sasha Vujacic,NYK,375.0,-2.57,-2.65,-0.67
2017,129,1627851,Mindaugas Kuzminskas,NYK,940.0,-1.78,0.37,0.23
2017,137,202732,DeAndre Liggins,CLE,737.0,-1.99,0.28,0.15
2017,290,1627758,Ron Baker,NYK,785.0,-4.11,-3.02,-1.6
2017,225,2592,James Jones,CLE,340.0,-0.51,-3.24,-0.8
2017,93,202329,Al-Farouq Aminu,POR,1596.0,-1.09,0.88,0.96
2017,13,203081,Damian Lillard,POR,2438.0,4.65,5.76,9.67
2017,50,203090,Maurice Harkless,POR,2029.0,-0.63,2.1,2.93
2017,32,203468,CJ McCollum,POR,2574.0,1.83,2.74,4.86
2017,215,203486,Mason Plumlee,POR,1949.0,1.76,-0.51,-0.68
2017,190,2207,Joe Johnson,UTA,1642.0,0.28,-0.42,-0.48
2017,376,2564,Boris Diaw,UTA,1188.0,-2.33,-4.74,-3.95
2017,49,201588,George Hill,UTA,1417.0,3.34,3.08,3.06
2017,7,203497,Rudy Gobert,UTA,2468.0,4.09,8.24,14.25
2017,147,203918,Rodney Hood,UTA,1468.0,-0.91,-0.03,-0.04
2017,67,204060,Joe Ingles,UTA,1760.0,1.4,1.69,2.08
2017,348,1626168,Trey Lyles,UTA,1033.0,-2.05,-3.46,-2.5
2017,377,202323,Evan Turner,POR,1502.0,-2.36,-3.85,-3.98
2017,347,203459,Allen Crabbe,POR,2024.0,-1.28,-1.79,-2.5
2017,338,202334,Ed Davis,POR,725.0,-3.57,-4.33,-2.16
2017,335,202714,Shelvin Mack,UTA,1080.0,-2.14,-2.82,-2.13
2017,319,203943,Noah Vonleh,POR,1190.0,-1.0,-2.34,-1.92
2017,132,203481,Jeff Withey,UTA,397.0,0.74,0.67,0.19
2017,375,203957,Dante Exum,UTA,1101.0,-3.02,-5.1,-3.93
2017,307,203086,Meyers Leonard,POR,1103.0,-3.02,-2.39,-1.82
2017,75,2585,Zaza Pachulia,GSW,1196.0,0.42,1.98,1.7
2017,17,201142,Kevin Durant,GSW,1901.0,8.18,5.91,8.05
2017,3,201939,Stephen Curry,GSW,2369.0,6.43,9.62,16.34
2017,112,202691,Klay Thompson,GSW,2470.0,0.7,0.34,0.6
2017,16,203110,Draymond Green,GSW,2250.0,4.53,4.99,8.05
2017,77,2200,Pau Gasol,SAS,1441.0,3.53,1.52,1.57
2017,287,2225,Tony Parker,SAS,1438.0,-2.45,-1.51,-1.56
2017,244,200746,LaMarcus Aldridge,SAS,2072.0,0.68,-0.69,-1.02
2017,6,202695,Kawhi Leonard,SAS,2167.0,8.73,9.58,14.82
2017,95,203937,Kyle Anderson,SAS,917.0,1.41,1.36,0.89
2017,80,2738,Andre Iguodala,GSW,1758.0,2.22,1.08,1.36
2017,350,203546,Ian Clark,GSW,958.0,-1.43,-3.73,-2.56
2017,76,201988,Patty Mills,SAS,1498.0,1.36,1.48,1.59
2017,97,203473,Dewayne Dedmon,SAS,1200.0,0.42,1.02,0.88
2017,115,203613,Jonathon Simmons,SAS,1250.0,-2.43,0.65,0.58
2017,91,2561,David West,GSW,803.0,2.2,1.71,0.99
2017,47,1938,Manu Ginobili,SAS,1107.0,1.11,4.08,3.23
2017,109,101135,David Lee,SAS,1282.0,1.51,0.74,0.68
2017,346,2733,Shaun Livingston,GSW,1189.0,-2.33,-2.91,-2.48
2017,383,1627775,Patrick McCaw,GSW,959.0,-2.21,-6.09,-4.19
2017,61,201580,JaVale McGee,GSW,648.0,0.79,5.37,2.49
2017,237,1626172,Kevon Looney,GSW,379.0,-1.5,-3.45,-0.94
2017,125,202722,Davis Bertans,SAS,704.0,0.9,0.8,0.4
2017,74,201586,Serge Ibaka,ORL,2251.0,0.01,1.11,1.74
2017,141,202696,Nikola Vucevic,ORL,1980.0,1.23,0.05,0.07
2017,370,203095,Evan Fournier,ORL,2060.0,-1.28,-2.62,-3.75
2017,46,203901,Elfrid Payton,ORL,2212.0,0.69,2.16,3.31
2017,57,203932,Aaron Gordon,ORL,2148.0,-1.0,1.91,2.84
2017,58,201609,Goran Dragic,MIA,2216.0,2.37,1.7,2.73
2017,204,202337,Luke Babbitt,MIA,1002.0,-1.87,-0.8,-0.58
2017,42,202355,Hassan Whiteside,MIA,2256.0,1.34,2.22,3.63
2017,106,203079,Dion Waiters,MIA,1234.0,-0.2,0.79,0.71
2017,238,1626159,Justise Winslow,MIA,560.0,-3.21,-2.33,-0.94
2017,365,201145,Jeff Green,ORL,1354.0,-3.34,-3.58,-3.36
2017,124,204020,Tyler Johnson,MIA,1875.0,1.22,0.34,0.46
2017,384,1626209,Mario Hezonja,ORL,862.0,-4.41,-7.26,-4.34
2017,41,201949,James Johnson,MIA,1796.0,2.51,2.81,3.65
2017,395,201571,D.J. Augustin,ORL,1392.0,-2.81,-7.02,-6.78
2017,139,203186,Willie Reed,MIA,924.0,-0.91,0.15,0.1
2017,311,203585,Rodney McGruder,MIA,1794.0,-1.83,-1.43,-1.86
2017,360,101145,Monta Ellis,IND,1824.0,-2.76,-2.47,-3.13
2017,283,201152,Thaddeus Young,IND,2065.0,0.4,-1.05,-1.5
2017,83,201952,Jeff Teague,IND,2427.0,2.01,0.71,1.21
2017,20,202331,Paul George,IND,2459.0,2.86,4.53,7.75
2017,52,1626167,Myles Turner,IND,2338.0,0.97,1.79,2.91
2017,79,1717,Dirk Nowitzki,DAL,1317.0,0.62,1.54,1.4
2017,173,101106,Andrew Bogut,DAL,531.0,-2.24,-0.77,-0.28
2017,205,101114,Deron Williams,DAL,1506.0,-1.98,-0.56,-0.59
2017,262,202083,Wesley Matthews,DAL,2223.0,-0.81,-0.76,-1.16
2017,166,203084,Harrison Barnes,DAL,2501.0,-0.81,-0.13,-0.22
2017,104,200826,J.J. Barea,DAL,665.0,1.04,1.61,0.74
2017,264,201155,Rodney Stuckey,IND,628.0,-3.74,-2.83,-1.24
2017,323,2744,Al Jefferson,IND,849.0,-1.34,-3.35,-1.98
2017,277,202730,Lavoy Allen,IND,797.0,-1.59,-2.59,-1.44
2017,37,203552,Seth Curry,DAL,1817.0,1.03,3.18,3.99
2017,334,203939,Dwight Powell,DAL,1155.0,0.77,-2.63,-2.1
2017,352,1626147,Justin Anderson,DAL,1051.0,-1.3,-3.69,-2.68
2017,191,203922,Glenn Robinson III,IND,1298.0,-1.0,-0.54,-0.48
2017,70,101139,CJ Miles,IND,1593.0,0.37,1.71,1.89
2017,272,1627852,Nicolas Brussino,DAL,460.0,-1.45,-4.14,-1.31
2017,236,203112,Quincy Acy,BRK,466.0,-1.81,-2.9,-0.92
2017,295,1627827,Dorian Finney-Smith,DAL,1468.0,-2.45,-1.67,-1.7
2017,45,101161,Amir Johnson,BOS,1495.0,0.45,3.25,3.4
2017,101,201143,Al Horford,BOS,2004.0,3.09,0.58,0.82
2017,325,202340,Avery Bradley,BOS,1640.0,-0.63,-1.73,-1.99
2017,19,202738,Isaiah Thomas,BOS,2339.0,6.24,4.84,7.91
2017,40,203109,Jae Crowder,BOS,2112.0,0.77,2.5,3.69
2017,34,201572,Brook Lopez,BRK,2024.0,2.07,3.33,4.6
2017,343,202344,Trevor Booker,BRK,1583.0,-0.63,-2.17,-2.34
2017,122,202391,Jeremy Lin,BRK,784.0,1.52,0.9,0.48
2017,390,202711,Bojan Bogdanovic,BRK,1891.0,-2.11,-3.79,-4.89
2017,280,1626178,Rondae Hollis-Jefferson,BRK,1589.0,-1.27,-1.35,-1.47
2017,387,1627759,Jaylen Brown,BOS,1229.0,-3.41,-5.3,-4.56
2017,185,2449,Luis Scola,BRK,409.0,-2.39,-1.58,-0.44
2017,340,203925,Joe Harris,BRK,1005.0,-3.18,-3.21,-2.2
2017,169,1626179,Terry Rozier,BOS,1125.0,-1.35,-0.32,-0.25
2017,291,203120,Justin Hamilton,BRK,1051.0,-0.82,-2.25,-1.62
2017,354,203930,Sean Kilpatrick,BRK,1558.0,-2.19,-2.59,-2.75
2017,142,201973,Jonas Jerebko,BOS,1089.0,-2.23,0.06,0.05
2017,209,101123,Gerald Green,BOS,494.0,-2.53,-1.85,-0.64
2017,184,203092,Tyler Zeller,BOS,487.0,-2.07,-1.26,-0.43
2017,227,1627785,Isaiah Whitehead,BRK,1463.0,-4.72,-0.83,-0.82
2017,9,200768,Kyle Lowry,TOR,2094.0,5.63,7.11,10.5
2017,48,201942,DeMar DeRozan,TOR,2412.0,2.77,1.85,3.15
2017,144,201960,DeMarre Carroll,TOR,1787.0,-0.08,0.01,0.01
2017,304,202685,Jonas Valanciunas,TOR,1928.0,0.21,-1.29,-1.76
2017,349,1627783,Pascal Siakam,TOR,792.0,-2.18,-4.58,-2.56
2017,66,202397,Ish Smith,DET,1751.0,0.2,1.78,2.16
2017,278,202694,Marcus Morris Sr.,DET,2364.0,-1.09,-0.89,-1.45
2017,43,202699,Tobias Harris,DET,2313.0,1.44,2.14,3.44
2017,207,203083,Andre Drummond,DET,2243.0,0.87,-0.39,-0.6
2017,300,203484,Kentavious Caldwell-Pope,DET,2295.0,-0.25,-1.09,-1.74
2017,134,203382,Aron Baynes,DET,1039.0,-2.49,0.22,0.16
2017,156,203082,Terrence Ross,TOR,1786.0,-0.27,-0.11,-0.14
2017,163,202720,Jon Leuer,DET,1794.0,-0.17,-0.16,-0.2
2017,31,202335,Patrick Patterson,TOR,1444.0,-0.0,4.84,4.93
2017,382,202709,Cory Joseph,TOR,1830.0,-1.28,-3.2,-4.13
2017,111,2757,Beno Udrih,DET,502.0,0.0,1.77,0.62
2017,314,1626169,Stanley Johnson,DET,1241.0,-2.78,-2.19,-1.88
2017,271,1627751,Jakob Poeltl,TOR,580.0,-2.67,-3.15,-1.29
2017,117,1626246,Boban Marjanovic,DET,253.0,3.08,3.1,0.54
2017,298,1626181,Norman Powell,TOR,1247.0,-0.55,-1.95,-1.71
2017,279,203101,Miles Plumlee,MIL,430.0,-3.98,-4.91,-1.47
2017,158,203141,Mirza Teletovic,MIL,1022.0,-3.44,-0.21,-0.15
2017,10,203507,Giannis Antetokounmpo,MIL,2592.0,6.85,5.75,10.33
2017,393,203521,Matthew Dellavedova,MIL,1829.0,-3.96,-4.02,-5.09
2017,152,203953,Jabari Parker,MIL,1582.0,0.55,-0.08,-0.09
2017,327,101107,Marvin Williams,CHO,2118.0,-0.07,-1.37,-2.0
2017,232,201579,Roy Hibbert,CHO,648.0,-2.08,-2.03,-0.91
2017,162,201587,Nicolas Batum,CHO,2405.0,0.69,-0.12,-0.19
2017,11,202689,Kemba Walker,CHO,2519.0,3.81,5.94,10.29
2017,243,203077,Michael Kidd-Gilchrist,CHO,2198.0,-0.72,-0.65,-0.98
2017,36,202328,Greg Monroe,MIL,1633.0,1.56,3.74,4.23
2017,259,201563,Michael Beasley,MIL,848.0,-0.83,-1.93,-1.13
2017,63,1627763,Malcolm Brogdon,MIL,1793.0,-0.45,1.89,2.35
2017,344,201158,Marco Belinelli,CHO,1583.0,-1.09,-2.23,-2.42
2017,38,203469,Cody Zeller,CHO,1594.0,0.1,3.57,3.91
2017,121,1891,Jason Terry,MIL,1229.0,-0.91,0.57,0.49
2017,336,201150,Spencer Hawes,CHO,716.0,0.25,-4.37,-2.15
2017,172,203089,John Henson,MIL,1032.0,-1.52,-0.38,-0.27
2017,292,201196,Ramon Sessions,CHO,757.0,-2.17,-3.13,-1.63
2017,99,203087,Jeremy Lamb,CHO,1034.0,0.31,1.19,0.85
2017,294,1626173,Rashad Vaughn,MIL,414.0,-2.91,-5.76,-1.65
2017,15,201144,Mike Conley,MEM,2072.0,6.27,6.32,9.1
2017,33,201188,Marc Gasol,MEM,2286.0,4.82,2.97,4.72
2017,342,203210,JaMychal Green,MEM,1926.0,-0.81,-1.67,-2.23
2017,249,203516,James Ennis III,MEM,1353.0,-1.18,-1.13,-1.07
2017,337,1626150,Andrew Harrison,MEM,1281.0,-3.15,-2.42,-2.16
2017,92,201937,Ricky Rubio,MIN,2282.0,0.78,0.62,0.98
2017,26,203476,Gorgui Dieng,MIN,2448.0,-0.15,3.72,6.35
2017,371,203897,Zach LaVine,MIN,1638.0,0.01,-3.32,-3.78
2017,306,203952,Andrew Wiggins,MIN,2775.0,-1.66,-0.93,-1.79
2017,23,1626157,Karl-Anthony Towns,MIN,2820.0,4.41,3.34,6.56
2017,324,1627735,Wade Baldwin IV,MEM,383.0,-4.23,-7.46,-1.98
2017,320,201575,Brandon Rush,MIN,984.0,-2.3,-2.86,-1.96
2017,331,2216,Zach Randolph,MEM,1550.0,-0.54,-1.93,-2.08
2017,88,202357,Nemanja Bjelica,MIN,1085.0,-1.53,1.37,1.03
2017,374,1627739,Kris Dunn,MIN,1209.0,-2.6,-4.67,-3.93
2017,53,1713,Vince Carter,MEM,1583.0,0.64,2.63,2.9
2017,310,203498,Shabazz Muhammad,MIN,1359.0,-2.26,-1.95,-1.84
2017,143,202332,Cole Aldrich,MIN,493.0,-0.85,0.08,0.03
2017,211,201600,Omer Asik,NOP,458.0,-1.0,-2.14,-0.65
2017,341,202734,E'Twaun Moore,NOP,1618.0,-1.55,-2.05,-2.22
2017,8,203076,Anthony Davis,NOP,2415.0,5.5,6.88,11.09
2017,212,203524,Solomon Hill,NOP,2205.0,-2.59,-0.45,-0.67
2017,296,204025,Tim Frazier,NOP,1359.0,-2.53,-1.87,-1.7
2017,28,201568,Danilo Gallinari,DEN,1909.0,1.23,4.3,5.87
2017,286,203115,Will Barton,DEN,1493.0,0.09,-1.45,-1.55
2017,183,203994,Jusuf Nurkic,DEN,1292.0,-0.88,-0.45,-0.42
2017,12,203999,Nikola Jokic,DEN,1816.0,6.67,7.74,10.07
2017,389,1626144,Emmanuel Mudiay,DEN,1254.0,-2.97,-5.31,-4.77
2017,361,1627741,Buddy Hield,NOP,1718.0,-1.93,-2.79,-3.2
2017,378,201163,Wilson Chandler,DEN,1886.0,-1.0,-2.96,-4.0
2017,248,202702,Kenneth Faried,DEN,1176.0,0.15,-1.25,-1.05
2017,201,201967,Dante Cunningham,NOP,1483.0,-1.54,-0.58,-0.57
2017,246,1627750,Jamal Murray,DEN,1539.0,-1.91,-0.94,-1.04
2017,149,204038,Langston Galloway,NOP,1329.0,-2.17,-0.07,-0.06
2017,89,2749,Jameer Nelson,DEN,1784.0,-1.92,0.79,1.01
2017,235,201582,Alexis Ajinca,NOP,545.0,-2.8,-2.53,-0.92
2017,180,202362,Lance Stephenson,NOP,312.0,-3.01,-1.88,-0.39
2017,223,203093,Terrence Jones,NOP,1140.0,-0.62,-1.04,-0.79
2017,269,1627823,Juancho Hernangomez,DEN,751.0,-0.25,-2.37,-1.27
2017,339,200771,Sergio Rodriguez,PHI,1381.0,-2.53,-2.31,-2.17
2017,385,201945,Gerald Henderson,PHI,1503.0,-2.91,-4.26,-4.34
2017,35,203496,Robert Covington,PHI,1915.0,0.11,3.42,4.44
2017,60,203954,Joel Embiid,PHI,711.0,3.54,5.25,2.53
2017,268,203967,Dario Saric,PHI,1896.0,-2.2,-0.99,-1.27
2017,2,201566,Russell Westbrook,OKC,2504.0,10.42,9.78,17.68
2017,105,203460,Andre Roberson,OKC,2119.0,-1.0,0.48,0.73
2017,194,203500,Steven Adams,OKC,2170.0,-0.25,-0.32,-0.51
2017,82,203506,Victor Oladipo,OKC,2018.0,-0.53,0.84,1.22
2017,353,1627734,Domantas Sabonis,OKC,1502.0,-4.18,-2.52,-2.73
2017,381,1626143,Jahlil Okafor,PHI,1061.0,-2.31,-5.74,-4.13
2017,358,203917,Nik Stauskas,PHI,1953.0,-2.67,-2.31,-3.06
2017,226,204456,T.J. McConnell,PHI,1898.0,-1.0,-0.63,-0.81
2017,315,203138,Hollis Thompson,PHI,664.0,-2.3,-4.18,-1.89
2017,380,203924,Jerami Grant,OKC,1323.0,-1.27,-4.29,-4.09
2017,59,101141,Ersan Ilyasova,PHI,1913.0,0.01,1.97,2.55
2017,224,202713,Kyle Singler,OKC,323.0,-3.25,-3.44,-0.8
2017,138,1626158,Richaun Holmes,PHI,1048.0,0.75,0.18,0.13
2017,72,202683,Enes Freedom,OKC,1386.0,1.44,1.79,1.79
2017,351,203902,Semaj Christon,OKC,863.0,-4.49,-4.18,-2.61
2017,247,203518,Alex Abrines,OKC,932.0,-1.52,-1.55,-1.04
2017,127,2199,Tyson Chandler,PHO,1160.0,0.15,0.45,0.35
2017,100,201162,Jared Dudley,PHO,1218.0,-1.0,1.01,0.84
2017,39,202339,Eric Bledsoe,PHO,1955.0,3.27,2.78,3.69
2017,257,203933,T.J. Warren,PHO,1855.0,-0.63,-0.88,-1.11
2017,68,1626164,Devin Booker,PHO,2461.0,-1.85,1.19,1.98
2017,73,200752,Rudy Gay,SAC,921.0,1.49,2.78,1.79
2017,388,201167,Arron Afflalo,SAC,1462.0,-3.36,-4.54,-4.64
2017,265,201585,Kosta Koufos,SAC,1322.0,-2.35,-1.34,-1.24
2017,153,201951,Ty Lawson,SAC,1553.0,-1.0,-0.1,-0.11
2017,24,202326,DeMarcus Cousins,SAC,2250.0,6.31,4.16,6.54
2017,345,2440,Matt Barnes,SAC,1587.0,-1.36,-2.23,-2.47
2017,200,1626161,Willie Cauley-Stein,SAC,1290.0,-1.0,-0.63,-0.57
2017,372,202688,Brandon Knight,PHO,1012.0,-2.57,-5.57,-3.82
2017,394,203458,Alex Len,PHO,1460.0,-2.18,-5.44,-5.38
2017,231,201229,Anthony Tolliver,SAC,1360.0,-1.0,-0.92,-0.88
2017,391,1627737,Marquese Chriss,PHO,1636.0,-2.1,-4.51,-4.99
2017,254,202066,Garrett Temple,SAC,1543.0,-0.82,-1.01,-1.09
2017,196,2571,Leandro Barbosa,PHO,856.0,-2.28,-0.91,-0.53
2017,253,200782,P.J. Tucker,PHO,1962.0,-0.35,-0.81,-1.08
2017,362,203463,Ben McLemore,SAC,1054.0,-3.8,-4.38,-3.23
2017,326,201956,Omri Casspi,SAC,566.0,-2.72,-5.04,-1.99
2017,255,1627755,Tyler Ulis,PHO,1017.0,-2.22,-1.59,-1.09
2017,220,1627733,Dragan Bender,PHO,511.0,-4.17,-2.19,-0.76
2017,108,2736,Luol Deng,LAL,1367.0,-1.99,0.76,0.7
2017,55,201156,Nick Young,LAL,1446.0,-0.18,2.96,2.88
2017,316,202389,Timofey Mozgov,LAL,1050.0,-3.89,-2.68,-1.89
2017,364,203944,Julius Randle,LAL,1947.0,-0.91,-2.54,-3.32
2017,330,1626156,D'Angelo Russell,LAL,1674.0,-0.82,-1.84,-2.07
2017,167,2772,Trevor Ariza,HOU,2515.0,0.89,-0.12,-0.22
2017,128,201569,Eric Gordon,HOU,2094.0,-0.16,0.16,0.24
2017,116,201583,Ryan Anderson,HOU,1944.0,-0.44,0.39,0.55
2017,4,201935,James Harden,HOU,2666.0,8.18,8.38,16.1
2017,85,203991,Clint Capela,HOU,1459.0,0.99,1.08,1.13
2017,96,2403,Nene,HOU,1099.0,0.58,1.11,0.88
2017,386,1627742,Brandon Ingram,LAL,2060.0,-4.17,-3.23,-4.47
2017,210,203909,KJ McDaniels,BRK,433.0,-1.97,-2.21,-0.65
2017,379,203903,Jordan Clarkson,LAL,2173.0,-2.4,-2.74,-4.0
2017,78,1626204,Larry Nance Jr.,LAL,1306.0,0.44,1.72,1.51
2017,165,201147,Corey Brewer,HOU,1190.0,-2.52,-0.25,-0.21
2017,54,101150,Lou Williams,LAL,1758.0,3.53,2.44,2.88
2017,126,204028,Tarik Black,LAL,1012.0,-2.92,0.53,0.36
2017,216,1626155,Sam Dekker,HOU,1297.0,-0.28,-0.73,-0.68
2017,198,203898,Tyler Ennis,LAL,532.0,-2.72,-1.54,-0.55
2017,392,2594,Kyle Korver,ATL,1578.0,-0.11,-4.65,-5.09
2017,131,2730,Dwight Howard,ATL,2016.0,1.23,0.14,0.19
2017,25,200794,Paul Millsap,ATL,2091.0,1.89,4.4,6.37
2017,332,203145,Kent Bazemore,ATL,1784.0,-1.0,-1.68,-2.08
2017,355,203471,Dennis Schroder,ATL,2226.0,-0.06,-1.91,-2.95
2017,356,101162,Marcin Gortat,WAS,2297.0,-0.81,-1.81,-3.03
2017,18,202322,John Wall,WAS,2512.0,4.38,4.36,7.99
2017,90,202693,Markieff Morris,WAS,2170.0,-1.47,0.63,1.0
2017,21,203078,Bradley Beal,WAS,2391.0,3.05,4.31,7.52
2017,71,203490,Otto Porter Jr.,WAS,2337.0,3.04,1.07,1.82
2017,189,203488,Mike Muscala,ATL,1069.0,0.84,-0.63,-0.47
2017,301,203094,Andrew Nicholson,WAS,323.0,-4.41,-7.4,-1.75
2017,56,203501,Tim Hardaway Jr.,ATL,1867.0,0.39,2.2,2.84
2017,160,200757,Thabo Sefolosha,ATL,1431.0,0.27,-0.19,-0.19
2017,297,1627098,Malcolm Delaney,ATL,1098.0,-5.05,-2.24,-1.7
2017,322,203504,Trey Burke,WAS,647.0,-2.62,-4.19,-1.98
2017,218,1626162,Kelly Oubre Jr.,WAS,1460.0,-3.0,-0.68,-0.72
2017,178,201160,Jason Smith,WAS,971.0,-1.69,-0.52,-0.37
2017,273,201977,Marcus Thornton,WAS,526.0,-2.09,-3.44,-1.32
2017,250,2743,Kris Humphries,ATL,611.0,-1.8,-2.53,-1.07
2017,171,203107,Tomas Satoransky,WAS,643.0,-2.14,-0.57,-0.27
2017,179,1627815,Sheldon Mac,WAS,265.0,-1.83,-2.01,-0.39
2017,182,1627761,DeAndre' Bembry,ATL,318.0,-2.7,-1.85,-0.41
2017,329,2548,Dwyane Wade,CHI,1654.0,2.21,-1.83,-2.06
2017,366,200765,Rajon Rondo,CHI,1679.0,-0.54,-2.99,-3.41
2017,288,201577,Robin Lopez,CHI,2068.0,-2.12,-1.12,-1.57
2017,328,201959,Taj Gibson,CHI,1814.0,-1.39,-1.66,-2.05
2017,5,202710,Jimmy Butler,CHI,2500.0,6.83,9.35,15.88
2017,369,203926,Doug McDermott,CHI,1352.0,-2.16,-4.04,-3.71
2017,44,202703,Nikola Mirotic,CHI,1504.0,0.55,3.34,3.41
2017,305,203477,Isaiah Canaan,CHI,535.0,-2.8,-4.87,-1.77
2017,161,1626245,Cristiano Felicio,CHI,945.0,-0.74,-0.3,-0.19
2017,193,203487,Michael Carter-Williams,CHI,791.0,-2.85,-0.93,-0.5
2017,14,101108,Chris Paul,LAC,1736.0,7.93,7.83,9.5
2017,84,200755,JJ Redick,LAC,1986.0,0.3,0.84,1.16
2017,22,201599,DeAndre Jordan,LAC,2330.0,3.04,4.1,6.67
2017,187,201601,Luc Mbah a Moute,LAC,1701.0,-0.26,-0.38,-0.45
2017,30,201933,Blake Griffin,LAC,1859.0,4.27,4.09,5.31
2017,357,203085,Austin Rivers,LAC,1843.0,-2.11,-2.37,-3.05
2017,302,2037,Jamal Crawford,LAC,1895.0,-2.02,-1.33,-1.76
2017,321,101109,Raymond Felton,LAC,1542.0,-1.27,-1.83,-1.97
2017,94,201578,Marreese Speights,LAC,1164.0,0.42,1.18,0.96
2017,148,202325,Wesley Johnson,LAC,757.0,-1.83,-0.08,-0.04
2017,133,203894,Shabazz Napier,POR,456.0,-0.55,0.57,0.18
2017,303,202338,Kevin Seraphin,IND,495.0,-2.84,-5.1,-1.76
2017,275,202687,Bismack Biyombo,ORL,1644.0,-3.02,-1.18,-1.34
2017,333,201228,C.J. Watson,ORL,916.0,-3.23,-3.27,-2.08
2017,245,1626199,Darrun Hilliard,DET,330.0,-4.44,-4.49,-1.03
2017,318,203530,Joffrey Lauvergne,OKC,867.0,-2.03,-3.06,-1.92
2017,242,202324,Derrick Favors,UTA,1108.0,-0.21,-1.26,-0.98
2017,202,203080,Thomas Robinson,LAL,514.0,-1.85,-1.66,-0.57
2017,123,1627789,Timothe Luwawu-Cabarrot,PHI,1075.0,-4.16,0.66,0.48
2017,206,1627752,Taurean Prince,ATL,874.0,-1.68,-0.99,-0.6
2017,241,1626163,Frank Kaminsky,CHO,1766.0,-1.18,-0.79,-0.96
2017,203,203584,Troy Daniels,MEM,1060.0,-1.7,-0.78,-0.58
2017,281,1626185,Jarell Martin,MEM,497.0,-4.69,-4.28,-1.48
2017,260,1627786,Troy Williams,MEM,511.0,-3.16,-3.2,-1.14
2017,252,1627770,Kay Felder,CLE,348.0,-1.98,-4.23,-1.08
2017,282,1626171,Bobby Portis,CHI,929.0,-1.43,-2.38,-1.5
2017,299,1627756,Denzel Valentine,CHI,892.0,-2.97,-2.87,-1.74
2017,230,1627835,Paul Zipser,CHI,771.0,-3.85,-1.66,-0.87
2017,363,203503,Tony Snell,MIL,2147.0,-1.65,-2.17,-3.23
2017,208,1627749,Dejounte Murray,SAS,278.0,-3.47,-3.14,-0.62
2017,114,203526,Raul Neto,UTA,305.0,-0.4,2.73,0.58
2017,289,101138,Brandon Bass,LAC,529.0,0.09,-4.27,-1.58
2017,219,1627748,Thon Maker,MIL,543.0,-1.78,-1.94,-0.73
2017,263,101181,Jose Calderon,LAL,509.0,-2.71,-3.59,-1.23
2017,222,201627,Anthony Morrow,OKC,610.0,-2.03,-1.79,-0.79
2017,186,1626257,Salah Mejri,DAL,828.0,-0.75,-0.79,-0.45
2017,110,1626210,Alan Williams,PHO,629.0,-1.24,1.54,0.66
2017,293,201166,Aaron Brooks,IND,819.0,-3.28,-2.9,-1.65
2017,188,1626254,Maurice Ndour,NYK,297.0,-2.2,-2.3,-0.46
2017,118,1626145,Tyus Jones,MIN,700.0,-0.01,1.09,0.53
2017,229,2754,Tony Allen,MEM,1711.0,-1.0,-0.72,-0.86
2017,233,203949,James Michael McAdoo,GSW,396.0,-1.58,-3.22,-0.91
2017,164,1626192,Pat Connaughton,POR,285.0,-0.8,-1.03,-0.2
2017,155,1626149,Montrezl Harrell,HOU,924.0,0.72,-0.2,-0.13
2017,199,1627826,Ivica Zubac,LAL,557.0,-1.55,-1.51,-0.56
2017,150,203935,Marcus Smart,BOS,2157.0,-1.28,-0.04,-0.06
2017,86,1626170,Jerian Grant,CHI,968.0,-0.05,1.71,1.13
2017,170,201589,Darrell Arthur,DEN,540.0,-0.3,-0.69,-0.27
2017,284,1626196,Josh Richardson,MIA,1442.0,-1.09,-1.45,-1.52
2017,251,203914,Gary Harris,DEN,1598.0,0.55,-0.94,-1.07
2017,146,1627746,Skal Labissiere,SAC,554.0,-2.02,-0.07,-0.03
2017,154,1627834,Georgios Papagiannis,SAC,329.0,-2.92,-0.52,-0.12
2017,29,202330,Gordon Hayward,UTA,2294.0,4.63,3.45,5.54
2017,308,202718,Chandler Parsons,MEM,612.0,-3.25,-4.29,-1.82
2017,107,203512,Lucas Nogueira,TOR,1010.0,1.61,0.98,0.7
2017,240,203148,Brian Roberts,CHO,366.0,-3.27,-3.81,-0.96
2017,221,204014,Damjan Rudez,ORL,275.0,-3.27,-4.05,-0.77
2017,270,202682,Derrick Williams,CLE,726.0,-2.58,-2.42,-1.28
2017,373,200751,Randy Foye,BRK,1175.0,-4.02,-4.86,-3.9
2017,69,201954,Darren Collison,SAC,1878.0,-0.91,1.45,1.91
2017,239,1627812,Yogi Ferrell,DAL,1102.0,-1.09,-1.24,-0.94
2017,267,203482,Kelly Olynyk,BOS,1378.0,0.17,-1.31,-1.26
2017,145,1627832,Fred VanVleet,TOR,266.0,-1.7,-0.06,-0.01
2017,177,201980,Danny Green,SAS,1639.0,0.65,-0.3,-0.35
2017,258,101187,Alan Anderson,LAC,269.0,-4.28,-5.89,-1.11
2017,228,201177,Josh McRoberts,MIA,355.0,-1.42,-3.3,-0.85
2017,51,201976,Patrick Beverley,HOU,1935.0,0.95,2.09,2.92
2017,119,203493,Reggie Bullock,DET,416.0,-0.04,1.82,0.53
2017,62,201950,Jrue Holiday,NOP,1986.0,1.14,1.78,2.36
2017,181,1718,Paul Pierce,LAC,250.0,-3.31,-2.25,-0.39
2017,120,1627884,Derrick Jones Jr.,PHO,502.0,-2.0,1.53,0.52
2017,140,101133,Ian Mahinmi,WAS,502.0,-1.31,0.2,0.07
2017,192,201961,Wayne Ellington,MIA,1320.0,-1.0,-0.51,-0.48
2017,102,203457,Nerlens Noel,PHI,922.0,1.91,1.29,0.81
2017,113,2734,Devin Harris,DAL,954.0,-0.48,0.9,0.6
2017,217,201975,Jodie Meeks,ORL,666.0,-1.65,-1.5,-0.69
2017,359,202704,Reggie Jackson,DET,1343.0,-1.0,-3.33,-3.1
2017,159,201962,Toney Douglas,MEM,334.0,-1.35,-0.7,-0.16
2017,174,1627747,Caris LeVert,BRK,1119.0,-1.09,-0.37,-0.29
2017,130,203915,Spencer Dinwiddie,BRK,1212.0,-1.0,0.28,0.23
2017,313,201936,Tyreke Evans,NOP,729.0,0.14,-3.85,-1.87
2017,266,202692,Alec Burks,UTA,553.0,-2.02,-3.25,-1.26
2017,276,202700,Donatas Motiejunas,NOP,424.0,-3.44,-4.77,-1.35
2017,274,1626166,Cameron Payne,OKC,409.0,-4.71,-4.54,-1.34
2017,175,1626184,Chasson Randle,NYK,263.0,-1.44,-1.78,-0.31
2017,151,1627855,Okaro White,MIA,402.0,-2.53,-0.28,-0.08
2017,136,201148,Brandan Wright,MEM,401.0,0.97,0.55,0.15
2017,87,203114,Khris Middleton,MIL,823.0,-0.41,1.86,1.06
2017,98,1626153,Delon Wright,TOR,400.0,1.18,3.09,0.87
2017,157,1628021,David Nwaba,LAL,357.0,-1.85,-0.61,-0.15
2017,135,202348,Jordan Crawford,NOP,381.0,0.65,0.6,0.15
2018,2,2544,LeBron James,CLE,2682.0,8.19,7.29,16.41
2018,372,2548,Dwyane Wade,CLE,1321.0,-1.0,-3.47,-3.85
2018,303,201565,Derrick Rose,CLE,387.0,-4.18,-6.22,-2.02
2018,56,201567,Kevin Love,CLE,1494.0,2.91,2.12,2.66
2018,373,203109,Jae Crowder,CLE,1866.0,-2.41,-2.48,-3.89
2018,13,201143,Al Horford,BOS,2016.0,4.03,6.57,10.06
2018,28,202681,Kyrie Irving,BOS,1708.0,6.63,4.18,5.42
2018,101,1627759,Jaylen Brown,BOS,1919.0,-0.54,0.73,1.06
2018,43,1628369,Jayson Tatum,BOS,2213.0,1.06,2.16,3.62
2018,351,202684,Tristan Thompson,CLE,975.0,-2.65,-3.69,-3.02
2018,145,203935,Marcus Smart,BOS,1394.0,-1.18,0.26,0.28
2018,393,2747,JR Smith,CLE,2031.0,-2.86,-4.19,-7.14
2018,168,203382,Aron Baynes,BOS,1408.0,-2.72,0.03,0.03
2018,343,201145,Jeff Green,CLE,1601.0,-1.73,-2.09,-2.81
2018,154,1626179,Terry Rozier,BOS,1815.0,1.86,0.14,0.19
2018,386,1628400,Semi Ojeleye,BOS,1027.0,-4.23,-7.17,-5.58
2018,33,2594,Kyle Korver,CLE,1350.0,0.08,4.07,4.62
2018,198,203499,Shane Larkin,BOS,699.0,-1.58,-0.74,-0.39
2018,209,2585,Zaza Pachulia,GSW,928.0,-1.0,-0.79,-0.57
2018,25,201142,Kevin Durant,GSW,2060.0,6.74,3.67,5.92
2018,16,201939,Stephen Curry,GSW,1413.0,6.87,8.27,9.17
2018,183,202691,Klay Thompson,GSW,2283.0,-0.44,-0.1,-0.18
2018,32,203110,Draymond Green,GSW,2058.0,2.54,2.9,4.67
2018,133,2772,Trevor Ariza,HOU,2049.0,0.58,0.27,0.45
2018,6,101108,Chris Paul,HOU,1673.0,6.43,8.74,11.82
2018,331,201583,Ryan Anderson,HOU,1565.0,0.0,-1.97,-2.5
2018,14,201935,James Harden,HOU,2253.0,9.22,5.32,9.68
2018,249,203991,Clint Capela,HOU,1846.0,3.07,-0.68,-1.01
2018,374,1627775,Patrick McCaw,GSW,837.0,-3.63,-6.12,-4.01
2018,106,200782,P.J. Tucker,HOU,1991.0,-1.09,0.56,0.9
2018,20,201569,Eric Gordon,HOU,1917.0,0.3,4.74,7.35
2018,86,1628395,Jordan Bell,GSW,691.0,2.12,2.8,1.52
2018,91,201601,Luc Mbah a Moute,HOU,1378.0,-0.28,1.19,1.32
2018,367,201156,Nick Young,GSW,1199.0,-3.22,-3.85,-3.62
2018,111,2733,Shaun Livingston,GSW,1030.0,-2.83,0.96,0.77
2018,182,201956,Omri Casspi,GSW,642.0,-0.92,-0.34,-0.17
2018,93,1626172,Kevon Looney,GSW,760.0,-0.33,2.15,1.28
2018,58,2561,David West,GSW,958.0,2.55,3.39,2.55
2018,359,202340,Avery Bradley,DET,1234.0,-3.66,-3.3,-3.29
2018,126,202699,Tobias Harris,DET,2323.0,1.71,0.29,0.54
2018,69,202704,Reggie Jackson,DET,1100.0,-0.47,2.43,2.16
2018,72,203083,Andre Drummond,DET,2328.0,2.95,1.13,2.13
2018,322,1626169,Stanley Johnson,DET,1683.0,-2.74,-1.73,-2.34
2018,315,2730,Dwight Howard,CHO,2233.0,-0.16,-1.31,-2.23
2018,141,101107,Marvin Williams,CHO,1842.0,0.85,0.23,0.33
2018,12,202689,Kemba Walker,CHO,2493.0,3.72,5.32,10.13
2018,52,203087,Jeremy Lamb,CHO,1764.0,1.4,2.1,2.83
2018,320,1628407,Dwayne Bacon,CHO,624.0,-3.98,-4.84,-2.3
2018,128,203961,Eric Moreland,DET,737.0,0.25,0.83,0.49
2018,260,1626163,Frank Kaminsky,CHO,1642.0,-0.27,-0.95,-1.19
2018,92,202397,Ish Smith,DET,1760.0,-0.08,0.92,1.31
2018,113,204038,Langston Galloway,DET,754.0,-1.0,1.25,0.76
2018,155,203469,Cody Zeller,CHO,571.0,-1.16,0.41,0.18
2018,365,1628370,Malik Monk,CHO,738.0,-2.99,-6.34,-3.57
2018,251,1627740,Henry Ellenson,DET,291.0,-3.24,-4.48,-1.05
2018,269,1626203,Treveon Graham,CHO,934.0,-2.46,-1.78,-1.27
2018,47,201152,Thaddeus Young,IND,2366.0,0.13,1.75,3.24
2018,83,201954,Darren Collison,IND,1847.0,2.42,1.15,1.66
2018,318,202711,Bojan Bogdanovic,IND,2262.0,-0.72,-1.29,-2.28
2018,3,203506,Victor Oladipo,IND,2290.0,5.38,8.44,15.13
2018,306,1626167,Myles Turner,IND,1676.0,-0.27,-1.56,-2.05
2018,73,201960,DeMarre Carroll,BRK,1917.0,0.11,1.37,2.11
2018,263,202389,Timofey Mozgov,BRK,344.0,-3.02,-4.42,-1.22
2018,362,1626156,D'Angelo Russell,BRK,1117.0,-1.18,-3.85,-3.46
2018,283,1626178,Rondae Hollis-Jefferson,BRK,1760.0,0.01,-1.09,-1.54
2018,117,202344,Trevor Booker,PHI,1021.0,-0.62,0.86,0.73
2018,132,203112,Quincy Acy,BRK,1154.0,-2.33,0.51,0.47
2018,57,203459,Allen Crabbe,BRK,1965.0,-0.72,1.67,2.64
2018,387,202362,Lance Stephenson,IND,1665.0,-1.73,-4.56,-5.94
2018,270,202709,Cory Joseph,IND,1953.0,-1.46,-0.84,-1.29
2018,350,1627747,Caris LeVert,BRK,1622.0,-0.82,-2.3,-3.0
2018,262,1627734,Domantas Sabonis,IND,1628.0,-1.09,-0.95,-1.22
2018,68,203915,Spencer Dinwiddie,BRK,2019.0,0.49,1.33,2.16
2018,290,1628388,T.J. Leaf,IND,426.0,-2.55,-5.27,-1.76
2018,59,202696,Nikola Vucevic,ORL,1526.0,2.37,2.15,2.49
2018,253,203082,Terrence Ross,ORL,562.0,-2.34,-2.52,-1.07
2018,62,203095,Evan Fournier,ORL,1648.0,-0.63,1.94,2.42
2018,366,203901,Elfrid Payton,ORL,1646.0,-0.27,-2.88,-3.59
2018,65,203932,Aaron Gordon,ORL,1711.0,0.2,1.79,2.32
2018,118,201609,Goran Dragic,MIA,2133.0,0.21,0.4,0.69
2018,90,202355,Hassan Whiteside,MIA,1222.0,2.21,1.45,1.43
2018,304,203079,Dion Waiters,MIA,811.0,-3.11,-3.09,-2.02
2018,30,203482,Kelly Olynyk,MIA,1568.0,2.01,4.04,5.11
2018,66,1626196,Josh Richardson,MIA,2402.0,0.6,1.16,2.26
2018,70,201949,James Johnson,MIA,1728.0,1.39,1.53,2.14
2018,311,204020,Tyler Johnson,MIA,1783.0,-0.35,-1.46,-2.11
2018,357,203613,Jonathon Simmons,ORL,1790.0,-2.94,-2.34,-3.17
2018,211,201571,D.J. Augustin,ORL,1563.0,-0.27,-0.5,-0.59
2018,390,202687,Bismack Biyombo,ORL,1363.0,-2.26,-6.54,-6.75
2018,250,1628371,Jonathan Isaac,ORL,463.0,-1.3,-2.95,-1.04
2018,112,1626159,Justise Winslow,MIA,1439.0,-1.09,0.66,0.77
2018,297,1628389,Bam Adebayo,MIA,1209.0,-0.47,-1.91,-1.87
2018,232,201961,Wayne Ellington,MIA,1744.0,0.29,-0.6,-0.85
2018,353,101162,Marcin Gortat,WAS,1937.0,-0.63,-2.09,-3.09
2018,278,201160,Jason Smith,WAS,262.0,-4.43,-7.37,-1.47
2018,103,202322,John Wall,WAS,1270.0,2.58,1.05,1.02
2018,24,203078,Bradley Beal,WAS,2680.0,2.03,3.23,6.59
2018,8,203490,Otto Porter Jr.,WAS,2209.0,3.21,6.86,11.54
2018,225,200755,JJ Redick,PHI,1866.0,0.94,-0.46,-0.71
2018,340,201573,Jerryd Bayless,PHI,790.0,-2.51,-4.12,-2.69
2018,7,203496,Robert Covington,PHI,2263.0,1.34,6.25,11.66
2018,19,203954,Joel Embiid,PHI,1717.0,2.95,5.51,7.8
2018,21,1627732,Ben Simmons,PHI,2429.0,4.18,3.58,7.18
2018,166,101161,Amir Johnson,PHI,1037.0,0.75,0.04,0.03
2018,375,1626162,Kelly Oubre Jr.,WAS,1978.0,-1.65,-2.76,-4.16
2018,127,203967,Dario Saric,PHI,2064.0,1.14,0.29,0.5
2018,288,204456,T.J. McConnell,PHI,1429.0,-0.09,-1.49,-1.75
2018,319,201975,Jodie Meeks,WAS,997.0,-1.09,-3.01,-2.29
2018,186,101133,Ian Mahinmi,WAS,1011.0,-3.96,-0.33,-0.25
2018,227,204025,Tim Frazier,WAS,764.0,-0.92,-1.27,-0.74
2018,349,203118,Mike Scott,WAS,1254.0,-1.63,-3.08,-2.94
2018,309,1627789,Timothe Luwawu-Cabarrot,PHI,699.0,-3.55,-3.59,-2.07
2018,60,203114,Khris Middleton,MIL,2646.0,-0.05,1.17,2.48
2018,371,203503,Tony Snell,MIL,1801.0,-2.2,-2.63,-3.79
2018,5,203507,Giannis Antetokounmpo,MIL,2454.0,5.79,6.44,12.63
2018,293,1627748,Thon Maker,MIL,1080.0,-3.2,-2.05,-1.77
2018,213,1627763,Malcolm Brogdon,MIL,1248.0,-1.18,-0.61,-0.61
2018,314,1627846,Abdel Nader,BOS,476.0,-4.27,-6.16,-2.22
2018,282,202328,Greg Monroe,BOS,911.0,1.76,-2.22,-1.54
2018,313,203521,Matthew Dellavedova,MIL,622.0,-3.74,-4.33,-2.16
2018,136,203089,John Henson,MIL,1768.0,-0.91,0.27,0.38
2018,223,1628464,Daniel Theis,BOS,841.0,0.1,-1.1,-0.7
2018,150,201144,Mike Conley,MEM,316.0,0.02,1.04,0.25
2018,120,201188,Marc Gasol,MEM,2120.0,2.08,0.42,0.68
2018,338,203210,JaMychal Green,MEM,1390.0,-2.17,-2.52,-2.68
2018,330,203516,James Ennis III,MEM,1378.0,-1.17,-2.37,-2.5
2018,256,1626150,Andrew Harrison,MEM,1209.0,-1.44,-1.21,-1.12
2018,18,201950,Jrue Holiday,NOP,2604.0,1.46,4.48,8.66
2018,301,201967,Dante Cunningham,NOP,1368.0,-1.62,-1.92,-1.95
2018,46,202326,DeMarcus Cousins,NOP,1575.0,4.2,2.88,3.37
2018,329,202734,E'Twaun Moore,NOP,2333.0,-1.56,-1.41,-2.44
2018,9,203076,Anthony Davis,NOP,2411.0,6.25,6.39,11.43
2018,114,201148,Brandan Wright,MEM,328.0,1.15,3.01,0.76
2018,285,201596,Mario Chalmers,MEM,1221.0,-2.96,-1.75,-1.64
2018,29,201936,Tyreke Evans,MEM,1420.0,3.97,4.81,5.23
2018,308,1628415,Dillon Brooks,MEM,2103.0,-3.8,-1.28,-2.07
2018,241,203121,Darius Miller,NOP,1685.0,-1.83,-0.72,-0.9
2018,334,203546,Ian Clark,NOP,1268.0,-3.24,-2.72,-2.56
2018,167,202718,Chandler Parsons,MEM,591.0,0.44,0.06,0.03
2018,295,1626185,Jarell Martin,MEM,1478.0,-3.72,-1.6,-1.82
2018,258,1627767,Cheick Diallo,NOP,515.0,-1.15,-3.07,-1.18
2018,67,1717,Dirk Nowitzki,DAL,1758.0,2.04,1.58,2.18
2018,391,202083,Wesley Matthews,DAL,1876.0,-0.91,-4.6,-6.8
2018,346,203084,Harrison Barnes,DAL,2316.0,-0.53,-1.57,-2.86
2018,75,1627812,Yogi Ferrell,DAL,1950.0,-1.37,1.36,2.09
2018,347,1628372,Dennis Smith Jr.,DAL,1836.0,-2.29,-1.99,-2.88
2018,95,101141,Ersan Ilyasova,ATL,1526.0,-0.63,1.06,1.19
2018,107,203145,Kent Bazemore,ATL,1620.0,0.46,0.73,0.88
2018,363,203471,Dennis Schroder,ATL,1839.0,-0.63,-2.55,-3.47
2018,134,203473,Dewayne Dedmon,ATL,1408.0,-0.01,0.4,0.41
2018,284,1627752,Taurean Prince,ATL,2195.0,-1.09,-0.96,-1.56
2018,165,200826,J.J. Barea,DAL,1382.0,0.98,0.03,0.04
2018,210,203457,Nerlens Noel,DAL,400.0,0.09,-1.86,-0.59
2018,302,1628381,John Collins,ATL,1579.0,-0.27,-1.72,-2.01
2018,354,201158,Marco Belinelli,ATL,1650.0,-0.51,-2.53,-3.09
2018,157,2734,Devin Harris,DAL,1143.0,-1.69,0.16,0.14
2018,87,203488,Mike Muscala,ATL,921.0,0.12,2.21,1.5
2018,248,1627098,Malcolm Delaney,ATL,847.0,-2.36,-1.58,-0.99
2018,220,1627761,DeAndre' Bembry,ATL,382.0,-3.66,-2.4,-0.68
2018,50,203939,Dwight Powell,DAL,1482.0,1.36,2.63,3.07
2018,234,1627827,Dorian Finney-Smith,DAL,401.0,-3.62,-2.73,-0.86
2018,199,202337,Luke Babbitt,ATL,615.0,-2.14,-0.89,-0.41
2018,123,201937,Ricky Rubio,UTA,2023.0,0.58,0.37,0.59
2018,84,202324,Derrick Favors,UTA,1937.0,1.32,1.08,1.62
2018,26,203497,Rudy Gobert,UTA,1648.0,3.03,4.47,5.71
2018,49,204060,Joe Ingles,UTA,2309.0,2.1,1.76,3.14
2018,40,1628378,Donovan Mitchell,UTA,2322.0,1.07,2.1,3.78
2018,181,200794,Paul Millsap,DEN,1011.0,0.22,-0.22,-0.17
2018,384,201163,Wilson Chandler,DEN,2110.0,-2.03,-3.27,-5.35
2018,96,203914,Gary Harris,DEN,2090.0,0.68,0.72,1.17
2018,4,203999,Nikola Jokic,DEN,2215.0,6.4,8.8,15.11
2018,42,1627750,Jamal Murray,DEN,2323.0,-0.34,2.04,3.67
2018,383,2207,Joe Johnson,UTA,1074.0,-2.66,-6.34,-5.28
2018,378,203918,Rodney Hood,UTA,1421.0,-0.21,-4.23,-4.66
2018,212,203115,Will Barton,DEN,2387.0,0.98,-0.32,-0.59
2018,229,203486,Mason Plumlee,DEN,1272.0,0.34,-0.76,-0.75
2018,388,1626144,Emmanuel Mudiay,DEN,1099.0,-3.57,-7.0,-5.96
2018,265,202692,Alec Burks,UTA,898.0,-0.91,-1.79,-1.24
2018,99,202327,Ekpe Udoh,UTA,707.0,2.38,2.01,1.1
2018,97,200757,Thabo Sefolosha,UTA,674.0,2.03,2.22,1.16
2018,242,202702,Kenneth Faried,DEN,426.0,-1.81,-2.76,-0.91
2018,138,1626168,Trey Lyles,DEN,1224.0,1.05,0.39,0.37
2018,245,1627736,Malik Beasley,DEN,502.0,-3.16,-2.39,-0.93
2018,221,2200,Pau Gasol,SAS,1653.0,3.03,-0.52,-0.69
2018,11,200746,LaMarcus Aldridge,SAS,2184.0,3.59,5.85,10.24
2018,185,201980,Danny Green,SAS,1619.0,0.28,-0.17,-0.23
2018,80,203937,Kyle Anderson,SAS,1761.0,2.59,1.3,1.83
2018,53,1627749,Dejounte Murray,SAS,1555.0,0.37,2.23,2.78
2018,238,201952,Jeff Teague,MIN,2113.0,0.31,-0.55,-0.89
2018,76,201959,Taj Gibson,MIN,2491.0,-0.53,1.09,2.08
2018,17,202710,Jimmy Butler,MIN,1961.0,5.32,5.85,8.8
2018,382,203952,Andrew Wiggins,MIN,2678.0,-2.33,-2.48,-5.09
2018,15,1626157,Karl-Anthony Towns,MIN,2680.0,4.78,4.57,9.4
2018,307,1938,Manu Ginobili,SAS,1075.0,-1.26,-2.39,-2.06
2018,85,200752,Rudy Gay,SAS,1033.0,0.57,1.88,1.55
2018,197,201988,Patty Mills,SAS,1817.0,-1.0,-0.27,-0.39
2018,342,203476,Gorgui Dieng,MIN,1196.0,-1.0,-2.98,-2.74
2018,217,203530,Joffrey Lauvergne,SAS,447.0,-1.0,-1.81,-0.65
2018,394,2037,Jamal Crawford,MIN,1469.0,-2.18,-6.57,-7.42
2018,298,203498,Shabazz Muhammad,MIN,394.0,-2.11,-6.35,-1.92
2018,36,1626145,Tyus Jones,MIN,1304.0,0.61,4.42,4.43
2018,81,202722,Davis Bertans,SAS,928.0,1.24,2.32,1.72
2018,74,202357,Nemanja Bjelica,MIN,1273.0,-0.02,2.14,2.09
2018,178,2199,Tyson Chandler,PHO,1025.0,-1.35,-0.12,-0.1
2018,51,202339,Eric Bledsoe,MIL,2022.0,2.3,1.82,2.95
2018,352,203933,T.J. Warren,PHO,1905.0,-0.72,-1.92,-3.06
2018,257,1626164,Devin Booker,PHO,1657.0,0.74,-0.82,-1.14
2018,392,1628367,Josh Jackson,PHO,1717.0,-3.94,-4.81,-6.89
2018,396,202323,Evan Turner,POR,1826.0,-2.39,-6.19,-8.52
2018,39,202329,Al-Farouq Aminu,POR,1867.0,0.3,2.71,3.82
2018,1,203081,Damian Lillard,POR,2427.0,6.72,8.99,16.44
2018,279,203090,Maurice Harkless,POR,1170.0,1.13,-1.69,-1.49
2018,171,203994,Jusuf Nurkic,POR,1918.0,-0.07,-0.01,-0.01
2018,207,1626192,Pat Connaughton,POR,1300.0,-1.72,-0.54,-0.53
2018,358,1627755,Tyler Ulis,PHO,1500.0,-4.09,-2.54,-3.19
2018,79,203894,Shabazz Napier,POR,1368.0,0.53,1.81,1.87
2018,240,1627737,Marquese Chriss,PHO,1346.0,-2.62,-0.8,-0.9
2018,63,202334,Ed Davis,POR,1338.0,-0.64,2.39,2.41
2018,381,1627733,Dragan Bender,PHO,1867.0,-3.5,-3.14,-4.9
2018,380,203584,Troy Daniels,PHO,1444.0,-2.45,-3.93,-4.74
2018,156,1628455,Mike James,PHO,563.0,-1.37,0.37,0.17
2018,176,201588,George Hill,SAC,1671.0,-0.8,-0.07,-0.09
2018,129,1626161,Willie Cauley-Stein,SAC,1828.0,-0.17,0.35,0.49
2018,71,1627741,Buddy Hield,SAC,1783.0,0.84,1.59,2.13
2018,179,1627746,Skal Labissiere,SAC,1128.0,-2.5,-0.13,-0.11
2018,292,1628382,Justin Jackson,SAC,1361.0,-3.25,-1.73,-1.77
2018,300,202066,Garrett Temple,SAC,1420.0,-2.36,-1.81,-1.93
2018,144,2403,Nene,HOU,689.0,-1.0,0.51,0.28
2018,376,1628368,De'Aaron Fox,SAC,1808.0,-3.95,-3.09,-4.21
2018,323,201585,Kosta Koufos,SAC,1237.0,-0.46,-2.54,-2.37
2018,192,1713,Vince Carter,SAC,882.0,-1.17,-0.45,-0.3
2018,255,1627781,Malachi Richardson,SAC,267.0,-4.21,-5.5,-1.11
2018,23,200768,Kyle Lowry,TOR,2258.0,4.81,3.87,6.71
2018,64,201586,Serge Ibaka,TOR,1901.0,-0.17,1.63,2.38
2018,22,201942,DeMar DeRozan,TOR,2418.0,2.58,3.63,6.75
2018,267,202685,Jonas Valanciunas,TOR,1615.0,2.11,-1.02,-1.26
2018,370,1626181,Norman Powell,TOR,961.0,-2.64,-5.12,-3.78
2018,274,201577,Robin Lopez,CHI,1533.0,-2.09,-1.15,-1.4
2018,100,203200,Justin Holiday,CHI,2022.0,-1.84,0.67,1.07
2018,332,1626170,Jerian Grant,CHI,1498.0,-1.27,-2.14,-2.54
2018,348,1627835,Paul Zipser,CHI,764.0,-5.26,-4.74,-2.88
2018,169,1628374,Lauri Markkanen,CHI,1848.0,-0.26,0.02,0.03
2018,264,1627756,Denzel Valentine,CHI,1880.0,-1.0,-0.83,-1.24
2018,268,101139,CJ Miles,TOR,1202.0,0.16,-1.37,-1.27
2018,82,1626153,Delon Wright,TOR,1271.0,2.85,1.75,1.71
2018,94,1627751,Jakob Poeltl,TOR,1360.0,0.26,1.14,1.2
2018,41,1627832,Fred VanVleet,TOR,1363.0,2.06,3.56,3.73
2018,194,1628384,OG Anunoby,TOR,1390.0,-0.64,-0.29,-0.31
2018,385,1626245,Cristiano Felicio,CHI,917.0,-3.49,-7.37,-5.36
2018,226,1627853,Ryan Arcidiacono,CHI,267.0,-2.98,-3.41,-0.72
2018,277,1628021,David Nwaba,CHI,1482.0,-2.36,-1.24,-1.46
2018,316,2546,Carmelo Anthony,OKC,2249.0,-1.84,-1.24,-2.23
2018,10,201566,Russell Westbrook,OKC,2591.0,5.9,5.32,11.05
2018,77,202331,Paul George,OKC,2575.0,2.69,1.0,2.06
2018,115,203460,Andre Roberson,OKC,951.0,-0.22,0.97,0.74
2018,37,203500,Steven Adams,OKC,2253.0,0.97,2.4,4.35
2018,261,201196,Ramon Sessions,WAS,324.0,-2.51,-4.88,-1.21
2018,395,201584,Courtney Lee,NYK,2027.0,-0.35,-4.7,-7.65
2018,196,202683,Enes Freedom,NYK,1675.0,1.94,-0.26,-0.35
2018,55,203501,Tim Hardaway Jr.,NYK,1644.0,-0.63,2.02,2.67
2018,38,204001,Kristaps Porzingis,NYK,1311.0,1.51,3.87,4.08
2018,341,202498,Lance Thomas,NYK,1196.0,-3.4,-2.84,-2.73
2018,222,203518,Alex Abrines,OKC,1004.0,-1.44,-0.86,-0.69
2018,236,203924,Jerami Grant,OKC,1397.0,0.17,-0.78,-0.88
2018,244,203926,Doug McDermott,NYK,1536.0,-2.12,-0.75,-0.93
2018,158,1627758,Ron Baker,NYK,315.0,-0.59,0.52,0.13
2018,326,1628390,Terrance Ferguson,OKC,668.0,-2.88,-4.49,-2.41
2018,336,201563,Michael Beasley,NYK,1457.0,-0.27,-2.24,-2.62
2018,45,203124,Kyle O'Quinn,NYK,1200.0,2.64,3.6,3.47
2018,193,101109,Raymond Felton,OKC,1204.0,-0.64,-0.32,-0.31
2018,364,202335,Patrick Patterson,OKC,1110.0,-1.0,-3.91,-3.49
2018,273,1628373,Frank Ntilikina,NYK,1512.0,-4.64,-1.14,-1.39
2018,152,1626195,Willy Hernangomez,CHO,420.0,0.75,0.68,0.22
2018,218,1628422,Damyean Dotson,NYK,415.0,-1.95,-2.02,-0.67
2018,243,203962,Josh Huestis,OKC,871.0,-3.47,-1.32,-0.92
2018,180,201572,Brook Lopez,LAL,1614.0,0.74,-0.12,-0.13
2018,78,1626204,Larry Nance Jr.,LAL,1254.0,2.01,2.27,2.03
2018,327,1627742,Brandon Ingram,LAL,1780.0,-1.18,-1.91,-2.42
2018,105,1628366,Lonzo Ball,LAL,1594.0,-1.0,0.82,0.93
2018,159,201568,Danilo Gallinari,LAC,594.0,-0.6,0.24,0.11
2018,170,201599,DeAndre Jordan,LAC,2135.0,1.24,0.01,0.02
2018,34,201933,Blake Griffin,LAC,1722.0,3.05,3.34,4.58
2018,148,201976,Patrick Beverley,LAC,299.0,-0.0,1.12,0.27
2018,230,1628462,Milos Teodosic,LAC,1040.0,-1.61,-0.91,-0.75
2018,324,203085,Austin Rivers,LAC,1844.0,-1.18,-1.63,-2.38
2018,291,203903,Jordan Clarkson,LAL,1614.0,0.01,-1.53,-1.76
2018,27,101150,Lou Williams,LAC,2257.0,2.09,3.17,5.69
2018,163,203186,Willie Reed,LAC,402.0,0.28,0.17,0.05
2018,98,203944,Julius Randle,LAL,1953.0,0.49,0.81,1.13
2018,142,1628398,Kyle Kuzma,LAL,2093.0,-0.72,0.21,0.32
2018,200,202325,Wesley Johnson,LAC,1330.0,-0.73,-0.39,-0.41
2018,214,1627936,Alex Caruso,LAL,507.0,-2.47,-1.74,-0.63
2018,321,201147,Corey Brewer,LAL,1073.0,-1.27,-3.04,-2.32
2018,231,203898,Tyler Ennis,LAL,599.0,-1.88,-1.96,-0.84
2018,184,1626155,Sam Dekker,LAC,811.0,-2.6,-0.31,-0.2
2018,345,1628414,Sindarius Thornwell,LAC,1035.0,-2.22,-3.47,-2.86
2018,35,1626149,Montrezl Harrell,LAC,1158.0,2.81,4.91,4.52
2018,237,203948,Johnny O'Bryant III,CHO,337.0,-3.35,-3.42,-0.88
2018,333,1628416,Tyler Dorsey,ATL,865.0,-2.62,-4.0,-2.56
2018,328,203468,CJ McCollum,POR,2692.0,1.08,-1.2,-2.43
2018,149,2744,Al Jefferson,IND,422.0,1.21,0.8,0.26
2018,310,1628380,Zach Collins,POR,963.0,-3.86,-2.87,-2.08
2018,296,1626202,Joe Young,IND,510.0,-2.93,-4.56,-1.82
2018,228,1626147,Justin Anderson,PHI,435.0,-0.93,-2.06,-0.74
2018,160,1628379,Luke Kennard,DET,1276.0,-0.82,0.07,0.08
2018,146,1891,Jason Terry,MIL,738.0,-1.83,0.47,0.28
2018,205,1628425,Sterling Brown,MIL,678.0,-2.72,-0.91,-0.49
2018,216,1626209,Mario Hezonja,ORL,1491.0,-0.55,-0.57,-0.65
2018,130,203925,Joe Harris,BRK,1733.0,0.01,0.35,0.49
2018,289,201167,Arron Afflalo,ORL,601.0,-4.52,-3.85,-1.75
2018,124,201578,Marreese Speights,ORL,605.0,-1.08,1.28,0.59
2018,317,1628386,Jarrett Allen,BRK,1263.0,-0.82,-2.23,-2.27
2018,202,202714,Shelvin Mack,ORL,1204.0,-1.36,-0.52,-0.47
2018,369,2216,Zach Randolph,SAC,1365.0,-1.0,-3.56,-3.66
2018,89,1626257,Salah Mejri,DAL,609.0,0.36,3.11,1.49
2018,121,2738,Andre Iguodala,GSW,1419.0,-0.37,0.6,0.67
2018,140,201580,JaVale McGee,GSW,539.0,0.96,0.78,0.33
2018,219,203458,Alex Len,PHO,1256.0,0.16,-0.64,-0.68
2018,271,1626143,Jahlil Okafor,BRK,313.0,-1.49,-5.26,-1.33
2018,108,203512,Lucas Nogueira,TOR,370.0,3.41,3.05,0.87
2018,44,1627783,Pascal Siakam,TOR,1503.0,1.09,3.12,3.61
2018,224,203917,Nik Stauskas,BRK,468.0,-2.0,-1.9,-0.71
2018,206,101181,Jose Calderon,CLE,825.0,-1.76,-0.77,-0.53
2018,119,101112,Channing Frye,CLE,614.0,-0.62,1.32,0.68
2018,189,1626224,Cedi Osman,CLE,605.0,-2.52,-0.55,-0.28
2018,368,1628411,Wes Iwundu,ORL,946.0,-3.85,-5.06,-3.62
2018,109,1626246,Boban Marjanovic,LAC,304.0,1.33,3.55,0.86
2018,116,201229,Anthony Tolliver,DET,1539.0,0.73,0.59,0.73
2018,305,1627854,Bryn Forbes,SAS,1284.0,-2.88,-1.98,-2.04
2018,280,204028,Tarik Black,HOU,454.0,-2.2,-4.09,-1.5
2018,88,1628467,Maxi Kleber,DAL,1094.0,-0.56,1.74,1.5
2018,161,1627786,Troy Williams,NYK,269.0,-0.68,0.34,0.07
2018,294,1626188,Quinn Cook,GSW,666.0,-1.49,-3.44,-1.79
2018,360,202732,DeAndre Liggins,MIL,656.0,-2.21,-6.3,-3.3
2018,201,1628412,Frank Mason III,SAC,861.0,-2.11,-0.67,-0.44
2018,153,203960,JaKarr Sampson,SAC,313.0,-1.14,0.91,0.21
2018,143,203526,Raul Neto,UTA,440.0,-1.3,0.89,0.3
2018,259,1627819,Isaiah Taylor,ATL,1033.0,-3.97,-1.55,-1.18
2018,104,203484,Kentavious Caldwell-Pope,LAL,2208.0,0.22,0.64,1.0
2018,344,2749,Jameer Nelson,NOP,904.0,-2.96,-4.24,-2.85
2018,125,1628404,Josh Hart,LAL,1313.0,-0.19,0.61,0.58
2018,276,203464,Brandon Paul,SAS,481.0,-2.91,-3.77,-1.45
2018,48,203107,Tomas Satoransky,WAS,1495.0,1.0,2.84,3.24
2018,339,203992,Bogdan Bogdanovic,SAC,1949.0,-1.46,-1.83,-2.69
2018,135,201162,Jared Dudley,PHO,589.0,-2.2,0.83,0.41
2018,102,101127,Jarrett Jack,NYK,1343.0,-2.62,0.96,1.03
2018,54,1626220,Royce O'Neale,UTA,1010.0,-0.3,3.53,2.76
2018,203,201973,Jonas Jerebko,UTA,1010.0,-0.04,-0.6,-0.47
2018,361,203077,Michael Kidd-Gilchrist,CHO,1700.0,-2.01,-2.62,-3.4
2018,131,203477,Isaiah Canaan,PHO,367.0,-1.2,1.59,0.49
2018,287,203930,Sean Kilpatrick,CHI,558.0,-2.43,-3.91,-1.73
2018,195,203092,Tyler Zeller,BRK,1018.0,-1.21,-0.41,-0.33
2018,325,1627739,Kris Dunn,CHI,1386.0,-1.27,-2.18,-2.4
2018,191,1627738,Deyonta Davis,MEM,838.0,-1.42,-0.44,-0.28
2018,204,1628397,Ivan Rabb,MEM,445.0,-1.75,-1.38,-0.47
2018,137,203493,Reggie Bullock,DET,1514.0,0.55,0.31,0.37
2018,266,1628393,Jawun Evans,LAC,712.0,-4.3,-2.2,-1.25
2018,173,1627826,Ivica Zubac,LAL,356.0,-1.7,-0.17,-0.04
2018,275,203943,Noah Vonleh,POR,793.0,-1.24,-2.43,-1.45
2018,139,1626158,Richaun Holmes,PHI,601.0,0.68,0.68,0.34
2018,389,202693,Markieff Morris,WAS,1811.0,-1.28,-4.37,-6.03
2018,208,202694,Marcus Morris Sr.,BOS,1250.0,-0.2,-0.57,-0.54
2018,172,1628463,Tyler Cavanaugh,ATL,430.0,-1.67,-0.13,-0.04
2018,246,203487,Michael Carter-Williams,CHO,758.0,-1.42,-1.63,-0.95
2018,61,1626171,Bobby Portis,CHI,1437.0,0.63,2.13,2.43
2018,281,203710,C.J. Williams,LAC,648.0,-1.89,-2.94,-1.52
2018,377,203463,Ben McLemore,MEM,968.0,-3.51,-5.92,-4.39
2018,252,1627782,Wayne Selden,MEM,606.0,-2.68,-2.29,-1.06
2018,379,200765,Rajon Rondo,NOP,1532.0,-0.36,-4.12,-4.69
2018,235,201587,Nicolas Batum,CHO,1792.0,0.29,-0.64,-0.87
2018,215,1628469,Antonio Blakeney,CHI,272.0,-3.71,-2.96,-0.64
2018,187,203966,Jamil Wilson,LAC,252.0,-0.25,-1.26,-0.25
2018,299,203101,Miles Plumlee,ATL,834.0,-3.37,-3.11,-1.92
2018,355,2225,Tony Parker,SAS,949.0,-2.99,-4.07,-3.1
2018,335,1628470,Torrey Craig,DEN,558.0,-2.5,-5.92,-2.56
2018,356,1628424,Kobi Simmons,MEM,563.0,-5.66,-7.28,-3.14
2018,31,202703,Nikola Mirotic,NOP,1289.0,1.87,4.96,4.75
2018,147,1627863,Danuel House Jr.,PHO,359.0,-1.42,0.9,0.27
2018,110,203920,Khem Birch,ORL,503.0,-0.92,2.09,0.8
2018,233,1627858,Kyle Collinsworth,DAL,447.0,-2.2,-2.43,-0.86
2018,239,202779,Dwight Buycks,DET,383.0,-2.51,-2.88,-0.89
2018,254,101123,Gerald Green,HOU,831.0,0.1,-1.64,-1.1
2018,337,202738,Isaiah Thomas,LAL,765.0,-4.24,-4.91,-2.67
2018,312,1627820,Tyrone Wallace,LAC,769.0,-3.09,-3.49,-2.13
2018,286,203897,Zach LaVine,CHI,628.0,-2.05,-3.4,-1.69
2018,188,203504,Trey Burke,NYK,682.0,1.87,-0.5,-0.27
2018,151,1627988,Myke Henry,MEM,301.0,-1.2,1.05,0.24
2018,247,203953,Jabari Parker,MIL,634.0,-0.84,-1.87,-0.95
2018,190,2731,Emeka Okafor,NOP,331.0,-1.14,-1.15,-0.28
2018,162,203922,Glenn Robinson III,IND,287.0,-0.8,0.26,0.06
2018,174,1628436,Luke Kornet,NYK,293.0,-0.21,-0.2,-0.05
2018,164,1626166,Cameron Payne,CHI,537.0,-0.53,0.11,0.05
2018,122,1627885,Shaquille Harrison,PHO,332.0,-0.79,2.3,0.64
2018,175,203585,Rodney McGruder,MIA,256.0,-1.25,-0.29,-0.06
2018,272,1628681,Rodney Purvis,ORL,275.0,-5.66,-6.57,-1.37
2018,177,1627814,Damion Lee,ATL,376.0,-1.64,-0.34,-0.09
2019,25,201143,Al Horford,BOS,1737.0,4.62,5.0,5.88
2019,166,202330,Gordon Hayward,BOS,1629.0,0.65,-0.13,-0.15
2019,13,202681,Kyrie Irving,BOS,1938.0,6.61,6.32,8.29
2019,148,1627759,Jaylen Brown,BOS,1665.0,-2.01,0.06,0.06
2019,39,1628369,Jayson Tatum,BOS,2173.0,-0.25,2.52,3.7
2019,145,203496,Robert Covington,MIN,1112.0,1.28,0.25,0.18
2019,17,203954,Joel Embiid,PHI,1971.0,4.48,5.26,7.54
2019,373,203967,Dario Saric,MIN,1843.0,-1.54,-2.52,-2.99
2019,37,1627732,Ben Simmons,PHI,2487.0,3.34,2.3,4.16
2019,244,1628365,Markelle Fultz,PHI,387.0,-2.51,-3.14,-0.88
2019,255,101161,Amir Johnson,PHI,493.0,-2.0,-2.7,-0.97
2019,106,200755,JJ Redick,PHI,2151.0,0.12,0.61,0.95
2019,394,202694,Marcus Morris Sr.,BOS,1855.0,-0.91,-3.9,-4.9
2019,399,1626179,Terry Rozier,BOS,1571.0,-0.27,-5.34,-5.68
2019,300,204456,T.J. McConnell,PHI,1284.0,-0.91,-1.71,-1.6
2019,104,203935,Marcus Smart,BOS,1953.0,0.67,0.75,0.99
2019,128,203382,Aron Baynes,BOS,770.0,-1.42,1.03,0.54
2019,207,1629013,Landry Shamet,PHI,1634.0,-1.56,-0.42,-0.5
2019,89,1628464,Daniel Theis,BOS,800.0,-0.16,2.46,1.33
2019,247,1628400,Semi Ojeleye,BOS,533.0,-3.34,-2.5,-0.9
2019,212,1627788,Furkan Korkmaz,PHI,583.0,-1.64,-1.28,-0.54
2019,152,1628413,Jonah Bolden,PHI,583.0,-0.76,0.09,0.04
2019,129,202954,Brad Wanamaker,BOS,316.0,-0.8,2.52,0.54
2019,3,201142,Kevin Durant,GSW,2408.0,5.12,8.09,13.02
2019,10,201939,Stephen Curry,GSW,2072.0,6.09,6.84,9.47
2019,335,202691,Klay Thompson,GSW,2432.0,-0.34,-1.29,-2.1
2019,42,203110,Draymond Green,GSW,1896.0,1.22,2.76,3.49
2019,167,1627745,Damian Jones,GSW,372.0,0.5,-0.64,-0.16
2019,1,202331,Paul George,OKC,2498.0,6.74,9.98,17.08
2019,329,202335,Patrick Patterson,OKC,790.0,-2.26,-3.76,-2.04
2019,224,203471,Dennis Schroder,OKC,2051.0,-1.93,-0.44,-0.61
2019,46,203500,Steven Adams,OKC,2376.0,0.98,2.01,3.27
2019,385,1628390,Terrance Ferguson,OKC,1739.0,-3.58,-3.11,-3.71
2019,85,1626172,Kevon Looney,GSW,1290.0,0.34,1.71,1.47
2019,49,2738,Andre Iguodala,GSW,1380.0,1.53,3.34,3.08
2019,237,203518,Alex Abrines,OKC,518.0,-2.78,-2.22,-0.79
2019,286,203924,Jerami Grant,OKC,2320.0,0.13,-0.85,-1.35
2019,381,1626188,Quinn Cook,GSW,929.0,-1.95,-5.2,-3.23
2019,154,101109,Raymond Felton,OKC,327.0,-1.21,-0.14,-0.03
2019,124,203457,Nerlens Noel,OKC,963.0,1.68,0.94,0.62
2019,316,2733,Shaun Livingston,GSW,884.0,-1.0,-3.06,-1.81
2019,288,1628977,Hamidou Diallo,OKC,488.0,-3.45,-4.21,-1.4
2019,315,1628395,Jordan Bell,GSW,686.0,-0.92,-3.91,-1.79
2019,277,201973,Jonas Jerebko,GSW,1087.0,-0.74,-1.71,-1.24
2019,284,101107,Marvin Williams,CHO,1923.0,-0.35,-1.02,-1.33
2019,295,201587,Nicolas Batum,CHO,2084.0,-0.35,-1.06,-1.49
2019,11,202689,Kemba Walker,CHO,2536.0,3.91,5.13,8.78
2019,91,203087,Jeremy Lamb,CHO,2026.0,1.05,0.92,1.25
2019,108,203469,Cody Zeller,CHO,1143.0,-0.03,1.21,0.93
2019,44,201572,Brook Lopez,MIL,2126.0,1.99,2.23,3.34
2019,22,202339,Eric Bledsoe,MIL,2080.0,2.82,4.3,6.28
2019,83,203114,Khris Middleton,MIL,2180.0,0.68,0.99,1.52
2019,4,203507,Giannis Antetokounmpo,MIL,2140.0,9.65,8.17,12.29
2019,70,1627763,Malcolm Brogdon,MIL,1637.0,1.93,1.92,2.21
2019,261,203077,Michael Kidd-Gilchrist,CHO,1039.0,-2.22,-1.47,-1.03
2019,270,1626195,Willy Hernangomez,CHO,696.0,-0.26,-2.41,-1.13
2019,330,1628370,Malik Monk,CHO,1107.0,-2.76,-2.76,-2.06
2019,169,101141,Ersan Ilyasova,MIL,1054.0,-2.14,-0.23,-0.17
2019,163,1628978,Donte DiVincenzo,MIL,346.0,-1.84,-0.47,-0.11
2019,344,2225,Tony Parker,CHO,832.0,-2.36,-4.02,-2.26
2019,223,1628970,Miles Bridges,CHO,1502.0,-0.82,-0.6,-0.6
2019,331,203503,Tony Snell,MIL,1158.0,-1.0,-2.54,-2.06
2019,67,201933,Blake Griffin,DET,2375.0,4.74,1.59,2.3
2019,302,202704,Reggie Jackson,DET,2110.0,0.31,-1.27,-1.63
2019,21,203083,Andre Drummond,DET,2395.0,1.92,4.4,6.42
2019,193,1628379,Luke Kennard,DET,1288.0,-1.0,-0.51,-0.4
2019,184,1628971,Bruce Brown,DET,1347.0,-3.07,-0.37,-0.3
2019,190,201162,Jared Dudley,BRK,1101.0,-1.7,-0.52,-0.38
2019,187,203925,Joe Harris,BRK,2076.0,0.4,-0.23,-0.31
2019,34,1626156,D'Angelo Russell,BRK,2274.0,3.13,2.95,4.48
2019,196,1627747,Caris LeVert,BRK,937.0,0.03,-0.68,-0.43
2019,82,1628386,Jarrett Allen,BRK,1887.0,1.41,1.23,1.55
2019,222,204038,Langston Galloway,DET,1523.0,-1.46,-0.64,-0.59
2019,254,203922,Glenn Robinson III,DET,548.0,-2.57,-2.9,-0.97
2019,220,203915,Spencer Dinwiddie,BRK,1618.0,0.46,-0.54,-0.58
2019,199,1626203,Treveon Graham,BRK,671.0,-3.21,-0.99,-0.44
2019,68,202334,Ed Davis,BRK,1293.0,-0.1,2.62,2.26
2019,289,2585,Zaza Pachulia,DET,799.0,-1.17,-2.91,-1.41
2019,127,202397,Ish Smith,DET,1067.0,-1.88,0.85,0.55
2019,266,1629066,Rodions Kurucs,BRK,1188.0,-2.42,-1.34,-1.07
2019,77,201152,Thaddeus Young,IND,2301.0,1.35,1.1,1.74
2019,151,201954,Darren Collison,IND,1981.0,1.6,0.04,0.05
2019,92,202711,Bojan Bogdanovic,IND,2373.0,0.6,0.72,1.16
2019,118,203506,Victor Oladipo,IND,1045.0,2.41,1.06,0.76
2019,63,1626167,Myles Turner,IND,1951.0,2.25,1.86,2.48
2019,16,201144,Mike Conley,MEM,2102.0,4.32,5.0,7.7
2019,12,201188,Marc Gasol,MEM,2233.0,2.85,5.12,8.38
2019,173,202066,Garrett Temple,MEM,1839.0,-2.66,-0.15,-0.21
2019,250,202718,Chandler Parsons,MEM,446.0,-3.54,-2.79,-0.91
2019,367,203210,JaMychal Green,MEM,1221.0,-1.62,-3.16,-2.83
2019,153,203937,Kyle Anderson,MEM,1180.0,0.6,0.0,0.0
2019,303,1628991,Jaren Jackson Jr.,MEM,1372.0,-0.37,-1.64,-1.65
2019,50,1627734,Domantas Sabonis,IND,1636.0,2.76,2.75,3.08
2019,342,201936,Tyreke Evans,IND,1262.0,-2.52,-2.58,-2.23
2019,391,202714,Shelvin Mack,MEM,1073.0,-2.76,-5.49,-4.32
2019,234,1628415,Dillon Brooks,MEM,282.0,-4.46,-3.62,-0.75
2019,189,202709,Cory Joseph,IND,1848.0,-0.45,-0.28,-0.35
2019,157,1628388,T.J. Leaf,IND,473.0,-0.47,-0.23,-0.07
2019,149,203926,Doug McDermott,IND,1223.0,-1.36,0.08,0.06
2019,242,202705,MarShon Brooks,MEM,348.0,-2.4,-3.24,-0.83
2019,388,1627782,Wayne Selden,CHI,1256.0,-4.94,-4.93,-3.75
2019,170,203124,Kyle O'Quinn,IND,331.0,-0.04,-0.75,-0.17
2019,158,1628988,Aaron Holiday,IND,573.0,-1.48,-0.22,-0.09
2019,177,201571,D.J. Augustin,ORL,2113.0,0.4,-0.19,-0.25
2019,9,202696,Nikola Vucevic,ORL,2302.0,6.14,6.91,10.25
2019,397,203095,Evan Fournier,ORL,2395.0,-2.32,-3.24,-5.0
2019,38,203932,Aaron Gordon,ORL,2425.0,0.51,2.41,3.77
2019,341,1628371,Jonathan Isaac,ORL,1855.0,-0.44,-1.85,-2.21
2019,140,201609,Goran Dragic,MIA,879.0,-1.09,0.52,0.31
2019,40,202355,Hassan Whiteside,MIA,1511.0,2.0,3.57,3.68
2019,191,203585,Rodney McGruder,MIA,1388.0,-2.17,-0.41,-0.38
2019,95,1626196,Josh Richardson,MIA,2265.0,0.22,0.72,1.11
2019,226,1627884,Derrick Jones Jr.,MIA,1021.0,-0.56,-0.92,-0.64
2019,379,2548,Dwyane Wade,MIA,1622.0,0.46,-2.86,-3.17
2019,332,204020,Tyler Johnson,MIA,1341.0,-0.43,-2.28,-2.08
2019,185,203082,Terrence Ross,ORL,1901.0,0.67,-0.25,-0.31
2019,354,1628964,Mo Bamba,ORL,704.0,-1.33,-5.4,-2.45
2019,333,203613,Jonathon Simmons,ORL,956.0,-3.81,-3.4,-2.1
2019,312,1626170,Jerian Grant,ORL,835.0,-1.51,-3.26,-1.75
2019,90,203482,Kelly Olynyk,MIA,1618.0,0.56,1.15,1.27
2019,65,1628389,Bam Adebayo,MIA,1712.0,1.57,2.01,2.35
2019,320,202498,Lance Thomas,NYK,690.0,-4.86,-4.26,-1.94
2019,204,202683,Enes Freedom,NYK,1491.0,0.83,-0.49,-0.48
2019,347,203501,Tim Hardaway Jr.,NYK,1817.0,-1.94,-1.95,-2.34
2019,75,203504,Trey Burke,NYK,997.0,-0.05,2.89,1.9
2019,314,1628373,Frank Ntilikina,NYK,797.0,-5.21,-3.38,-1.78
2019,195,1713,Vince Carter,ATL,1149.0,-0.73,-0.55,-0.42
2019,390,203145,Kent Bazemore,ATL,1452.0,-2.18,-4.41,-4.23
2019,130,203458,Alex Len,ATL,1392.0,-1.18,0.58,0.53
2019,376,1627752,Taurean Prince,ATL,1417.0,-1.0,-3.24,-3.03
2019,395,1629027,Trae Young,ATL,2305.0,-0.62,-3.23,-4.91
2019,201,1627816,Alex Poythress,ATL,253.0,-2.57,-2.79,-0.47
2019,359,202391,Jeremy Lin,ATL,1244.0,-2.08,-3.17,-2.61
2019,290,1627761,DeAndre' Bembry,ATL,1642.0,-2.28,-1.33,-1.44
2019,403,1628995,Kevin Knox II,NYK,1939.0,-5.36,-9.69,-12.39
2019,57,1629011,Mitchell Robinson,NYK,1205.0,2.11,3.41,2.71
2019,97,203943,Noah Vonleh,NYK,1550.0,-0.73,1.07,1.09
2019,144,1628416,Tyler Dorsey,MEM,625.0,-3.01,0.4,0.18
2019,340,1626209,Mario Hezonja,NYK,1094.0,-3.46,-3.02,-2.18
2019,380,1629019,Allonzo Trier,NYK,1289.0,-2.88,-3.76,-3.2
2019,279,1629016,Omari Spellman,ATL,704.0,-1.16,-2.73,-1.27
2019,71,1628989,Kevin Huerter,ATL,1906.0,-1.0,1.73,2.18
2019,36,200768,Kyle Lowry,TOR,2027.0,2.07,3.28,4.24
2019,26,201980,Danny Green,TOR,2060.0,1.8,4.28,5.62
2019,101,202685,Jonas Valanciunas,TOR,983.0,2.1,1.6,1.0
2019,56,202695,Kawhi Leonard,TOR,1860.0,6.59,2.31,2.74
2019,14,1627783,Pascal Siakam,TOR,2369.0,2.2,5.32,8.04
2019,112,201567,Kevin Love,CLE,538.0,1.03,2.43,0.87
2019,81,201588,George Hill,MIL,1126.0,-1.36,1.99,1.58
2019,186,202684,Tristan Thompson,CLE,1108.0,-0.56,-0.42,-0.31
2019,278,203918,Rodney Hood,CLE,1743.0,-1.95,-1.08,-1.25
2019,401,1626224,Cedi Osman,CLE,2203.0,-3.06,-4.34,-6.34
2019,384,1628384,OG Anunoby,TOR,1185.0,-2.24,-4.8,-3.63
2019,134,2594,Kyle Korver,UTA,1169.0,-0.54,0.55,0.43
2019,102,1627790,Ante Zizic,CLE,984.0,-2.91,1.52,1.0
2019,236,201586,Serge Ibaka,TOR,1831.0,0.11,-0.66,-0.77
2019,100,1627832,Fred VanVleet,TOR,1584.0,0.37,1.01,1.02
2019,402,1629012,Collin Sexton,CLE,2320.0,-4.48,-5.75,-8.86
2019,291,1626181,Norman Powell,TOR,988.0,-0.74,-2.29,-1.44
2019,164,203903,Jordan Clarkson,CLE,1942.0,-0.54,-0.1,-0.12
2019,219,1626155,Sam Dekker,WAS,705.0,-1.63,-1.27,-0.58
2019,251,101139,CJ Miles,TOR,757.0,-2.58,-1.9,-0.92
2019,99,1628021,David Nwaba,CLE,872.0,-1.94,1.8,1.04
2019,27,101108,Chris Paul,HOU,1661.0,3.49,5.06,5.56
2019,392,200782,P.J. Tucker,HOU,2499.0,-0.62,-2.63,-4.35
2019,2,201935,James Harden,HOU,2552.0,10.33,9.39,15.87
2019,360,203516,James Ennis III,HOU,1150.0,-1.46,-3.45,-2.63
2019,48,203991,Clint Capela,HOU,1999.0,2.72,2.37,3.14
2019,6,201950,Jrue Holiday,NOP,2172.0,2.74,7.39,10.48
2019,94,202703,Nikola Mirotic,NOP,1125.0,1.23,1.53,1.13
2019,363,202734,E'Twaun Moore,NOP,1327.0,-2.17,-3.08,-2.67
2019,15,203076,Anthony Davis,NOP,1695.0,8.55,7.22,8.0
2019,307,203901,Elfrid Payton,NOP,1122.0,-1.35,-2.3,-1.69
2019,109,201569,Eric Gordon,HOU,1920.0,-1.28,0.72,0.92
2019,143,203487,Michael Carter-Williams,ORL,339.0,0.26,0.88,0.19
2019,232,203121,Darius Miller,NOP,1568.0,-2.73,-0.71,-0.73
2019,132,203944,Julius Randle,NOP,2008.0,1.33,0.34,0.45
2019,351,203524,Solomon Hill,NOP,768.0,-3.18,-4.79,-2.4
2019,253,101123,Gerald Green,HOU,1279.0,-1.63,-1.11,-0.94
2019,213,1629109,Gary Clark,HOU,574.0,-0.76,-1.44,-0.55
2019,211,1626143,Jahlil Okafor,NOP,844.0,-1.42,-0.99,-0.54
2019,183,1627767,Cheick Diallo,NOP,784.0,-0.92,-0.58,-0.3
2019,387,1628402,Frank Jackson,NOP,1022.0,-4.14,-5.61,-3.75
2019,218,1629026,Kenrich Williams,NOP,972.0,-1.78,-0.9,-0.57
2019,32,200746,LaMarcus Aldridge,SAS,2383.0,1.63,2.99,4.84
2019,96,200752,Rudy Gay,SAS,1628.0,1.2,1.0,1.1
2019,345,201942,DeMar DeRozan,SAS,2366.0,0.97,-1.41,-2.26
2019,79,1627751,Jakob Poeltl,SAS,1137.0,1.65,2.15,1.66
2019,386,1627854,Bryn Forbes,SAS,2047.0,-1.19,-2.67,-3.72
2019,119,201952,Jeff Teague,MIN,1153.0,-0.47,0.99,0.73
2019,248,201959,Taj Gibson,MIN,1552.0,-0.18,-0.91,-0.91
2019,24,202710,Jimmy Butler,PHI,2008.0,3.39,4.18,6.12
2019,265,203952,Andrew Wiggins,MIN,2311.0,-2.88,-0.72,-1.07
2019,18,1626157,Karl-Anthony Towns,MIN,2333.0,5.58,4.85,7.29
2019,268,2200,Pau Gasol,SAS,311.0,-3.5,-5.15,-1.09
2019,51,201988,Patty Mills,SAS,1595.0,-0.36,2.83,3.07
2019,378,201158,Marco Belinelli,SAS,1543.0,-1.64,-2.99,-3.14
2019,197,201565,Derrick Rose,MIN,1241.0,1.14,-0.54,-0.43
2019,203,203476,Gorgui Dieng,MIN,925.0,0.38,-0.81,-0.48
2019,86,1626145,Tyus Jones,MIN,1423.0,-0.64,1.56,1.43
2019,358,201967,Dante Cunningham,SAS,846.0,-0.66,-4.41,-2.53
2019,240,201229,Anthony Tolliver,MIN,958.0,-2.21,-1.3,-0.8
2019,41,202722,Davis Bertans,SAS,1437.0,1.08,3.6,3.51
2019,59,202357,Nemanja Bjelica,SAC,1651.0,0.74,2.4,2.65
2019,107,1626161,Willie Cauley-Stein,SAC,2034.0,1.05,0.69,0.94
2019,58,1627741,Buddy Hield,SAC,2355.0,1.91,1.7,2.69
2019,178,1627812,Yogi Ferrell,SAC,960.0,-1.0,-0.4,-0.26
2019,52,1628368,De'Aaron Fox,SAC,2259.0,1.34,1.95,2.95
2019,114,201937,Ricky Rubio,UTA,1690.0,-0.27,0.74,0.86
2019,62,202324,Derrick Favors,UTA,1642.0,2.94,2.23,2.49
2019,23,203497,Rudy Gobert,UTA,2273.0,5.0,3.98,6.17
2019,33,204060,Joe Ingles,UTA,2296.0,1.25,2.89,4.52
2019,45,1628378,Donovan Mitchell,UTA,2308.0,1.16,2.09,3.28
2019,171,1628382,Justin Jackson,SAC,1433.0,-1.54,-0.21,-0.2
2019,181,203109,Jae Crowder,UTA,1881.0,0.2,-0.22,-0.28
2019,383,202697,Iman Shumpert,SAC,1332.0,-1.82,-3.82,-3.41
2019,377,202692,Alec Burks,CLE,1238.0,-1.19,-3.8,-3.12
2019,269,1628963,Marvin Bagley III,SAC,1387.0,-1.0,-1.21,-1.13
2019,217,203957,Dante Exum,UTA,575.0,-1.87,-1.45,-0.57
2019,271,1628385,Harry Giles III,SAC,724.0,-2.66,-2.34,-1.14
2019,280,1628412,Frank Mason III,SAC,380.0,-2.51,-5.02,-1.28
2019,287,1626220,Royce O'Neale,UTA,1451.0,-0.55,-1.42,-1.4
2019,276,1627777,Georges Niang,UTA,424.0,-0.26,-4.29,-1.24
2019,283,101162,Marcin Gortat,LAC,714.0,-1.25,-2.83,-1.31
2019,30,201568,Danilo Gallinari,LAC,1815.0,3.9,4.51,5.29
2019,64,201976,Patrick Beverley,LAC,1864.0,0.76,1.97,2.37
2019,370,202340,Avery Bradley,LAC,1667.0,-3.5,-2.67,-2.88
2019,116,202699,Tobias Harris,LAC,2540.0,1.44,0.47,0.78
2019,19,200794,Paul Millsap,DEN,1737.0,1.49,6.06,7.03
2019,349,203115,Will Barton,DEN,1076.0,-1.7,-3.26,-2.34
2019,215,203914,Gary Harris,DEN,1463.0,-1.54,-0.57,-0.56
2019,7,203999,Nikola Jokic,DEN,2277.0,8.48,6.86,10.43
2019,131,1627750,Jamal Murray,DEN,2208.0,0.5,0.31,0.46
2019,78,1626149,Montrezl Harrell,LAC,1852.0,2.98,1.39,1.66
2019,72,101150,Lou Williams,LAC,1735.0,1.95,1.94,2.18
2019,389,1628983,Shai Gilgeous-Alexander,LAC,1964.0,-0.54,-3.09,-3.91
2019,273,1626168,Trey Lyles,DEN,977.0,-2.21,-1.84,-1.2
2019,74,1628420,Monte Morris,DEN,1729.0,1.3,1.68,1.94
2019,321,203118,Mike Scott,LAC,1210.0,-2.34,-2.49,-1.94
2019,47,203486,Mason Plumlee,DEN,1544.0,1.83,3.13,3.22
2019,327,1627823,Juancho Hernangomez,DEN,1221.0,-1.09,-2.46,-2.01
2019,296,1627736,Malik Beasley,DEN,1695.0,0.01,-1.35,-1.53
2019,115,1626246,Boban Marjanovic,LAC,613.0,2.37,2.15,0.85
2019,338,2772,Trevor Ariza,WAS,2134.0,-1.27,-1.53,-2.12
2019,235,201583,Ryan Anderson,PHO,291.0,-4.54,-3.87,-0.76
2019,301,203477,Isaiah Canaan,PHO,566.0,-3.44,-4.23,-1.63
2019,61,1626164,Devin Booker,PHO,2020.0,0.86,1.87,2.56
2019,76,1629028,Deandre Ayton,PHO,1980.0,0.12,1.33,1.79
2019,54,201599,DeAndre Jordan,DAL,1887.0,1.88,2.48,2.88
2019,355,202083,Wesley Matthews,DAL,1927.0,-1.75,-2.1,-2.49
2019,334,1627827,Dorian Finney-Smith,DAL,1787.0,-1.37,-1.91,-2.1
2019,364,1628372,Dennis Smith Jr.,DAL,1400.0,-1.83,-3.15,-2.72
2019,69,1629029,Luka Doncic,DAL,2113.0,3.58,1.71,2.23
2019,175,203933,T.J. Warren,PHO,1223.0,-0.29,-0.27,-0.22
2019,398,1628367,Josh Jackson,PHO,1800.0,-4.32,-4.4,-5.38
2019,361,2734,Devin Harris,DAL,986.0,-2.04,-4.35,-2.65
2019,246,2199,Tyson Chandler,LAL,784.0,-1.92,-1.6,-0.9
2019,155,200826,J.J. Barea,DAL,668.0,-0.67,-0.09,-0.04
2019,346,1629059,Elie Okobo,PHO,858.0,-5.0,-3.9,-2.27
2019,84,1628467,Maxi Kleber,DAL,1296.0,0.25,1.85,1.48
2019,139,1629151,Ryan Broekhoff,DAL,386.0,-1.0,1.32,0.32
2019,43,203939,Dwight Powell,DAL,1503.0,2.55,3.71,3.44
2019,292,1628973,Jalen Brunson,DAL,1388.0,-1.63,-1.69,-1.45
2019,256,203584,Troy Daniels,PHO,674.0,-3.21,-2.17,-0.99
2019,396,203200,Justin Holiday,CHI,2368.0,-1.76,-3.46,-4.97
2019,200,203897,Zach LaVine,CHI,1964.0,0.67,-0.38,-0.45
2019,308,1626166,Cameron Payne,CHI,649.0,-2.64,-4.32,-1.7
2019,165,1626171,Bobby Portis,WAS,1198.0,-2.26,-0.17,-0.14
2019,274,1628976,Wendell Carter Jr.,CHI,1035.0,-1.52,-1.94,-1.22
2019,350,1628469,Antonio Blakeney,CHI,754.0,-4.5,-5.19,-2.37
2019,159,201577,Robin Lopez,CHI,1430.0,-1.81,-0.11,-0.1
2019,172,1627853,Ryan Arcidiacono,CHI,1759.0,-1.83,-0.19,-0.2
2019,180,203953,Jabari Parker,CHI,1559.0,-1.46,-0.28,-0.27
2019,264,1628990,Chandler Hutchison,CHI,812.0,-3.45,-2.12,-1.05
2019,210,101133,Ian Mahinmi,WAS,445.0,-2.5,-1.89,-0.54
2019,275,202322,John Wall,WAS,1006.0,0.65,-1.88,-1.22
2019,356,202693,Markieff Morris,WAS,1183.0,-2.52,-3.26,-2.49
2019,29,203078,Bradley Beal,WAS,2747.0,2.7,2.99,5.31
2019,55,203490,Otto Porter Jr.,WAS,1543.0,0.72,2.76,2.76
2019,322,1626162,Kelly Oubre Jr.,PHO,1712.0,-1.21,-1.67,-1.94
2019,192,201145,Jeff Green,WAS,1893.0,-1.37,-0.32,-0.39
2019,160,203085,Austin Rivers,HOU,1766.0,-4.04,-0.08,-0.1
2019,318,203107,Tomas Satoransky,WAS,1974.0,-0.72,-1.45,-1.85
2019,182,203895,Jordan McRae,WAS,281.0,-1.46,-1.56,-0.28
2019,98,202329,Al-Farouq Aminu,POR,2107.0,0.59,0.72,1.04
2019,5,203081,Damian Lillard,POR,2579.0,5.99,6.15,10.84
2019,60,203468,CJ McCollum,POR,2180.0,0.87,1.74,2.59
2019,28,203994,Jusuf Nurkic,POR,1824.0,3.34,4.42,5.51
2019,243,1627774,Jake Layman,POR,1215.0,-0.55,-1.05,-0.88
2019,8,2544,LeBron James,LAL,1737.0,7.28,8.27,10.35
2019,366,200765,Rajon Rondo,LAL,1195.0,-1.44,-3.2,-2.75
2019,339,201580,JaVale McGee,LAL,1526.0,1.19,-1.98,-2.18
2019,113,203484,Kentavious Caldwell-Pope,LAL,1793.0,-0.54,0.67,0.86
2019,168,1627742,Brandon Ingram,LAL,1571.0,-1.91,-0.14,-0.16
2019,117,203090,Maurice Harkless,POR,1329.0,0.53,0.85,0.77
2019,382,1628398,Kyle Kuzma,LAL,2025.0,-1.37,-2.33,-3.39
2019,294,202323,Evan Turner,POR,1439.0,-1.27,-1.48,-1.46
2019,298,1628380,Zach Collins,POR,1210.0,-1.18,-1.92,-1.59
2019,111,1628404,Josh Hart,LAL,1471.0,-1.27,0.83,0.88
2019,205,203086,Meyers Leonard,POR,794.0,1.35,-0.89,-0.48
2019,136,203552,Seth Curry,POR,1253.0,-1.0,0.42,0.36
2019,324,1628366,Lonzo Ball,LAL,1279.0,-0.37,-2.14,-1.97
2019,393,203917,Nik Stauskas,POR,918.0,-1.78,-7.38,-4.63
2019,311,202362,Lance Stephenson,LAL,959.0,-1.43,-2.49,-1.72
2019,281,1628411,Wes Iwundu,ORL,1090.0,-2.93,-1.86,-1.31
2019,162,1626185,Jarell Martin,ORL,303.0,-2.94,-0.54,-0.11
2019,105,203920,Khem Birch,ORL,578.0,0.75,2.57,0.95
2019,260,1628515,Isaiah Briscoe,ORL,493.0,-4.07,-3.17,-1.01
2019,146,1626163,Frank Kaminsky,CHO,646.0,0.05,0.32,0.14
2019,263,1628407,Dwayne Bacon,CHO,644.0,-3.19,-2.39,-1.04
2019,305,202687,Bismack Biyombo,CHO,736.0,-2.25,-3.39,-1.68
2019,282,203459,Allen Crabbe,BRK,993.0,-2.56,-1.97,-1.31
2019,138,201956,Omri Casspi,MEM,457.0,0.05,0.96,0.32
2019,371,203546,Ian Clark,NOP,863.0,-4.49,-5.26,-2.96
2019,259,203521,Matthew Dellavedova,CLE,715.0,-3.83,-2.1,-1.0
2019,206,1626192,Pat Connaughton,MIL,1074.0,0.93,-0.64,-0.49
2019,368,1628425,Sterling Brown,MIL,901.0,-1.43,-4.51,-2.85
2019,357,1628035,Alfonzo McKinnie,GSW,874.0,-3.13,-4.28,-2.5
2019,137,202327,Ekpe Udoh,UTA,259.0,2.61,1.84,0.33
2019,156,202702,Kenneth Faried,HOU,661.0,-0.38,-0.1,-0.05
2019,227,1628422,Damyean Dotson,NYK,1807.0,-2.48,-0.57,-0.68
2019,309,203493,Reggie Bullock,DET,1710.0,-1.07,-1.63,-1.7
2019,348,1626169,Stanley Johnson,DET,1081.0,-2.05,-3.55,-2.34
2019,362,101181,Jose Calderon,DET,573.0,-3.3,-7.6,-2.65
2019,194,1629006,Josh Okogie,MIN,1638.0,-2.92,-0.39,-0.41
2019,400,2037,Jamal Crawford,PHO,1050.0,-3.54,-8.12,-5.78
2019,252,1628969,Mikal Bridges,PHO,2149.0,-1.56,-0.63,-0.92
2019,123,1626158,Richaun Holmes,PHO,1049.0,0.4,0.97,0.69
2019,319,1628470,Torrey Craig,DEN,1364.0,-1.81,-2.08,-1.89
2019,304,1627733,Dragan Bender,PHO,765.0,-3.59,-3.19,-1.65
2019,88,1626204,Larry Nance Jr.,CLE,1622.0,2.11,1.24,1.34
2019,20,201566,Russell Westbrook,OKC,2377.0,4.83,4.26,6.93
2019,285,202328,Greg Monroe,TOR,426.0,-2.65,-4.93,-1.34
2019,328,1628984,Devonte' Graham,CHO,615.0,-3.41,-4.9,-2.03
2019,365,1627739,Kris Dunn,CHI,1296.0,-2.52,-3.49,-2.74
2019,336,1628960,Grayson Allen,UTA,359.0,-4.74,-8.62,-2.11
2019,375,1629001,De'Anthony Melton,PHO,933.0,-2.46,-4.79,-3.03
2019,214,1627814,Damion Lee,GSW,319.0,-1.82,-2.56,-0.55
2019,258,1629004,Svi Mykhailiuk,LAL,394.0,-3.89,-3.5,-0.99
2019,126,1627826,Ivica Zubac,LAC,916.0,-0.55,0.98,0.58
2019,142,1629140,Johnathan Williams,LAL,326.0,-2.51,1.08,0.25
2019,174,203488,Mike Muscala,PHI,1178.0,-1.22,-0.26,-0.22
2019,249,1627820,Tyrone Wallace,LAC,544.0,-5.23,-2.59,-0.91
2019,103,203473,Dewayne Dedmon,ATL,1489.0,0.36,1.01,0.99
2019,133,1626178,Rondae Hollis-Jefferson,BRK,1067.0,-2.4,0.61,0.44
2019,135,203894,Shabazz Napier,BRK,841.0,1.12,0.7,0.39
2019,80,1628436,Luke Kornet,NYK,726.0,1.49,3.43,1.64
2019,53,1626153,Delon Wright,TOR,1504.0,1.26,3.04,2.92
2019,313,1626245,Cristiano Felicio,CHI,686.0,-3.54,-4.23,-1.76
2019,231,1628418,Thomas Bryant,WAS,1392.0,1.71,-0.8,-0.72
2019,161,1628972,Troy Brown Jr.,WAS,663.0,-2.39,-0.24,-0.1
2019,267,101112,Channing Frye,CLE,296.0,-2.66,-5.52,-1.08
2019,353,1627885,Shaquille Harrison,CHI,1255.0,-1.27,-3.17,-2.41
2019,238,203084,Harrison Barnes,DAL,2290.0,-1.37,-0.56,-0.79
2019,221,1629010,Jerome Robinson,LAC,275.0,-3.39,-3.32,-0.59
2019,110,2736,Luol Deng,MIN,338.0,-0.31,4.07,0.89
2019,310,1627748,Thon Maker,DET,884.0,-1.0,-3.17,-1.71
2019,198,1628966,Keita Bates-Diop,MIN,439.0,-2.79,-1.55,-0.44
2019,326,202325,Wesley Johnson,NOP,481.0,-3.9,-6.39,-2.01
2019,233,1627786,Troy Williams,SAC,275.0,-1.91,-3.95,-0.73
2019,228,202720,Jon Leuer,DET,355.0,-2.05,-3.14,-0.68
2019,337,204025,Tim Frazier,NOP,1010.0,-1.67,-3.2,-2.11
2019,31,1626159,Justise Winslow,MIA,1737.0,-0.63,4.14,4.9
2019,216,1628397,Ivan Rabb,MEM,624.0,-1.32,-1.22,-0.56
2019,374,1627846,Abdel Nader,OKC,621.0,-2.77,-7.04,-3.0
2019,343,1627789,Timothe Luwawu-Cabarrot,CHI,590.0,-4.32,-6.3,-2.25
2019,239,1629121,Jaylen Adams,ATL,364.0,-3.34,-3.3,-0.79
2019,176,201585,Kosta Koufos,SAC,423.0,-2.77,-0.87,-0.25
2019,352,1627737,Marquese Chriss,CLE,451.0,-5.9,-8.03,-2.4
2019,257,1626144,Emmanuel Mudiay,NYK,1425.0,-1.9,-1.06,-0.99
2019,306,201163,Wilson Chandler,PHI,1072.0,-2.37,-2.16,-1.68
2019,317,201961,Wayne Ellington,DET,1190.0,-0.1,-2.54,-1.84
2019,120,200757,Thabo Sefolosha,UTA,514.0,-1.0,2.0,0.7
2019,179,1626257,Salah Mejri,DAL,350.0,0.26,-1.22,-0.26
2019,66,1628401,Derrick White,SAS,1566.0,0.73,2.17,2.31
2019,325,203992,Bogdan Bogdanovic,SAC,1722.0,-0.63,-1.72,-1.98
2019,272,201960,DeMarre Carroll,BRK,1501.0,-1.45,-1.15,-1.15
2019,208,1628414,Sindarius Thornwell,LAC,260.0,-3.35,-3.01,-0.51
2019,35,1628381,John Collins,ATL,1674.0,0.74,4.0,4.43
2019,293,1629021,Moritz Wagner,LAL,392.0,-3.39,-5.16,-1.46
2019,297,201949,James Johnson,MIA,1046.0,-1.17,-2.18,-1.55
2019,93,203526,Raul Neto,UTA,422.0,-0.48,4.02,1.16
2019,230,1626147,Justin Anderson,ATL,422.0,-2.25,-2.53,-0.71
2019,87,1627863,Danuel House Jr.,HOU,853.0,-0.57,2.47,1.4
2019,73,1628374,Lauri Markkanen,CHI,1537.0,-0.27,2.21,2.06
2019,141,2403,Nene,HOU,463.0,-1.91,0.96,0.29
2019,202,201584,Courtney Lee,DAL,395.0,-2.11,-1.93,-0.47
2019,209,1628417,Jaron Blossomgame,CLE,384.0,-3.01,-2.08,-0.53
2019,121,201149,Joakim Noah,MEM,625.0,1.5,1.52,0.69
2019,245,1628391,D.J. Wilson,MIL,755.0,-2.0,-1.7,-0.9
2019,372,202688,Brandon Knight,CLE,691.0,-4.63,-6.47,-2.97
2019,323,1717,Dirk Nowitzki,DAL,726.0,-3.4,-4.39,-1.97
2019,229,1628975,Jevon Carter,MEM,528.0,-3.34,-1.81,-0.7
2019,299,1626184,Chasson Randle,WAS,661.0,-3.45,-3.72,-1.59
2019,369,201573,Jerryd Bayless,MIN,584.0,-3.86,-7.58,-2.85
2019,122,1627936,Alex Caruso,LAL,469.0,-0.39,2.05,0.69
2019,241,1627775,Patrick McCaw,TOR,350.0,-2.38,-3.65,-0.81
2019,262,203079,Dion Waiters,MIA,1014.0,-1.09,-1.5,-1.04
2019,188,201147,Corey Brewer,SAC,464.0,-1.23,-1.09,-0.34
2019,150,202326,DeMarcus Cousins,GSW,737.0,2.32,0.1,0.05
2019,125,203998,Bruno Caboclo,MEM,719.0,-1.0,1.16,0.61
2019,147,1628443,Kadeem Allen,NYK,376.0,0.07,0.36,0.09
2019,225,203098,John Jenkins,NYK,301.0,-2.62,-3.18,-0.63
2020,31,200768,Kyle Lowry,TOR,1910.0,2.89,2.87,4.11
2020,40,201188,Marc Gasol,TOR,1087.0,1.28,3.79,3.09
2020,14,1627783,Pascal Siakam,TOR,1936.0,1.6,4.25,6.17
2020,140,1627832,Fred VanVleet,TOR,1748.0,2.41,0.23,0.3
2020,81,1628384,OG Anunoby,TOR,1917.0,1.04,1.14,1.64
2020,181,200755,JJ Redick,NOP,1412.0,0.54,-0.3,-0.31
2020,18,201950,Jrue Holiday,NOP,1945.0,1.6,3.64,5.17
2020,48,202324,Derrick Favors,NOP,1147.0,0.77,3.42,2.87
2020,108,1627742,Brandon Ingram,NOP,1930.0,1.88,0.76,1.07
2020,143,1628366,Lonzo Ball,NOP,1855.0,0.48,0.18,0.24
2020,199,201586,Serge Ibaka,TOR,1316.0,-0.01,-0.52,-0.52
2020,219,1626181,Norman Powell,TOR,1327.0,1.7,-0.65,-0.64
2020,137,202734,E'Twaun Moore,NOP,947.0,-2.47,0.52,0.36
2020,206,1626143,Jahlil Okafor,NOP,434.0,-0.41,-1.73,-0.55
2020,189,1628404,Josh Hart,NOP,1538.0,-0.73,-0.37,-0.41
2020,263,1629026,Kenrich Williams,NOP,769.0,-2.17,-1.86,-1.05
2020,286,1629638,Nickeil Alexander-Walker,NOP,548.0,-3.83,-3.3,-1.33
2020,293,1628402,Frank Jackson,NOP,714.0,-4.72,-2.63,-1.37
2020,300,1629740,Nicolo Melli,NOP,955.0,-1.26,-2.13,-1.49
2020,95,1629056,Terence Davis,TOR,1034.0,0.57,1.6,1.24
2020,67,201976,Patrick Beverley,LAC,1251.0,1.86,1.99,1.99
2020,156,202335,Patrick Patterson,LAC,670.0,0.06,0.08,0.04
2020,3,202695,Kawhi Leonard,LAC,1706.0,8.1,9.7,13.22
2020,54,1627826,Ivica Zubac,LAC,1267.0,2.4,2.43,2.46
2020,379,1629013,Landry Shamet,LAC,1290.0,-1.99,-4.27,-4.4
2020,5,2544,LeBron James,LAL,2134.0,7.78,7.17,11.68
2020,146,201580,JaVale McGee,LAL,1093.0,1.2,0.2,0.17
2020,103,201980,Danny Green,LAL,1535.0,0.37,0.99,1.16
2020,239,202340,Avery Bradley,LAL,1087.0,-2.32,-1.05,-0.87
2020,13,203076,Anthony Davis,LAL,1903.0,7.34,4.31,6.28
2020,283,101150,Lou Williams,LAC,1645.0,0.56,-0.94,-1.24
2020,30,1626149,Montrezl Harrell,LAC,1532.0,2.55,3.37,4.13
2020,167,203210,JaMychal Green,LAC,1135.0,-0.56,-0.12,-0.11
2020,349,203090,Maurice Harkless,LAC,1346.0,-0.73,-2.57,-2.77
2020,185,2730,Dwight Howard,LAL,1143.0,0.06,-0.38,-0.34
2020,272,203484,Kentavious Caldwell-Pope,LAL,1557.0,-0.82,-0.93,-1.11
2020,242,1626188,Quinn Cook,LAL,433.0,-3.08,-2.74,-0.91
2020,152,201162,Jared Dudley,LAL,332.0,-0.79,0.34,0.09
2020,221,203584,Troy Daniels,LAL,436.0,-2.42,-2.01,-0.67
2020,317,203469,Cody Zeller,CHO,1193.0,-0.64,-1.85,-1.8
2020,374,1626179,Terry Rozier,CHO,1919.0,-0.44,-2.3,-3.61
2020,359,1628407,Dwayne Bacon,CHO,624.0,-5.68,-5.87,-2.99
2020,385,1628970,Miles Bridges,CHO,1778.0,-2.38,-3.87,-5.63
2020,246,1629023,P.J. Washington,CHO,1551.0,-1.55,-0.73,-0.93
2020,115,203107,Tomas Satoransky,CHI,1716.0,-1.18,0.56,0.8
2020,139,203490,Otto Porter Jr.,CHI,311.0,0.35,1.25,0.32
2020,125,203897,Zach LaVine,CHI,1871.0,2.24,0.37,0.58
2020,280,1628374,Lauri Markkanen,CHI,1343.0,-0.64,-1.09,-1.22
2020,213,1628976,Wendell Carter Jr.,CHI,1142.0,-2.24,-0.64,-0.61
2020,231,1628436,Luke Kornet,CHI,514.0,-1.15,-1.93,-0.82
2020,59,1628984,Devonte' Graham,CHO,1952.0,0.39,1.35,2.15
2020,357,1629632,Coby White,CHI,1455.0,-2.72,-2.47,-2.99
2020,200,101107,Marvin Williams,CHO,979.0,-0.69,-0.66,-0.53
2020,169,201587,Nicolas Batum,CHO,432.0,-1.67,-0.37,-0.13
2020,346,201152,Thaddeus Young,CHI,1402.0,-1.18,-2.33,-2.71
2020,78,1627739,Kris Dunn,CHI,1128.0,-0.65,1.83,1.72
2020,203,1627853,Ryan Arcidiacono,CHI,806.0,-2.52,-0.81,-0.54
2020,382,1628370,Malik Monk,CHO,1015.0,-2.13,-6.01,-4.99
2020,344,203087,Jeremy Lamb,IND,1140.0,-0.47,-3.12,-2.65
2020,16,203933,T.J. Warren,IND,1984.0,0.95,3.74,5.54
2020,121,1626167,Myles Turner,IND,1637.0,0.01,0.52,0.63
2020,34,1627734,Domantas Sabonis,IND,1982.0,2.9,2.67,3.95
2020,107,1627763,Malcolm Brogdon,IND,1471.0,1.54,1.0,1.09
2020,347,202693,Markieff Morris,DET,1056.0,-1.87,-3.24,-2.72
2020,100,202704,Reggie Jackson,DET,665.0,-0.51,2.27,1.2
2020,157,203083,Andre Drummond,DET,1692.0,0.75,0.02,0.03
2020,320,203503,Tony Snell,DET,1529.0,-1.73,-1.55,-1.89
2020,329,1628971,Bruce Brown,DET,1491.0,-1.18,-1.83,-2.17
2020,225,1628410,Edmond Sumner,IND,385.0,-2.37,-2.6,-0.75
2020,226,1628379,Luke Kennard,DET,843.0,-0.41,-1.13,-0.76
2020,86,201565,Derrick Rose,DET,1156.0,1.83,1.64,1.51
2020,334,1627748,Thon Maker,DET,710.0,-1.33,-4.28,-2.42
2020,178,203200,Justin Holiday,IND,1587.0,1.1,-0.2,-0.24
2020,264,204038,Langston Galloway,DET,1503.0,-0.82,-0.88,-1.05
2020,61,1626174,Christian Wood,DET,1190.0,-1.0,2.21,2.1
2020,151,203926,Doug McDermott,IND,1192.0,-0.11,0.1,0.09
2020,96,1628988,Aaron Holiday,IND,1448.0,-1.54,1.14,1.24
2020,195,204456,T.J. McConnell,IND,1159.0,0.33,-0.56,-0.48
2020,251,204025,Tim Frazier,DET,318.0,-3.44,-3.8,-0.96
2020,175,201571,D.J. Augustin,ORL,1232.0,-1.53,-0.24,-0.22
2020,17,202696,Nikola Vucevic,ORL,1809.0,3.8,4.08,5.53
2020,173,203095,Evan Fournier,ORL,1902.0,0.85,-0.14,-0.21
2020,299,203932,Aaron Gordon,ORL,1844.0,-0.08,-1.06,-1.46
2020,74,1628371,Jonathan Isaac,ORL,896.0,1.83,2.64,1.77
2020,69,201567,Kevin Love,CLE,1620.0,1.75,1.4,1.91
2020,278,202684,Tristan Thompson,CLE,1570.0,-1.46,-0.91,-1.2
2020,384,1626224,Cedi Osman,CLE,1732.0,-2.47,-3.52,-5.14
2020,377,1629012,Collin Sexton,CLE,1945.0,-1.74,-2.3,-3.78
2020,361,1629636,Darius Garland,CLE,1668.0,-5.13,-2.19,-3.08
2020,292,1628365,Markelle Fultz,ORL,1817.0,-1.74,-1.01,-1.37
2020,271,202329,Al-Farouq Aminu,ORL,326.0,-2.37,-4.53,-1.11
2020,145,1626204,Larry Nance Jr.,CLE,1302.0,-1.0,0.19,0.21
2020,373,203082,Terrence Ross,ORL,1643.0,-0.45,-2.91,-3.58
2020,88,1628964,Mo Bamba,ORL,776.0,0.17,2.58,1.5
2020,190,203521,Matthew Dellavedova,CLE,708.0,-4.47,-0.7,-0.42
2020,60,203903,Jordan Clarkson,UTA,1481.0,0.89,1.98,2.11
2020,387,1629645,Kevin Porter Jr.,CLE,1024.0,-3.44,-7.38,-6.38
2020,149,203487,Michael Carter-Williams,ORL,749.0,-0.08,0.22,0.12
2020,97,202681,Kyrie Irving,BRK,604.0,5.97,2.72,1.22
2020,153,203925,Joe Harris,BRK,1933.0,-0.26,0.06,0.08
2020,229,1627747,Caris LeVert,BRK,1222.0,-0.38,-0.86,-0.79
2020,369,1627752,Taurean Prince,BRK,1683.0,-2.74,-2.65,-3.32
2020,25,1628386,Jarrett Allen,BRK,1701.0,2.03,3.74,4.73
2020,348,201952,Jeff Teague,MIN,1301.0,-1.46,-2.92,-2.75
2020,116,203496,Robert Covington,MIN,1876.0,-0.04,0.58,0.79
2020,114,203952,Andrew Wiggins,MIN,1663.0,-0.37,0.67,0.81
2020,28,1626157,Karl-Anthony Towns,MIN,1052.0,6.7,5.48,4.19
2020,366,1626203,Treveon Graham,MIN,808.0,-4.87,-5.39,-3.16
2020,197,203943,Noah Vonleh,MIN,329.0,-0.99,-2.15,-0.51
2020,127,201599,DeAndre Jordan,BRK,1092.0,2.52,0.7,0.57
2020,257,202066,Garrett Temple,BRK,1566.0,-1.09,-0.85,-1.0
2020,268,203894,Shabazz Napier,MIN,1184.0,-1.08,-1.24,-1.07
2020,159,1627774,Jake Layman,MIN,436.0,-3.01,-0.11,-0.03
2020,333,1629006,Josh Okogie,MIN,1370.0,-2.26,-2.44,-2.42
2020,350,1629633,Jarrett Culver,MIN,1360.0,-3.7,-2.84,-2.8
2020,101,203915,Spencer Dinwiddie,BRK,1789.0,1.58,0.89,1.19
2020,227,1629066,Rodions Kurucs,BRK,614.0,-2.45,-1.7,-0.78
2020,141,203086,Meyers Leonard,MIA,953.0,-0.91,0.38,0.28
2020,160,1626159,Justise Winslow,MIA,328.0,-2.78,-0.14,-0.04
2020,23,1628389,Bam Adebayo,MIA,2181.0,3.12,2.79,4.75
2020,388,1629134,Kendrick Nunn,MIA,1745.0,-2.2,-4.72,-6.44
2020,328,1629639,Tyler Herro,MIA,1323.0,-1.54,-2.08,-2.15
2020,21,202685,Jonas Valanciunas,MEM,1724.0,2.13,3.95,4.98
2020,325,203109,Jae Crowder,MEM,1674.0,-0.18,-1.69,-2.06
2020,327,1628415,Dillon Brooks,MEM,1955.0,-3.88,-1.49,-2.14
2020,155,1628991,Jaren Jackson Jr.,MEM,1492.0,0.27,0.05,0.06
2020,43,1629630,Ja Morant,MEM,1914.0,0.21,2.16,3.02
2020,176,201609,Goran Dragic,MIA,1469.0,-0.18,-0.21,-0.24
2020,46,1629634,Brandon Clarke,MEM,1108.0,2.61,3.61,2.92
2020,245,1627884,Derrick Jones Jr.,MIA,1198.0,0.51,-0.98,-0.92
2020,216,1626145,Tyus Jones,MEM,1064.0,-1.0,-0.81,-0.63
2020,236,1629741,Marko Guduric,MEM,416.0,-2.76,-2.8,-0.85
2020,311,203482,Kelly Olynyk,MIA,1150.0,0.77,-1.79,-1.61
2020,322,1628960,Grayson Allen,MEM,623.0,-1.0,-4.41,-2.01
2020,305,203937,Kyle Anderson,MEM,1219.0,0.34,-1.72,-1.53
2020,8,1629130,Duncan Robinson,MIA,1981.0,0.39,4.84,7.49
2020,265,1629735,Chris Silva,MIA,292.0,-1.86,-4.61,-1.05
2020,56,1629001,De'Anthony Melton,MEM,1000.0,-1.0,3.16,2.31
2020,44,201143,Al Horford,PHI,1835.0,1.96,2.24,3.0
2020,24,202699,Tobias Harris,PHI,2241.0,0.69,2.89,4.74
2020,49,203954,Joel Embiid,PHI,1378.0,4.14,2.84,2.86
2020,355,1626196,Josh Richardson,PHI,1524.0,-1.73,-2.55,-2.84
2020,87,1627732,Ben Simmons,PHI,1825.0,3.25,1.13,1.51
2020,27,202330,Gordon Hayward,BOS,1573.0,2.38,3.77,4.42
2020,68,202683,Enes Freedom,BOS,891.0,1.14,2.9,1.93
2020,50,202689,Kemba Walker,BOS,1573.0,4.11,2.42,2.83
2020,132,1627759,Jaylen Brown,BOS,1724.0,0.66,0.34,0.44
2020,10,1628369,Jayson Tatum,BOS,2079.0,3.66,4.62,7.16
2020,217,203516,James Ennis III,PHI,1128.0,-2.42,-0.78,-0.64
2020,134,1629680,Matisse Thybulle,PHI,1163.0,0.15,0.49,0.42
2020,85,203935,Marcus Smart,BOS,1722.0,1.21,1.21,1.55
2020,53,1628464,Daniel Theis,BOS,1427.0,2.08,2.32,2.47
2020,356,1628400,Semi Ojeleye,BOS,909.0,-1.6,-4.28,-2.89
2020,222,1627788,Furkan Korkmaz,PHI,1394.0,-1.27,-0.67,-0.68
2020,250,1629035,Carsen Edwards,BOS,294.0,-3.38,-4.34,-0.95
2020,70,203118,Mike Scott,PHI,1101.0,-1.7,2.29,1.84
2020,165,1629684,Grant Williams,BOS,879.0,-2.45,-0.16,-0.1
2020,258,202954,Brad Wanamaker,BOS,1211.0,-0.64,-1.11,-1.0
2020,119,1629057,Robert Williams III,BOS,348.0,3.26,2.67,0.69
2020,166,203124,Kyle O'Quinn,PHI,271.0,1.57,-0.54,-0.11
2020,276,203526,Raul Neto,PHI,589.0,-1.64,-2.75,-1.18
2020,177,1629003,Shake Milton,PHI,733.0,-1.0,-0.44,-0.24
2020,170,201584,Courtney Lee,DAL,317.0,-0.73,-0.58,-0.13
2020,38,204001,Kristaps Porzingis,DAL,1650.0,1.66,2.72,3.27
2020,235,1626153,Delon Wright,DAL,1386.0,1.62,-0.83,-0.84
2020,113,1628467,Maxi Kleber,DAL,1697.0,0.29,0.72,0.89
2020,11,1629029,Luka Doncic,DAL,1856.0,7.7,5.07,6.85
2020,341,202397,Ish Smith,WAS,1584.0,-1.27,-2.21,-2.61
2020,36,203078,Bradley Beal,WAS,1827.0,2.6,2.79,3.8
2020,109,1628418,Thomas Bryant,WAS,1024.0,1.79,1.39,1.06
2020,376,1629060,Rui Hachimura,WAS,1301.0,-2.97,-3.79,-3.68
2020,80,1629067,Isaac Bonga,WAS,1149.0,-2.59,1.95,1.67
2020,62,203501,Tim Hardaway Jr.,DAL,1904.0,-0.17,1.51,2.09
2020,92,1627827,Dorian Finney-Smith,DAL,1928.0,-0.26,0.98,1.38
2020,91,202722,Davis Bertans,WAS,1399.0,0.72,1.35,1.41
2020,262,1629678,Admiral Schofield,WAS,304.0,-4.01,-4.6,-1.05
2020,79,1628973,Jalen Brunson,DAL,915.0,-0.91,2.53,1.68
2020,184,203895,Jordan McRae,WAS,713.0,-1.4,-0.6,-0.32
2020,142,203552,Seth Curry,DAL,1400.0,0.63,0.26,0.27
2020,330,1629021,Moritz Wagner,WAS,781.0,-2.09,-3.88,-2.26
2020,110,1629185,Chris Chiozza,BRK,337.0,-1.15,4.2,1.05
2020,351,1628382,Justin Jackson,DAL,924.0,-1.0,-4.19,-2.82
2020,122,200746,LaMarcus Aldridge,SAS,1495.0,1.18,0.52,0.61
2020,77,201942,DeMar DeRozan,SAS,1974.0,1.7,1.11,1.72
2020,93,1626168,Trey Lyles,SAS,1134.0,-1.18,1.52,1.35
2020,131,1627749,Dejounte Murray,SAS,1490.0,0.27,0.38,0.45
2020,381,1627854,Bryn Forbes,SAS,1396.0,-2.54,-4.54,-4.98
2020,117,202694,Marcus Morris Sr.,NYK,1752.0,-0.18,0.55,0.77
2020,42,203944,Julius Randle,NYK,1867.0,-0.35,2.02,3.04
2020,345,1626171,Bobby Portis,NYK,1211.0,-1.09,-2.74,-2.67
2020,389,1629628,RJ Barrett,NYK,1531.0,-4.01,-5.46,-6.72
2020,123,1628401,Derrick White,SAS,1430.0,1.08,0.53,0.6
2020,358,1628372,Dennis Smith Jr.,NYK,488.0,-4.9,-7.63,-2.99
2020,315,200752,Rudy Gay,SAS,1248.0,-0.82,-1.82,-1.79
2020,313,201959,Taj Gibson,NYK,968.0,-1.09,-2.18,-1.7
2020,289,201158,Marco Belinelli,SAS,755.0,-2.42,-2.29,-1.36
2020,63,201988,Patty Mills,SAS,1239.0,-0.11,2.13,2.07
2020,22,1627751,Jakob Poeltl,SAS,1060.0,2.07,5.9,4.91
2020,363,1628995,Kevin Knox II,NYK,1012.0,-3.79,-3.83,-3.12
2020,163,201961,Wayne Ellington,NYK,487.0,-2.45,-0.18,-0.07
2020,73,203901,Elfrid Payton,NYK,1136.0,-0.12,1.94,1.78
2020,267,1628373,Frank Ntilikina,NYK,1043.0,-2.92,-1.27,-1.07
2020,279,201144,Mike Conley,UTA,1207.0,0.16,-1.4,-1.21
2020,129,202711,Bojan Bogdanovic,UTA,1837.0,0.02,0.4,0.53
2020,35,203497,Rudy Gobert,UTA,2057.0,3.29,2.6,3.84
2020,58,1626220,Royce O'Neale,UTA,1826.0,0.76,1.68,2.2
2020,196,1628378,Donovan Mitchell,UTA,2104.0,1.71,-0.33,-0.5
2020,6,101108,Chris Paul,OKC,1993.0,4.02,6.1,9.34
2020,32,201568,Danilo Gallinari,OKC,1584.0,2.93,3.33,4.06
2020,45,203500,Steven Adams,OKC,1511.0,2.55,2.55,2.96
2020,390,1628390,Terrance Ferguson,OKC,1091.0,-4.08,-9.06,-7.59
2020,224,1628983,Shai Gilgeous-Alexander,OKC,2093.0,1.52,-0.44,-0.71
2020,26,204060,Joe Ingles,UTA,1893.0,0.58,3.3,4.48
2020,353,1626144,Emmanuel Mudiay,UTA,728.0,-1.75,-5.41,-2.83
2020,39,203471,Dennis Schroder,OKC,1688.0,-0.17,2.45,3.17
2020,76,203457,Nerlens Noel,OKC,972.0,2.55,2.32,1.73
2020,331,1629647,Darius Bazley,OKC,999.0,-1.52,-3.11,-2.38
2020,339,201145,Jeff Green,UTA,850.0,-0.24,-4.18,-2.55
2020,274,202334,Ed Davis,UTA,283.0,-2.44,-5.5,-1.12
2020,294,1628977,Hamidou Diallo,OKC,742.0,-3.41,-2.47,-1.41
2020,212,203488,Mike Muscala,OKC,467.0,-0.32,-1.67,-0.6
2020,202,1627777,Georges Niang,UTA,819.0,-0.24,-0.92,-0.54
2020,37,201937,Ricky Rubio,PHO,1853.0,0.85,2.61,3.57
2020,285,203967,Dario Saric,PHO,1479.0,-0.46,-1.21,-1.32
2020,172,1626162,Kelly Oubre Jr.,PHO,1729.0,-0.54,-0.16,-0.2
2020,19,1626164,Devin Booker,PHO,2226.0,2.0,3.12,5.11
2020,83,1629028,Deandre Ayton,PHO,1127.0,0.24,1.88,1.56
2020,282,203084,Harrison Barnes,SAC,2237.0,-1.28,-0.73,-1.23
2020,324,203473,Dewayne Dedmon,SAC,703.0,-4.97,-3.89,-2.05
2020,308,1627741,Buddy Hield,SAC,1979.0,0.95,-1.07,-1.58
2020,179,1628368,De'Aaron Fox,SAC,1475.0,1.54,-0.24,-0.27
2020,270,1628963,Marvin Bagley III,SAC,288.0,-2.64,-5.06,-1.09
2020,150,1626163,Frank Kaminsky,PHO,685.0,-0.59,0.19,0.09
2020,255,203382,Aron Baynes,PHO,825.0,-1.0,-1.62,-0.98
2020,89,203992,Bogdan Bogdanovic,SAC,1556.0,0.46,1.26,1.47
2020,65,1626158,Richaun Holmes,SAC,1132.0,0.77,2.39,2.03
2020,342,204020,Tyler Johnson,PHO,607.0,-2.53,-5.87,-2.63
2020,66,202357,Nemanja Bjelica,SAC,1852.0,1.59,1.45,2.01
2020,162,1628969,Mikal Bridges,PHO,1798.0,0.66,-0.04,-0.06
2020,84,1628975,Jevon Carter,PHO,795.0,0.35,2.66,1.56
2020,90,202709,Cory Joseph,SAC,1564.0,-1.91,1.25,1.47
2020,187,2772,Trevor Ariza,SAC,1317.0,-0.55,-0.38,-0.38
2020,243,1627812,Yogi Ferrell,SAC,442.0,-1.6,-2.76,-0.92
2020,209,1627767,Cheick Diallo,PHO,412.0,-1.22,-1.95,-0.59
2020,302,1629059,Elie Okobo,PHO,605.0,-1.72,-3.38,-1.51
2020,15,202355,Hassan Whiteside,POR,1818.0,2.88,4.49,5.86
2020,9,203081,Damian Lillard,POR,2218.0,6.96,4.69,7.47
2020,47,203468,CJ McCollum,POR,2327.0,0.41,1.75,2.92
2020,168,203918,Rodney Hood,POR,564.0,-0.92,-0.28,-0.12
2020,164,1628380,Zach Collins,POR,261.0,-2.33,-0.49,-0.09
2020,57,200794,Paul Millsap,DEN,1135.0,-0.03,2.63,2.21
2020,94,203115,Will Barton,DEN,1752.0,0.93,0.98,1.27
2020,332,203914,Gary Harris,DEN,1613.0,-2.37,-2.0,-2.39
2020,4,203999,Nikola Jokic,DEN,2131.0,6.85,7.89,12.43
2020,105,1627750,Jamal Murray,DEN,1716.0,1.02,0.88,1.12
2020,118,203486,Mason Plumlee,DEN,922.0,1.58,1.09,0.74
2020,380,203924,Jerami Grant,DEN,1666.0,-0.54,-3.92,-4.82
2020,310,1627736,Malik Beasley,DEN,1095.0,-1.95,-1.98,-1.61
2020,371,201229,Anthony Tolliver,POR,790.0,-2.87,-5.9,-3.35
2020,135,203145,Kent Bazemore,POR,1473.0,-2.84,0.38,0.4
2020,120,1627746,Skal Labissiere,POR,496.0,-1.23,1.89,0.67
2020,378,1628470,Torrey Craig,DEN,969.0,-2.13,-5.52,-3.95
2020,370,1626209,Mario Hezonja,POR,766.0,-2.59,-6.04,-3.32
2020,55,1628420,Monte Morris,DEN,1446.0,-0.28,2.26,2.42
2020,386,1629014,Anfernee Simons,POR,1270.0,-4.13,-6.41,-5.84
2020,130,203458,Alex Len,ATL,826.0,-0.74,0.73,0.51
2020,64,1628381,John Collins,ATL,1242.0,2.66,1.97,2.05
2020,7,1629027,Trae Young,ATL,1901.0,3.54,4.75,7.57
2020,383,1629629,Cam Reddish,ATL,1403.0,-3.89,-4.33,-5.09
2020,352,1629631,De'Andre Hunter,ATL,1858.0,-4.42,-1.81,-2.82
2020,112,203953,Jabari Parker,ATL,806.0,-0.0,1.33,0.9
2020,312,1713,Vince Carter,ATL,723.0,-3.73,-2.74,-1.66
2020,295,1628981,Bruno Fernando,ATL,638.0,-3.51,-2.64,-1.41
2020,247,1627761,DeAndre' Bembry,ATL,763.0,-2.25,-1.45,-0.93
2020,364,1628989,Kevin Huerter,ATL,1608.0,-1.55,-2.32,-3.13
2020,336,200782,P.J. Tucker,HOU,2173.0,-1.84,-1.4,-2.49
2020,52,201566,Russell Westbrook,HOU,1835.0,1.31,1.71,2.58
2020,1,201935,James Harden,HOU,2174.0,8.92,9.28,16.52
2020,182,203991,Clint Capela,HOU,1156.0,1.12,-0.33,-0.32
2020,106,1627863,Danuel House Jr.,HOU,1705.0,-0.72,0.79,1.1
2020,126,201572,Brook Lopez,MIL,1639.0,1.75,0.45,0.57
2020,194,202083,Wesley Matthews,MIL,1492.0,-1.73,-0.41,-0.47
2020,82,202339,Eric Bledsoe,MIL,1508.0,1.55,1.42,1.64
2020,20,203114,Khris Middleton,MIL,1677.0,3.68,3.97,5.1
2020,2,203507,Giannis Antetokounmpo,MIL,1714.0,10.49,10.49,13.78
2020,51,201588,George Hill,MIL,1053.0,2.41,3.35,2.71
2020,192,101141,Ersan Ilyasova,MIL,866.0,0.19,-0.68,-0.45
2020,340,201569,Eric Gordon,HOU,862.0,-3.47,-3.62,-2.55
2020,307,203085,Austin Rivers,HOU,1390.0,-2.35,-1.38,-1.57
2020,318,201577,Robin Lopez,MIL,842.0,-2.36,-2.82,-1.82
2020,249,1626192,Pat Connaughton,MIL,1085.0,0.41,-1.14,-0.95
2020,180,200757,Thabo Sefolosha,HOU,375.0,-1.14,-0.95,-0.29
2020,214,1628425,Sterling Brown,MIL,629.0,-1.81,-1.27,-0.61
2020,303,2594,Kyle Korver,MIL,829.0,-0.07,-2.38,-1.51
2020,254,203463,Ben McLemore,HOU,1432.0,-0.55,-0.84,-0.98
2020,191,203110,Draymond Green,GSW,1084.0,-0.3,-0.5,-0.44
2020,372,203922,Glenn Robinson III,GSW,1553.0,-1.62,-2.82,-3.5
2020,304,1626156,D'Angelo Russell,GSW,1301.0,1.61,-1.45,-1.51
2020,367,1629672,Eric Paschall,GSW,1436.0,-2.54,-2.75,-3.16
2020,290,1627737,Marquese Chriss,GSW,1059.0,0.4,-1.61,-1.36
2020,291,1628980,Jacob Evans,GSW,345.0,-5.25,-4.95,-1.37
2020,360,1629673,Jordan Poole,GSW,1115.0,-5.94,-3.44,-3.08
2020,144,1627814,Damion Lee,GSW,1244.0,-2.16,0.24,0.24
2020,269,1629016,Omari Spellman,GSW,773.0,-1.67,-1.75,-1.08
2020,338,1629065,Ky Bowman,GSW,889.0,-3.82,-3.58,-2.55
2020,288,1629010,Jerome Robinson,WAS,886.0,-3.49,-2.04,-1.35
2020,188,1629611,Terance Mann,LAC,284.0,-1.33,-1.75,-0.4
2020,207,1629750,Javonte Green,BOS,399.0,-0.78,-1.9,-0.57
2020,273,202687,Bismack Biyombo,CHO,939.0,-2.29,-1.45,-1.11
2020,147,1626195,Willy Hernangomez,CHO,307.0,-0.26,0.51,0.13
2020,171,1628998,Cody Martin,CHO,761.0,-1.92,-0.3,-0.19
2020,220,203077,Michael Kidd-Gilchrist,CHO,251.0,-5.0,-3.26,-0.67
2020,133,203476,Gorgui Dieng,MIN,943.0,1.19,0.62,0.42
2020,259,1629103,Kelan Martin,MIN,431.0,-3.45,-3.2,-1.0
2020,41,1629011,Mitchell Robinson,NYK,1230.0,2.48,3.08,3.05
2020,75,1627885,Shaquille Harrison,CHI,437.0,1.83,4.82,1.75
2020,354,1627846,Abdel Nader,OKC,787.0,-1.0,-4.69,-2.83
2020,296,1629126,Deonte Burton,OKC,292.0,-4.83,-6.34,-1.42
2020,71,1627936,Alex Caruso,LAL,999.0,-0.3,2.38,1.82
2020,124,1628396,Tony Bradley,UTA,570.0,0.82,1.43,0.58
2020,337,1627745,Damian Jones,ATL,800.0,-1.42,-3.76,-2.52
2020,237,1628422,Damyean Dotson,NYK,714.0,-1.33,-1.51,-0.86
2020,99,203089,John Henson,CLE,561.0,0.5,2.55,1.21
2020,230,1629048,Goga Bitadze,IND,399.0,-1.94,-2.67,-0.8
2020,183,1629744,Matt Thomas,TOR,356.0,-1.0,-1.18,-0.32
2020,215,1627756,Denzel Valentine,CHI,432.0,-0.7,-1.75,-0.63
2020,174,1628449,Chris Boucher,TOR,684.0,1.46,-0.42,-0.21
2020,253,1626178,Rondae Hollis-Jefferson,TOR,989.0,0.13,-1.32,-0.98
2020,161,1629655,Daniel Gafford,CHI,546.0,-1.24,-0.08,-0.04
2020,365,202738,Isaiah Thomas,WAS,842.0,-3.89,-5.01,-3.15
2020,298,1629022,Lonnie Walker IV,SAS,880.0,-3.14,-2.1,-1.45
2020,256,1629661,Cameron Johnson,PHO,1110.0,0.15,-1.21,-0.99
2020,287,203524,Solomon Hill,MEM,927.0,-1.58,-1.99,-1.35
2020,326,1627775,Patrick McCaw,TOR,796.0,-1.67,-3.56,-2.13
2020,275,1628035,Alfonzo McKinnie,CLE,515.0,-4.33,-2.71,-1.18
2020,244,1628391,D.J. Wilson,MIL,303.0,-3.01,-3.96,-0.92
2020,33,1628978,Donte DiVincenzo,MIL,1310.0,1.06,3.95,3.97
2020,205,1629637,Jaxson Hayes,NOP,973.0,-0.39,-0.77,-0.55
2020,12,202710,Jimmy Butler,MIA,1760.0,4.9,4.71,6.48
2020,72,203939,Dwight Powell,DAL,974.0,0.99,2.52,1.79
2020,201,1629641,Romeo Langford,BOS,330.0,-3.68,-2.17,-0.53
2020,240,1629033,Theo Pinson,BRK,308.0,-5.04,-3.87,-0.89
2020,241,1629058,Dzanan Musa,BRK,395.0,-3.46,-3.07,-0.9
2020,102,1629004,Svi Mykhailiuk,DET,1128.0,-1.79,1.31,1.17
2020,368,1628972,Troy Brown Jr.,WAS,1571.0,-1.18,-2.74,-3.21
2020,248,1629018,Gary Trent Jr.,POR,1173.0,-0.38,-1.12,-0.94
2020,297,203585,Rodney McGruder,LAC,722.0,-2.66,-2.5,-1.44
2020,104,1626161,Willie Cauley-Stein,GSW,966.0,0.27,1.46,1.13
2020,316,202692,Alec Burks,GSW,1493.0,0.36,-1.51,-1.8
2020,148,1629008,Michael Porter Jr.,DEN,812.0,1.11,0.21,0.13
2020,281,1627823,Juancho Hernangomez,MIN,765.0,-3.0,-2.21,-1.23
2020,198,203960,JaKarr Sampson,IND,414.0,-1.29,-1.67,-0.52
2020,223,202688,Brandon Knight,CLE,414.0,-3.48,-2.02,-0.71
2020,323,203920,Khem Birch,ORL,851.0,-2.19,-3.19,-2.04
2020,186,1628411,Wes Iwundu,ORL,851.0,-2.36,-0.54,-0.35
2020,128,1628398,Kyle Kuzma,LAL,1329.0,-2.44,0.54,0.55
2020,136,1626246,Boban Marjanovic,DAL,381.0,0.58,1.4,0.39
2020,210,201949,James Johnson,MIN,553.0,-0.19,-1.48,-0.59
2020,193,1629598,Chris Clemons,HOU,254.0,-1.0,-2.21,-0.46
2020,309,1628990,Chandler Hutchison,CHI,479.0,-2.22,-4.02,-1.6
2020,154,1629162,Jordan McLaughlin,MIN,531.0,0.01,0.16,0.06
2020,233,200826,J.J. Barea,DAL,407.0,-1.29,-2.78,-0.83
2020,321,1628385,Harry Giles III,SAC,579.0,-1.24,-4.61,-2.0
2020,158,203504,Trey Burke,PHI,451.0,-0.42,-0.02,-0.01
2020,252,1629642,Nassir Little,POR,484.0,-2.91,-2.8,-0.97
2020,284,201933,Blake Griffin,DET,475.0,-3.51,-3.37,-1.28
2020,228,200765,Rajon Rondo,LAL,860.0,-1.34,-1.19,-0.78
2020,29,202331,Paul George,LAC,1292.0,4.29,4.04,4.17
2020,362,203459,Allen Crabbe,ATL,517.0,-4.3,-7.14,-3.1
2020,301,1629109,Gary Clark,ORL,491.0,-1.67,-4.09,-1.5
2020,319,1628966,Keita Bates-Diop,MIN,622.0,-1.33,-4.07,-1.84
2020,277,1627789,Timothe Luwawu-Cabarrot,BRK,733.0,-2.0,-2.19,-1.2
2020,306,203957,Dante Exum,CLE,428.0,-2.43,-4.27,-1.54
2020,335,2546,Carmelo Anthony,POR,1770.0,-3.4,-1.91,-2.43
2020,375,1629635,Sekou Doumbouya,DET,682.0,-5.67,-6.72,-3.65
2020,261,1629660,Ty Jerome,PHO,281.0,-2.76,-4.98,-1.03
2020,266,1629164,Brandon Goodwin,ATL,364.0,-2.35,-3.49,-1.07
2020,238,101133,Ian Mahinmi,WAS,716.0,-2.41,-1.63,-0.87
2020,314,1629652,Luguentz Dort,OKC,745.0,-3.25,-3.08,-1.76
2020,111,1629675,Naz Reid,MIN,463.0,-1.68,2.8,0.94
2020,343,201163,Wilson Chandler,BRK,659.0,-2.38,-5.36,-2.63
2020,234,1628394,Anzejs Pasecniks,WAS,397.0,-4.34,-2.83,-0.84
2020,260,1627780,Gary Payton II,WAS,401.0,-1.44,-3.41,-1.02
2020,204,203493,Reggie Bullock,NYK,630.0,-2.62,-1.07,-0.54
2020,211,1626245,Cristiano Felicio,CHI,328.0,-2.44,-2.19,-0.6
2020,232,1628408,P.J. Dozier,DEN,337.0,-2.94,-3.3,-0.82
2020,98,1629627,Zion Williamson,NOP,629.0,1.5,2.66,1.22
2020,218,203506,Victor Oladipo,IND,480.0,-2.75,-1.8,-0.64
2020,138,1628367,Josh Jackson,MEM,316.0,-0.25,1.47,0.34
2020,208,2738,Andre Iguodala,MIA,373.0,-0.64,-1.97,-0.57
2021,16,201142,Kevin Durant,BRK,1027.0,6.15,7.91,5.46
2021,375,201599,DeAndre Jordan,BRK,1125.0,0.76,-3.37,-2.55
2021,30,202681,Kyrie Irving,BRK,1677.0,4.97,3.8,4.28
2021,60,203925,Joe Harris,BRK,1941.0,0.3,1.68,2.19
2021,3,201939,Stephen Curry,GSW,1891.0,7.99,7.97,9.19
2021,151,203952,Andrew Wiggins,GSW,2158.0,-0.44,0.23,0.3
2021,406,1626162,Kelly Oubre Jr.,GSW,1500.0,-1.82,-6.15,-5.63
2021,320,1629672,Eric Paschall,GSW,621.0,-2.37,-3.54,-1.34
2021,397,1630164,James Wiseman,GSW,732.0,-4.32,-7.88,-3.52
2021,209,1626172,Kevon Looney,GSW,1079.0,-0.91,-0.61,-0.4
2021,133,1628386,Jarrett Allen,CLE,1666.0,0.93,0.47,0.44
2021,245,203145,Kent Bazemore,GSW,1181.0,-1.18,-0.89,-0.64
2021,211,1627747,Caris LeVert,IND,1355.0,0.23,-0.5,-0.41
2021,214,1629013,Landry Shamet,BRK,1230.0,-2.25,-0.51,-0.42
2021,122,1627814,Damion Lee,GSW,915.0,0.03,0.92,0.51
2021,265,1627752,Taurean Prince,CLE,809.0,-1.68,-1.75,-0.8
2021,202,201145,Jeff Green,BRK,1628.0,-0.82,-0.32,-0.35
2021,353,202954,Brad Wanamaker,GSW,938.0,-3.6,-3.35,-1.91
2021,156,1629673,Jordan Poole,GSW,882.0,-0.57,0.39,0.21
2021,82,1629308,Juan Toscano-Anderson,GSW,1009.0,0.57,2.49,1.53
2021,274,1628971,Bruce Brown,BRK,1302.0,-0.19,-0.98,-0.86
2021,377,1627789,Timothe Luwawu-Cabarrot,BRK,927.0,-3.93,-4.25,-2.65
2021,192,1628539,Mychal Mulder,GSW,664.0,-1.65,-0.48,-0.19
2021,250,204020,Tyler Johnson,BRK,600.0,-2.92,-1.82,-0.74
2021,9,2544,LeBron James,LAL,1382.0,7.21,8.0,7.26
2021,100,201188,Marc Gasol,LAL,907.0,1.83,1.66,0.99
2021,57,203076,Anthony Davis,LAL,1043.0,4.07,3.4,2.33
2021,297,203471,Dennis Schroder,LAL,1769.0,-1.09,-0.87,-1.01
2021,81,203484,Kentavious Caldwell-Pope,LAL,1724.0,-0.54,1.39,1.57
2021,183,201586,Serge Ibaka,LAC,886.0,1.05,-0.05,-0.03
2021,46,201587,Nicolas Batum,LAC,1658.0,1.84,3.14,3.22
2021,167,201976,Patrick Beverley,LAC,771.0,0.42,0.11,0.05
2021,7,202331,Paul George,LAC,1689.0,3.78,7.16,7.48
2021,5,202695,Kawhi Leonard,LAC,1603.0,6.59,7.74,7.68
2021,123,1626149,Montrezl Harrell,LAL,1397.0,2.61,0.56,0.51
2021,95,1627826,Ivica Zubac,LAC,1470.0,0.81,1.25,1.14
2021,235,202083,Wesley Matthews,LAL,1013.0,-1.61,-0.84,-0.56
2021,300,1628398,Kyle Kuzma,LAL,1729.0,-0.45,-0.97,-1.1
2021,308,101150,Lou Williams,LAC,1251.0,-2.34,-1.47,-1.14
2021,252,202335,Patrick Patterson,LAC,523.0,-0.69,-2.29,-0.74
2021,396,1628379,Luke Kennard,LAC,1124.0,-0.29,-5.05,-3.51
2021,348,202693,Markieff Morris,LAL,1101.0,-2.41,-2.44,-1.76
2021,68,1627936,Alex Caruso,LAL,1047.0,-0.13,2.85,1.96
2021,73,202704,Reggie Jackson,LAC,1432.0,0.27,1.92,1.7
2021,317,1629659,Talen Horton-Tucker,LAL,1149.0,-1.18,-1.71,-1.29
2021,289,202684,Tristan Thompson,BOS,1181.0,-2.33,-1.34,-0.95
2021,74,203935,Marcus Smart,BOS,1407.0,-0.37,2.02,1.7
2021,85,1627759,Jaylen Brown,BOS,1777.0,2.23,1.37,1.45
2021,12,1628369,Jayson Tatum,BOS,2062.0,3.57,5.0,6.17
2021,282,1628464,Daniel Theis,BOS,1458.0,-0.09,-1.04,-0.91
2021,58,201572,Brook Lopez,MIL,1710.0,-0.08,2.02,2.29
2021,21,201950,Jrue Holiday,MIL,1622.0,3.03,4.94,5.29
2021,345,203114,Khris Middleton,MIL,2047.0,1.14,-1.29,-1.74
2021,4,203507,Giannis Antetokounmpo,MIL,1785.0,8.22,6.88,8.1
2021,201,1628978,Donte DiVincenzo,MIL,1687.0,0.1,-0.31,-0.34
2021,198,201952,Jeff Teague,BOS,858.0,-2.04,-0.56,-0.29
2021,357,1629684,Grant Williams,BOS,996.0,-3.35,-3.29,-1.96
2021,91,1626171,Bobby Portis,MIL,1201.0,1.22,1.55,1.23
2021,49,1626192,Pat Connaughton,MIL,1337.0,-0.1,3.08,2.72
2021,298,1629057,Robert Williams III,BOS,889.0,-1.0,-1.95,-1.04
2021,281,1628391,D.J. Wilson,HOU,387.0,-2.65,-3.82,-0.9
2021,150,1630202,Payton Pritchard,BOS,1141.0,-0.73,0.45,0.3
2021,159,1627854,Bryn Forbes,MIL,1173.0,-1.27,0.19,0.14
2021,277,1628400,Semi Ojeleye,BOS,870.0,-2.19,-1.66,-0.87
2021,10,101108,Chris Paul,PHO,2051.0,4.22,5.35,6.63
2021,124,203109,Jae Crowder,PHO,1496.0,0.91,0.56,0.51
2021,112,1626164,Devin Booker,PHO,2050.0,0.21,0.56,0.69
2021,36,1628969,Mikal Bridges,PHO,2159.0,3.02,3.03,3.95
2021,90,1629028,Deandre Ayton,PHO,1960.0,1.04,1.07,1.26
2021,181,203501,Tim Hardaway Jr.,DAL,1772.0,0.29,-0.02,-0.02
2021,162,203939,Dwight Powell,DAL,868.0,0.36,0.23,0.13
2021,387,1626196,Josh Richardson,DAL,1600.0,-1.64,-3.0,-3.02
2021,62,1627827,Dorian Finney-Smith,DAL,1730.0,0.01,1.93,2.1
2021,6,1629029,Luka Doncic,DAL,2050.0,6.27,5.84,7.51
2021,243,1627745,Damian Jones,SAC,476.0,-1.32,-2.17,-0.62
2021,50,1626166,Cameron Payne,PHO,949.0,2.54,4.58,2.63
2021,93,1628467,Maxi Kleber,DAL,1201.0,-0.11,1.52,1.15
2021,155,1629661,Cameron Johnson,PHO,1286.0,-0.28,0.33,0.25
2021,346,201949,James Johnson,NOP,914.0,-1.15,-3.15,-1.75
2021,296,203504,Trey Burke,DAL,804.0,-1.67,-1.97,-1.0
2021,248,1628975,Jevon Carter,PHO,631.0,0.21,-1.82,-0.7
2021,40,1628973,Jalen Brunson,DAL,1513.0,0.73,3.75,3.57
2021,193,204038,Langston Galloway,PHO,404.0,-0.93,-0.81,-0.2
2021,249,1630182,Josh Green,DAL,387.0,-2.87,-2.99,-0.73
2021,126,1626161,Willie Cauley-Stein,DAL,820.0,-1.25,0.97,0.5
2021,14,202710,Jimmy Butler,MIA,1586.0,6.95,6.11,5.84
2021,33,1628389,Bam Adebayo,MIA,1972.0,4.48,3.54,4.21
2021,115,1629130,Duncan Robinson,MIA,2099.0,-1.0,0.5,0.64
2021,380,1629639,Tyler Herro,MIA,1457.0,-1.27,-3.21,-2.82
2021,376,202339,Eric Bledsoe,NOP,1955.0,-1.93,-2.16,-2.56
2021,154,203500,Steven Adams,NOP,1469.0,-0.36,0.3,0.27
2021,51,1627742,Brandon Ingram,NOP,1910.0,1.97,2.17,2.52
2021,84,1628366,Lonzo Ball,NOP,1603.0,1.47,1.53,1.49
2021,22,1629627,Zion Williamson,NOP,1881.0,5.3,4.5,5.14
2021,283,201609,Goran Dragic,MIA,1207.0,-2.16,-1.27,-0.92
2021,222,1629740,Nicolo Melli,DAL,506.0,-2.93,-1.44,-0.46
2021,330,2738,Andre Iguodala,MIA,1199.0,-0.47,-2.05,-1.48
2021,322,202340,Avery Bradley,HOU,546.0,-4.42,-4.18,-1.39
2021,355,1630173,Precious Achiuwa,MIA,647.0,-3.52,-4.99,-1.94
2021,314,200755,JJ Redick,NOP,654.0,-3.01,-3.11,-1.23
2021,118,1628404,Josh Hart,NOP,1203.0,-0.82,0.79,0.58
2021,174,1629637,Jaxson Hayes,NOP,864.0,0.36,0.05,0.03
2021,312,203090,Maurice Harkless,SAC,695.0,-3.2,-2.86,-1.2
2021,339,1629644,KZ Okpala,MIA,398.0,-5.43,-6.68,-1.6
2021,360,201571,D.J. Augustin,MIL,1000.0,-1.97,-3.11,-2.05
2021,253,203648,Thanasis Antetokounmpo,MIL,451.0,-2.88,-2.49,-0.74
2021,332,1628470,Torrey Craig,PHO,722.0,0.18,-3.49,-1.52
2021,158,1629750,Javonte Green,BOS,418.0,-0.64,0.6,0.15
2021,203,1630174,Aaron Nesmith,BOS,567.0,-2.74,-1.04,-0.35
2021,341,1628411,Wes Iwundu,DAL,459.0,-4.99,-5.65,-1.63
2021,172,200794,Paul Millsap,DEN,1077.0,0.76,0.06,0.04
2021,367,203914,Gary Harris,DEN,994.0,-3.77,-3.43,-2.25
2021,1,203999,Nikola Jokic,DEN,2245.0,11.28,7.83,11.58
2021,125,1627750,Jamal Murray,DEN,1535.0,1.73,0.5,0.51
2021,41,1629008,Michael Porter Jr.,DEN,1735.0,2.77,3.11,3.56
2021,323,203115,Will Barton,DEN,1557.0,-1.82,-1.36,-1.39
2021,86,1628408,P.J. Dozier,DEN,991.0,-2.39,2.12,1.39
2021,163,1628420,Monte Morris,DEN,1058.0,-0.39,0.18,0.13
2021,315,1630267,Facundo Campazzo,DEN,1278.0,-0.64,-1.48,-1.25
2021,171,1628392,Isaiah Hartenstein,CLE,502.0,-1.63,0.16,0.05
2021,254,1629599,Amir Coffey,LAC,356.0,-1.7,-3.4,-0.75
2021,197,1629611,Terance Mann,LAC,1137.0,-0.29,-0.31,-0.22
2021,157,203083,Andre Drummond,CLE,1142.0,-1.17,0.25,0.16
2021,107,1626204,Larry Nance Jr.,CLE,971.0,0.21,1.42,0.78
2021,391,1629012,Collin Sexton,CLE,1907.0,-0.26,-2.89,-3.12
2021,338,1629636,Darius Garland,CLE,1621.0,-2.01,-1.72,-1.58
2021,354,1630171,Isaac Okoro,CLE,1984.0,-4.81,-1.71,-1.92
2021,109,202330,Gordon Hayward,CHO,1351.0,1.34,0.85,0.74
2021,145,203469,Cody Zeller,CHO,882.0,-0.57,0.62,0.35
2021,38,1626179,Terry Rozier,CHO,2138.0,1.43,2.66,3.68
2021,27,1628984,Devonte' Graham,CHO,1436.0,0.54,4.71,4.38
2021,105,1629023,P.J. Washington,CHO,1777.0,-0.91,0.71,0.82
2021,379,1626224,Cedi Osman,CLE,1341.0,-2.98,-3.67,-2.79
2021,103,1628970,Miles Bridges,CHO,1673.0,0.1,0.8,0.86
2021,343,1630163,LaMelo Ball,CHO,1305.0,1.51,-1.98,-1.67
2021,284,1629731,Dean Wade,CLE,1073.0,-1.26,-1.53,-0.93
2021,403,202687,Bismack Biyombo,CHO,1187.0,-2.78,-6.33,-4.85
2021,206,1629685,Dylan Windler,CLE,457.0,-1.53,-1.47,-0.38
2021,143,1628998,Cody Martin,CHO,745.0,-1.83,0.75,0.36
2021,350,1628422,Damyean Dotson,CLE,790.0,-4.19,-4.16,-1.86
2021,374,1629667,Jalen McDaniels,CHO,788.0,-2.85,-4.96,-2.52
2021,246,201580,JaVale McGee,CLE,592.0,-2.2,-1.99,-0.67
2021,342,203506,Victor Oladipo,HOU,957.0,-1.63,-2.85,-1.66
2021,54,1626167,Myles Turner,IND,1341.0,0.26,3.01,2.45
2021,217,1627734,Domantas Sabonis,IND,2054.0,3.47,-0.35,-0.44
2021,32,1627763,Malcolm Brogdon,IND,1756.0,1.86,3.96,4.22
2021,53,203493,Reggie Bullock,NYK,1772.0,-0.17,2.36,2.47
2021,389,203901,Elfrid Payton,NYK,1361.0,-2.8,-3.76,-3.02
2021,19,203944,Julius Randle,NYK,2382.0,3.52,3.8,5.35
2021,199,1629011,Mitchell Robinson,NYK,788.0,0.85,-0.63,-0.29
2021,178,1629628,RJ Barrett,NYK,2282.0,-1.19,-0.0,-0.0
2021,255,203457,Nerlens Noel,NYK,1388.0,1.17,-0.92,-0.75
2021,358,203200,Justin Holiday,IND,1973.0,-1.0,-1.65,-1.98
2021,369,203926,Doug McDermott,IND,1489.0,-1.0,-2.55,-2.3
2021,121,202692,Alec Burks,NYK,1099.0,1.2,0.8,0.52
2021,117,1630193,Immanuel Quickley,NYK,1118.0,0.68,0.91,0.6
2021,366,1628988,Aaron Holiday,IND,1062.0,-3.8,-3.44,-2.22
2021,44,204456,T.J. McConnell,IND,1602.0,1.19,3.45,3.36
2021,278,1628995,Kevin Knox II,NYK,405.0,-1.29,-3.64,-0.87
2021,204,1630167,Obi Toppin,NYK,645.0,-0.76,-0.98,-0.37
2021,237,1628373,Frank Ntilikina,NYK,290.0,-1.46,-3.38,-0.58
2021,83,202696,Nikola Vucevic,ORL,2104.0,4.91,1.27,1.52
2021,110,203095,Evan Fournier,ORL,1130.0,0.89,1.13,0.73
2021,77,203932,Aaron Gordon,ORL,1272.0,-0.0,2.3,1.67
2021,400,1628407,Dwayne Bacon,ORL,1678.0,-4.76,-4.76,-4.55
2021,160,1629643,Chuma Okeke,ORL,1008.0,-1.44,0.24,0.14
2021,242,203487,Michael Carter-Williams,ORL,746.0,-4.16,-1.46,-0.62
2021,129,203920,Khem Birch,ORL,1365.0,-0.98,0.62,0.48
2021,364,203082,Terrence Ross,ORL,1178.0,-2.15,-3.24,-2.18
2021,390,1630175,Cole Anthony,ORL,1139.0,-3.03,-4.69,-3.04
2021,99,203482,Kelly Olynyk,MIA,1850.0,1.03,0.9,1.01
2021,258,1629134,Kendrick Nunn,MIA,1491.0,-0.55,-0.86,-0.77
2021,52,201980,Danny Green,PHI,1761.0,1.67,2.19,2.47
2021,65,202699,Tobias Harris,PHI,1815.0,3.34,1.73,2.02
2021,319,203552,Seth Curry,PHI,1500.0,-0.36,-1.38,-1.33
2021,13,203954,Joel Embiid,PHI,1457.0,6.71,6.48,6.05
2021,55,1627732,Ben Simmons,PHI,1680.0,2.58,2.23,2.4
2021,61,201566,Russell Westbrook,WAS,2109.0,3.39,1.69,2.11
2021,17,203078,Bradley Beal,WAS,1900.0,3.08,4.8,5.39
2021,238,1629067,Isaac Bonga,WAS,366.0,-4.4,-2.78,-0.6
2021,370,1630166,Deni Avdija,WAS,1141.0,-2.86,-3.45,-2.33
2021,251,1629003,Shake Milton,PHI,1293.0,-1.54,-0.89,-0.74
2021,239,202397,Ish Smith,WAS,794.0,-1.42,-1.28,-0.6
2021,226,1628972,Troy Brown Jr.,WAS,456.0,-3.26,-1.89,-0.51
2021,256,201577,Robin Lopez,WAS,1160.0,-1.0,-1.11,-0.76
2021,363,2730,Dwight Howard,PHI,1061.0,-1.44,-3.2,-2.18
2021,170,1627788,Furkan Korkmaz,PHI,950.0,-0.22,0.08,0.05
2021,138,202722,Davis Bertans,WAS,1268.0,-0.82,0.54,0.4
2021,325,203118,Mike Scott,PHI,759.0,-2.5,-2.86,-1.39
2021,331,1630178,Tyrese Maxey,PHI,830.0,-1.42,-2.84,-1.51
2021,137,203526,Raul Neto,WAS,1241.0,-0.64,0.57,0.42
2021,287,1629021,Moritz Wagner,WAS,632.0,-2.26,-2.52,-0.94
2021,72,1629680,Matisse Thybulle,PHI,1145.0,1.56,2.33,1.71
2021,144,200768,Kyle Lowry,TOR,1438.0,1.35,0.37,0.35
2021,393,203382,Aron Baynes,TOR,894.0,-4.0,-5.51,-3.24
2021,28,1627783,Pascal Siakam,TOR,1791.0,0.66,3.68,4.33
2021,35,1627832,Fred VanVleet,TOR,1652.0,2.21,3.74,4.06
2021,42,1628384,OG Anunoby,TOR,1320.0,0.98,4.1,3.55
2021,385,1626181,Norman Powell,TOR,1991.0,0.29,-2.27,-2.97
2021,271,1629744,Matt Thomas,TOR,272.0,-3.31,-4.75,-0.85
2021,80,1628449,Chris Boucher,TOR,1228.0,2.83,2.0,1.61
2021,142,1627761,DeAndre' Bembry,TOR,877.0,-1.77,0.64,0.37
2021,305,1629638,Nickeil Alexander-Walker,NOP,893.0,-1.26,-2.08,-1.13
2021,334,1629056,Terence Davis,SAC,933.0,-1.59,-2.75,-1.55
2021,381,1626169,Stanley Johnson,TOR,875.0,-2.28,-4.95,-2.85
2021,356,1630201,Malachi Flynn,TOR,842.0,-2.36,-3.53,-1.95
2021,18,203897,Zach LaVine,CHI,1818.0,3.62,4.2,5.35
2021,260,1628374,Lauri Markkanen,CHI,1147.0,-0.03,-0.97,-0.78
2021,273,1628976,Wendell Carter Jr.,CHI,1260.0,-1.27,-0.97,-0.86
2021,173,1629632,Coby White,CHI,1895.0,-2.3,0.03,0.04
2021,407,1630172,Patrick Williams,CHI,1807.0,-2.29,-5.67,-7.18
2021,176,201568,Danilo Gallinari,ATL,1033.0,0.83,0.04,0.02
2021,34,1628381,John Collins,ATL,1728.0,2.04,3.78,4.1
2021,29,1629027,Trae Young,ATL,1940.0,3.36,3.55,4.33
2021,347,1629629,Cam Reddish,ATL,668.0,-2.8,-4.17,-1.75
2021,130,1629631,De'Andre Hunter,ATL,632.0,0.78,1.15,0.46
2021,140,203992,Bogdan Bogdanovic,ATL,1174.0,3.08,0.52,0.38
2021,177,203490,Otto Porter Jr.,CHI,518.0,-0.23,0.02,0.01
2021,344,203524,Solomon Hill,ATL,1325.0,-2.35,-2.04,-1.7
2021,218,1627853,Ryan Arcidiacono,CHI,394.0,-1.0,-1.61,-0.45
2021,263,1628989,Kevin Huerter,ATL,1877.0,-0.35,-0.67,-0.79
2021,106,1629655,Daniel Gafford,WAS,679.0,1.6,1.99,0.8
2021,236,1628990,Chandler Hutchison,WAS,296.0,-4.02,-3.27,-0.57
2021,293,1629164,Brandon Goodwin,ATL,523.0,-2.63,-2.97,-0.98
2021,196,202322,John Wall,HOU,1155.0,-0.73,-0.31,-0.22
2021,56,1626174,Christian Wood,HOU,1191.0,1.13,3.31,2.4
2021,384,1627863,Danuel House Jr.,HOU,832.0,-3.12,-5.86,-2.96
2021,79,1630256,Jae'Sean Tate,HOU,1862.0,-1.37,1.45,1.64
2021,294,1629650,Moses Brown,OKC,859.0,-2.19,-2.06,-0.98
2021,76,1629652,Luguentz Dort,OKC,1425.0,-3.26,2.12,1.67
2021,359,1629676,Isaiah Roby,OKC,1268.0,-3.06,-2.9,-2.03
2021,405,1630177,Theo Maledon,OKC,1618.0,-4.66,-6.23,-5.59
2021,401,1630197,Aleksej Pokusevski,OKC,1019.0,-5.45,-8.17,-4.61
2021,212,1629660,Ty Jerome,OKC,722.0,-0.75,-1.04,-0.42
2021,365,1629645,Kevin Porter Jr.,HOU,741.0,-3.08,-4.91,-2.21
2021,216,1628425,Sterling Brown,HOU,1083.0,-1.53,-0.66,-0.44
2021,352,1629004,Svi Mykhailiuk,OKC,1183.0,-2.41,-2.86,-1.88
2021,88,1629026,Kenrich Williams,OKC,1308.0,-0.73,1.85,1.34
2021,290,1630231,Kenyon Martin Jr.,HOU,936.0,-1.0,-1.69,-0.96
2021,268,1628382,Justin Jackson,OKC,522.0,-2.93,-2.82,-0.82
2021,45,202685,Jonas Valanciunas,MEM,1633.0,2.66,3.4,3.35
2021,64,203937,Kyle Anderson,MEM,1746.0,2.96,1.92,2.02
2021,114,1628415,Dillon Brooks,MEM,1825.0,-3.49,0.58,0.64
2021,200,1628960,Grayson Allen,MEM,1166.0,-0.29,-0.46,-0.33
2021,213,1629630,Ja Morant,MEM,1877.0,-0.44,-0.37,-0.42
2021,161,200746,LaMarcus Aldridge,SAS,619.0,-0.44,0.35,0.13
2021,139,201942,DeMar DeRozan,SAS,1850.0,2.79,0.33,0.38
2021,23,1627749,Dejounte Murray,SAS,1969.0,0.67,3.9,4.75
2021,404,1629022,Lonnie Walker IV,SAS,1363.0,-3.43,-6.16,-5.2
2021,398,1629640,Keldon Johnson,SAS,1790.0,-1.55,-3.34,-3.7
2021,59,1629001,De'Anthony Melton,MEM,921.0,1.84,4.02,2.24
2021,195,1629634,Brandon Clarke,MEM,1275.0,1.24,-0.28,-0.21
2021,116,201988,Patty Mills,SAS,1459.0,-1.18,0.66,0.6
2021,43,1627751,Jakob Poeltl,SAS,1658.0,0.65,3.37,3.46
2021,169,203476,Gorgui Dieng,MEM,496.0,2.36,0.16,0.05
2021,231,1630217,Desmond Bane,MEM,1366.0,-0.82,-0.65,-0.54
2021,71,200752,Rudy Gay,SAS,1179.0,-0.2,2.36,1.72
2021,313,1626145,Tyus Jones,MEM,1104.0,0.58,-1.82,-1.21
2021,335,1630170,Devin Vassell,SAS,914.0,-1.43,-2.75,-1.56
2021,388,201937,Ricky Rubio,MIN,1596.0,-1.82,-3.07,-3.02
2021,11,1626157,Karl-Anthony Towns,MIN,1516.0,4.0,6.9,6.44
2021,224,1627736,Malik Beasley,MIN,1068.0,-0.3,-0.72,-0.47
2021,229,1627774,Jake Layman,MIN,586.0,-1.88,-1.46,-0.53
2021,329,1629006,Josh Okogie,MIN,1100.0,-3.02,-2.16,-1.46
2021,135,201933,Blake Griffin,DET,1047.0,-0.82,0.64,0.43
2021,92,203486,Mason Plumlee,DET,1351.0,1.88,1.34,1.16
2021,96,203924,Jerami Grant,DET,1610.0,0.92,1.05,1.08
2021,119,1626153,Delon Wright,DET,1556.0,1.9,0.55,0.55
2021,383,1630165,Killian Hayes,DET,611.0,-5.98,-7.55,-2.96
2021,373,1630162,Anthony Edwards,MIN,2086.0,-2.03,-1.94,-2.5
2021,221,1626156,D'Angelo Russell,MIN,1095.0,1.29,-0.68,-0.46
2021,67,201565,Derrick Rose,NYK,1119.0,1.57,2.99,1.97
2021,333,1629675,Naz Reid,MIN,1224.0,-0.29,-2.04,-1.54
2021,191,1628367,Josh Jackson,DET,1426.0,-2.81,-0.21,-0.19
2021,288,1627823,Juancho Hernangomez,MIN,805.0,-2.6,-1.91,-0.94
2021,244,1626143,Jahlil Okafor,DET,306.0,-2.48,-3.19,-0.63
2021,336,1629633,Jarrett Culver,MIN,459.0,-4.47,-5.51,-1.56
2021,382,1629635,Sekou Doumbouya,DET,801.0,-5.8,-5.55,-2.86
2021,113,203084,Harrison Barnes,SAC,1884.0,0.11,0.61,0.69
2021,63,1626158,Richaun Holmes,SAC,1639.0,0.47,2.07,2.05
2021,66,1627741,Buddy Hield,SAC,2207.0,-0.63,1.5,2.0
2021,208,1628368,De'Aaron Fox,SAC,1842.0,1.59,-0.35,-0.39
2021,295,1628963,Marvin Bagley III,SAC,1040.0,-2.84,-1.57,-0.98
2021,328,202709,Cory Joseph,SAC,1293.0,-1.74,-1.85,-1.45
2021,264,202355,Hassan Whiteside,SAC,490.0,-1.92,-2.69,-0.8
2021,316,202357,Nemanja Bjelica,SAC,524.0,-1.96,-4.03,-1.27
2021,180,1630169,Tyrese Haliburton,SAC,1534.0,1.19,-0.0,-0.0
2021,8,203081,Damian Lillard,POR,2176.0,5.83,5.5,7.39
2021,47,203468,CJ McCollum,POR,1484.0,3.45,3.19,2.92
2021,31,203496,Robert Covington,POR,2061.0,0.12,3.36,4.28
2021,94,203994,Jusuf Nurkic,POR,833.0,1.97,2.21,1.14
2021,372,1627884,Derrick Jones Jr.,POR,1218.0,-1.36,-3.22,-2.42
2021,25,201144,Mike Conley,UTA,1348.0,4.31,5.31,4.49
2021,306,202711,Bojan Bogdanovic,UTA,1993.0,-0.44,-0.91,-1.13
2021,2,203497,Rudy Gobert,UTA,1981.0,4.48,8.05,10.0
2021,24,1626220,Royce O'Neale,UTA,2001.0,0.86,3.62,4.54
2021,87,1628378,Donovan Mitchell,UTA,1598.0,3.85,1.35,1.35
2021,266,202324,Derrick Favors,UTA,913.0,2.09,-1.42,-0.81
2021,48,204060,Joe Ingles,UTA,1649.0,3.12,2.69,2.78
2021,187,203903,Jordan Clarkson,UTA,1613.0,1.2,-0.11,-0.11
2021,371,2546,Carmelo Anthony,POR,1513.0,-1.09,-2.51,-2.34
2021,39,202683,Enes Freedom,POR,1601.0,0.46,3.7,3.66
2021,394,1629018,Gary Trent Jr.,POR,1614.0,-2.17,-3.49,-3.48
2021,395,203918,Rodney Hood,POR,856.0,-5.58,-6.58,-3.48
2021,108,1627777,Georges Niang,UTA,1052.0,-0.39,1.13,0.75
2021,189,1629671,Miye Oni,UTA,470.0,-1.0,-0.61,-0.18
2021,230,1628385,Harry Giles III,POR,310.0,-2.28,-2.77,-0.53
2021,304,1627885,Shaquille Harrison,DEN,280.0,-3.03,-6.08,-1.12
2021,166,1629723,John Konchar,MEM,506.0,-1.0,0.25,0.08
2021,102,201143,Al Horford,OKC,732.0,2.65,2.13,0.86
2021,164,201588,George Hill,OKC,620.0,-1.16,0.36,0.12
2021,69,1628983,Shai Gilgeous-Alexander,OKC,1074.0,3.48,2.93,1.74
2021,402,1629647,Darius Bazley,OKC,1586.0,-4.11,-5.35,-4.7
2021,101,203488,Mike Muscala,OKC,577.0,-0.29,2.91,0.93
2021,362,1628977,Hamidou Diallo,OKC,1117.0,-1.99,-3.49,-2.16
2021,349,1628997,Caleb Martin,CHO,689.0,-2.97,-4.12,-1.83
2021,194,201567,Kevin Love,CLE,582.0,-0.28,-0.61,-0.2
2021,368,1630180,Saddiq Bey,DET,1704.0,-0.54,-2.07,-2.26
2021,286,1629010,Jerome Robinson,WAS,282.0,-4.92,-5.63,-0.94
2021,148,1628372,Dennis Smith Jr.,DET,385.0,0.01,1.38,0.34
2021,392,203107,Tomas Satoransky,CHI,1155.0,-0.56,-3.93,-3.18
2021,146,202066,Garrett Temple,CHI,1329.0,-2.8,0.37,0.35
2021,259,1627756,Denzel Valentine,CHI,888.0,-2.45,-1.24,-0.77
2021,241,203960,JaKarr Sampson,IND,288.0,-5.27,-3.54,-0.62
2021,153,1629103,Kelan Martin,IND,286.0,-1.92,1.55,0.27
2021,190,202334,Ed Davis,MIN,267.0,-1.77,-1.13,-0.19
2021,399,200782,P.J. Tucker,HOU,1186.0,-3.75,-5.7,-4.11
2021,37,201935,James Harden,BRK,1448.0,6.42,3.85,3.75
2021,147,1628021,David Nwaba,HOU,615.0,-1.0,0.92,0.35
2021,134,1629014,Anfernee Simons,POR,1012.0,-1.0,0.7,0.44
2021,207,1630271,Brodric Thomas,CLE,344.0,-3.38,-1.97,-0.38
2021,310,203922,Glenn Robinson III,SAC,334.0,-3.07,-5.72,-1.15
2021,185,1626163,Frank Kaminsky,PHO,652.0,0.87,-0.16,-0.06
2021,321,1629109,Gary Clark,ORL,590.0,-4.12,-4.12,-1.39
2021,299,1626168,Trey Lyles,SAS,315.0,-1.54,-5.47,-1.06
2021,111,1628396,Tony Bradley,OKC,607.0,0.83,2.14,0.72
2021,205,1630198,Isaiah Joe,PHI,333.0,-2.38,-1.76,-0.38
2021,309,1630205,Lamar Stevens,CLE,416.0,-3.35,-4.87,-1.15
2021,228,1629713,Justin James,SAC,267.0,-3.11,-3.25,-0.52
2021,89,1629020,Jarred Vanderbilt,MIN,1034.0,-0.21,2.08,1.33
2021,270,1629162,Jordan McLaughlin,MIN,820.0,-1.59,-1.65,-0.83
2021,276,1630183,Jaden McDaniels,MIN,1321.0,-3.25,-1.06,-0.87
2021,20,203991,Clint Capela,ATL,1734.0,2.41,4.89,5.33
2021,132,201961,Wayne Ellington,DET,899.0,-0.31,0.77,0.45
2021,186,200765,Rajon Rondo,ATL,683.0,-0.35,-0.19,-0.08
2021,127,1630191,Isaiah Stewart,DET,1288.0,-1.09,0.6,0.5
2021,386,1630181,R.J. Hampton,ORL,796.0,-3.37,-6.54,-2.97
2021,302,1630192,Zeke Nnaji,DEN,348.0,-1.0,-4.82,-1.11
2021,303,203458,Alex Len,WAS,950.0,-0.23,-1.98,-1.11
2021,361,1629726,Garrison Mathews,WAS,915.0,-1.69,-3.96,-2.14
2021,247,1629622,Max Strus,MIA,445.0,-1.9,-2.58,-0.69
2021,324,1630221,Josh Hall,OKC,299.0,-8.26,-8.41,-1.39
2021,120,203967,Dario Saric,PHO,788.0,-1.84,1.12,0.53
2021,257,1630184,Kira Lewis Jr.,NOP,802.0,-3.02,-1.57,-0.77
2021,98,1626195,Willy Hernangomez,NOP,767.0,-0.16,2.23,1.04
2021,227,202734,E'Twaun Moore,PHO,341.0,-2.32,-2.53,-0.52
2021,301,1629216,Gabe Vincent,MIA,603.0,-4.52,-3.03,-1.1
2021,220,1629234,Drew Eubanks,SAS,672.0,-0.18,-1.08,-0.45
2021,232,1629677,Luka Samanic,SAS,276.0,-3.53,-3.15,-0.54
2021,272,1628410,Edmond Sumner,IND,786.0,-2.51,-1.79,-0.86
2021,311,1629060,Rui Hachimura,WAS,1576.0,-2.92,-1.25,-1.16
2021,15,201152,Thaddeus Young,CHI,1407.0,2.89,5.69,5.61
2021,141,201569,Eric Gordon,HOU,697.0,-1.0,0.9,0.38
2021,165,202326,DeMarcus Cousins,HOU,632.0,0.14,0.3,0.11
2021,262,203085,Austin Rivers,NYK,756.0,-1.78,-1.76,-0.79
2021,261,1629139,Yuta Watanabe,TOR,647.0,-0.76,-1.85,-0.79
2021,219,1628778,Paul Watson,TOR,261.0,-1.19,-2.6,-0.45
2021,152,1628436,Luke Kornet,BOS,309.0,0.21,1.47,0.27
2021,78,1628401,Derrick White,SAS,980.0,0.99,2.73,1.65
2021,184,203210,JaMychal Green,DEN,1002.0,-1.43,-0.09,-0.06
2021,26,203110,Draymond Green,GSW,1786.0,1.49,4.09,4.46
2021,149,1630214,Xavier Tillman,MEM,969.0,-0.31,0.53,0.31
2021,240,1628964,Mo Bamba,ORL,652.0,-0.11,-1.63,-0.6
2021,131,1628370,Malik Monk,CHO,758.0,-1.67,0.93,0.46
2021,267,1630185,Nico Mannion,GSW,324.0,-2.98,-4.13,-0.82
2021,291,1629002,Chimezie Metu,SAC,413.0,-2.91,-3.88,-0.97
2021,233,1630235,Trent Forrest,UTA,267.0,-1.19,-3.22,-0.54
2021,104,203516,James Ennis III,ORL,903.0,-2.03,1.59,0.82
2021,351,1630240,Saben Lee,DET,695.0,-1.82,-4.19,-1.87
2021,280,202694,Marcus Morris Sr.,LAC,1338.0,-0.1,-1.08,-0.9
2021,292,1629642,Nassir Little,POR,595.0,-2.36,-2.64,-0.97
2021,337,1629669,Jaylen Nowell,MIN,682.0,-2.48,-3.73,-1.56
2021,128,1628402,Frank Jackson,DET,670.0,-1.57,1.15,0.49
2021,327,203463,Ben McLemore,HOU,794.0,-3.44,-2.96,-1.43
2021,279,1630222,Mason Jones,HOU,305.0,-2.12,-4.72,-0.87
2021,70,202689,Kemba Walker,BOS,1230.0,1.76,2.34,1.72
2021,188,2772,Trevor Ariza,MIA,757.0,-1.08,-0.39,-0.18
2021,175,1627846,Abdel Nader,PHO,307.0,-0.33,0.13,0.02
2021,234,203503,Tony Snell,ATL,888.0,-0.57,-0.97,-0.54
2021,340,204001,Kristaps Porzingis,DAL,1222.0,1.85,-2.12,-1.63
2021,179,1630230,Naji Marshall,NOP,628.0,-1.24,-0.01,-0.0
2021,225,1629641,Romeo Langford,BOS,251.0,-3.25,-3.19,-0.48
2021,223,202329,Al-Farouq Aminu,ORL,400.0,-3.02,-2.06,-0.47
2021,378,1626184,Chasson Randle,ORL,755.0,-5.09,-6.39,-2.75
2021,326,1630168,Onyeka Okongwu,ATL,513.0,-1.31,-4.41,-1.42
2021,275,1629076,Tyler Cook,DET,394.0,-2.46,-3.41,-0.86
2021,136,1629048,Goga Bitadze,IND,503.0,-1.0,1.37,0.42
2021,215,1629658,Jaylen Hoard,OKC,286.0,-1.98,-2.7,-0.43
2021,182,203087,Jeremy Lamb,IND,681.0,0.97,-0.06,-0.02
2021,318,1626159,Justise Winslow,MEM,452.0,-4.75,-4.81,-1.31
2021,97,201959,Taj Gibson,NYK,825.0,0.95,2.17,1.06
2021,210,1629610,DaQuan Jeffries,HOU,434.0,-3.76,-1.57,-0.41
2021,307,1629717,Armoni Brooks,HOU,477.0,-2.67,-3.91,-1.13
2021,168,1629052,Oshae Brissett,IND,481.0,0.22,0.17,0.05
2021,75,1629651,Nic Claxton,BRK,531.0,0.09,4.73,1.69
2021,269,1630237,Anthony Lamb,HOU,383.0,-4.66,-3.55,-0.83
2021,285,1630273,Freddie Gillespie,TOR,365.0,-2.56,-3.88,-0.93
2022,224,201572,Brook Lopez,MIL,268.0,-1.19,-2.58,-0.45
2022,9,201950,Jrue Holiday,MIL,1953.0,2.9,5.99,7.65
2022,137,203114,Khris Middleton,MIL,1935.0,1.41,0.38,0.49
2022,4,203507,Giannis Antetokounmpo,MIL,1998.0,10.35,8.6,11.23
2022,239,1628960,Grayson Allen,MIL,1648.0,0.28,-0.56,-0.6
2022,6,201142,Kevin Durant,BRK,1829.0,6.58,8.43,9.16
2022,384,201933,Blake Griffin,BRK,848.0,-0.58,-4.37,-2.2
2022,25,201935,James Harden,BRK,2214.0,3.68,3.44,4.52
2022,236,203925,Joe Harris,BRK,390.0,-1.29,-2.51,-0.58
2022,204,1629651,Nic Claxton,BRK,876.0,0.28,-0.48,-0.25
2022,417,1626192,Pat Connaughton,MIL,1441.0,0.99,-4.12,-3.88
2022,100,201988,Patty Mills,BRK,2100.0,-1.65,1.0,1.25
2022,43,201588,George Hill,MIL,1075.0,-1.53,5.01,3.52
2022,310,200746,LaMarcus Aldridge,BRK,936.0,0.47,-1.99,-1.1
2022,231,200794,Paul Millsap,BRK,347.0,-2.74,-2.53,-0.52
2022,353,1628975,Jevon Carter,BRK,779.0,-2.01,-3.44,-1.59
2022,296,203648,Thanasis Antetokounmpo,MIL,396.0,-2.81,-3.9,-1.01
2022,400,1629670,Jordan Nwora,MIL,1007.0,-3.7,-4.13,-2.72
2022,273,1630572,Sandro Mamukelashvili,MIL,338.0,-0.51,-3.59,-0.79
2022,300,201949,James Johnson,BRK,1049.0,-2.05,-1.63,-1.02
2022,220,1627761,DeAndre' Bembry,BRK,935.0,-0.73,-0.77,-0.43
2022,285,1628971,Bruce Brown,BRK,1590.0,0.55,-0.93,-0.88
2022,415,1630560,Cam Thomas,BRK,1001.0,-3.09,-6.12,-3.64
2022,16,2544,LeBron James,LAL,1914.0,7.07,4.87,5.66
2022,104,201566,Russell Westbrook,LAL,2463.0,-1.57,0.78,1.17
2022,338,201599,DeAndre Jordan,LAL,574.0,-1.31,-4.01,-1.4
2022,91,203076,Anthony Davis,LAL,1273.0,3.29,2.01,1.55
2022,346,203145,Kent Bazemore,LAL,481.0,-3.52,-5.22,-1.52
2022,5,201939,Stephen Curry,GSW,2000.0,5.33,8.63,10.5
2022,74,203110,Draymond Green,GSW,1183.0,2.73,2.77,2.0
2022,377,203952,Andrew Wiggins,GSW,2073.0,0.31,-1.61,-2.02
2022,77,1626172,Kevon Looney,GSW,1634.0,0.74,1.83,1.82
2022,45,1629673,Jordan Poole,GSW,2020.0,0.86,2.82,3.47
2022,146,2738,Andre Iguodala,GSW,533.0,1.89,1.23,0.4
2022,161,202357,Nemanja Bjelica,GSW,990.0,1.08,0.34,0.21
2022,365,1627814,Damion Lee,GSW,1118.0,-1.88,-2.64,-1.79
2022,314,2546,Carmelo Anthony,LAL,1566.0,-0.54,-1.19,-1.13
2022,340,200765,Rajon Rondo,CLE,590.0,-1.55,-3.96,-1.41
2022,195,1629308,Juan Toscano-Anderson,GSW,876.0,-0.83,-0.25,-0.13
2022,78,1628370,Malik Monk,LAL,1920.0,-0.54,1.55,1.8
2022,326,2730,Dwight Howard,LAL,887.0,-0.32,-2.31,-1.24
2022,99,203490,Otto Porter Jr.,GSW,1225.0,2.65,1.72,1.28
2022,61,1627780,Gary Payton II,GSW,1080.0,3.13,3.9,2.56
2022,246,202330,Gordon Hayward,CHO,1404.0,-0.73,-0.71,-0.63
2022,114,203486,Mason Plumlee,CHO,1630.0,-0.08,0.99,1.02
2022,135,1626162,Kelly Oubre Jr.,CHO,1771.0,-1.37,0.45,0.5
2022,20,1628970,Miles Bridges,CHO,2537.0,1.36,3.07,4.91
2022,59,1630163,LaMelo Ball,CHO,2187.0,3.12,1.89,2.6
2022,406,203200,Justin Holiday,IND,1856.0,-2.12,-2.95,-3.1
2022,93,1626167,Myles Turner,IND,1121.0,1.12,2.32,1.48
2022,11,1627734,Domantas Sabonis,IND,1928.0,3.71,6.21,6.79
2022,167,1627763,Malcolm Brogdon,IND,1092.0,1.9,0.26,0.16
2022,175,1630537,Chris Duarte,IND,1376.0,-2.17,0.08,0.06
2022,355,1628998,Cody Martin,CHO,1598.0,-0.54,-1.6,-1.61
2022,124,203087,Jeremy Lamb,IND,807.0,-0.85,1.84,0.84
2022,354,1628470,Torrey Craig,IND,1417.0,-1.73,-1.99,-1.6
2022,378,202397,Ish Smith,WAS,990.0,-2.63,-3.62,-2.03
2022,95,1629023,P.J. Washington,CHO,1577.0,-0.18,1.45,1.45
2022,197,1629667,Jalen McDaniels,CHO,816.0,-2.1,-0.3,-0.15
2022,170,204456,T.J. McConnell,IND,563.0,0.5,0.26,0.08
2022,67,203924,Jerami Grant,DET,1317.0,0.98,2.84,2.26
2022,366,1628402,Frank Jackson,DET,996.0,-3.17,-3.0,-1.8
2022,423,1630165,Killian Hayes,DET,1486.0,-3.27,-5.27,-4.73
2022,404,1630180,Saddiq Bey,DET,2421.0,-0.34,-2.09,-3.06
2022,419,1630191,Isaiah Stewart,DET,1671.0,-3.11,-3.95,-3.99
2022,10,201942,DeMar DeRozan,CHI,2498.0,2.3,4.48,6.83
2022,317,202696,Nikola Vucevic,CHI,2215.0,0.78,-0.85,-1.15
2022,309,203897,Zach LaVine,CHI,2100.0,2.17,-0.84,-1.08
2022,109,1628366,Lonzo Ball,CHI,1100.0,2.08,1.63,1.1
2022,275,1630172,Patrick Williams,CHI,400.0,-1.36,-3.33,-0.81
2022,221,202709,Cory Joseph,DET,1406.0,-1.99,-0.5,-0.43
2022,150,203482,Kelly Olynyk,DET,675.0,1.13,0.89,0.36
2022,177,1628977,Hamidou Diallo,DET,1097.0,-0.56,0.05,0.03
2022,107,1627936,Alex Caruso,CHI,1011.0,0.05,1.8,1.11
2022,272,1628972,Troy Brown Jr.,CHI,926.0,-1.69,-1.4,-0.79
2022,103,1629750,Javonte Green,CHI,1385.0,-0.01,1.39,1.18
2022,350,1626168,Trey Lyles,DET,1383.0,-0.39,-1.84,-1.54
2022,352,1628367,Josh Jackson,DET,709.0,-3.9,-3.68,-1.58
2022,411,1630245,Ayo Dosunmu,CHI,1893.0,-1.93,-3.06,-3.54
2022,343,202689,Kemba Walker,NYK,859.0,0.19,-2.87,-1.5
2022,138,203095,Evan Fournier,NYK,2150.0,-0.72,0.36,0.47
2022,117,203944,Julius Randle,NYK,2268.0,0.41,0.71,0.98
2022,188,1629011,Mitchell Robinson,NYK,1702.0,1.94,-0.08,-0.08
2022,408,1629628,RJ Barrett,NYK,2215.0,-1.56,-2.35,-3.18
2022,70,203935,Marcus Smart,BOS,2101.0,0.4,1.72,2.17
2022,65,1627759,Jaylen Brown,BOS,2033.0,1.89,1.93,2.36
2022,3,1628369,Jayson Tatum,BOS,2482.0,4.66,7.61,11.37
2022,31,1629057,Robert Williams III,BOS,1647.0,4.96,4.27,4.23
2022,385,1629684,Grant Williams,BOS,1668.0,-0.45,-2.22,-2.23
2022,425,203471,Dennis Schroder,BOS,1644.0,-1.83,-5.09,-5.03
2022,269,1629641,Romeo Langford,BOS,696.0,-1.32,-1.86,-0.78
2022,132,201565,Derrick Rose,NYK,563.0,1.61,1.94,0.67
2022,270,1630174,Aaron Nesmith,BOS,526.0,-3.57,-2.48,-0.78
2022,139,1630579,Jericho Sims,NYK,494.0,-1.0,1.56,0.47
2022,90,202692,Alec Burks,NYK,2092.0,0.68,1.23,1.57
2022,19,1630193,Immanuel Quickley,NYK,1589.0,0.1,5.12,4.95
2022,82,1630167,Obi Toppin,NYK,1118.0,1.65,2.56,1.74
2022,258,1630202,Payton Pritchard,BOS,926.0,1.41,-1.33,-0.74
2022,266,201609,Goran Dragic,BRK,455.0,-2.72,-2.81,-0.76
2022,29,1627832,Fred VanVleet,TOR,2195.0,3.31,3.35,4.36
2022,118,1628384,OG Anunoby,TOR,1568.0,0.37,1.0,0.94
2022,203,1630173,Precious Achiuwa,TOR,1587.0,-2.46,-0.26,-0.25
2022,308,1630567,Scottie Barnes,TOR,2403.0,0.79,-0.75,-1.07
2022,69,203078,Bradley Beal,WAS,1263.0,0.61,3.04,2.18
2022,304,203484,Kentavious Caldwell-Pope,WAS,2070.0,-1.47,-0.89,-1.04
2022,196,203915,Spencer Dinwiddie,WAS,1782.0,0.22,-0.14,-0.14
2022,407,1628398,Kyle Kuzma,WAS,1977.0,-0.26,-2.77,-3.11
2022,116,1629655,Daniel Gafford,WAS,1326.0,1.34,1.35,1.02
2022,294,203920,Khem Birch,TOR,904.0,-1.26,-1.86,-1.0
2022,274,1629018,Gary Trent Jr.,TOR,2236.0,0.12,-0.6,-0.79
2022,149,1630166,Deni Avdija,WAS,1720.0,-1.64,0.38,0.37
2022,392,203526,Raul Neto,WAS,1182.0,-2.69,-3.6,-2.42
2022,47,1626149,Montrezl Harrell,WAS,1445.0,3.41,4.17,3.42
2022,341,1629004,Svi Mykhailiuk,TOR,623.0,-2.53,-3.91,-1.45
2022,233,202722,Davis Bertans,WAS,720.0,-2.32,-1.32,-0.54
2022,303,1628988,Aaron Holiday,WAS,921.0,-1.58,-1.99,-1.04
2022,76,1628449,Chris Boucher,TOR,1476.0,-0.0,2.09,1.83
2022,280,1630625,Dalano Banton,TOR,605.0,-2.68,-2.42,-0.87
2022,51,203500,Steven Adams,MEM,1830.0,1.77,2.89,3.17
2022,157,1628991,Jaren Jackson Jr.,MEM,1988.0,-0.16,0.23,0.28
2022,38,1629001,De'Anthony Melton,MEM,1462.0,1.63,4.26,3.73
2022,21,1629630,Ja Morant,MEM,1655.0,5.51,4.94,4.9
2022,56,1630217,Desmond Bane,MEM,2061.0,2.45,2.2,2.72
2022,123,1628374,Lauri Markkanen,CLE,1739.0,0.29,0.8,0.84
2022,42,1628386,Jarrett Allen,CLE,1643.0,3.49,3.58,3.55
2022,282,1629012,Collin Sexton,CLE,288.0,-3.04,-5.02,-0.87
2022,7,1629636,Darius Garland,CLE,2225.0,2.37,6.09,8.19
2022,332,1630596,Evan Mobley,CLE,2138.0,0.5,-0.99,-1.28
2022,254,1630171,Isaac Okoro,CLE,1802.0,-1.65,-0.66,-0.72
2022,286,203937,Kyle Anderson,MEM,1301.0,0.97,-1.16,-0.91
2022,249,1629723,John Konchar,MEM,1162.0,1.21,-0.98,-0.68
2022,87,201567,Kevin Love,CLE,1503.0,4.0,1.75,1.59
2022,73,201937,Ricky Rubio,CLE,862.0,0.02,3.85,2.01
2022,364,1626224,Cedi Osman,CLE,1303.0,0.08,-2.25,-1.77
2022,297,1630533,Ziaire Williams,MEM,1231.0,-2.78,-1.37,-1.01
2022,83,1626145,Tyus Jones,MEM,1408.0,1.44,2.02,1.71
2022,57,1629634,Brandon Clarke,MEM,1107.0,3.58,3.95,2.62
2022,85,1626156,D'Angelo Russell,MIN,1901.0,0.67,1.48,1.68
2022,8,1626157,Karl-Anthony Towns,MIN,2248.0,4.62,5.92,7.98
2022,242,1629006,Josh Okogie,MIN,464.0,-2.28,-2.24,-0.62
2022,28,1630162,Anthony Edwards,MIN,2222.0,1.06,3.3,4.39
2022,426,1630183,Jaden McDaniels,MIN,1615.0,-2.74,-5.33,-5.16
2022,319,1626174,Christian Wood,HOU,1882.0,1.41,-1.07,-1.18
2022,327,1628464,Daniel Theis,HOU,908.0,-1.93,-2.34,-1.25
2022,158,1629645,Kevin Porter Jr.,HOU,1718.0,-1.55,0.27,0.28
2022,428,1630224,Jalen Green,HOU,1932.0,-2.76,-4.94,-5.63
2022,376,1630256,Jae'Sean Tate,HOU,1914.0,-1.74,-1.74,-1.97
2022,80,201569,Eric Gordon,HOU,1529.0,-2.18,1.96,1.77
2022,106,1629162,Jordan McLaughlin,MIN,786.0,0.18,2.37,1.11
2022,393,201571,D.J. Augustin,HOU,789.0,-3.18,-5.25,-2.44
2022,185,1628021,David Nwaba,HOU,514.0,-0.69,-0.2,-0.06
2022,357,1630578,Alperen Sengun,HOU,1352.0,-1.0,-2.07,-1.65
2022,134,1627736,Malik Beasley,MIN,1720.0,-0.72,0.59,0.61
2022,348,1627752,Taurean Prince,MIN,1063.0,-0.91,-2.41,-1.53
2022,356,1629675,Naz Reid,MIN,1070.0,-0.12,-2.56,-1.64
2022,187,1629020,Jarred Vanderbilt,MIN,1722.0,0.1,-0.07,-0.07
2022,333,1630231,Kenyon Martin Jr.,HOU,1449.0,-1.0,-1.51,-1.29
2022,331,1629717,Armoni Brooks,HOU,772.0,-3.42,-2.81,-1.28
2022,402,1630528,Josh Christopher,HOU,1183.0,-3.22,-4.29,-2.99
2022,110,1629669,Jaylen Nowell,MIN,865.0,0.53,2.02,1.05
2022,32,202685,Jonas Valanciunas,NOP,2106.0,1.71,3.21,4.17
2022,53,1627742,Brandon Ingram,NOP,1678.0,1.75,2.83,2.93
2022,115,1628404,Josh Hart,NOP,1664.0,0.71,0.99,1.02
2022,176,1628984,Devonte' Graham,NOP,1975.0,-1.0,0.03,0.03
2022,398,1629638,Nickeil Alexander-Walker,NOP,1288.0,-2.69,-3.24,-2.57
2022,302,201980,Danny Green,PHI,1226.0,-0.55,-1.41,-1.03
2022,325,202699,Tobias Harris,PHI,2322.0,-0.06,-0.9,-1.24
2022,265,203552,Seth Curry,PHI,1934.0,-0.6,-0.65,-0.76
2022,2,203954,Joel Embiid,PHI,2087.0,8.52,9.43,11.75
2022,129,1630178,Tyrese Maxey,PHI,2435.0,0.51,0.51,0.75
2022,420,202066,Garrett Temple,NOP,970.0,-2.3,-7.31,-4.37
2022,252,1630530,Trey Murphy III,NOP,741.0,-1.17,-1.54,-0.7
2022,255,1627777,Georges Niang,PHI,1550.0,-1.82,-0.78,-0.72
2022,368,1627788,Furkan Korkmaz,PHI,1279.0,-2.88,-2.42,-1.85
2022,133,1629637,Jaxson Hayes,NOP,1233.0,0.07,0.84,0.64
2022,243,1629680,Matisse Thybulle,PHI,1549.0,0.91,-0.68,-0.63
2022,256,1630198,Isaiah Joe,PHI,541.0,-3.82,-2.28,-0.74
2022,71,203083,Andre Drummond,PHI,1324.0,1.05,2.6,2.06
2022,389,203107,Tomas Satoransky,NOP,833.0,-3.28,-4.49,-2.31
2022,253,1630184,Kira Lewis Jr.,NOP,281.0,-2.96,-4.13,-0.72
2022,292,1630230,Naji Marshall,NOP,636.0,-2.78,-2.4,-0.94
2022,41,1630529,Herbert Jones,NOP,2135.0,-0.53,2.73,3.59
2022,171,1630194,Paul Reed,PHI,271.0,0.99,0.5,0.08
2022,410,203926,Doug McDermott,SAS,1149.0,-2.33,-4.87,-3.44
2022,22,1627749,Dejounte Murray,SAS,2113.0,4.98,3.71,4.82
2022,37,1627751,Jakob Poeltl,SAS,1789.0,1.4,3.4,3.73
2022,46,1628401,Derrick White,SAS,1977.0,0.78,2.83,3.43
2022,190,1629640,Keldon Johnson,SAS,2162.0,-0.53,-0.08,-0.11
2022,321,1628964,Mo Bamba,ORL,1661.0,0.56,-1.21,-1.21
2022,34,1628976,Wendell Carter Jr.,ORL,1690.0,1.39,3.92,3.99
2022,245,1630175,Cole Anthony,ORL,1894.0,-1.19,-0.55,-0.63
2022,40,1630532,Franz Wagner,ORL,2227.0,-0.72,2.69,3.6
2022,412,1630591,Jalen Suggs,ORL,1180.0,-5.08,-5.0,-3.55
2022,424,203082,Terrence Ross,ORL,1258.0,-3.41,-6.39,-4.84
2022,320,1629649,Ignas Brazdeikis,ORL,450.0,-3.48,-4.46,-1.21
2022,427,1630181,R.J. Hampton,ORL,1218.0,-3.76,-7.45,-5.46
2022,382,1629022,Lonnie Walker IV,SAS,1406.0,-2.36,-2.46,-2.12
2022,207,1630170,Devin Vassell,SAS,1727.0,-0.54,-0.25,-0.26
2022,111,1629021,Moritz Wagner,ORL,808.0,1.19,2.13,1.04
2022,391,1629234,Drew Eubanks,POR,1128.0,-1.33,-3.96,-2.41
2022,298,1627854,Bryn Forbes,SAS,1132.0,-2.67,-1.46,-1.01
2022,244,201577,Robin Lopez,ORL,558.0,-3.21,-1.87,-0.63
2022,283,1628966,Keita Bates-Diop,SAS,805.0,-2.35,-1.77,-0.88
2022,181,1630200,Tre Jones,SAS,986.0,-0.57,-0.01,-0.0
2022,27,201144,Mike Conley,UTA,1878.0,2.8,3.97,4.44
2022,375,202711,Bojan Bogdanovic,UTA,1949.0,-0.07,-1.69,-1.96
2022,13,203497,Rudy Gobert,UTA,1939.0,4.2,5.41,6.25
2022,358,1626220,Royce O'Neale,UTA,2197.0,0.68,-1.27,-1.66
2022,15,1628378,Donovan Mitchell,UTA,2078.0,3.94,4.78,5.91
2022,259,202324,Derrick Favors,OKC,591.0,-1.88,-2.09,-0.74
2022,50,1628983,Shai Gilgeous-Alexander,OKC,1741.0,3.05,3.13,3.27
2022,422,1629647,Darius Bazley,OKC,1731.0,-1.74,-4.54,-4.72
2022,379,1629652,Luguentz Dort,OKC,1491.0,-2.18,-2.28,-2.04
2022,215,1630581,Josh Giddey,OKC,1561.0,-0.91,-0.38,-0.35
2022,62,202355,Hassan Whiteside,UTA,1051.0,1.71,3.98,2.49
2022,182,204060,Joe Ingles,UTA,1031.0,-0.39,-0.01,-0.01
2022,257,1629676,Isaiah Roby,OKC,869.0,0.36,-1.42,-0.74
2022,405,1630544,Tre Mann,OKC,1214.0,-4.03,-4.26,-3.1
2022,120,203903,Jordan Clarkson,UTA,1900.0,-0.63,0.82,0.93
2022,299,1629672,Eric Paschall,UTA,642.0,-0.59,-2.66,-1.02
2022,126,1629026,Kenrich Williams,OKC,936.0,-0.4,1.38,0.78
2022,108,1630197,Aleksej Pokusevski,OKC,1112.0,-2.41,1.66,1.1
2022,401,1630177,Theo Maledon,OKC,808.0,-3.87,-6.08,-2.94
2022,369,1630526,Jeremiah Robinson-Earl,OKC,994.0,-2.04,-3.15,-1.88
2022,218,1630215,Jared Butler,UTA,323.0,-1.41,-2.02,-0.39
2022,342,1630190,Elijah Hughes,POR,386.0,-5.26,-7.13,-1.49
2022,339,1630249,Vit Krejci,OKC,606.0,-4.45,-3.87,-1.41
2022,18,101108,Chris Paul,PHO,1952.0,4.94,4.32,5.39
2022,75,203109,Jae Crowder,PHO,1752.0,0.93,1.76,1.97
2022,17,1626164,Devin Booker,PHO,2107.0,3.76,4.03,5.43
2022,26,1628969,Mikal Bridges,PHO,2610.0,1.46,2.71,4.52
2022,44,1629028,Deandre Ayton,PHO,1577.0,2.47,3.47,3.5
2022,403,203115,Will Barton,DEN,2106.0,-0.53,-2.37,-3.03
2022,186,203932,Aaron Gordon,DEN,2174.0,-0.63,-0.05,-0.07
2022,1,203999,Nikola Jokic,DEN,2241.0,12.78,13.51,18.4
2022,313,1628420,Monte Morris,DEN,2064.0,-0.07,-0.9,-1.13
2022,184,201580,JaVale McGee,PHO,1062.0,0.58,-0.06,-0.04
2022,164,1626166,Cameron Payne,PHO,1149.0,-0.12,0.26,0.19
2022,58,1629661,Cameron Johnson,PHO,1547.0,2.37,2.64,2.61
2022,226,1628408,P.J. Dozier,DEN,288.0,-1.66,-2.63,-0.46
2022,345,1630267,Facundo Campazzo,DEN,1034.0,-0.83,-2.42,-1.52
2022,344,1629013,Landry Shamet,PHO,1310.0,-1.18,-1.82,-1.52
2022,416,201145,Jeff Green,DEN,1723.0,-2.38,-3.68,-3.86
2022,324,203085,Austin Rivers,DEN,1310.0,-3.51,-1.54,-1.23
2022,174,203210,JaMychal Green,DEN,1009.0,-1.7,0.11,0.07
2022,98,203081,Damian Lillard,POR,946.0,0.99,2.54,1.3
2022,112,203468,CJ McCollum,POR,1969.0,1.7,0.97,1.03
2022,127,203496,Robert Covington,POR,1791.0,0.1,0.8,0.77
2022,101,203994,Jusuf Nurkic,POR,1448.0,0.18,1.55,1.21
2022,418,1626181,Norman Powell,POR,1353.0,-0.35,-5.43,-3.96
2022,386,203084,Harrison Barnes,SAC,2338.0,0.13,-1.65,-2.24
2022,212,203090,Maurice Harkless,SAC,795.0,-2.93,-0.74,-0.34
2022,287,1626158,Richaun Holmes,SAC,975.0,-0.57,-1.6,-0.91
2022,312,1628368,De'Aaron Fox,SAC,1840.0,-0.63,-1.05,-1.12
2022,72,1630169,Tyrese Haliburton,SAC,2390.0,2.42,1.46,2.02
2022,240,202684,Tristan Thompson,SAC,778.0,-2.76,-1.34,-0.61
2022,68,1627741,Buddy Hield,SAC,2171.0,-1.2,1.75,2.2
2022,189,203469,Cody Zeller,POR,304.0,-1.74,-0.61,-0.1
2022,140,1626204,Larry Nance Jr.,POR,937.0,-0.22,0.87,0.44
2022,421,1630558,Davion Mitchell,SAC,1826.0,-3.59,-4.23,-4.48
2022,84,1629014,Anfernee Simons,POR,1531.0,-0.73,2.04,1.69
2022,113,1629056,Terence Davis,SAC,482.0,-0.92,3.65,1.02
2022,155,1629642,Nassir Little,POR,995.0,-1.35,0.55,0.29
2022,23,203991,Clint Capela,ATL,1903.0,1.78,4.17,4.69
2022,30,203992,Bogdan Bogdanovic,ATL,1680.0,1.11,4.3,4.26
2022,102,1628381,John Collins,ATL,1514.0,1.27,1.33,1.19
2022,14,1629027,Trae Young,ATL,2412.0,4.84,4.16,5.92
2022,409,1629631,De'Andre Hunter,ATL,1461.0,-3.63,-3.77,-3.25
2022,288,203501,Tim Hardaway Jr.,DAL,1139.0,-0.29,-1.29,-0.91
2022,248,203939,Dwight Powell,DAL,1687.0,0.74,-0.62,-0.65
2022,121,204001,Kristaps Porzingis,DAL,1371.0,3.81,1.03,0.87
2022,88,1627827,Dorian Finney-Smith,DAL,2373.0,0.69,1.08,1.58
2022,35,1629029,Luka Doncic,DAL,2098.0,7.59,3.06,3.97
2022,105,1628989,Kevin Huerter,ATL,2015.0,-1.19,0.95,1.14
2022,55,1628973,Jalen Brunson,DAL,2305.0,0.78,1.93,2.75
2022,413,1629629,Cam Reddish,ATL,899.0,-1.28,-6.77,-3.59
2022,199,203476,Gorgui Dieng,ATL,324.0,1.12,-0.89,-0.17
2022,89,1626153,Delon Wright,ATL,1278.0,1.86,2.1,1.58
2022,54,203493,Reggie Bullock,DAL,1710.0,-1.37,2.64,2.79
2022,318,1628425,Sterling Brown,DAL,557.0,-2.5,-3.37,-1.16
2022,130,1628467,Maxi Kleber,DAL,1299.0,-0.46,0.91,0.73
2022,281,203504,Trey Burke,DAL,384.0,-3.88,-3.67,-0.87
2022,202,1628373,Frank Ntilikina,DAL,600.0,-1.72,-0.64,-0.24
2022,141,1630182,Josh Green,DAL,915.0,-1.0,0.75,0.43
2022,66,200768,Kyle Lowry,MIA,1928.0,1.78,2.0,2.32
2022,33,200782,P.J. Tucker,MIA,1794.0,0.48,3.83,4.14
2022,24,202710,Jimmy Butler,MIA,1744.0,5.72,4.35,4.57
2022,36,1628389,Bam Adebayo,MIA,1667.0,3.4,3.96,3.97
2022,362,1629130,Duncan Robinson,MIA,1861.0,-0.63,-1.57,-1.76
2022,96,1629639,Tyler Herro,MIA,1881.0,0.57,1.22,1.38
2022,180,203473,Dewayne Dedmon,MIA,967.0,-1.0,0.02,0.01
2022,94,1629622,Max Strus,MIA,1404.0,0.72,1.73,1.46
2022,222,202693,Markieff Morris,MIA,264.0,-1.57,-2.72,-0.43
2022,267,1629216,Gabe Vincent,MIA,1436.0,-1.36,-0.89,-0.77
2022,81,1628997,Caleb Martin,MIA,1221.0,0.87,2.38,1.75
2022,198,1630209,Omer Yurtseven,MIA,629.0,-1.0,-0.44,-0.17
2022,63,202331,Paul George,LAC,971.0,3.07,4.18,2.48
2022,151,202339,Eric Bledsoe,LAC,1254.0,-0.82,0.47,0.36
2022,305,202694,Marcus Morris Sr.,LAC,1431.0,-1.36,-1.2,-1.05
2022,336,202704,Reggie Jackson,LAC,2104.0,-2.87,-1.04,-1.34
2022,374,1627826,Ivica Zubac,LAC,1705.0,0.56,-1.85,-1.93
2022,208,1628379,Luke Kennard,LAC,1709.0,-1.0,-0.25,-0.26
2022,52,1629611,Terance Mann,LAC,2065.0,-0.63,2.5,3.16
2022,131,1626159,Justise Winslow,LAC,702.0,-1.57,1.68,0.72
2022,163,1629599,Amir Coffey,LAC,1428.0,-0.37,0.23,0.2
2022,271,1630541,Moses Moody,GSW,550.0,-2.18,-2.35,-0.79
2022,64,1626179,Terry Rozier,CHO,2231.0,1.53,1.75,2.47
2022,219,1629731,Dean Wade,CLE,874.0,-0.66,-0.78,-0.41
2022,363,1630205,Lamar Stevens,CLE,932.0,-2.64,-3.15,-1.77
2022,295,1630208,Nick Richards,CHO,335.0,-2.24,-4.74,-1.0
2022,306,1630547,James Bouknight,CHO,267.0,-4.9,-6.29,-1.06
2022,290,1629656,Quentin Grimes,NYK,682.0,-0.43,-2.21,-0.92
2022,213,1630540,Miles McBride,NYK,336.0,-3.42,-1.7,-0.35
2022,125,1630557,Corey Kispert,WAS,1620.0,-2.19,0.85,0.78
2022,359,1629052,Oshae Brissett,IND,1383.0,-2.08,-2.12,-1.67
2022,48,201143,Al Horford,BOS,1844.0,3.9,3.06,3.39
2022,211,1626196,Josh Richardson,BOS,1424.0,0.01,-0.34,-0.29
2022,148,202683,Enes Freedom,BOS,371.0,-1.28,1.68,0.37
2022,264,1627823,Juancho Hernangomez,UTA,410.0,-0.71,-3.09,-0.75
2022,284,1630201,Malachi Flynn,TOR,477.0,-1.38,-3.11,-0.88
2022,193,1630551,Justin Champagnie,TOR,250.0,-1.63,-0.79,-0.12
2022,128,1627884,Derrick Jones Jr.,CHI,778.0,-0.92,1.61,0.77
2022,160,1628396,Tony Bradley,CHI,492.0,-1.61,0.71,0.21
2022,169,1629744,Matt Thomas,CHI,426.0,-2.18,0.35,0.09
2022,228,1627863,Danuel House Jr.,UTA,652.0,-1.07,-1.24,-0.48
2022,97,203488,Mike Muscala,OKC,508.0,3.63,4.5,1.37
2022,173,1629660,Ty Jerome,OKC,716.0,-2.07,0.16,0.07
2022,168,201152,Thaddeus Young,TOR,742.0,1.65,0.27,0.12
2022,414,202340,Avery Bradley,LAL,1291.0,-3.33,-4.61,-3.61
2022,229,1630559,Austin Reaves,LAL,1265.0,-1.8,-0.65,-0.5
2022,263,203458,Alex Len,SAC,541.0,-2.49,-2.38,-0.75
2022,361,1628963,Marvin Bagley III,SAC,1019.0,-2.12,-2.94,-1.74
2022,142,1630235,Trent Forrest,UTA,679.0,-1.0,1.04,0.42
2022,201,1630543,Isaiah Jackson,IND,484.0,-1.46,-0.77,-0.21
2022,262,1630240,Saben Lee,DET,539.0,-0.53,-2.29,-0.75
2022,227,1630568,Luka Garza,DET,329.0,-1.0,-2.4,-0.48
2022,183,203585,Rodney McGruder,DET,675.0,-1.33,-0.05,-0.02
2022,86,201976,Patrick Beverley,MIN,1339.0,2.33,2.03,1.63
2022,192,1629111,Jock Landale,SAS,485.0,-1.0,-0.38,-0.11
2022,397,1630563,Joshua Primo,SAS,865.0,-4.41,-4.75,-2.53
2022,360,203901,Elfrid Payton,PHO,481.0,-2.91,-5.47,-1.68
2022,311,1628372,Dennis Smith Jr.,POR,565.0,-1.55,-3.66,-1.11
2022,136,1630188,Jalen Smith,IND,803.0,-0.57,1.07,0.49
2022,399,1629604,CJ Elleby,POR,1091.0,-4.78,-4.41,-2.59
2022,394,203463,Ben McLemore,POR,1131.0,-2.94,-4.06,-2.48
2022,330,1630535,Greg Brown III,POR,564.0,-3.92,-4.17,-1.27
2022,143,201587,Nicolas Batum,LAC,1315.0,1.96,0.52,0.42
2022,39,1628392,Isaiah Hartenstein,LAC,1083.0,3.83,5.55,3.67
2022,162,1630549,Day'Ron Sharpe,BRK,339.0,-2.25,1.02,0.21
2022,144,201959,Taj Gibson,NYK,837.0,-1.85,0.8,0.41
2022,214,1630214,Xavier Tillman,MEM,615.0,0.37,-0.94,-0.35
2022,159,1629048,Goga Bitadze,IND,672.0,-0.84,0.62,0.24
2022,329,203918,Rodney Hood,MIL,606.0,-2.84,-3.19,-1.27
2022,367,101150,Lou Williams,ATL,724.0,-2.99,-4.27,-1.82
2022,381,1627789,Timothe Luwawu-Cabarrot,ATL,598.0,-2.84,-5.96,-2.1
2022,390,203914,Gary Harris,ORL,1538.0,-2.28,-2.51,-2.32
2022,152,1630538,Bones Hyland,DEN,1169.0,-0.47,0.48,0.34
2022,210,1630192,Zeke Nnaji,DEN,596.0,-1.96,-0.8,-0.29
2022,206,1629685,Dylan Windler,CLE,404.0,-1.51,-1.05,-0.26
2022,370,1630527,Brandon Boston Jr.,LAC,662.0,-2.88,-4.72,-1.91
2022,279,1629185,Chris Chiozza,GSW,321.0,-4.41,-4.41,-0.86
2022,268,1629650,Moses Brown,CLE,326.0,-2.59,-3.94,-0.78
2022,278,202954,Brad Wanamaker,IND,276.0,-4.11,-5.5,-0.86
2022,234,201568,Danilo Gallinari,ATL,1540.0,-0.27,-0.62,-0.57
2022,60,1626171,Bobby Portis,MIL,1825.0,0.11,2.16,2.58
2022,371,1628400,Semi Ojeleye,MIL,335.0,-4.27,-8.76,-1.92
2022,230,1629633,Jarrett Culver,MEM,310.0,-3.96,-2.79,-0.52
2022,235,1629681,Killian Tillie,MEM,402.0,-2.24,-2.38,-0.57
2022,250,1630583,Santi Aldama,MEM,302.0,-4.14,-3.8,-0.69
2022,328,1629003,Shake Milton,PHI,1032.0,-2.05,-2.04,-1.26
2022,396,1630613,Duane Washington Jr.,IND,874.0,-4.16,-5.1,-2.53
2022,79,1630595,Cade Cunningham,DET,1890.0,-1.56,1.57,1.8
2022,395,1629643,Chuma Okeke,ORL,1549.0,-0.18,-2.67,-2.49
2022,383,1627747,Caris LeVert,IND,1617.0,-0.97,-2.33,-2.14
2022,349,1630228,Jonathan Kuminga,GSW,1051.0,-1.44,-2.4,-1.53
2022,289,1629103,Kelan Martin,IND,407.0,-2.9,-3.95,-0.91
2022,373,203503,Tony Snell,POR,736.0,-3.66,-4.85,-1.92
2022,291,203457,Nerlens Noel,NYK,511.0,-1.0,-2.98,-0.93
2022,191,1626195,Willy Hernangomez,NOP,713.0,-0.01,-0.25,-0.11
2022,322,201961,Wayne Ellington,LAL,725.0,-1.33,-2.76,-1.21
2022,92,1630631,Jose Alvarado,NOP,695.0,1.38,3.5,1.5
2022,316,1629002,Chimezie Metu,SAC,1118.0,-1.44,-1.77,-1.15
2022,216,1627745,Damian Jones,SAC,890.0,0.11,-0.73,-0.38
2022,12,1627783,Pascal Siakam,TOR,2341.0,3.23,4.62,6.43
2022,238,201586,Serge Ibaka,LAC,786.0,-1.45,-1.25,-0.6
2022,388,1630553,Keon Johnson,POR,628.0,-4.97,-6.77,-2.29
2022,122,1628415,Dillon Brooks,MEM,844.0,-1.68,1.68,0.85
2022,178,1630264,Anthony Gill,WAS,380.0,-1.65,0.13,0.03
2022,372,1629659,Talen Horton-Tucker,LAL,1341.0,-3.07,-2.36,-1.92
2022,380,1630598,Aaron Wiggins,OKC,1102.0,-3.9,-3.13,-2.06
2022,337,1630570,Trendon Watford,POR,798.0,-1.59,-3.24,-1.4
2022,293,1629726,Garrison Mathews,HOU,1556.0,-2.19,-1.06,-0.97
2022,276,1629632,Coby White,CHI,1470.0,-2.0,-0.93,-0.83
2022,387,1630556,Kessler Edwards,BRK,880.0,-3.39,-4.37,-2.29
2022,147,200752,Rudy Gay,UTA,928.0,-1.0,0.7,0.38
2022,200,1630688,Ish Wainright,PHO,304.0,-1.67,-0.87,-0.17
2022,217,1629139,Yuta Watanabe,TOR,399.0,-1.73,-1.63,-0.38
2022,334,1629833,Keljin Blevins,POR,299.0,-5.99,-8.23,-1.32
2022,145,202326,DeMarcus Cousins,DEN,654.0,-1.5,1.02,0.41
2022,223,1628432,Davon Reed,DEN,592.0,-0.44,-1.24,-0.44
2022,165,202083,Wesley Matthews,MIL,853.0,-2.96,0.29,0.16
2022,241,1630561,David Duke Jr.,BRK,305.0,-2.94,-3.43,-0.62
2022,179,1630587,Isaiah Livers,DET,353.0,-1.35,0.1,0.02
2022,323,1629678,Admiral Schofield,ORL,404.0,-4.21,-5.0,-1.21
2022,119,1630168,Onyeka Okongwu,ATL,899.0,0.54,1.75,0.93
2022,237,202738,Isaiah Thomas,CHO,297.0,-3.33,-3.14,-0.59
2022,260,2772,Trevor Ariza,LAL,401.0,-2.75,-3.06,-0.74
2022,247,1629164,Brandon Goodwin,CLE,441.0,-1.45,-2.41,-0.64
2022,172,1629109,Gary Clark,NOP,305.0,-0.26,0.41,0.08
2022,232,1628418,Thomas Bryant,WAS,392.0,-1.0,-2.39,-0.53
2022,315,1629060,Rui Hachimura,WAS,846.0,-1.34,-2.37,-1.14
2022,261,1627737,Marquese Chriss,DAL,299.0,-2.86,-4.03,-0.75
2022,277,202362,Lance Stephenson,IND,714.0,-2.83,-2.09,-0.85
2022,205,1626147,Justin Anderson,IND,297.0,-2.46,-1.5,-0.25
2022,49,202681,Kyrie Irving,BRK,994.0,2.48,5.68,3.36
2022,347,1628978,Donte DiVincenzo,SAC,883.0,-2.8,-2.99,-1.53
2022,301,1626169,Stanley Johnson,LAL,1014.0,-2.48,-1.66,-1.02
2022,351,1630314,Brandon Williams,POR,602.0,-4.76,-4.74,-1.54
2022,225,1629117,Wenyen Gabriel,LAL,333.0,-4.38,-2.27,-0.46
2022,194,1630846,Olivier Sarr,OKC,373.0,-3.14,-0.6,-0.13
2022,307,1626208,Keifer Sykes,IND,513.0,-5.57,-3.64,-1.06
2022,251,202687,Bismack Biyombo,PHO,458.0,-1.23,-2.36,-0.69
2022,156,202691,Klay Thompson,GSW,856.0,0.79,0.54,0.28
2022,335,1630678,Terry Taylor,IND,634.0,-0.68,-3.72,-1.34
2022,153,1628380,Zach Collins,SAS,424.0,-0.41,1.25,0.33
2022,154,1630322,Lindy Waters III,OKC,409.0,-1.0,1.2,0.29
2022,166,1628365,Markelle Fultz,ORL,327.0,-0.18,0.83,0.16
2022,209,1627739,Kris Dunn,POR,290.0,-3.9,-1.78,-0.28
2023,49,201143,Al Horford,BOS,1780.0,2.97,2.95,3.41
2023,265,203935,Marcus Smart,BOS,1817.0,-1.0,-0.82,-0.96
2023,155,1627759,Jaylen Brown,BOS,2221.0,1.15,-0.01,-0.01
2023,4,1628369,Jayson Tatum,BOS,2513.0,5.13,6.18,10.07
2023,8,1628401,Derrick White,BOS,2129.0,2.18,5.65,7.79
2023,403,200782,P.J. Tucker,PHI,1785.0,-2.84,-4.92,-6.0
2023,31,201935,James Harden,PHI,1951.0,4.94,3.88,5.17
2023,61,202699,Tobias Harris,PHI,2206.0,0.59,1.94,2.92
2023,2,203954,Joel Embiid,PHI,2085.0,8.52,8.88,12.65
2023,122,1630178,Tyrese Maxey,PHI,1806.0,0.48,0.43,0.53
2023,339,1629684,Grant Williams,BOS,1808.0,-1.09,-1.67,-1.96
2023,104,1627763,Malcolm Brogdon,BOS,1536.0,2.46,0.97,0.97
2023,139,1626149,Montrezl Harrell,PHI,604.0,-1.24,0.61,0.25
2023,133,201933,Blake Griffin,BOS,527.0,-0.14,0.97,0.33
2023,230,1627863,Danuel House Jr.,PHI,717.0,-2.65,-1.33,-0.65
2023,389,1629001,De'Anthony Melton,PHI,1939.0,0.76,-3.11,-4.12
2023,348,1627777,Georges Niang,PHI,1323.0,-1.36,-2.44,-2.2
2023,97,1629680,Matisse Thybulle,POR,1083.0,-0.59,1.71,1.11
2023,105,1630573,Sam Hauser,BOS,1127.0,0.77,1.31,0.96
2023,21,201939,Stephen Curry,GSW,1749.0,6.83,5.68,6.58
2023,346,202691,Klay Thompson,GSW,2031.0,-0.35,-1.61,-2.17
2023,46,203110,Draymond Green,GSW,2088.0,0.68,2.68,3.7
2023,132,203952,Andrew Wiggins,GSW,1096.0,-0.56,0.51,0.37
2023,59,1626172,Kevon Looney,GSW,1790.0,1.86,2.55,3.02
2023,9,2544,LeBron James,LAL,1762.0,5.54,6.62,7.61
2023,264,201566,Russell Westbrook,LAL,1864.0,0.1,-0.79,-0.96
2023,401,201976,Patrick Beverley,LAL,1704.0,-1.21,-4.94,-5.5
2023,6,203076,Anthony Davis,LAL,1697.0,5.71,7.13,7.9
2023,395,1629022,Lonnie Walker IV,LAL,1141.0,-1.35,-6.08,-4.53
2023,64,1630559,Austin Reaves,LAL,1603.0,0.55,2.62,2.75
2023,385,1629673,Jordan Poole,GSW,2192.0,-1.84,-2.7,-3.92
2023,341,1629134,Kendrick Nunn,LAL,829.0,-3.1,-3.8,-2.05
2023,329,203210,JaMychal Green,GSW,702.0,-0.59,-3.76,-1.75
2023,377,1630164,James Wiseman,DET,768.0,-3.1,-7.46,-3.41
2023,252,1630228,Jonathan Kuminga,GSW,1243.0,-1.62,-1.02,-0.84
2023,286,1629308,Juan Toscano-Anderson,UTA,620.0,-3.27,-3.41,-1.19
2023,44,1628978,Donte DiVincenzo,GSW,1707.0,0.56,3.36,3.8
2023,278,1629117,Wenyen Gabriel,LAL,891.0,-2.03,-1.81,-1.05
2023,171,1630346,Matt Ryan,MIN,258.0,-2.51,-0.8,-0.14
2023,307,1630541,Moses Moody,GSW,705.0,-2.32,-3.03,-1.42
2023,77,202711,Bojan Bogdanovic,DET,1697.0,0.65,1.72,1.74
2023,167,1630180,Saddiq Bey,DET,1907.0,-0.37,-0.1,-0.12
2023,312,1630191,Isaiah Stewart,DET,1272.0,-1.98,-2.0,-1.51
2023,151,1630595,Cade Cunningham,DET,376.0,-0.79,0.28,0.06
2023,409,1631093,Jaden Ivey,DET,2068.0,-3.14,-7.72,-9.51
2023,319,203082,Terrence Ross,ORL,1226.0,-1.96,-2.0,-1.56
2023,111,1628976,Wendell Carter Jr.,ORL,1520.0,0.82,0.86,0.84
2023,11,1630532,Franz Wagner,ORL,2399.0,-0.15,4.87,7.44
2023,206,1630591,Jalen Suggs,ORL,1108.0,-1.0,-0.66,-0.47
2023,394,1631094,Paolo Banchero,ORL,2166.0,-1.47,-3.21,-4.43
2023,318,1631216,Caleb Houstan,ORL,724.0,-3.49,-3.38,-1.56
2023,400,1630165,Killian Hayes,DET,1930.0,-3.6,-4.77,-5.48
2023,250,1631105,Jalen Duren,DET,1516.0,-0.82,-0.9,-0.82
2023,351,1629626,Bol Bol,ORL,1384.0,-0.91,-2.68,-2.36
2023,297,1628995,Kevin Knox II,DET,844.0,-3.11,-2.61,-1.31
2023,238,202709,Cory Joseph,DET,1084.0,-1.44,-1.09,-0.7
2023,100,1628964,Mo Bamba,ORL,718.0,0.25,2.25,1.03
2023,103,1628977,Hamidou Diallo,DET,875.0,-1.34,1.87,0.97
2023,285,1629643,Chuma Okeke,ORL,456.0,-1.45,-3.98,-1.16
2023,246,1630181,R.J. Hampton,DET,674.0,-2.54,-1.93,-0.78
2023,33,1627741,Buddy Hield,IND,2277.0,1.72,3.31,4.8
2023,20,1630169,Tyrese Haliburton,IND,1688.0,6.53,6.13,6.59
2023,301,1630188,Jalen Smith,IND,1195.0,-1.98,-1.76,-1.34
2023,355,1630537,Chris Duarte,IND,812.0,-3.95,-4.82,-2.49
2023,78,203078,Bradley Beal,WAS,1514.0,1.55,1.62,1.69
2023,56,204001,Kristaps Porzingis,WAS,1925.0,3.92,2.37,3.14
2023,174,1628398,Kyle Kuzma,WAS,2018.0,-1.65,-0.11,-0.16
2023,156,1628420,Monte Morris,WAS,1538.0,0.37,-0.02,-0.02
2023,118,1630166,Deni Avdija,WAS,1807.0,-2.2,0.5,0.62
2023,198,1630543,Isaiah Jackson,IND,928.0,-0.83,-0.62,-0.37
2023,350,1631097,Bennedict Mathurin,IND,1974.0,-3.51,-1.86,-2.34
2023,343,1629060,Rui Hachimura,LAL,1269.0,-2.09,-2.54,-2.1
2023,95,204456,T.J. McConnell,IND,1353.0,0.35,1.45,1.25
2023,114,1629052,Oshae Brissett,IND,976.0,-2.91,1.11,0.69
2023,388,1630174,Aaron Nesmith,IND,1658.0,-2.83,-3.87,-4.09
2023,379,203115,Will Barton,WAS,860.0,-2.39,-5.83,-3.44
2023,70,1626153,Delon Wright,WAS,1072.0,2.86,2.99,2.2
2023,110,1629655,Daniel Gafford,WAS,1484.0,0.82,0.84,0.85
2023,219,1630264,Anthony Gill,WAS,545.0,-2.8,-1.48,-0.55
2023,131,1629048,Goga Bitadze,ORL,391.0,-0.08,1.55,0.38
2023,42,203991,Clint Capela,ATL,1576.0,1.92,3.79,3.9
2023,137,1627749,Dejounte Murray,ATL,2501.0,0.89,0.17,0.28
2023,332,1628381,John Collins,ATL,1955.0,-1.28,-1.44,-1.84
2023,72,1629027,Trae Young,ATL,2276.0,3.03,1.44,2.13
2023,352,1629631,De'Andre Hunter,ATL,1957.0,-3.14,-1.89,-2.42
2023,382,201569,Eric Gordon,HOU,1819.0,-1.82,-3.13,-3.55
2023,195,1628981,Bruno Fernando,HOU,362.0,-1.72,-1.57,-0.36
2023,107,1629645,Kevin Porter Jr.,HOU,1844.0,0.48,0.8,0.92
2023,362,1630224,Jalen Green,HOU,2365.0,-2.03,-1.91,-2.83
2023,407,1631095,Jabari Smith Jr.,HOU,2256.0,-3.53,-5.11,-7.2
2023,178,1630231,Kenyon Martin Jr.,HOU,2069.0,-1.0,-0.17,-0.22
2023,184,1630552,Jalen Johnson,ATL,944.0,0.12,-0.42,-0.26
2023,357,203200,Justin Holiday,ATL,625.0,-3.33,-6.27,-2.56
2023,161,1628988,Aaron Holiday,ATL,772.0,-1.84,-0.11,-0.06
2023,39,1630168,Onyeka Okongwu,ATL,1704.0,0.65,3.69,4.1
2023,192,1631106,Tari Eason,HOU,1552.0,-1.64,-0.35,-0.34
2023,65,1630578,Alperen Sengun,HOU,2013.0,1.23,2.07,2.6
2023,159,1629726,Garrison Mathews,HOU,610.0,-2.12,-0.09,-0.03
2023,358,1630528,Josh Christopher,HOU,729.0,-3.74,-5.63,-2.56
2023,34,201142,Kevin Durant,BRK,1516.0,6.4,4.59,4.78
2023,19,202681,Kyrie Irving,BRK,2026.0,3.78,4.96,6.9
2023,324,1626220,Royce O'Neale,BRK,2155.0,-1.09,-1.14,-1.69
2023,145,1627732,Ben Simmons,BRK,1027.0,0.22,0.2,0.14
2023,48,1629651,Nic Claxton,BRK,2074.0,2.82,2.55,3.64
2023,320,202685,Jonas Valanciunas,NOP,1863.0,-0.44,-1.29,-1.59
2023,99,203468,CJ McCollum,NOP,2362.0,0.69,0.68,1.06
2023,142,1627742,Brandon Ingram,NOP,1369.0,1.43,0.23,0.21
2023,60,1629627,Zion Williamson,NOP,843.0,4.77,5.26,2.93
2023,93,1630529,Herbert Jones,NOP,1765.0,-0.35,1.11,1.29
2023,308,201988,Patty Mills,BRK,518.0,-2.63,-4.01,-1.43
2023,244,1630549,Day'Ron Sharpe,BRK,486.0,-1.99,-2.31,-0.77
2023,84,1630530,Trey Murphy III,NOP,2155.0,1.62,1.04,1.48
2023,153,1630631,Jose Alvarado,NOP,1116.0,-1.18,0.04,0.03
2023,220,1628410,Edmond Sumner,BRK,636.0,-2.29,-1.28,-0.56
2023,54,1626204,Larry Nance Jr.,NOP,1120.0,1.65,4.31,3.19
2023,202,202693,Markieff Morris,BRK,320.0,-2.15,-1.81,-0.4
2023,276,1630560,Cam Thomas,BRK,812.0,-2.43,-1.86,-1.04
2023,359,1628984,Devonte' Graham,NOP,1174.0,-0.17,-3.33,-2.58
2023,328,1630230,Naji Marshall,NOP,1550.0,-1.82,-1.71,-1.75
2023,266,1629139,Yuta Watanabe,BRK,784.0,-0.66,-1.79,-0.96
2023,210,1630556,Kessler Edwards,SAC,330.0,-3.02,-2.24,-0.48
2023,248,1630700,Dyson Daniels,NOP,910.0,-1.69,-1.35,-0.81
2023,172,200768,Kyle Lowry,MIA,1518.0,0.09,-0.14,-0.14
2023,25,202710,Jimmy Butler,MIA,1879.0,7.98,4.77,6.04
2023,27,1628389,Bam Adebayo,MIA,2345.0,1.35,3.73,5.89
2023,335,1628997,Caleb Martin,MIA,1874.0,-1.19,-1.5,-1.9
2023,43,1629639,Tyler Herro,MIA,2054.0,0.49,2.76,3.82
2023,45,201942,DeMar DeRozan,CHI,2402.0,1.82,2.33,3.77
2023,91,202696,Nikola Vucevic,CHI,2419.0,2.48,0.84,1.37
2023,47,1627936,Alex Caruso,CHI,1360.0,0.89,4.01,3.67
2023,375,1630172,Patrick Williams,CHI,2099.0,-1.28,-2.37,-3.35
2023,391,1630245,Ayo Dosunmu,CHI,1862.0,-2.39,-3.31,-4.15
2023,106,1629632,Coby White,CHI,1504.0,-0.82,0.92,0.93
2023,117,1629750,Javonte Green,CHI,432.0,0.78,2.16,0.63
2023,405,1629622,Max Strus,MIA,1957.0,-1.65,-4.92,-6.5
2023,240,203473,Dewayne Dedmon,MIA,366.0,-1.43,-2.9,-0.72
2023,363,1629216,Gabe Vincent,MIA,1535.0,-3.19,-2.74,-2.84
2023,330,201609,Goran Dragic,CHI,779.0,-3.41,-3.39,-1.78
2023,166,203083,Andre Drummond,CHI,791.0,-0.83,-0.2,-0.1
2023,326,1629130,Duncan Robinson,MIA,630.0,-4.23,-4.03,-1.71
2023,331,1629312,Haywood Highsmith,MIA,856.0,-2.79,-3.17,-1.83
2023,57,1627783,Pascal Siakam,TOR,2457.0,2.86,1.85,3.07
2023,35,1627832,Fred VanVleet,TOR,2290.0,2.28,2.98,4.62
2023,87,1628384,O.G. Anunoby,TOR,2188.0,0.31,0.98,1.44
2023,378,1629018,Gary Trent Jr.,TOR,1912.0,0.11,-2.66,-3.44
2023,67,1630567,Scottie Barnes,TOR,2463.0,0.32,1.39,2.31
2023,274,1627747,Caris LeVert,CLE,1937.0,-0.26,-0.82,-1.02
2023,14,1628378,Donovan Mitchell,CLE,2163.0,5.83,5.15,7.14
2023,38,1628386,Jarrett Allen,CLE,1986.0,2.16,3.31,4.22
2023,12,1629636,Darius Garland,CLE,2221.0,2.18,5.18,7.37
2023,209,1630596,Evan Mobley,CLE,2459.0,1.54,-0.3,-0.48
2023,322,1630173,Precious Achiuwa,TOR,1022.0,-2.13,-2.4,-1.66
2023,263,1630171,Isaac Okoro,CLE,1483.0,-0.36,-1.0,-0.95
2023,272,201567,Kevin Love,CLE,1075.0,0.36,-1.46,-1.0
2023,169,1631132,Christian Koloko,TOR,728.0,-3.07,-0.25,-0.12
2023,234,1629731,Dean Wade,CLE,792.0,-0.75,-1.32,-0.67
2023,121,1626224,Cedi Osman,CLE,1310.0,-0.73,0.64,0.54
2023,270,201152,Thaddeus Young,TOR,712.0,-0.09,-2.04,-0.98
2023,249,1627823,Juancho Hernangomez,TOR,528.0,-2.79,-2.28,-0.81
2023,183,203526,Raul Neto,CLE,438.0,-0.4,-0.92,-0.26
2023,73,203500,Steven Adams,MEM,1072.0,0.4,2.87,2.04
2023,15,1629630,Ja Morant,MEM,1788.0,5.18,5.96,7.07
2023,80,1629723,John Konchar,MEM,1340.0,0.35,1.81,1.6
2023,26,1630217,Desmond Bane,MEM,1706.0,3.14,5.21,5.89
2023,261,1630583,Santi Aldama,MEM,1477.0,0.36,-0.95,-0.93
2023,287,203095,Evan Fournier,NYK,407.0,-3.19,-4.33,-1.19
2023,24,203944,Julius Randle,NYK,2499.0,3.43,3.61,6.1
2023,63,1628973,Jalen Brunson,NYK,2168.0,3.58,1.92,2.82
2023,41,1629011,Mitchell Robinson,NYK,1488.0,2.09,3.93,3.96
2023,408,1629628,RJ Barrett,NYK,2308.0,-2.97,-4.84,-7.56
2023,140,1626145,Tyus Jones,MEM,1755.0,1.4,0.21,0.24
2023,290,1629634,Brandon Clarke,MEM,968.0,-1.0,-1.91,-1.23
2023,32,1630193,Immanuel Quickley,NYK,2103.0,1.52,3.56,5.07
2023,364,1631223,David Roddy,MEM,1108.0,-3.55,-3.88,-2.85
2023,86,1628392,Isaiah Hartenstein,NYK,1464.0,-0.37,1.47,1.46
2023,282,1630214,Xavier Tillman,MEM,1079.0,1.55,-1.58,-1.13
2023,380,1629629,Cam Reddish,POR,895.0,-3.06,-6.5,-3.48
2023,222,201565,Derrick Rose,NYK,325.0,-2.85,-2.61,-0.57
2023,203,1630167,Obi Toppin,NYK,948.0,-0.57,-0.65,-0.42
2023,289,1631222,Jake LaRavia,MEM,375.0,-2.79,-4.82,-1.2
2023,374,203497,Rudy Gobert,MIN,1986.0,0.58,-2.52,-3.34
2023,214,1626156,D'Angelo Russell,MIN,2088.0,1.32,-0.37,-0.52
2023,128,1626157,Karl-Anthony Towns,MIN,831.0,2.39,0.78,0.43
2023,55,1630162,Anthony Edwards,MIN,2545.0,0.89,1.87,3.16
2023,37,1630183,Jaden McDaniels,MIN,2175.0,-1.19,3.12,4.52
2023,3,1628983,Shai Gilgeous-Alexander,OKC,2147.0,6.76,8.0,11.29
2023,96,1629026,Kenrich Williams,OKC,1060.0,0.31,1.64,1.14
2023,236,1629652,Luguentz Dort,OKC,2053.0,-2.86,-0.51,-0.69
2023,333,1630197,Aleksej Pokusevski,OKC,645.0,-0.19,-4.44,-1.88
2023,295,1630581,Josh Giddey,OKC,2176.0,1.06,-0.89,-1.27
2023,53,203937,Kyle Anderson,MIN,1763.0,2.23,2.72,3.2
2023,313,1630544,Tre Mann,OKC,1038.0,-3.53,-2.25,-1.53
2023,115,1629162,Jordan McLaughlin,MIN,585.0,-0.76,1.77,0.69
2023,296,1630526,Jeremiah Robinson-Earl,OKC,743.0,-1.42,-2.63,-1.28
2023,397,1631114,Jalen Williams,OKC,2048.0,0.21,-3.79,-5.09
2023,304,1629669,Jaylen Nowell,MIN,1093.0,-2.32,-1.91,-1.39
2023,242,1629647,Darius Bazley,OKC,544.0,-0.98,-2.14,-0.77
2023,269,1631172,Ousmane Dieng,OKC,491.0,-2.99,-3.04,-0.98
2023,323,1627752,Taurean Prince,MIN,1039.0,-3.01,-2.43,-1.68
2023,90,203488,Mike Muscala,OKC,802.0,-0.5,2.62,1.38
2023,225,1630647,Eugene Omoruyi,DET,578.0,-3.71,-1.78,-0.61
2023,368,203085,Austin Rivers,MIN,917.0,-2.55,-5.1,-3.12
2023,94,1630198,Isaiah Joe,OKC,1212.0,0.69,1.58,1.25
2023,62,1627751,Jakob Poeltl,SAS,1743.0,1.67,2.6,2.88
2023,404,1629640,Keldon Johnson,SAS,1799.0,-1.74,-5.59,-6.39
2023,299,1630170,Devin Vassell,SAS,1046.0,0.22,-2.01,-1.33
2023,138,1630200,Tre Jones,SAS,1777.0,-1.0,0.24,0.27
2023,273,1631110,Jeremy Sochan,SAS,1339.0,-3.7,-1.2,-1.02
2023,76,202330,Gordon Hayward,CHO,1435.0,-1.0,2.08,1.83
2023,201,203486,Mason Plumlee,CHO,1921.0,1.96,-0.33,-0.39
2023,342,1626162,Kelly Oubre Jr.,CHO,1400.0,-1.09,-2.42,-2.08
2023,112,1626179,Terry Rozier,CHO,2019.0,-0.63,0.6,0.75
2023,383,1629023,P.J. Washington,CHO,2204.0,-1.28,-2.73,-3.7
2023,279,1629667,Jalen McDaniels,CHO,1725.0,-2.03,-1.02,-1.08
2023,370,203926,Doug McDermott,SAS,1090.0,-2.93,-4.68,-3.24
2023,181,1626196,Josh Richardson,SAS,1277.0,-1.17,-0.29,-0.23
2023,108,1628380,Zach Collins,SAS,1266.0,-0.28,1.13,0.91
2023,141,1628372,Dennis Smith Jr.,CHO,1238.0,-2.07,0.31,0.24
2023,150,1630208,Nick Richards,CHO,1069.0,-1.26,0.19,0.13
2023,85,1628966,Keita Bates-Diop,SAS,1288.0,-0.64,1.8,1.47
2023,315,1630550,JT Thor,CHO,856.0,-4.15,-2.94,-1.55
2023,283,1630547,James Bouknight,CHO,435.0,-5.09,-4.25,-1.14
2023,255,203476,Gorgui Dieng,SAS,293.0,-2.92,-4.61,-0.86
2023,347,1629641,Romeo Langford,SAS,757.0,-3.67,-4.55,-2.19
2023,257,1629676,Isaiah Roby,SAS,376.0,-3.57,-3.71,-0.89
2023,251,1630177,Theo Maledon,CHO,719.0,-2.24,-1.89,-0.83
2023,226,1630539,Kai Jones,CHO,489.0,-3.3,-2.09,-0.63
2023,135,1631109,Mark Williams,CHO,750.0,-0.08,0.71,0.33
2023,369,1631121,Bryce McGowens,CHO,719.0,-5.14,-7.24,-3.2
2023,92,201144,Mike Conley,UTA,1850.0,0.74,1.3,1.35
2023,89,203482,Kelly Olynyk,UTA,1759.0,0.29,1.44,1.42
2023,208,203903,Jordan Clarkson,UTA,1811.0,-1.37,-0.47,-0.48
2023,22,1628374,Lauri Markkanen,UTA,2061.0,3.47,5.54,6.42
2023,300,1629020,Jarred Vanderbilt,UTA,1730.0,0.92,-1.38,-1.34
2023,205,203484,Kentavious Caldwell-Pope,DEN,2187.0,-1.0,-0.3,-0.43
2023,40,203932,Aaron Gordon,DEN,1895.0,1.87,3.24,4.0
2023,1,203999,Nikola Jokic,DEN,2097.0,12.07,12.15,16.63
2023,345,1627750,Jamal Murray,DEN,1972.0,1.14,-1.67,-2.15
2023,74,1629008,Michael Porter Jr.,DEN,1666.0,0.1,1.74,1.89
2023,232,1629012,Collin Sexton,UTA,1037.0,-1.26,-1.13,-0.66
2023,71,1631117,Walker Kessler,UTA,1583.0,2.56,2.41,2.15
2023,390,1628971,Bruce Brown,DEN,2061.0,-0.53,-3.08,-4.14
2023,204,200752,Rudy Gay,UTA,754.0,-3.5,-1.01,-0.43
2023,406,1627736,Malik Beasley,UTA,1855.0,-1.92,-6.46,-6.73
2023,262,1628432,Davon Reed,DEN,292.0,-3.83,-4.99,-0.95
2023,338,1630538,Bones Hyland,DEN,957.0,-0.84,-3.12,-1.95
2023,376,201145,Jeff Green,DEN,966.0,-3.08,-5.38,-3.39
2023,211,1629659,Talen Horton-Tucker,UTA,1180.0,-1.53,-0.76,-0.5
2023,189,201599,DeAndre Jordan,DEN,544.0,-1.63,-0.85,-0.3
2023,218,202397,Ish Smith,DEN,357.0,-4.94,-2.34,-0.55
2023,268,1631128,Christian Braun,DEN,1033.0,-2.22,-1.43,-0.97
2023,280,1628427,Vlatko Cancar,DEN,795.0,-1.67,-2.12,-1.1
2023,215,1630192,Zeke Nnaji,DEN,664.0,-3.2,-1.2,-0.52
2023,229,1629638,Nickeil Alexander-Walker,UTA,782.0,-0.92,-1.48,-0.65
2023,162,1630534,Ochai Agbaji,UTA,1100.0,-2.76,-0.1,-0.06
2023,372,1631323,Simone Fontecchio,UTA,700.0,-4.46,-8.3,-3.27
2023,196,101108,Chris Paul,PHO,1718.0,2.86,-0.32,-0.36
2023,17,1626164,Devin Booker,PHO,1657.0,3.77,6.41,6.93
2023,51,1628969,Mikal Bridges,PHO,2616.0,1.56,1.88,3.21
2023,337,1629028,Deandre Ayton,PHO,1835.0,0.76,-1.62,-1.94
2023,66,1629661,Cameron Johnson,BRK,1066.0,2.18,3.43,2.51
2023,258,201580,JaVale McGee,DAL,337.0,-2.87,-4.13,-0.89
2023,399,203493,Reggie Bullock,DAL,2098.0,-2.49,-4.01,-5.37
2023,152,203915,Spencer Dinwiddie,DAL,2430.0,0.58,0.03,0.04
2023,148,1627827,Dorian Finney-Smith,DAL,1765.0,-1.94,0.12,0.13
2023,13,1629029,Luka Doncic,DAL,2107.0,8.24,5.41,7.27
2023,52,203501,Tim Hardaway Jr.,DAL,1901.0,-1.74,2.64,3.2
2023,213,1626174,Christian Wood,DAL,1532.0,1.46,-0.52,-0.51
2023,180,1626166,Cameron Payne,PHO,867.0,-1.17,-0.39,-0.22
2023,396,1628470,Torrey Craig,PHO,1770.0,-0.63,-3.97,-4.58
2023,123,1629111,Jock Landale,PHO,893.0,-1.09,0.85,0.5
2023,316,1628467,Maxi Kleber,DAL,773.0,-2.01,-3.15,-1.55
2023,134,1630182,Josh Green,DAL,1346.0,-2.26,0.39,0.33
2023,185,1627814,Damion Lee,PHO,1337.0,-1.0,-0.31,-0.27
2023,124,1629006,Josh Okogie,PHO,1237.0,-0.29,0.61,0.49
2023,154,203967,Dario Saric,PHO,742.0,-1.33,0.05,0.02
2023,177,202687,Bismack Biyombo,PHO,785.0,-0.92,-0.42,-0.21
2023,82,203084,Harrison Barnes,SAC,2391.0,-1.0,1.01,1.56
2023,18,1627734,Domantas Sabonis,SAC,2459.0,5.41,4.35,6.93
2023,102,1628368,De'Aaron Fox,SAC,2213.0,2.28,0.68,0.97
2023,50,1628989,Kevin Huerter,SAC,1976.0,0.86,2.51,3.22
2023,16,203081,Damian Lillard,POR,1920.0,6.51,6.08,6.98
2023,381,203924,Jerami Grant,POR,2058.0,-0.25,-2.86,-3.52
2023,116,203994,Jusuf Nurkic,POR,1328.0,-0.01,0.8,0.63
2023,29,1628404,Josh Hart,POR,2237.0,0.78,4.18,5.59
2023,311,1629014,Anfernee Simons,POR,1989.0,-1.09,-1.27,-1.51
2023,175,1628370,Malik Monk,SAC,1538.0,0.18,-0.16,-0.16
2023,113,1629056,Terence Davis,SAC,755.0,-1.42,1.5,0.74
2023,173,1626159,Justise Winslow,POR,694.0,-2.48,-0.35,-0.15
2023,217,1629234,Drew Eubanks,POR,1407.0,-0.01,-0.62,-0.52
2023,237,1630558,Davion Mitchell,SAC,1256.0,-2.61,-0.86,-0.7
2023,398,1631101,Shaedon Sharpe,POR,1637.0,-3.11,-5.45,-5.33
2023,288,1626168,Trey Lyles,SAC,1115.0,-1.0,-1.66,-1.2
2023,302,1629642,Nassir Little,POR,862.0,-2.7,-2.65,-1.36
2023,247,1626158,Richaun Holmes,SAC,307.0,-2.28,-3.93,-0.78
2023,30,201572,Brook Lopez,MIL,2117.0,1.89,3.57,5.17
2023,7,201950,Jrue Holiday,MIL,1947.0,2.81,5.93,7.9
2023,5,203507,Giannis Antetokounmpo,MIL,1818.0,7.78,6.37,7.92
2023,367,1628960,Grayson Allen,MIL,1802.0,0.02,-2.39,-2.95
2023,127,1628975,Jevon Carter,MIL,1607.0,-0.63,0.42,0.46
2023,356,1626171,Bobby Portis,MIL,1572.0,0.55,-2.36,-2.54
2023,197,201588,George Hill,MIL,720.0,-1.41,-0.74,-0.36
2023,373,1629670,Jordan Nwora,IND,1070.0,-1.97,-4.84,-3.3
2023,292,202083,Wesley Matthews,MIL,681.0,-2.39,-2.7,-1.26
2023,165,1630194,Paul Reed,PHI,661.0,-0.27,-0.19,-0.08
2023,28,202331,Paul George,LAC,1786.0,2.51,4.75,5.74
2023,277,202694,Marcus Morris Sr.,LAC,1683.0,-1.83,-0.92,-1.04
2023,371,202704,Reggie Jackson,LAC,1515.0,-3.67,-3.18,-3.25
2023,392,1626181,Norman Powell,LAC,1394.0,0.17,-4.44,-4.18
2023,291,1627826,Ivica Zubac,LAC,2003.0,-0.91,-0.91,-1.24
2023,353,202322,John Wall,LAC,680.0,-1.16,-5.31,-2.44
2023,69,201587,Nicolas Batum,LAC,1533.0,0.37,2.14,2.21
2023,83,203496,Robert Covington,LAC,681.0,1.21,3.26,1.5
2023,58,1628379,Luke Kennard,LAC,1193.0,0.35,3.75,3.02
2023,179,1627745,Damian Jones,UTA,415.0,-1.51,-0.94,-0.22
2023,182,1629611,Terance Mann,LAC,1708.0,-0.26,-0.2,-0.23
2023,10,202695,Kawhi Leonard,LAC,1590.0,5.49,7.09,7.61
2023,158,1626195,Willy Hernangomez,NOP,401.0,-0.05,-0.12,-0.03
2023,402,1629614,Andrew Nembhard,IND,1886.0,-3.04,-4.62,-5.55
2023,119,1630175,Cole Anthony,ORL,1358.0,1.07,0.66,0.57
2023,190,1630284,Kevon Harris,ORL,409.0,-2.9,-1.17,-0.3
2023,360,203925,Joe Harris,BRK,1364.0,-1.09,-2.84,-2.66
2023,149,203585,Rodney McGruder,DET,473.0,-1.38,0.46,0.13
2023,176,1630540,Miles McBride,NYK,687.0,-2.07,-0.45,-0.21
2023,298,1630579,Jericho Sims,NYK,736.0,-1.0,-2.66,-1.33
2023,130,1629004,Svi Mykhailiuk,CHO,425.0,-0.34,1.52,0.4
2023,241,1629675,Naz Reid,MIN,1101.0,0.76,-0.98,-0.72
2023,306,1630587,Isaiah Livers,DET,1069.0,-2.23,-2.21,-1.41
2023,309,1630202,Payton Pritchard,BOS,561.0,-2.89,-3.96,-1.44
2023,256,1628436,Luke Kornet,BOS,700.0,0.65,-1.91,-0.87
2023,327,1630201,Malachi Flynn,TOR,620.0,-3.5,-4.14,-1.73
2023,36,203897,Zach LaVine,CHI,2480.0,1.73,2.74,4.57
2023,193,1627884,Derrick Jones Jr.,CHI,779.0,-0.5,-0.65,-0.34
2023,366,1630205,Lamar Stevens,CLE,1017.0,-2.57,-4.48,-2.92
2023,361,1630586,Usman Garuba,HOU,868.0,-1.34,-4.96,-2.69
2023,349,1630227,Daishen Nix,HOU,820.0,-5.65,-4.41,-2.26
2023,281,1630572,Sandro Mamukelashvili,SAS,588.0,-2.11,-2.97,-1.11
2023,336,1630699,MarJon Beauchamp,MIL,620.0,-4.06,-4.53,-1.92
2023,163,1631260,AJ Green,MIL,314.0,-0.93,-0.3,-0.06
2023,68,203939,Dwight Powell,DAL,1330.0,-1.18,2.71,2.3
2023,243,1629033,Theo Pinson,DAL,285.0,-2.57,-4.23,-0.77
2023,294,1630702,Jaden Hardy,DAL,614.0,-2.04,-3.23,-1.26
2023,245,1630593,McKinley Wright IV,DAL,303.0,-2.14,-4.02,-0.78
2023,334,1630598,Aaron Wiggins,OKC,1167.0,-1.97,-2.46,-1.89
2023,101,1630322,Lindy Waters III,OKC,459.0,-0.17,3.4,1.03
2023,344,1631099,Keegan Murray,SAC,2169.0,-0.63,-1.52,-2.14
2023,314,1629599,Amir Coffey,LAC,552.0,-4.15,-4.15,-1.55
2023,109,1629002,Chimezie Metu,SAC,617.0,-0.28,2.17,0.87
2023,310,1628972,Troy Brown Jr.,LAL,1680.0,-1.0,-1.35,-1.49
2023,200,1631100,AJ Griffin,ATL,1260.0,-0.82,-0.47,-0.38
2023,293,1629637,Jaxson Hayes,NOP,510.0,-1.15,-3.75,-1.26
2023,340,1631119,Jaylin Williams,OKC,857.0,-1.6,-3.62,-2.04
2023,221,1630233,Nathan Knight,MIN,264.0,-2.4,-3.2,-0.56
2023,170,1629013,Landry Shamet,PHO,726.0,-1.33,-0.26,-0.12
2023,147,1629650,Moses Brown,LAC,263.0,-0.74,0.74,0.13
2023,223,1630613,Duane Washington Jr.,PHO,352.0,-3.52,-2.53,-0.58
2023,79,1629003,Shake Milton,PHI,1398.0,-1.9,1.76,1.68
2023,216,1627788,Furkan Korkmaz,PHI,305.0,-3.28,-2.52,-0.52
2023,228,1628449,Chris Boucher,TOR,1332.0,-0.19,-0.71,-0.64
2023,393,1628415,Dillon Brooks,MEM,2045.0,-3.7,-3.15,-4.27
2023,305,1630553,Keon Johnson,POR,368.0,-4.13,-6.32,-1.39
2023,284,1631133,Jabari Walker,POR,556.0,-5.02,-3.46,-1.15
2023,186,201959,Taj Gibson,WAS,415.0,-2.62,-1.02,-0.29
2023,317,1631098,Johnny Davis,WAS,368.0,-5.55,-6.15,-1.55
2023,233,1630692,Jordan Goodwin,WAS,993.0,0.48,-0.98,-0.67
2023,321,1629660,Ty Jerome,GSW,742.0,-0.83,-3.25,-1.6
2023,98,1626167,Myles Turner,IND,1686.0,1.85,1.03,1.1
2023,271,1630256,Jae'Sean Tate,HOU,618.0,-3.01,-2.6,-1.0
2023,259,1631108,Max Christie,LAL,435.0,-2.56,-3.2,-0.91
2023,254,1629678,Admiral Schofield,ORL,408.0,-2.39,-3.27,-0.85
2023,365,1631104,Blake Wesley,SAS,580.0,-7.83,-7.82,-2.88
2023,207,1628962,Udoka Azubuike,UTA,325.0,-0.73,-2.58,-0.47
2023,384,203552,Seth Curry,BRK,1091.0,-1.97,-5.21,-3.9
2023,199,1630237,Anthony Lamb,GSW,1055.0,-1.09,-0.54,-0.38
2023,387,1631103,Malaki Branham,SAS,1377.0,-4.79,-4.6,-4.02
2023,235,1629656,Quentin Grimes,NYK,1937.0,-0.16,-0.51,-0.67
2023,136,1629646,Charles Bassey,SAS,424.0,0.26,1.09,0.29
2023,188,1631230,Dominick Barlow,SAS,353.0,-3.53,-1.31,-0.29
2023,386,1630557,Corey Kispert,WAS,1883.0,-1.46,-3.05,-3.94
2023,275,1630570,Trendon Watford,POR,1066.0,-1.7,-1.61,-1.02
2023,191,1628373,Frank Ntilikina,DAL,572.0,-5.52,-0.93,-0.34
2023,81,202692,Alec Burks,DET,977.0,0.91,2.75,1.6
2023,224,1628963,Marvin Bagley III,DET,856.0,-0.91,-1.15,-0.58
2023,120,1630163,LaMelo Ball,CHO,1195.0,2.02,0.74,0.54
2023,253,1631102,TyTy Washington Jr.,HOU,390.0,-4.83,-3.49,-0.85
2023,23,1628991,Jaren Jackson Jr.,MEM,1686.0,2.49,5.51,6.16
2023,260,202722,Davis Bertans,DAL,442.0,-1.15,-3.3,-0.93
2023,187,1631115,Orlando Robinson,MIA,365.0,-1.78,-1.19,-0.29
2023,325,203914,Gary Harris,ORL,1102.0,-0.74,-2.42,-1.7
2023,126,203471,Dennis Schroder,LAL,1789.0,-2.75,0.41,0.48
2023,143,1628418,Thomas Bryant,LAL,959.0,0.39,0.32,0.2
2023,88,1630688,Ish Wainright,PHO,835.0,-1.17,2.61,1.42
2023,303,1626192,Pat Connaughton,MIL,1305.0,-1.0,-1.55,-1.38
2023,194,1630577,Julian Champagnie,SAS,281.0,-2.48,-1.97,-0.35
2023,125,1629021,Moritz Wagner,ORL,1006.0,0.39,0.77,0.49
2023,227,1630240,Saben Lee,PHO,337.0,-1.58,-2.9,-0.64
2023,146,1628365,Markelle Fultz,ORL,1602.0,0.37,0.14,0.14
2023,231,203992,Bogdan Bogdanovic,ATL,1367.0,0.35,-0.74,-0.66
2023,157,203933,T.J. Warren,BRK,588.0,-1.79,-0.07,-0.03
2023,144,203114,Khris Middleton,MIL,690.0,0.48,0.4,0.19
2023,212,203506,Victor Oladipo,MIA,977.0,-1.95,-0.77,-0.51
2023,354,1630533,Ziaire Williams,MEM,486.0,-4.52,-7.65,-2.47
2023,164,1626169,Stanley Johnson,SAS,398.0,-1.0,-0.32,-0.08
2023,75,1629057,Robert Williams III,BOS,763.0,2.59,3.75,1.85
2023,267,204060,Joe Ingles,MIL,882.0,-0.74,-1.6,-0.97
2023,160,1627780,Gary Payton II,POR,344.0,-0.09,-0.24,-0.05
2023,239,201937,Ricky Rubio,CLE,487.0,-2.38,-2.26,-0.71
2023,129,1627739,Kris Dunn,UTA,501.0,1.62,1.5,0.42
2023,168,203109,Jae Crowder,MIL,294.0,0.46,-0.58,-0.12
2024,45,1626167,Myles Turner,IND,1921.0,0.76,2.6,3.33
2024,406,1628971,Bruce Brown,IND,1694.0,-3.13,-4.65,-5.24
2024,53,1630167,Obi Toppin,IND,1565.0,1.28,2.67,2.79
2024,12,1630169,Tyrese Haliburton,IND,2002.0,6.35,6.71,8.94
2024,402,1631097,Bennedict Mathurin,IND,1377.0,-1.0,-5.3,-4.86
2024,15,1628378,Donovan Mitchell,CLE,1745.0,5.26,6.69,7.87
2024,67,1628386,Jarrett Allen,CLE,2182.0,2.74,1.38,2.04
2024,106,1629622,Max Strus,CLE,1995.0,-0.63,0.73,0.98
2024,93,1629636,Darius Garland,CLE,1710.0,-1.0,1.05,1.21
2024,244,1630596,Evan Mobley,CLE,1374.0,2.52,-0.78,-0.73
2024,391,1627777,Georges Niang,CLE,1643.0,-2.74,-3.91,-4.34
2024,206,1627741,Buddy Hield,IND,1934.0,0.31,-0.25,-0.32
2024,232,1629614,Andrew Nembhard,IND,1549.0,-2.09,-0.54,-0.56
2024,94,1630188,Jalen Smith,IND,944.0,1.93,1.91,1.2
2024,74,1630174,Aaron Nesmith,IND,1811.0,-0.54,1.51,1.82
2024,121,1627747,Caris LeVert,CLE,1704.0,0.1,0.56,0.64
2024,204,1630171,Isaac Okoro,CLE,1693.0,-1.09,-0.27,-0.31
2024,61,1629731,Dean Wade,CLE,1009.0,-0.04,3.51,2.39
2024,175,201572,Brook Lopez,MIL,2150.0,0.87,-0.03,-0.04
2024,18,203081,Damian Lillard,MIL,2272.0,1.91,4.58,7.09
2024,181,203114,Khris Middleton,MIL,1378.0,0.89,-0.1,-0.09
2024,5,203507,Giannis Antetokounmpo,MIL,2328.0,8.39,7.25,11.5
2024,220,1627736,Malik Beasley,MIL,2099.0,-1.75,-0.32,-0.46
2024,88,203944,Julius Randle,NYK,1452.0,1.63,1.17,1.32
2024,63,1628404,Josh Hart,NYK,2421.0,-0.06,1.26,2.35
2024,3,1628973,Jalen Brunson,NYK,2444.0,5.41,7.75,14.6
2024,277,1629011,Mitchell Robinson,NYK,688.0,-0.18,-1.97,-1.05
2024,368,1629656,Quentin Grimes,NYK,929.0,-2.05,-3.94,-2.83
2024,325,1626171,Bobby Portis,MIL,1732.0,-0.82,-1.5,-1.78
2024,384,1626192,Pat Connaughton,MIL,1442.0,-1.54,-3.68,-3.62
2024,357,203109,Jae Crowder,MIL,992.0,-2.39,-3.9,-2.63
2024,148,1626166,Cameron Payne,MIL,1169.0,-1.1,0.36,0.29
2024,282,1630699,MarJon Beauchamp,MIL,497.0,-2.69,-3.22,-1.09
2024,23,1628392,Isaiah Hartenstein,NYK,1730.0,3.14,4.61,6.16
2024,364,1628978,Donte DiVincenzo,NYK,2161.0,3.11,-1.64,-2.74
2024,193,1630193,Immanuel Quickley,TOR,1781.0,1.12,-0.21,-0.22
2024,154,1630540,Miles McBride,NYK,1204.0,-0.2,0.24,0.22
2024,333,200768,Kyle Lowry,MIA,1539.0,-1.0,-1.78,-1.87
2024,32,202710,Jimmy Butler,MIA,1845.0,4.18,3.76,4.75
2024,196,1628389,Bam Adebayo,MIA,2215.0,2.18,-0.18,-0.27
2024,322,1629312,Haywood Highsmith,MIA,1196.0,-0.73,-2.11,-1.73
2024,136,1629639,Tyler Herro,MIA,1261.0,0.61,0.55,0.48
2024,320,1626145,Tyus Jones,WAS,1711.0,0.56,-1.63,-1.66
2024,362,1628398,Kyle Kuzma,WAS,2065.0,-1.09,-2.2,-2.71
2024,37,1629655,Daniel Gafford,WAS,1687.0,2.31,3.83,3.86
2024,412,1629673,Jordan Poole,WAS,2173.0,-3.71,-5.44,-7.06
2024,42,1630166,Deni Avdija,WAS,2087.0,-0.91,2.81,3.49
2024,237,1629130,Duncan Robinson,MIA,1704.0,-0.91,-0.55,-0.64
2024,388,1641731,Bilal Coulibaly,WAS,1531.0,-3.91,-4.3,-3.93
2024,161,1628418,Thomas Bryant,MIA,371.0,-0.57,0.45,0.11
2024,353,1626196,Josh Richardson,MIA,977.0,-1.26,-3.53,-2.36
2024,86,1631170,Jaime Jaquez Jr.,MIA,1882.0,-1.83,1.11,1.44
2024,337,1631098,Johnny Davis,WAS,551.0,-5.4,-5.87,-1.93
2024,216,201568,Danilo Gallinari,WAS,576.0,-1.71,-1.22,-0.42
2024,130,1626153,Delon Wright,WAS,693.0,0.16,1.31,0.54
2024,251,1629013,Landry Shamet,WAS,659.0,-3.44,-2.07,-0.81
2024,274,203488,Mike Muscala,WAS,512.0,-4.34,-3.36,-1.03
2024,192,1630264,Anthony Gill,WAS,415.0,-3.28,-0.87,-0.22
2024,262,1630647,Eugene Omoruyi,WAS,325.0,-1.89,-4.73,-0.92
2024,395,201942,DeMar DeRozan,CHI,2611.0,1.65,-2.56,-4.49
2024,100,202696,Nikola Vucevic,CHI,2301.0,0.03,0.7,1.08
2024,307,203897,Zach LaVine,CHI,786.0,-0.08,-2.68,-1.41
2024,323,1628470,Torrey Craig,CHI,922.0,-1.86,-2.81,-1.74
2024,40,1629632,Coby White,CHI,2582.0,-0.72,2.2,3.81
2024,50,203915,Spencer Dinwiddie,BRK,1931.0,-1.83,2.33,2.95
2024,145,1627732,Ben Simmons,BRK,319.0,1.31,1.5,0.31
2024,340,1627827,Dorian Finney-Smith,BRK,1755.0,-1.92,-1.75,-2.01
2024,54,1628969,Mikal Bridges,BRK,2588.0,-0.43,1.56,2.64
2024,379,1630560,Cam Thomas,BRK,1886.0,-1.19,-2.74,-3.38
2024,57,1627936,Alex Caruso,CHI,1787.0,2.23,2.13,2.55
2024,118,1628975,Jevon Carter,CHI,894.0,-3.57,1.16,0.7
2024,116,1630172,Patrick Williams,CHI,1058.0,-2.14,1.05,0.74
2024,59,1626220,Royce O'Neale,BRK,1719.0,-0.05,2.21,2.49
2024,188,1629022,Lonnie Walker IV,BRK,855.0,-1.34,-0.31,-0.17
2024,122,203083,Andre Drummond,CHI,1211.0,-0.02,0.78,0.63
2024,143,1628372,Dennis Smith Jr.,BRK,936.0,-0.83,0.64,0.4
2024,103,1630549,Day'Ron Sharpe,BRK,789.0,-0.16,1.98,1.02
2024,389,1629652,Luguentz Dort,OKC,2047.0,-1.56,-2.88,-4.14
2024,214,1630581,Josh Giddey,OKC,1876.0,1.31,-0.28,-0.36
2024,25,1631096,Chet Holmgren,OKC,2229.0,3.12,3.6,5.63
2024,47,1631114,Jalen Williams,OKC,2089.0,2.08,2.11,3.1
2024,313,1641717,Cason Wallace,OKC,1518.0,0.0,-1.39,-1.48
2024,21,201939,Stephen Curry,GSW,2156.0,4.8,4.34,6.34
2024,390,202691,Klay Thompson,GSW,2062.0,-0.44,-3.01,-4.21
2024,36,203110,Draymond Green,GSW,1329.0,2.06,4.32,3.88
2024,404,203952,Andrew Wiggins,GSW,1710.0,-2.38,-4.42,-5.11
2024,90,1626172,Kevon Looney,GSW,1054.0,0.4,1.82,1.3
2024,270,203967,Dario Saric,GSW,968.0,0.73,-1.48,-0.97
2024,89,1630198,Isaiah Joe,OKC,1244.0,0.7,1.48,1.3
2024,87,101108,Chris Paul,GSW,1334.0,0.8,1.54,1.39
2024,146,1630228,Jonathan Kuminga,GSW,1758.0,-0.45,0.26,0.31
2024,239,1631119,Jaylin Williams,OKC,792.0,0.77,-1.22,-0.68
2024,113,1627780,Gary Payton II,GSW,571.0,0.5,2.12,0.82
2024,177,203995,Vasilije Micic,CHO,1063.0,-4.19,-0.11,-0.07
2024,184,1630598,Aaron Wiggins,OKC,1104.0,0.5,-0.16,-0.13
2024,281,1630541,Moses Moody,GSW,1004.0,-0.22,-1.6,-1.08
2024,273,1631172,Ousmane Dieng,OKC,328.0,-2.37,-4.34,-1.0
2024,48,203484,Kentavious Caldwell-Pope,DEN,2209.0,-1.37,2.11,3.09
2024,293,203932,Aaron Gordon,DEN,2105.0,1.15,-0.88,-1.24
2024,1,203999,Nikola Jokic,DEN,2484.0,12.39,13.12,21.65
2024,73,1627750,Jamal Murray,DEN,1724.0,3.69,1.66,1.9
2024,326,1629008,Michael Porter Jr.,DEN,2363.0,0.03,-1.13,-1.78
2024,17,202681,Kyrie Irving,DAL,1821.0,4.45,6.03,7.7
2024,394,1627884,Derrick Jones Jr.,DAL,1605.0,-1.46,-3.91,-4.41
2024,4,1629029,Luka Doncic,DAL,2339.0,9.24,8.07,13.24
2024,359,1629684,Grant Williams,DAL,1914.0,-2.49,-2.0,-2.69
2024,160,1641726,Dereck Lively II,DAL,1187.0,0.33,0.14,0.11
2024,408,203501,Tim Hardaway Jr.,DAL,1883.0,-2.76,-4.01,-5.29
2024,125,203939,Dwight Powell,DAL,724.0,-0.42,1.2,0.61
2024,381,202704,Reggie Jackson,DEN,1636.0,-3.02,-3.16,-3.43
2024,393,1630182,Josh Green,DAL,1331.0,-2.53,-4.69,-4.38
2024,302,1631128,Christian Braun,DEN,1471.0,-1.82,-1.38,-1.35
2024,352,1631212,Peyton Watson,DEN,1327.0,-2.08,-2.59,-2.28
2024,376,1630702,Jaden Hardy,DAL,876.0,-3.65,-5.37,-3.3
2024,330,1630192,Zeke Nnaji,DEN,517.0,-3.09,-5.4,-1.85
2024,151,203552,Seth Curry,DAL,549.0,-2.79,0.64,0.25
2024,55,203957,Dante Exum,DAL,970.0,-0.65,3.81,2.59
2024,264,1641765,Olivier-Maxence Prosper,DAL,295.0,-2.26,-4.61,-0.96
2024,396,203924,Jerami Grant,POR,1677.0,-0.17,-4.22,-4.58
2024,79,1627763,Malcolm Brogdon,POR,1038.0,1.62,2.54,1.7
2024,158,1629028,Deandre Ayton,POR,1625.0,0.19,0.14,0.15
2024,108,1629680,Matisse Thybulle,POR,1325.0,0.44,1.12,0.96
2024,354,1631101,Shaedon Sharpe,POR,944.0,-2.55,-3.92,-2.4
2024,137,203935,Marcus Smart,MEM,550.0,-2.1,1.28,0.47
2024,399,1628991,Jaren Jackson Jr.,MEM,1945.0,0.3,-3.56,-4.67
2024,49,1630217,Desmond Bane,MEM,1288.0,2.4,3.48,3.02
2024,374,1630533,Ziaire Williams,MEM,924.0,-4.01,-5.21,-3.24
2024,371,1631223,David Roddy,MEM,1018.0,-4.51,-4.32,-2.96
2024,155,1630214,Xavier Tillman,MEM,893.0,-1.18,0.37,0.22
2024,343,1628379,Luke Kennard,MEM,902.0,-0.4,-3.39,-2.07
2024,246,1630219,Skylar Mays,POR,364.0,-1.71,-3.17,-0.75
2024,249,1631133,Jabari Walker,POR,1512.0,-3.09,-0.82,-0.8
2024,92,1641739,Toumani Camara,POR,1633.0,-2.92,1.19,1.26
2024,126,1629723,John Konchar,MEM,1043.0,-0.48,0.84,0.59
2024,62,1631246,Vince Williams Jr.,MEM,1300.0,-0.73,2.7,2.37
2024,278,1631367,Jacob Gilyard,MEM,624.0,-1.31,-2.55,-1.07
2024,334,1630165,Killian Hayes,DET,888.0,-2.45,-3.04,-1.9
2024,173,1630191,Isaiah Stewart,DET,1243.0,-2.16,-0.02,-0.02
2024,238,1630595,Cade Cunningham,DET,1859.0,0.2,-0.5,-0.66
2024,218,1631105,Jalen Duren,DET,1591.0,-0.18,-0.39,-0.44
2024,217,1641709,Ausar Thompson,DET,1400.0,-2.08,-0.44,-0.44
2024,71,202699,Tobias Harris,PHI,2156.0,0.78,1.27,1.93
2024,20,203954,Joel Embiid,PHI,1172.0,10.17,8.11,6.68
2024,413,1626162,Kelly Oubre Jr.,PHI,1890.0,-2.2,-5.32,-7.06
2024,115,1629001,De'Anthony Melton,PHI,915.0,0.29,1.16,0.75
2024,16,1630178,Tyrese Maxey,PHI,2407.0,2.86,4.64,7.85
2024,373,1631204,Marcus Sasser,DET,1183.0,-2.42,-3.64,-3.03
2024,132,1628963,Marvin Bagley III,WAS,962.0,-0.47,0.94,0.54
2024,222,201587,Nicolas Batum,PHI,1406.0,-0.45,-0.47,-0.46
2024,339,201976,Patrick Beverley,PHI,1325.0,-1.09,-2.14,-1.99
2024,111,203496,Robert Covington,PHI,446.0,1.4,2.77,0.87
2024,347,202694,Marcus Morris Sr.,PHI,734.0,-3.31,-4.2,-2.16
2024,52,1630194,Paul Reed,PHI,1460.0,0.27,2.78,2.84
2024,269,1630531,Jaden Springer,PHI,440.0,-2.77,-3.14,-0.97
2024,382,1630164,James Wiseman,DET,979.0,-3.17,-5.15,-3.56
2024,299,202330,Gordon Hayward,CHO,1096.0,-1.96,-1.99,-1.34
2024,189,1629023,P.J. Washington,CHO,1989.0,-2.04,-0.15,-0.18
2024,149,1630163,LaMelo Ball,CHO,642.0,2.49,0.67,0.26
2024,101,1631109,Mark Williams,CHO,471.0,0.37,3.55,1.03
2024,386,1641706,Brandon Miller,CHO,2162.0,-2.5,-2.83,-3.76
2024,410,1630557,Corey Kispert,WAS,1879.0,-2.02,-5.14,-5.76
2024,178,1630550,JT Thor,CHO,686.0,-3.87,-0.21,-0.09
2024,377,1630208,Nick Richards,CHO,1599.0,-2.19,-3.39,-3.34
2024,303,1631121,Bryce McGowens,CHO,769.0,-4.26,-2.93,-1.39
2024,95,201950,Jrue Holiday,BOS,2074.0,1.89,0.83,1.18
2024,97,204001,Kristaps Porzingis,BOS,1541.0,4.56,1.09,1.15
2024,369,1627759,Jaylen Brown,BOS,2137.0,0.59,-1.99,-2.91
2024,28,1628369,Jayson Tatum,BOS,2399.0,4.74,3.22,5.28
2024,8,1628401,Derrick White,BOS,2183.0,3.49,6.58,9.82
2024,329,1629661,Cameron Johnson,BRK,1456.0,0.27,-1.93,-1.84
2024,210,1629052,Oshae Brissett,BOS,550.0,-1.63,-0.94,-0.35
2024,41,1630573,Sam Hauser,BOS,1545.0,1.01,3.35,3.54
2024,296,1630570,Trendon Watford,BRK,725.0,-0.59,-2.65,-1.26
2024,82,1630202,Payton Pritchard,BOS,1615.0,0.83,1.36,1.51
2024,153,1629004,Svi Mykhailiuk,BOS,361.0,-1.57,0.91,0.23
2024,85,1628436,Luke Kornet,BOS,894.0,2.77,2.37,1.45
2024,332,1630625,Dalano Banton,POR,949.0,-1.28,-3.04,-1.87
2024,14,1627832,Fred VanVleet,HOU,2427.0,3.14,4.99,8.04
2024,300,1628415,Dillon Brooks,HOU,2022.0,-3.42,-1.0,-1.34
2024,398,1630224,Jalen Green,HOU,2360.0,-0.53,-2.97,-4.66
2024,39,1630578,Alperen Sengun,HOU,1853.0,4.46,3.11,3.83
2024,345,1631095,Jabari Smith Jr.,HOU,2235.0,-0.44,-1.43,-2.12
2024,68,202685,Jonas Valanciunas,NOP,1768.0,1.03,1.67,2.0
2024,156,1627742,Brandon Ingram,NOP,1835.0,1.03,0.13,0.16
2024,128,1629627,Zion Williamson,NOP,1970.0,3.46,0.41,0.55
2024,99,1630700,Dyson Daniels,NOP,1164.0,0.42,1.41,1.11
2024,363,1641722,Jordan Hawkins,NOP,988.0,-2.82,-4.05,-2.71
2024,242,1630256,Jae'Sean Tate,HOU,888.0,-2.11,-1.23,-0.72
2024,110,1628988,Aaron Holiday,HOU,1108.0,-1.44,1.19,0.88
2024,112,1631106,Tari Eason,HOU,431.0,0.93,2.89,0.83
2024,195,1630346,Matt Ryan,NOP,322.0,-2.16,-1.14,-0.25
2024,105,1629111,Jock Landale,HOU,675.0,-0.26,2.24,1.0
2024,119,1626204,Larry Nance Jr.,NOP,1052.0,1.63,0.92,0.65
2024,375,201145,Jeff Green,HOU,1172.0,-1.98,-4.19,-3.26
2024,186,203469,Cody Zeller,NOP,256.0,-2.01,-0.96,-0.17
2024,221,1630526,Jeremiah Robinson-Earl,NOP,260.0,-1.76,-2.61,-0.46
2024,174,202687,Bismack Biyombo,MEM,721.0,-2.98,-0.07,-0.03
2024,378,203903,Jordan Clarkson,UTA,1455.0,-4.17,-3.77,-3.34
2024,33,1628374,Lauri Markkanen,UTA,1631.0,3.21,4.76,4.73
2024,360,1628381,John Collins,UTA,1733.0,-0.91,-2.56,-2.7
2024,298,1630534,Ochai Agbaji,UTA,1471.0,-4.07,-1.49,-1.34
2024,392,1641718,Keyonte George,UTA,1807.0,-4.14,-3.98,-4.38
2024,327,1630583,Santi Aldama,MEM,1436.0,-0.28,-1.84,-1.78
2024,98,1629012,Collin Sexton,UTA,1846.0,1.68,1.02,1.15
2024,233,1629659,Talen Horton-Tucker,UTA,919.0,-1.17,-1.08,-0.61
2024,152,203482,Kelly Olynyk,UTA,1575.0,1.56,0.25,0.24
2024,142,1631323,Simone Fontecchio,UTA,1500.0,-0.98,0.44,0.4
2024,383,1628380,Zach Collins,SAS,1327.0,-1.9,-4.06,-3.61
2024,355,1629640,Keldon Johnson,SAS,1759.0,-1.65,-2.15,-2.53
2024,223,1630170,Devin Vassell,SAS,1985.0,-0.07,-0.36,-0.47
2024,401,1631110,Jeremy Sochan,SAS,1957.0,-3.23,-3.63,-4.75
2024,24,1641705,Victor Wembanyama,SAS,1935.0,4.75,4.74,6.14
2024,78,201144,Mike Conley,MIN,2039.0,3.1,1.26,1.74
2024,44,203497,Rudy Gobert,MIN,2380.0,1.63,2.11,3.4
2024,26,1626157,Karl-Anthony Towns,MIN,1854.0,2.24,4.47,5.6
2024,7,1630162,Anthony Edwards,MIN,2473.0,3.05,6.25,10.45
2024,403,1630183,Jaden McDaniels,MIN,1922.0,-1.0,-3.88,-5.04
2024,405,1626224,Cedi Osman,SAS,1106.0,-1.97,-7.01,-5.19
2024,84,1629638,Nickeil Alexander-Walker,MIN,1703.0,0.1,1.3,1.5
2024,250,1629675,Naz Reid,MIN,1736.0,1.3,-0.69,-0.81
2024,38,1630200,Tre Jones,SAS,1900.0,-0.44,3.02,3.84
2024,409,1631103,Malaki Branham,SAS,1447.0,-5.17,-5.51,-5.33
2024,231,203937,Kyle Anderson,MIN,1555.0,0.92,-0.53,-0.55
2024,370,203926,Doug McDermott,SAS,807.0,-3.02,-5.41,-2.92
2024,294,1629003,Shake Milton,MIN,486.0,-3.06,-3.77,-1.24
2024,197,201566,Russell Westbrook,LAC,1351.0,0.35,-0.3,-0.27
2024,56,201935,James Harden,LAC,2250.0,3.78,1.71,2.59
2024,11,202331,Paul George,LAC,2275.0,2.94,5.92,9.06
2024,10,202695,Kawhi Leonard,LAC,2068.0,5.06,6.71,9.33
2024,319,1627826,Ivica Zubac,LAC,1652.0,0.65,-1.44,-1.6
2024,276,1630538,Bones Hyland,LAC,485.0,-2.99,-3.18,-1.04
2024,380,1629611,Terance Mann,LAC,1691.0,-1.46,-3.0,-3.41
2024,301,200782,P.J. Tucker,LAC,441.0,-2.93,-4.52,-1.34
2024,165,1626181,Norman Powell,LAC,1735.0,-0.82,0.07,0.09
2024,366,1629599,Amir Coffey,LAC,1300.0,-1.0,-3.18,-2.78
2024,283,1641738,Kobe Brown,LAC,351.0,-2.96,-4.71,-1.11
2024,35,201142,Kevin Durant,PHO,2490.0,3.72,2.51,4.22
2024,266,203078,Bradley Beal,PHO,1601.0,0.28,-0.89,-0.96
2024,13,203994,Jusuf Nurkic,PHO,1871.0,0.94,6.49,8.21
2024,252,1628960,Grayson Allen,PHO,2194.0,1.15,-0.57,-0.84
2024,271,1628966,Keita Bates-Diop,PHO,541.0,-1.02,-2.66,-0.97
2024,9,2544,LeBron James,LAL,2324.0,6.05,5.93,9.4
2024,27,203076,Anthony Davis,LAL,2453.0,4.75,3.29,5.5
2024,29,1626156,D'Angelo Russell,LAL,2290.0,0.78,3.3,5.15
2024,411,1627752,Taurean Prince,LAL,1923.0,-2.67,-5.38,-7.04
2024,361,1629629,Cam Reddish,LAL,894.0,-2.88,-4.44,-2.71
2024,407,1630559,Austin Reaves,LAL,2394.0,0.32,-3.24,-5.28
2024,338,201569,Eric Gordon,PHO,1650.0,-1.64,-1.74,-1.94
2024,304,1629006,Josh Okogie,PHO,846.0,-0.58,-2.44,-1.4
2024,317,1629139,Yuta Watanabe,PHO,379.0,-4.89,-6.01,-1.54
2024,387,1629234,Drew Eubanks,PHO,1037.0,-1.17,-5.57,-3.9
2024,254,1626174,Christian Wood,LAL,781.0,-2.51,-1.61,-0.86
2024,104,1629060,Rui Hachimura,LAL,1659.0,-0.91,0.9,1.01
2024,321,1629637,Jaxson Hayes,LAL,800.0,-1.76,-3.11,-1.7
2024,205,1630692,Jordan Goodwin,PHO,910.0,-1.02,-0.52,-0.32
2024,414,203084,Harrison Barnes,SAC,2133.0,-1.75,-4.91,-7.15
2024,6,1627734,Domantas Sabonis,SAC,2550.0,6.08,6.39,11.14
2024,60,1628989,Kevin Huerter,SAC,1406.0,-0.82,2.54,2.44
2024,91,1631099,Keegan Murray,SAC,2277.0,-0.91,0.82,1.28
2024,81,1631165,Keon Ellis,SAC,861.0,0.87,2.59,1.53
2024,2,1628983,Shai Gilgeous-Alexander,OKC,2300.0,8.39,9.91,16.01
2024,311,1628370,Malik Monk,SAC,1576.0,0.46,-1.37,-1.47
2024,117,203458,Alex Len,SAC,404.0,-0.13,2.55,0.7
2024,291,1630558,Davion Mitchell,SAC,922.0,-3.06,-1.94,-1.23
2024,310,1630537,Chris Duarte,SAC,633.0,-2.94,-3.38,-1.46
2024,199,1628426,Sasha Vezenkov,SAC,443.0,-1.0,-0.93,-0.28
2024,72,201567,Kevin Love,MIA,796.0,2.87,3.52,1.92
2024,348,202397,Ish Smith,CHO,621.0,-5.67,-5.68,-2.17
2024,351,1641733,Nick Smith Jr.,CHO,622.0,-4.95,-5.96,-2.28
2024,114,203991,Clint Capela,ATL,1698.0,0.01,0.68,0.78
2024,19,203992,Bogdan Bogdanovic,ATL,2138.0,0.12,4.88,7.04
2024,275,1627749,Dejounte Murray,ATL,2493.0,1.55,-0.61,-1.03
2024,367,1629631,De'Andre Hunter,ATL,1507.0,-2.27,-2.76,-2.81
2024,346,1630552,Jalen Johnson,ATL,1684.0,1.02,-1.86,-2.12
2024,372,202692,Alec Burks,DET,1056.0,-2.14,-4.02,-3.0
2024,257,1628995,Kevin Knox II,DET,510.0,-3.78,-2.45,-0.88
2024,107,1630168,Onyeka Okongwu,ATL,1228.0,-0.47,1.16,0.96
2024,286,1630180,Saddiq Bey,ATL,1841.0,-1.74,-0.91,-1.14
2024,290,1631093,Jaden Ivey,DET,1998.0,-2.95,-0.84,-1.18
2024,315,1630235,Trent Forrest,ATL,367.0,-3.41,-6.12,-1.52
2024,328,1629726,Garrison Mathews,ATL,894.0,-2.71,-3.0,-1.81
2024,51,204456,T.J. McConnell,IND,1172.0,2.55,3.71,2.9
2024,96,1630543,Isaiah Jackson,IND,660.0,1.2,2.64,1.16
2024,280,1627863,Danuel House Jr.,PHI,455.0,-3.26,-3.38,-1.08
2024,190,1627788,Furkan Korkmaz,PHI,254.0,-2.07,-1.11,-0.2
2024,247,1630231,KJ Martin,PHI,646.0,-3.51,-1.73,-0.79
2024,284,1629651,Nic Claxton,BRK,1964.0,1.04,-0.86,-1.11
2024,70,1629048,Goga Bitadze,ORL,837.0,1.63,3.45,1.93
2024,34,1630532,Franz Wagner,ORL,2160.0,1.06,3.21,4.62
2024,65,1630591,Jalen Suggs,ORL,1840.0,0.85,1.81,2.22
2024,261,1631094,Paolo Banchero,ORL,2527.0,1.17,-0.54,-0.91
2024,358,1641710,Anthony Black,ORL,1045.0,-2.75,-3.78,-2.63
2024,131,204060,Joe Ingles,ORL,1010.0,-0.56,0.8,0.54
2024,292,1630175,Cole Anthony,ORL,1606.0,0.01,-1.15,-1.23
2024,109,1629021,Moritz Wagner,ORL,1280.0,1.69,1.11,0.94
2024,46,1628371,Jonathan Isaac,ORL,816.0,3.05,6.13,3.33
2024,287,1631216,Caleb Houstan,ORL,722.0,-1.75,-2.38,-1.14
2024,236,1629643,Chuma Okeke,ORL,358.0,-2.69,-2.63,-0.63
2024,308,1630577,Julian Champagnie,SAS,1327.0,-1.81,-1.63,-1.45
2024,102,1629026,Kenrich Williams,OKC,922.0,-0.83,1.58,1.02
2024,201,1628984,Devonte' Graham,SAS,269.0,-2.86,-1.62,-0.29
2024,208,1630544,Tre Mann,CHO,895.0,-1.26,-0.61,-0.34
2024,182,1631230,Dominick Barlow,SAS,353.0,-1.49,-0.4,-0.09
2024,225,1630197,Aleksej Pokusevski,CHO,349.0,-1.63,-2.23,-0.48
2024,58,1630529,Herbert Jones,NOP,2085.0,0.49,1.78,2.52
2024,120,1630230,Naji Marshall,NOP,1081.0,-0.74,0.89,0.65
2024,229,1626158,Richaun Holmes,WAS,494.0,-2.74,-1.72,-0.51
2024,169,1641871,Duop Reath,POR,1125.0,-0.91,0.06,0.04
2024,138,1631200,Kris Murray,POR,1212.0,-3.31,0.59,0.46
2024,230,1631303,Justin Minaya,POR,336.0,-4.18,-2.44,-0.53
2024,316,1641712,Rayan Rupert,POR,558.0,-5.49,-4.25,-1.54
2024,80,1627739,Kris Dunn,UTA,1142.0,-0.2,2.27,1.58
2024,272,1629677,Luka Samanic,UTA,367.0,-5.83,-4.46,-1.0
2024,306,1630209,Omer Yurtseven,UTA,490.0,-2.53,-4.71,-1.41
2024,211,203200,Justin Holiday,DEN,772.0,-1.5,-0.69,-0.35
2024,66,1641764,Brandin Podziemski,GSW,1694.0,-0.17,1.9,2.18
2024,134,1631218,Trayce Jackson-Davis,GSW,1008.0,2.31,0.75,0.51
2024,341,1628972,Troy Brown Jr.,DET,755.0,-1.83,-3.79,-2.02
2024,309,1631108,Max Christie,LAL,863.0,-3.22,-2.46,-1.45
2024,324,1628970,Miles Bridges,CHO,2235.0,-1.09,-1.28,-1.77
2024,350,1641748,Andre Jackson Jr.,MIL,499.0,-3.0,-6.53,-2.22
2024,288,203095,Evan Fournier,DET,512.0,-3.55,-3.16,-1.14
2024,219,1630215,Jared Butler,WAS,505.0,-1.85,-1.47,-0.44
2024,255,1630579,Jericho Sims,NYK,525.0,-1.62,-2.12,-0.86
2024,265,1629027,Trae Young,ATL,1711.0,2.31,-0.83,-0.96
2024,235,202083,Wesley Matthews,ATL,364.0,-2.27,-2.54,-0.63
2024,164,1641854,Craig Porter,CLE,575.0,0.19,0.25,0.1
2024,385,203471,Dennis Schroder,TOR,2215.0,-1.77,-2.82,-3.69
2024,135,1627751,Jakob Poeltl,TOR,1221.0,0.51,0.69,0.5
2024,167,1627783,Pascal Siakam,TOR,2392.0,1.75,0.05,0.07
2024,170,1629018,Gary Trent Jr.,TOR,1790.0,-2.48,0.04,0.04
2024,69,1630567,Scottie Barnes,TOR,1877.0,3.35,1.74,1.93
2024,43,201143,Al Horford,BOS,1578.0,3.2,3.16,3.41
2024,397,1641711,Gradey Dick,TOR,1155.0,-4.89,-6.72,-4.59
2024,162,1628449,Chris Boucher,TOR,624.0,-1.56,0.3,0.11
2024,344,1629667,Jalen McDaniels,TOR,461.0,-7.04,-7.59,-2.07
2024,365,1630173,Precious Achiuwa,NYK,1455.0,-1.39,-2.44,-2.74
2024,336,1630201,Malachi Flynn,TOR,779.0,-1.98,-4.17,-1.92
2024,22,1628368,De'Aaron Fox,SAC,2343.0,2.48,3.95,6.33
2024,256,1631104,Blake Wesley,SAS,741.0,-3.49,-1.77,-0.88
2024,187,201580,JaVale McGee,SAC,288.0,-1.2,-0.86,-0.17
2024,124,1630572,Sandro Mamukelashvili,SAS,396.0,-0.64,2.38,0.63
2024,241,203914,Gary Harris,ORL,1168.0,-1.18,-0.9,-0.7
2024,356,1630245,Ayo Dosunmu,CHI,1925.0,-0.81,-1.98,-2.56
2024,342,1631124,Julian Strawther,DEN,456.0,-4.76,-6.68,-2.02
2024,31,1626164,Devin Booker,PHO,2138.0,2.74,3.29,4.76
2024,312,1629642,Nassir Little,PHO,388.0,-2.44,-5.63,-1.48
2024,263,1628464,Daniel Theis,LAC,896.0,-1.54,-1.58,-0.95
2024,30,1628384,OG Anunoby,TOR,1531.0,-0.81,5.43,4.92
2024,209,202066,Garrett Temple,TOR,252.0,-3.32,-2.33,-0.35
2024,267,1641767,Ben Sheppard,IND,721.0,-2.99,-2.0,-0.96
2024,179,202684,Tristan Thompson,CLE,496.0,-1.31,-0.27,-0.09
2024,139,1630241,Sam Merrill,CLE,937.0,0.29,0.71,0.45
2024,295,1629002,Chimezie Metu,PHO,751.0,-1.25,-2.46,-1.25
2024,202,201565,Derrick Rose,MEM,360.0,-2.27,-1.21,-0.29
2024,127,1641713,GG Jackson,MEM,1081.0,-1.88,0.76,0.56
2024,314,1629628,RJ Barrett,TOR,1663.0,-0.81,-1.52,-1.49
2024,331,1628997,Caleb Martin,MIA,1562.0,-1.91,-1.73,-1.85
2024,213,1641763,Julian Phillips,CHI,275.0,-3.78,-1.97,-0.36
2024,349,1630587,Isaiah Livers,DET,399.0,-5.0,-7.77,-2.19
2024,166,1631260,AJ Green,MIL,526.0,-1.86,0.2,0.07
2024,159,1626168,Trey Lyles,SAC,973.0,-1.09,0.22,0.14
2024,83,1630631,Jose Alvarado,NOP,886.0,-0.23,2.5,1.5
2024,194,1631207,Dalen Terry,CHI,606.0,-2.04,-0.6,-0.24
2024,163,1630205,Lamar Stevens,MEM,489.0,-1.93,0.31,0.1
2024,279,1628981,Bruno Fernando,ATL,615.0,-2.05,-2.59,-1.08
2024,157,1626179,Terry Rozier,CHO,1849.0,1.33,0.13,0.15
2024,305,1629670,Jordan Nwora,TOR,633.0,-2.22,-3.74,-1.4
2024,141,1641716,Jarace Walker,IND,288.0,-0.21,2.13,0.41
2024,248,1631116,Patrick Baldwin,WAS,455.0,-3.71,-2.93,-0.8
2024,285,1628365,Markelle Fultz,ORL,826.0,-1.34,-2.03,-1.12
2024,228,1628976,Wendell Carter Jr.,ORL,1293.0,-1.0,-0.58,-0.5
2024,129,1641708,Amen Thompson,HOU,1244.0,1.5,0.66,0.55
2024,253,203493,Reggie Bullock Jr.,HOU,371.0,-2.0,-3.48,-0.86
2024,226,1641715,Cam Whitmore,HOU,754.0,-0.08,-0.99,-0.5
2024,64,203468,CJ McCollum,NOP,1955.0,2.81,1.68,2.22
2024,259,1631222,Jake LaRavia,MEM,696.0,-2.23,-1.91,-0.9
2024,224,1631117,Walker Kessler,UTA,1334.0,0.71,-0.58,-0.47
2024,212,1641707,Taylor Hendricks,UTA,772.0,-1.5,-0.76,-0.36
2024,335,1641729,Brice Sensabaugh,UTA,520.0,-4.49,-6.04,-1.91
2024,200,1628467,Maxi Kleber,DAL,736.0,-1.25,-0.55,-0.29
2024,168,1629014,Anfernee Simons,POR,1440.0,0.09,0.06,0.05
2024,415,1630703,Scoot Henderson,POR,1610.0,-5.39,-7.75,-8.08
2024,176,203486,Mason Plumlee,LAC,593.0,-1.0,-0.14,-0.05
2024,77,1631107,Nikola Jovic,MIA,823.0,0.1,3.08,1.74
2024,75,1629162,Jordan McLaughlin,MIN,566.0,3.11,4.61,1.77
2024,150,1631115,Orlando Robinson,MIA,265.0,-1.06,1.38,0.25
2024,171,1629626,Bol Bol,PHO,431.0,1.3,0.1,0.03
2024,140,1628964,Mo Bamba,PHI,682.0,-1.0,0.94,0.45
2024,191,202722,Davis Bertans,CHO,591.0,-1.34,-0.55,-0.2
2024,234,1630592,Jalen Wilson,BRK,574.0,-2.51,-1.62,-0.61
2024,180,201152,Thaddeus Young,TOR,403.0,-0.2,-0.38,-0.09
2024,260,201599,DeAndre Jordan,DEN,361.0,-1.49,-3.74,-0.9
2024,243,1631311,Lester Quinones,GSW,326.0,-2.58,-3.28,-0.72
2024,144,1629674,Neemias Queta,BOS,293.0,0.65,1.91,0.38
2024,215,1641730,Noah Clowney,BRK,315.0,-0.8,-1.96,-0.4
2024,245,201988,Patty Mills,MIA,360.0,-3.53,-2.95,-0.73
2024,203,1630639,A.J. Lawson,DAL,259.0,-3.28,-1.65,-0.3
2024,76,1630530,Trey Murphy III,NOP,1493.0,2.18,1.74,1.77
2024,400,202711,Bojan Bogdanovic,DET,1369.0,-2.96,-4.9,-4.73
2024,133,1629020,Jarred Vanderbilt,LAL,525.0,-1.47,1.46,0.52
2024,297,1641877,Nathan Mensah,CHO,277.0,-6.06,-7.47,-1.27
2024,318,1630527,Brandon Boston Jr.,LAC,301.0,-6.34,-7.84,-1.59
2024,123,1629630,Ja Morant,MEM,296.0,1.72,3.16,0.63
2024,240,1628998,Cody Martin,CHO,659.0,-3.04,-1.68,-0.68
2024,185,1641741,Ricky Council IV,PHI,250.0,0.44,-0.91,-0.16
2024,147,1629007,Jontay Porter,TOR,304.0,0.81,1.65,0.3
2024,268,1631241,Javon Freeman-Liberty,TOR,368.0,-3.98,-4.43,-0.96
2024,172,1630590,Scotty Pippen Jr.,MEM,482.0,-1.0,-0.03,-0.01
2024,183,1628420,Monte Morris,MIN,409.0,0.25,-0.4,-0.11
2024,289,1641998,Trey Jemison,MEM,500.0,-4.17,-3.46,-1.17
2024,258,1641787,Tosan Evbuomwan,DET,349.0,-2.42,-3.61,-0.89
2024,207,1630204,Ashton Hagans,POR,275.0,-2.62,-1.84,-0.33
2024,227,1630249,Vit Krejci,ATL,475.0,-3.05,-1.56,-0.5
2024,198,1630548,Johnny Juzang,UTA,319.0,-2.84,-1.42,-0.28
2025,22,201143,Al Horford,BOS,1506.0,1.0,4.57,4.06
2025,185,201950,Jrue Holiday,BOS,1735.0,0.56,-0.03,-0.04
2025,99,1627759,Jaylen Brown,BOS,1994.0,-0.07,1.05,1.23
2025,19,1628369,Jayson Tatum,BOS,2328.0,4.82,3.42,4.69
2025,47,1628401,Derrick White,BOS,2368.0,3.23,1.83,2.56
2025,365,203991,Clint Capela,ATL,1075.0,-1.0,-2.83,-2.04
2025,70,1630552,Jalen Johnson,ATL,1120.0,1.47,2.55,1.92
2025,77,1630700,Dyson Daniels,ATL,2260.0,1.34,1.18,1.79
2025,261,1630811,Keaton Wallace,ATL,441.0,-1.97,-1.91,-0.56
2025,413,1642258,Zaccharie Risacher,ATL,1729.0,-3.3,-3.69,-4.27
2025,198,1626204,Larry Nance Jr.,ATL,399.0,1.04,-0.5,-0.13
2025,220,1629726,Garrison Mathews,ATL,694.0,-1.49,-0.61,-0.28
2025,186,1629674,Neemias Queta,BOS,766.0,-0.75,-0.1,-0.04
2025,100,1630202,Payton Pritchard,BOS,1985.0,3.18,1.02,1.19
2025,28,1630168,Onyeka Okongwu,ATL,1780.0,1.12,2.99,3.57
2025,255,1630573,Sam Hauser,BOS,1389.0,-1.0,-0.66,-0.54
2025,20,1628436,Luke Kornet,BOS,1198.0,2.82,6.36,4.49
2025,269,1631223,David Roddy,ATL,362.0,-1.36,-2.52,-0.61
2025,262,1641775,Jordan Walsh,BOS,332.0,-3.0,-2.89,-0.57
2025,192,202699,Tobias Harris,DET,2028.0,0.02,-0.05,-0.07
2025,427,203501,Tim Hardaway Jr.,DET,1933.0,-2.02,-4.69,-5.78
2025,8,1630595,Cade Cunningham,DET,2165.0,3.58,4.99,6.88
2025,320,1631093,Jaden Ivey,DET,789.0,-0.16,-2.33,-1.17
2025,71,1631105,Jalen Duren,DET,1801.0,2.78,1.66,1.91
2025,421,1626179,Terry Rozier,MIA,1467.0,-3.45,-5.25,-5.23
2025,34,1628389,Bam Adebayo,MIA,2447.0,1.83,2.01,3.35
2025,351,1629312,Haywood Highsmith,MIA,1632.0,-1.82,-1.56,-1.74
2025,18,1629639,Tyler Herro,MIA,2468.0,2.87,2.98,5.0
2025,232,1631107,Nikola Jović,MIA,1051.0,0.14,-0.53,-0.38
2025,406,1631170,Jaime Jaquez Jr.,MIA,1231.0,-0.91,-4.39,-3.68
2025,59,1627736,Malik Beasley,DET,1970.0,0.67,1.8,2.26
2025,235,1630191,Isaiah Stewart,DET,1250.0,0.43,-0.49,-0.39
2025,309,1629130,Duncan Robinson,MIA,1626.0,-1.64,-0.96,-1.06
2025,388,1631323,Simone Fontecchio,DET,1100.0,-2.67,-3.67,-2.58
2025,327,1641842,Ronald Holland II,DET,1130.0,-1.0,-1.84,-1.32
2025,191,1641796,Pelle Larsson,MIA,686.0,-2.72,-0.12,-0.06
2025,184,1642276,Kel'el Ware,MIA,1317.0,-0.19,-0.02,-0.02
2025,141,203484,Kentavious Caldwell-Pope,ORL,2062.0,-1.37,0.33,0.41
2025,79,1629048,Goga Bitadze,ORL,1293.0,2.14,2.21,1.72
2025,16,1630532,Franz Wagner,ORL,1846.0,2.79,5.01,5.54
2025,101,1630591,Jalen Suggs,ORL,890.0,0.2,2.22,1.18
2025,400,1641783,Tristan da Silva,ORL,1467.0,-2.45,-3.71,-3.26
2025,298,201959,Taj Gibson,CHO,352.0,-4.01,-4.23,-0.94
2025,144,1629684,Grant Williams,CHO,409.0,-1.44,1.51,0.39
2025,65,1630163,LaMelo Ball,CHO,1359.0,2.78,2.31,1.99
2025,407,1630182,Josh Green,CHO,1704.0,-4.03,-3.41,-3.69
2025,258,1641706,Brandon Miller,CHO,778.0,-0.16,-1.12,-0.55
2025,98,1631217,Moussa Diabate,CHO,1039.0,-1.79,1.88,1.24
2025,147,1628371,Jonathan Isaac,ORL,932.0,0.46,0.63,0.35
2025,350,1641710,Anthony Black,ORL,1663.0,-1.83,-1.7,-1.7
2025,175,203552,Seth Curry,CHO,934.0,-1.6,0.07,0.04
2025,222,1628998,Cody Martin,CHO,961.0,-1.6,-0.52,-0.32
2025,245,203914,Gary Harris,ORL,618.0,-2.37,-1.26,-0.47
2025,201,1629021,Moritz Wagner,ORL,492.0,-1.0,-0.51,-0.15
2025,343,203995,Vasilije Micić,CHO,678.0,-5.92,-3.53,-1.52
2025,161,1630175,Cole Anthony,ORL,1070.0,-0.04,0.34,0.22
2025,377,1642275,Tidjane Salaün,CHO,1046.0,-4.67,-3.4,-2.26
2025,143,202709,Cory Joseph,ORL,531.0,-0.84,1.25,0.4
2025,183,1630243,Trevelin Queen,ORL,350.0,-0.51,-0.09,-0.02
2025,312,1631216,Caleb Houstan,ORL,685.0,-1.98,-2.63,-1.08
2025,361,1641724,Jett Howard,ORL,592.0,-4.43,-5.51,-1.96
2025,423,1641733,Nick Smith Jr.,CHO,1248.0,-5.2,-6.98,-5.53
2025,206,200768,Kyle Lowry,PHI,590.0,-1.24,-0.52,-0.18
2025,172,202331,Paul George,PHI,1226.0,-0.47,0.13,0.1
2025,133,203954,Joel Embiid,PHI,513.0,2.48,1.55,0.47
2025,402,1626162,Kelly Oubre Jr.,PHI,1892.0,-2.2,-3.15,-3.49
2025,360,1628997,Caleb Martin,PHI,1091.0,-2.9,-3.01,-1.93
2025,4,1626157,Karl-Anthony Towns,NYK,2323.0,3.32,6.11,8.31
2025,190,1628384,OG Anunoby,NYK,2477.0,0.6,-0.04,-0.06
2025,319,1628404,Josh Hart,NYK,2644.0,2.6,-0.75,-1.17
2025,29,1628969,Mikal Bridges,NYK,2755.0,-0.53,2.12,3.43
2025,128,1628973,Jalen Brunson,NYK,2065.0,3.01,0.49,0.59
2025,363,203083,Andre Drummond,PHI,692.0,-2.81,-4.88,-1.98
2025,82,1627824,Guerschon Yabusele,PHI,1736.0,-1.0,1.66,1.69
2025,229,1630288,Jeff Dowtin Jr.,PHI,569.0,-0.05,-1.13,-0.38
2025,80,1630540,Miles McBride,NYK,1397.0,-0.1,2.09,1.71
2025,300,1630579,Jericho Sims,NYK,518.0,-2.54,-3.17,-0.96
2025,135,1642272,Jared McCain,PHI,532.0,-0.06,1.44,0.45
2025,110,1626166,Cameron Payne,NYK,990.0,-0.31,1.46,0.85
2025,303,1641737,Adem Bona,PHI,820.0,-2.44,-2.11,-1.01
2025,409,1641741,Ricky Council IV,PHI,1131.0,-3.91,-5.83,-3.87
2025,140,201572,Brook Lopez,MIL,2310.0,0.69,0.31,0.41
2025,3,203507,Giannis Antetokounmpo,MIL,2025.0,8.78,12.87,15.02
2025,428,1627752,Taurean Prince,MIL,1937.0,-1.65,-5.21,-5.82
2025,152,1631157,Ryan Rollins,MIL,738.0,-0.58,0.65,0.28
2025,64,1631260,AJ Green,MIL,1422.0,-2.09,2.52,2.06
2025,37,1627751,Jakob Pöltl,TOR,1490.0,-1.0,3.54,3.09
2025,118,1629628,RJ Barrett,TOR,1674.0,0.47,0.69,0.67
2025,289,1630534,Ochai Agbaji,TOR,1551.0,-0.73,-0.94,-0.86
2025,225,1630558,Davion Mitchell,TOR,1775.0,-2.46,-0.34,-0.36
2025,414,1641711,Gradey Dick,TOR,1421.0,-2.99,-5.2,-4.33
2025,85,1626171,Bobby Portis,MIL,1101.0,0.06,2.51,1.6
2025,73,1628449,Chris Boucher,TOR,763.0,1.76,4.2,1.87
2025,335,1629018,Gary Trent Jr.,MIL,1642.0,-1.55,-1.46,-1.38
2025,207,1626153,Delon Wright,MIL,561.0,-1.32,-0.56,-0.18
2025,288,1626192,Pat Connaughton,MIL,534.0,-2.01,-2.77,-0.85
2025,337,1641748,Andre Jackson Jr.,MIL,908.0,-3.06,-2.73,-1.43
2025,397,1642347,Jamal Shead,TOR,1251.0,-3.77,-4.08,-2.99
2025,393,1642367,Jonathan Mogbo,TOR,1135.0,-1.79,-4.19,-2.79
2025,354,1642419,Jamison Battle,TOR,902.0,-2.11,-3.43,-1.81
2025,378,1642358,AJ Johnson,WAS,578.0,-6.62,-6.31,-2.27
2025,90,1628374,Lauri Markkanen,UTA,1325.0,-0.37,1.82,1.44
2025,30,1628381,John Collins,UTA,1086.0,0.76,5.3,3.43
2025,369,1629012,Collin Sexton,UTA,1607.0,-0.63,-2.21,-2.11
2025,429,1641718,Keyonte George,UTA,1819.0,-2.57,-5.76,-6.23
2025,425,1642262,Cody Williams,UTA,932.0,-6.43,-10.11,-5.6
2025,416,203078,Bradley Beal,PHO,1549.0,-1.09,-5.06,-4.42
2025,177,203486,Mason Plumlee,PHO,1169.0,-0.65,0.05,0.03
2025,301,1626145,Tyus Jones,PHO,1981.0,0.02,-0.86,-0.96
2025,127,1626164,Devin Booker,PHO,2538.0,0.32,0.42,0.6
2025,264,1642346,Ryan Dunn,PHO,1281.0,-3.78,-0.79,-0.57
2025,189,203903,Jordan Clarkson,UTA,843.0,-1.42,-0.11,-0.05
2025,379,1630548,Johnny Juzang,UTA,1148.0,-2.15,-3.34,-2.28
2025,373,1642271,Kyle Filipowski,UTA,1388.0,-1.0,-2.67,-2.21
2025,204,1626220,Royce O'Neale,PHO,1619.0,0.01,-0.19,-0.17
2025,364,1628960,Grayson Allen,PHO,1359.0,-0.37,-2.62,-2.0
2025,139,1642345,Oso Ighodaro,PHO,918.0,-2.38,0.8,0.41
2025,417,1642268,Isaiah Collier,UTA,1685.0,-4.95,-4.67,-4.67
2025,181,1628420,Monté Morris,PHO,507.0,-1.62,-0.04,-0.01
2025,214,1641729,Brice Sensabaugh,UTA,1280.0,-1.18,-0.31,-0.24
2025,115,1629006,Josh Okogie,PHO,547.0,0.99,2.43,0.75
2025,281,1629234,Drew Eubanks,UTA,640.0,-0.73,-1.97,-0.75
2025,14,201939,Stephen Curry,GSW,1999.0,5.79,5.05,5.72
2025,61,203110,Draymond Green,GSW,1808.0,0.39,2.12,2.17
2025,347,203952,Andrew Wiggins,GSW,1678.0,0.75,-1.75,-1.66
2025,283,1631218,Trayce Jackson-Davis,GSW,858.0,0.87,-1.58,-0.77
2025,11,202681,Kyrie Irving,DAL,1632.0,3.03,5.99,6.12
2025,404,202691,Klay Thompson,DAL,1838.0,-1.0,-3.1,-3.57
2025,13,1629029,Luka Dončić,LAL,1601.0,6.03,7.05,5.86
2025,67,1629655,Daniel Gafford,DAL,1112.0,3.23,2.84,1.98
2025,359,1630230,Naji Marshall,DAL,1707.0,-0.82,-1.74,-1.85
2025,89,1627780,Gary Payton II,GSW,837.0,1.04,3.1,1.47
2025,74,1641726,Dereck Lively II,DAL,771.0,-1.0,3.88,1.87
2025,395,1629656,Quentin Grimes,DAL,1794.0,0.29,-2.57,-2.88
2025,411,203915,Spencer Dinwiddie,DAL,1900.0,-1.56,-3.34,-3.97
2025,277,1627741,Buddy Hield,GSW,1595.0,-1.0,-0.81,-0.73
2025,109,1626172,Kevon Looney,GSW,960.0,0.12,1.63,0.89
2025,194,1630228,Jonathan Kuminga,GSW,960.0,-0.65,-0.2,-0.11
2025,340,1630702,Jaden Hardy,DAL,793.0,-4.11,-2.96,-1.47
2025,372,1630541,Moses Moody,GSW,1505.0,-0.91,-2.5,-2.14
2025,51,1641764,Brandin Podziemski,GSW,1498.0,0.55,2.96,2.51
2025,358,203924,Jerami Grant,POR,1375.0,-1.54,-2.24,-1.85
2025,374,1629014,Anfernee Simons,POR,2076.0,-0.16,-1.8,-2.24
2025,346,1631101,Shaedon Sharpe,POR,2005.0,-1.28,-1.37,-1.65
2025,81,1641739,Toumani Camara,POR,2228.0,-0.16,1.27,1.7
2025,120,1642270,Donovan Clingan,POR,1222.0,-0.38,0.91,0.67
2025,60,201144,Mike Conley,MIN,1657.0,1.02,2.21,2.18
2025,41,203497,Rudy Gobert,MIN,2207.0,1.72,2.2,2.89
2025,216,203944,Julius Randle,MIN,1980.0,1.14,-0.22,-0.26
2025,24,1630162,Anthony Edwards,MIN,2537.0,4.0,2.67,4.03
2025,371,1630183,Jaden McDaniels,MIN,2355.0,-0.06,-1.51,-2.12
2025,333,1630703,Scoot Henderson,POR,1513.0,-2.09,-1.52,-1.38
2025,58,1630166,Deni Avdija,POR,1915.0,1.87,1.96,2.26
2025,104,1629638,Nickeil Alexander-Walker,MIN,1773.0,-0.45,1.03,1.09
2025,145,1629057,Robert Williams III,POR,300.0,1.67,2.09,0.38
2025,112,1628978,Donte DiVincenzo,MIN,1381.0,1.62,0.99,0.82
2025,33,1629675,Naz Reid,MIN,1942.0,1.41,2.91,3.37
2025,339,1630625,Dalano Banton,POR,947.0,-0.83,-2.57,-1.46
2025,310,1641712,Rayan Rupert,POR,371.0,-3.64,-4.8,-1.07
2025,311,1626167,Myles Turner,IND,1938.0,0.3,-0.93,-1.07
2025,5,1627783,Pascal Siakam,IND,2272.0,1.53,5.88,7.93
2025,26,1630169,Tyrese Haliburton,IND,2178.0,5.36,2.94,3.8
2025,239,1631097,Bennedict Mathurin,IND,1953.0,-2.76,-0.36,-0.42
2025,322,1641767,Ben Sheppard,IND,1086.0,-1.88,-1.84,-1.19
2025,228,204456,T.J. McConnell,IND,1246.0,0.96,-0.5,-0.37
2025,257,1630167,Obi Toppin,IND,1364.0,1.43,-0.68,-0.55
2025,403,1641716,Jarace Walker,IND,1047.0,-0.91,-5.69,-3.53
2025,240,1642277,Johnny Furphy,IND,340.0,-2.04,-2.11,-0.43
2025,212,1631245,Quenton Jackson,IND,318.0,-0.52,-1.17,-0.22
2025,210,201569,Eric Gordon,PHI,691.0,-1.49,-0.51,-0.21
2025,326,1631111,Wendell Moore Jr.,CHO,428.0,-2.24,-4.73,-1.29
2025,248,1631204,Marcus Sasser,DET,677.0,-0.67,-1.14,-0.49
2025,119,1629027,Trae Young,ATL,2383.0,0.41,0.42,0.67
2025,424,1628398,Kyle Kuzma,MIL,1775.0,-4.61,-5.44,-5.57
2025,344,1629673,Jordan Poole,WAS,1815.0,0.29,-1.4,-1.58
2025,430,1641731,Bilal Coulibaly,WAS,1765.0,-3.49,-5.94,-6.53
2025,171,1642259,Alexandre Sarr,WAS,1667.0,-1.0,0.1,0.1
2025,431,1642267,Carlton Carrington,WAS,2249.0,-1.0,-5.14,-7.2
2025,368,1630557,Corey Kispert,WAS,1415.0,-3.44,-2.39,-2.1
2025,188,1629631,De'Andre Hunter,ATL,1437.0,0.26,-0.05,-0.05
2025,336,202685,Jonas Valančiūnas,WAS,1338.0,0.46,-1.69,-1.41
2025,349,1642273,Kyshawn George,WAS,1620.0,-3.84,-1.67,-1.69
2025,345,1627777,Georges Niang,CLE,1486.0,-2.18,-1.85,-1.61
2025,40,1628378,Donovan Mitchell,CLE,1999.0,3.37,2.52,2.96
2025,31,1628386,Jarrett Allen,CLE,2075.0,3.85,2.79,3.4
2025,148,1629636,Darius Garland,CLE,2073.0,2.82,0.28,0.34
2025,91,1630171,Isaac Okoro,CLE,937.0,-0.57,2.54,1.4
2025,35,202696,Nikola Vučević,CHI,2000.0,2.35,2.87,3.31
2025,331,203897,Zach LaVine,CHI,2278.0,0.6,-1.04,-1.36
2025,259,1629632,Coby White,CHI,2161.0,-0.91,-0.45,-0.56
2025,370,1630172,Patrick Williams,CHI,1404.0,-3.44,-2.62,-2.12
2025,23,1630581,Josh Giddey,CHI,1852.0,2.7,3.8,4.05
2025,390,1630245,Ayo Dosunmu,CHI,1211.0,-1.53,-3.83,-2.67
2025,121,1629731,Dean Wade,CLE,1119.0,0.15,1.01,0.66
2025,107,1627747,Caris LeVert,CLE,1362.0,0.69,1.22,0.98
2025,32,1629660,Ty Jerome,CLE,1200.0,3.71,4.8,3.38
2025,96,1630188,Jalen Smith,CHI,829.0,0.61,2.78,1.33
2025,263,1641763,Julian Phillips,CHI,970.0,-2.73,-1.02,-0.57
2025,382,1631207,Dalen Terry,CHI,852.0,-3.38,-4.8,-2.35
2025,297,202684,Tristan Thompson,CLE,283.0,-3.35,-5.69,-0.94
2025,385,1641824,Matas Buzelis,CHI,1307.0,-2.35,-3.31,-2.49
2025,253,1641854,Craig Porter Jr.,CLE,453.0,0.58,-1.94,-0.51
2025,285,1629659,Talen Horton-Tucker,CHI,601.0,-2.12,-2.32,-0.8
2025,208,203471,Dennis Schröder,BRK,1837.0,-2.13,-0.17,-0.19
2025,279,1627732,Ben Simmons,BRK,992.0,-0.57,-1.3,-0.75
2025,15,1627827,Dorian Finney-Smith,LAL,1607.0,-1.01,6.72,5.61
2025,49,1629661,Cameron Johnson,BRK,1592.0,2.75,2.75,2.54
2025,252,1630560,Cam Thomas,BRK,690.0,0.07,-1.28,-0.51
2025,398,1630533,Ziaire Williams,BRK,1366.0,-2.17,-3.95,-3.13
2025,387,1641730,Noah Clowney,BRK,914.0,-3.66,-4.84,-2.57
2025,278,1629003,Shake Milton,BRK,741.0,-1.99,-1.73,-0.74
2025,392,1630553,Keon Johnson,BRK,1757.0,-3.12,-2.68,-2.73
2025,213,1642278,Tyler Kolek,NYK,265.0,-2.15,-1.49,-0.23
2025,396,1630592,Jalen Wilson,BRK,1761.0,-3.67,-2.93,-2.99
2025,38,101108,Chris Paul,SAS,2082.0,0.68,2.23,3.04
2025,84,203084,Harrison Barnes,SAS,2046.0,-0.07,1.22,1.64
2025,381,1630577,Julian Champagnie,SAS,1712.0,-1.28,-2.04,-2.29
2025,9,1641705,Victor Wembanyama,SAS,1373.0,5.76,7.2,6.48
2025,420,1642264,Stephon Castle,SAS,1929.0,-3.04,-4.12,-5.21
2025,348,2544,LeBron James,LAL,2172.0,5.17,-1.49,-1.68
2025,68,203076,Anthony Davis,LAL,1531.0,4.85,2.46,1.96
2025,273,1629629,Cam Reddish,LAL,530.0,-2.33,-2.52,-0.69
2025,117,1630559,Austin Reaves,LAL,2308.0,1.72,0.59,0.7
2025,383,1642261,Dalton Knecht,LAL,1318.0,-1.72,-3.49,-2.39
2025,92,1628380,Zach Collins,CHI,866.0,-0.14,2.79,1.39
2025,276,1629640,Keldon Johnson,SAS,1533.0,-1.55,-0.7,-0.7
2025,408,1630170,Devin Vassell,SAS,1736.0,-1.09,-3.3,-3.76
2025,87,1626156,D'Angelo Russell,LAL,1324.0,-0.46,2.31,1.59
2025,375,1631108,Max Christie,LAL,1864.0,-2.4,-2.32,-2.25
2025,295,1631104,Blake Wesley,SAS,551.0,-3.52,-2.46,-0.89
2025,401,1629216,Gabe Vincent,LAL,1320.0,-3.69,-4.78,-3.28
2025,125,1630572,Sandro Mamukelashvili,SAS,592.0,1.63,1.58,0.61
2025,315,1631103,Malaki Branham,SAS,360.0,-2.55,-4.63,-1.09
2025,202,1631132,Christian Koloko,LAL,294.0,-2.19,-1.06,-0.16
2025,50,1627832,Fred VanVleet,HOU,1873.0,0.76,2.23,2.52
2025,380,1628415,Dillon Brooks,HOU,2091.0,-1.37,-1.81,-2.29
2025,426,1630224,Jalen Green,HOU,2362.0,0.41,-3.99,-5.67
2025,6,1630578,Alperen Sengun,HOU,2141.0,4.05,5.51,7.11
2025,88,1631095,Jabari Smith Jr.,HOU,1521.0,-0.73,1.62,1.48
2025,48,201935,James Harden,LAC,2505.0,4.0,1.83,2.55
2025,44,1626181,Norman Powell,LAC,1824.0,1.31,2.64,2.68
2025,163,1627739,Kris Dunn,LAC,1658.0,0.47,0.2,0.18
2025,12,1627826,Ivica Zubac,LAC,2402.0,2.86,4.51,6.02
2025,114,1627884,Derrick Jones Jr.,LAC,1667.0,-0.36,0.86,0.8
2025,142,1630539,Kai Jones,DAL,416.0,1.88,1.56,0.41
2025,78,1631106,Tari Eason,HOU,1221.0,3.1,2.38,1.75
2025,7,1641708,Amen Thompson,HOU,1985.0,3.74,5.76,6.88
2025,180,1629645,Kevin Porter Jr.,LAC,1292.0,-0.66,-0.01,-0.01
2025,419,1629599,Amir Coffey,LAC,1495.0,-1.64,-5.86,-4.87
2025,83,203500,Steven Adams,HOU,703.0,0.07,3.98,1.69
2025,334,1629611,Terance Mann,LAC,1272.0,-1.27,-1.95,-1.38
2025,318,1642263,Reed Sheppard,HOU,591.0,-1.56,-3.28,-1.17
2025,56,201587,Nicolas Batum,LAC,1235.0,0.61,3.42,2.35
2025,173,1628988,Aaron Holiday,HOU,711.0,-0.34,0.22,0.1
2025,251,1641757,Jordan Miller,LAC,387.0,-2.3,-2.36,-0.51
2025,153,1630256,Jae'Sean Tate,HOU,496.0,-0.77,0.86,0.26
2025,195,1629111,Jock Landale,HOU,443.0,0.05,-0.43,-0.11
2025,226,1627742,Brandon Ingram,NOP,545.0,-0.45,-1.16,-0.36
2025,317,1629750,Javonte Green,NOP,1140.0,-2.16,-1.78,-1.15
2025,156,1630527,Brandon Boston Jr.,NOP,913.0,-2.29,0.45,0.23
2025,342,1630530,Trey Murphy III,NOP,1662.0,0.65,-1.61,-1.51
2025,410,1642274,Yves Missi,NOP,1798.0,-2.85,-3.81,-3.88
2025,25,1627750,Jamal Murray,DEN,2201.0,0.69,3.03,3.94
2025,412,1629008,Michael Porter Jr.,DEN,2334.0,-0.15,-3.05,-4.21
2025,52,1631128,Christian Braun,DEN,2368.0,0.22,1.71,2.39
2025,394,1631212,Peyton Watson,DEN,1470.0,-1.73,-3.25,-2.83
2025,362,1630526,Jeremiah Robinson-Earl,NOP,1099.0,-2.32,-3.15,-1.96
2025,221,1630192,Zeke Nnaji,DEN,572.0,-1.24,-0.86,-0.29
2025,280,1631288,Jamal Cain,NOP,442.0,-2.79,-2.98,-0.75
2025,422,1631124,Julian Strawther,DEN,1238.0,-4.12,-7.39,-5.41
2025,266,1641998,Trey Jemison III,LAL,332.0,-5.01,-3.4,-0.59
2025,418,201566,Russell Westbrook,DEN,1893.0,-1.09,-4.29,-4.8
2025,292,1641816,Hunter Tyson,DEN,363.0,-3.69,-4.0,-0.86
2025,2,1628983,Shai Gilgeous-Alexander,OKC,2329.0,10.74,12.32,17.05
2025,111,1629652,Luguentz Dort,OKC,1889.0,0.11,0.73,0.82
2025,46,1630198,Isaiah Joe,OKC,1418.0,1.08,3.09,2.6
2025,178,1631114,Jalen Williams,OKC,2053.0,3.66,0.02,0.02
2025,302,1641717,Cason Wallace,OKC,1689.0,0.84,-0.99,-1.0
2025,304,203994,Jusuf Nurkić,PHO,985.0,-1.29,-1.83,-1.01
2025,108,1629026,Kenrich Williams,OKC,981.0,0.39,1.56,0.91
2025,45,1630598,Aaron Wiggins,OKC,1551.0,0.91,2.85,2.62
2025,254,1631172,Ousmane Dieng,OKC,353.0,-0.93,-2.47,-0.52
2025,197,1642349,Ajay Mitchell,OKC,515.0,-1.46,-0.42,-0.13
2025,313,1641794,Dillon Jones,OKC,463.0,-3.27,-3.92,-1.08
2025,182,1629626,Bol Bol,PHO,402.0,0.31,-0.09,-0.02
2025,267,1630322,Lindy Waters III,GSW,687.0,-2.48,-1.51,-0.59
2025,21,1628991,Jaren Jackson Jr.,MEM,1993.0,2.07,3.65,4.29
2025,63,1629634,Brandon Clarke,MEM,1041.0,0.57,3.49,2.14
2025,69,1630583,Santi Aldama,MEM,1404.0,2.79,2.36,1.96
2025,247,1630590,Scotty Pippen Jr.,MEM,1480.0,1.63,-0.55,-0.48
2025,356,1642377,Jaylen Wells,MEM,1844.0,-2.11,-1.69,-1.84
2025,42,1630217,Desmond Bane,MEM,1951.0,2.9,2.51,2.89
2025,219,203935,Marcus Smart,MEM,572.0,-1.39,-0.82,-0.28
2025,94,1641744,Zach Edey,MEM,1315.0,-0.19,1.76,1.36
2025,103,1631222,Jake LaRavia,MEM,1149.0,0.07,1.61,1.09
2025,246,1631246,Vince Williams Jr.,MEM,436.0,-2.34,-1.85,-0.48
2025,179,203937,Kyle Anderson,GSW,884.0,1.15,0.03,0.02
2025,149,1628379,Luke Kennard,MEM,1282.0,0.88,0.44,0.33
2025,134,1630643,Jay Huff,MEM,639.0,2.64,1.19,0.45
2025,324,203458,Alex Len,SAC,324.0,-2.11,-5.96,-1.2
2025,10,1627734,Domantas Sabonis,SAC,2178.0,4.8,4.68,6.32
2025,386,1628368,De'Aaron Fox,SAC,2006.0,0.29,-2.04,-2.53
2025,314,1628989,Kevin Huerter,SAC,1503.0,-1.88,-1.18,-1.09
2025,306,1631099,Keegan Murray,SAC,2337.0,-1.56,-0.71,-1.02
2025,321,1626168,Trey Lyles,SAC,1189.0,-0.73,-1.6,-1.18
2025,164,1629162,Jordan McLaughlin,SAC,256.0,-1.38,1.09,0.17
2025,102,1631165,Keon Ellis,SAC,1685.0,1.66,1.1,1.15
2025,215,203926,Doug McDermott,SAC,284.0,-2.44,-1.37,-0.24
2025,284,1642265,Rob Dillingham,MIN,457.0,-3.41,-2.92,-0.8
2025,162,1630241,Sam Merrill,CLE,1229.0,0.16,0.28,0.2
2025,17,1630596,Evan Mobley,CLE,1940.0,4.2,4.71,5.35
2025,27,1628970,Miles Bridges,CHO,1802.0,1.58,3.27,3.74
2025,230,1630570,Trendon Watford,BRK,793.0,-2.77,-0.82,-0.38
2025,237,1630544,Tre Mann,CHO,255.0,-1.88,-2.52,-0.41
2025,129,201599,DeAndre Jordan,DEN,676.0,-1.16,1.39,0.56
2025,167,1629723,John Konchar,MEM,485.0,1.06,0.49,0.14
2025,86,1629023,P.J. Washington,DAL,1682.0,-0.91,1.51,1.59
2025,282,1628467,Maxi Kleber,DAL,553.0,-3.2,-2.21,-0.76
2025,131,1631255,Karlo Matkovic,NOP,721.0,-1.83,1.27,0.52
2025,307,1641810,Antonio Reeves,NOP,585.0,-2.75,-3.13,-1.04
2025,176,203939,Dwight Powell,DAL,473.0,-0.24,0.13,0.04
2025,268,1641765,Olivier-Maxence Prosper,DAL,515.0,-1.85,-1.84,-0.6
2025,274,1629646,Charles Bassey,SAS,307.0,-1.07,-3.45,-0.7
2025,158,1630200,Tre Jones,CHI,801.0,1.11,0.49,0.23
2025,57,1627936,Alex Caruso,OKC,918.0,3.3,4.14,2.26
2025,97,1630178,Tyrese Maxey,PHI,1790.0,1.77,1.2,1.26
2025,250,202704,Reggie Jackson,PHI,355.0,-3.11,-2.43,-0.5
2025,389,1629651,Nic Claxton,BRK,1694.0,0.29,-2.64,-2.59
2025,286,1630231,KJ Martin,PHI,810.0,-2.84,-1.7,-0.81
2025,199,1627763,Malcolm Brogdon,WAS,520.0,-1.39,-0.43,-0.14
2025,155,203081,Damian Lillard,MIL,1864.0,3.63,0.22,0.24
2025,323,203992,Bogdan Bogdanović,LAC,1174.0,-1.45,-1.82,-1.19
2025,154,1630249,Vít Krejčí,ATL,1008.0,0.48,0.36,0.24
2025,293,1631200,Kris Murray,POR,915.0,-2.72,-1.57,-0.86
2025,243,1641871,Duop Reath,POR,402.0,-0.49,-1.9,-0.46
2025,136,1631133,Jabari Walker,POR,635.0,-0.84,1.15,0.44
2025,218,201145,Jeff Green,HOU,355.0,-0.02,-1.25,-0.27
2025,341,203901,Elfrid Payton,NOP,457.0,-5.06,-5.74,-1.48
2025,316,1628464,Daniel Theis,NOP,572.0,-2.82,-3.38,-1.1
2025,415,1641722,Jordan Hawkins,NOP,1200.0,-4.91,-6.45,-4.38
2025,1,203999,Nikola Jokić,DEN,2220.0,12.39,13.84,18.16
2025,72,201942,DeMar DeRozan,SAC,2471.0,-0.15,1.24,1.89
2025,241,1628964,Mo Bamba,LAC,366.0,-0.91,-2.11,-0.43
2025,294,1641732,Colby Jones,WAS,458.0,-2.37,-3.12,-0.89
2025,256,1630264,Anthony Gill,WAS,332.0,-3.41,-2.66,-0.55
2025,193,1630215,Jared Butler,PHI,938.0,-1.01,-0.15,-0.08
2025,169,1628975,Jevon Carter,CHI,263.0,-1.7,0.77,0.12
2025,95,202710,Jimmy Butler,GSW,1546.0,4.38,1.52,1.33
2025,116,202692,Alec Burks,MIA,770.0,0.09,1.42,0.74
2025,106,1631117,Walker Kessler,UTA,1554.0,1.55,1.07,0.99
2025,36,201142,Kevin Durant,PHO,2006.0,2.91,2.8,3.17
2025,66,1629060,Rui Hachimura,LAL,1691.0,-0.72,2.26,1.98
2025,231,1629637,Jaxson Hayes,LAL,999.0,-0.39,-0.73,-0.38
2025,399,1642354,KJ Simpson,CHO,742.0,-4.66,-6.92,-3.26
2025,287,1642281,Jaylon Tyson,CLE,402.0,-2.24,-3.58,-0.84
2025,39,1629630,Ja Morant,MEM,1358.0,2.06,3.77,3.02
2025,332,203468,CJ McCollum,NOP,1641.0,-1.37,-1.47,-1.36
2025,290,1627749,Dejounte Murray,NOP,913.0,-1.52,-1.66,-0.86
2025,376,1631213,Tyrese Martin,BRK,1156.0,-2.42,-3.36,-2.25
2025,200,1628976,Wendell Carter Jr.,ORL,1592.0,-1.18,-0.15,-0.14
2025,62,1641709,Ausar Thompson,DET,1163.0,1.39,2.91,2.15
2025,53,1630567,Scottie Barnes,TOR,1942.0,2.16,2.08,2.37
2025,305,1642266,Ja'Kobe Walter,TOR,980.0,-2.73,-1.77,-1.02
2025,157,204001,Kristaps Porziņģis,BOS,1132.0,4.03,0.35,0.23
2025,122,1628366,Lonzo Ball,CHI,672.0,-0.02,1.68,0.65
2025,249,1628470,Torrey Craig,BOS,284.0,-0.93,-2.95,-0.49
2025,75,1628392,Isaiah Hartenstein,OKC,1483.0,2.81,2.1,1.86
2025,357,1629028,Deandre Ayton,POR,1075.0,-0.74,-2.86,-1.84
2025,160,1628370,Malik Monk,SAC,1824.0,-0.82,0.19,0.22
2025,352,1631115,Orlando Robinson,TOR,665.0,-2.93,-4.53,-1.76
2025,366,1630208,Nick Richards,PHO,1127.0,-3.0,-3.25,-2.06
2025,367,1631109,Mark Williams,CHO,1097.0,2.96,-2.97,-2.07
2025,150,1626158,Richaun Holmes,WAS,473.0,-1.0,1.05,0.31
2025,123,1630194,Paul Reed,DET,369.0,1.77,2.69,0.63
2025,130,1629614,Andrew Nembhard,IND,1688.0,-2.19,0.54,0.55
2025,299,1629004,Svi Mykhailiuk,UTA,690.0,-3.05,-2.33,-0.96
2025,234,1631110,Jeremy Sochan,SAS,1200.0,-1.18,-0.49,-0.39
2025,105,203932,Aaron Gordon,DEN,1281.0,0.97,1.43,1.08
2025,166,1630174,Aaron Nesmith,IND,986.0,-0.57,0.28,0.17
2025,124,1631094,Paolo Banchero,ORL,1420.0,3.07,0.74,0.63
2025,242,1628418,Thomas Bryant,IND,848.0,0.31,-0.89,-0.45
2025,151,1630193,Immanuel Quickley,TOR,867.0,1.73,0.55,0.28
2025,174,1641715,Cam Whitmore,HOU,712.0,0.07,0.17,0.07
2025,126,1630529,Herbert Jones,NOP,597.0,-3.08,1.81,0.61
2025,338,1630631,Jose Alvarado,NOP,1230.0,-1.36,-2.08,-1.45
2025,227,201988,Patty Mills,UTA,275.0,-2.41,-2.21,-0.36
2025,132,1630611,Gui Santos,GSW,625.0,-1.56,1.32,0.47
2025,223,1631248,Baylor Scheierman,BOS,332.0,-1.48,-1.64,-0.32
2025,211,1630531,Jaden Springer,UTA,300.0,-2.15,-1.18,-0.21
2025,217,1630551,Justin Champagnie,WAS,1214.0,-0.55,-0.35,-0.26
2025,93,1631096,Chet Holmgren,OKC,839.0,1.88,2.74,1.37
2025,170,1629618,Jalen Pickett,DEN,572.0,-1.4,0.33,0.11
2025,43,1629627,Zion Williamson,NOP,775.0,5.7,6.16,2.7
2025,159,1631221,Collin Gillespie,PHO,394.0,1.54,1.02,0.23
2025,138,1631243,Mouhamed Gueye,ATL,481.0,-0.7,1.29,0.42
2025,137,1630314,Brandon Williams,DAL,422.0,0.48,1.58,0.42
2025,353,1630556,Kessler Edwards,DAL,555.0,-1.31,-5.16,-1.79
2025,270,1630658,Colin Castleton,TOR,375.0,-3.86,-2.91,-0.64
2025,233,1630545,Terrence Shannon Jr.,MIN,275.0,-1.71,-2.33,-0.38
2025,187,1631230,Dominick Barlow,ATL,322.0,-1.82,-0.23,-0.05
2025,265,1641721,Maxwell Lewis,BRK,263.0,-3.16,-3.8,-0.58
2025,405,1642348,Justin Edwards,PHI,1071.0,-3.37,-5.7,-3.58
2025,260,1630695,Micah Potter,UTA,654.0,-3.03,-1.44,-0.56
2025,296,1641720,Jalen Hood-Schifino,PHI,259.0,-4.73,-6.01,-0.91
2025,76,1630549,Day'Ron Sharpe,BRK,808.0,0.6,3.84,1.8
2025,391,1629610,DaQuan Jeffries,CHO,946.0,-4.19,-4.49,-2.7
2025,384,1630173,Precious Achiuwa,NYK,1046.0,-1.79,-4.0,-2.45
2025,275,203114,Khris Middleton,MIL,748.0,0.4,-1.62,-0.7
2025,113,203482,Kelly Olynyk,NOP,809.0,-0.75,1.78,0.81
2025,209,1629622,Max Strus,CLE,1146.0,1.03,-0.29,-0.19
2025,330,1641736,Reece Beekman,BRK,400.0,-4.17,-5.77,-1.34
2025,238,1630639,A.J. Lawson,TOR,420.0,-2.11,-1.68,-0.41
2025,205,1629013,Landry Shamet,NYK,693.0,-2.15,-0.44,-0.18
2025,55,1631119,Jaylin Williams,OKC,664.0,3.32,5.98,2.36
2025,291,1641774,Tristan Vukcevic,WAS,454.0,-0.62,-3.04,-0.86
2025,272,1642366,Quinten Post,GSW,619.0,-0.11,-1.95,-0.68
2025,355,1628971,Bruce Brown,NOP,825.0,-3.37,-3.93,-1.84
2025,203,1642269,Devin Carter,SAC,327.0,-2.51,-0.84,-0.17
2025,236,1641787,Tosan Evbuomwan,BRK,608.0,-2.76,-1.11,-0.39
2025,54,202695,Kawhi Leonard,LAC,1095.0,2.61,3.89,2.37
2025,196,1629020,Jarred Vanderbilt,LAL,487.0,-1.0,-0.46,-0.12
2025,244,1630692,Jordan Goodwin,LAL,481.0,-0.85,-1.85,-0.46
2025,328,202687,Bismack Biyombo,SAS,498.0,-3.0,-4.05,-1.32
2025,165,1641740,Jaylen Clark,MIN,451.0,-0.4,0.63,0.17
2025,329,1641713,GG Jackson,MEM,402.0,-4.13,-5.6,-1.33
2025,271,1631232,Keion Brooks Jr.,NOP,309.0,-2.68,-3.68,-0.64
2025,224,203957,Danté Exum,DAL,343.0,-1.9,-1.56,-0.33
2025,325,1641878,Damion Baugh,CHO,320.0,-5.15,-6.28,-1.28
2025,308,1629022,Lonnie Walker IV,PHI,425.0,-2.03,-4.2,-1.05
2025,168,1629011,Mitchell Robinson,NYK,260.0,1.72,0.83,0.13
2025,146,1629680,Matisse Thybulle,POR,282.0,2.92,2.17,0.37
2026,360,1629028,Deandre Ayton,LAL,1137.0,-0.73,-3.18,-2.84
2026,31,1629029,Luka Dončić,LAL,1685.0,6.06,3.02,3.99
2026,296,1629060,Rui Hachimura,LAL,1525.0,-0.73,-1.18,-1.41
2026,287,1629216,Gabe Vincent,LAL,772.0,-3.51,-1.86,-1.12
2026,56,1630559,Austin Reaves,LAL,1128.0,1.56,2.92,2.58
2026,60,201939,Stephen Curry,GSW,703.0,5.02,3.72,2.47
2026,11,202710,Jimmy Butler III,GSW,889.0,4.05,7.47,6.27
2026,344,203110,Draymond Green,GSW,996.0,0.3,-2.24,-2.11
2026,132,1630228,Jonathan Kuminga,ATL,648.0,-0.68,0.84,0.48
2026,295,1641764,Brandin Podziemski,GSW,1414.0,0.54,-1.03,-1.37
2026,90,203935,Marcus Smart,LAL,1154.0,-1.44,1.61,1.46
2026,270,1627741,Buddy Hield,GSW,586.0,-1.0,-1.78,-0.98
2026,203,1627780,Gary Payton II,GSW,756.0,1.0,-0.52,-0.37
2026,81,201143,Al Horford,GSW,723.0,0.82,2.43,1.66
2026,335,1631222,Jake LaRavia,LAL,1399.0,0.09,-1.8,-1.97
2026,187,1629020,Jarred Vanderbilt,LAL,766.0,-1.0,-0.33,-0.2
2026,78,1629637,Jaxson Hayes,LAL,1089.0,-0.38,2.15,1.84
2026,323,1630611,Gui Santos,GSW,795.0,-1.59,-2.32,-1.75
2026,182,1642954,Will Richard,GSW,839.0,-1.0,-0.22,-0.18
2026,86,1628392,Isaiah Hartenstein,OKC,577.0,2.33,2.44,1.49
2026,1,1628983,Shai Gilgeous-Alexander,OKC,1760.0,10.52,10.01,18.68
2026,353,1629652,Luguentz Dort,OKC,1067.0,0.05,-2.14,-2.42
2026,17,1631096,Chet Holmgren,OKC,1041.0,1.97,4.72,5.21
2026,65,1641717,Cason Wallace,OKC,1176.0,0.77,1.78,2.22
2026,64,201142,Kevin Durant,HOU,1791.0,2.88,1.33,2.24
2026,125,203500,Steven Adams,HOU,420.0,-0.04,1.68,0.66
2026,189,1630578,Alperen Sengun,HOU,1319.0,3.85,-0.18,-0.22
2026,274,1631095,Jabari Smith Jr.,HOU,1542.0,-0.73,-0.72,-1.04
2026,7,1641708,Amen Thompson,HOU,1845.0,3.72,4.51,7.79
2026,67,1631106,Tari Eason,HOU,1016.0,3.01,2.26,2.15
2026,48,1631119,Jaylin Williams,OKC,702.0,3.37,3.87,2.88
2026,388,1642263,Reed Sheppard,HOU,1259.0,-1.63,-3.77,-4.44
2026,195,1630598,Aaron Wiggins,OKC,717.0,0.74,-0.41,-0.31
2026,154,203991,Clint Capela,HOU,571.0,-1.0,0.29,0.16
2026,59,1627936,Alex Caruso,OKC,777.0,3.19,3.06,2.52
2026,27,1642349,Ajay Mitchell,OKC,830.0,-1.51,4.75,4.18
2026,197,1629006,Josh Okogie,HOU,960.0,1.2,-0.37,-0.33
2026,84,1628970,Miles Bridges,CHO,1252.0,1.5,1.2,1.54
2026,19,1630163,LaMelo Ball,CHO,911.0,2.61,5.4,5.03
2026,47,1641706,Brandon Miller,CHO,1167.0,-0.11,2.43,2.89
2026,357,1641750,Ryan Kalkbrenner,CHO,839.0,-1.0,-3.13,-2.68
2026,73,1642851,Kon Knueppel,CHO,1269.0,-1.0,1.58,2.05
2026,139,1629008,Michael Porter Jr.,BRK,945.0,-0.22,0.4,0.34
2026,350,1629611,Terance Mann,BRK,1028.0,-1.26,-2.56,-2.37
2026,299,1629651,Nic Claxton,BRK,1107.0,0.23,-1.44,-1.43
2026,328,1630560,Cam Thomas,BRK,624.0,0.05,-3.34,-1.87
2026,363,1642879,Ben Saraf,BRK,666.0,-1.0,-5.13,-3.07
2026,289,1629012,Collin Sexton,CHO,1025.0,-0.65,-1.17,-1.23
2026,114,1642883,Sion James,CHO,1154.0,-1.0,0.71,0.84
2026,75,1631217,Moussa Diabaté,CHO,1106.0,-1.79,1.75,1.98
2026,356,1630533,Ziaire Williams,BRK,898.0,-2.11,-3.29,-2.66
2026,191,1630549,Day'Ron Sharpe,BRK,910.0,0.63,-0.32,-0.26
2026,285,1642856,Egor Dëmin,BRK,791.0,-1.0,-1.55,-1.1
2026,243,1642275,Tidjane Salaün,CHO,380.0,-4.01,-1.83,-0.71
2026,383,1641730,Noah Clowney,BRK,1155.0,-3.74,-3.81,-3.95
2026,341,1631213,Tyrese Martin,BRK,459.0,-2.21,-5.05,-2.08
2026,317,1630592,Jalen Wilson,BRK,538.0,-3.27,-3.5,-1.69
2026,358,1642962,Drake Powell,BRK,914.0,-1.0,-3.28,-2.7
2026,322,203484,Kentavious Caldwell-Pope,MEM,679.0,-1.33,-2.75,-1.74
2026,250,1628991,Jaren Jackson Jr.,MEM,907.0,1.83,-0.95,-0.81
2026,106,1629111,Jock Landale,MEM,927.0,0.2,1.14,0.99
2026,149,1629630,Ja Morant,MEM,317.0,1.31,0.75,0.22
2026,373,1642377,Jaylen Wells,MEM,1078.0,-2.05,-3.42,-3.45
2026,15,1629627,Zion Williamson,NOP,1124.0,6.06,5.52,5.48
2026,221,1629673,Jordan Poole,NOP,594.0,0.12,-0.97,-0.51
2026,364,1630529,Herbert Jones,NOP,1029.0,-3.27,-3.39,-3.08
2026,72,1630530,Trey Murphy III,NOP,1512.0,0.64,1.53,2.05
2026,100,1642274,Yves Missi,NOP,999.0,-2.74,1.29,1.14
2026,297,1641765,Olivier-Maxence Prosper,MEM,695.0,-1.9,-2.2,-1.43
2026,150,1630583,Santi Aldama,MEM,818.0,2.55,0.29,0.22
2026,395,1630180,Saddiq Bey,NOP,1426.0,-1.72,-4.32,-5.45
2026,319,1642914,Javon Small,MEM,589.0,-1.0,-3.11,-1.71
2026,49,1642907,Cedric Coward,MEM,990.0,-1.0,2.93,2.71
2026,346,1641722,Jordan Hawkins,NOP,413.0,-4.23,-6.0,-2.19
2026,376,1642847,Jeremiah Fears,NOP,1278.0,-1.0,-3.16,-3.56
2026,144,1629723,John Konchar,UTA,571.0,1.14,0.47,0.31
2026,377,1642852,Derik Queen,NOP,1137.0,-1.0,-3.55,-3.57
2026,91,1642285,Cam Spencer,MEM,1019.0,0.31,1.5,1.43
2026,74,1628374,Lauri Markkanen,UTA,848.0,-0.41,2.04,1.99
2026,234,1629004,Svi Mykhailiuk,UTA,581.0,-2.99,-0.91,-0.61
2026,390,1641718,Keyonte George,UTA,1033.0,-2.48,-3.94,-4.67
2026,193,1642271,Kyle Filipowski,UTA,992.0,-1.0,-0.26,-0.29
2026,18,201935,James Harden,LAC,2079.0,3.94,2.58,5.19
2026,28,202695,Kawhi Leonard,LAC,892.0,2.51,4.77,4.12
2026,85,1627826,Ivica Zubac,LAC,739.0,2.41,2.14,1.53
2026,83,1627884,Derrick Jones Jr.,LAC,839.0,-0.41,1.91,1.55
2026,116,1641729,Brice Sensabaugh,UTA,1051.0,-1.18,0.67,0.81
2026,399,1642846,Ace Bailey,UTA,914.0,-1.0,-7.1,-7.45
2026,381,1641707,Taylor Hendricks,MEM,685.0,-3.05,-6.02,-3.86
2026,175,1628381,John Collins,LAC,1107.0,0.76,-0.06,-0.06
2026,163,1627739,Kris Dunn,LAC,1335.0,0.44,0.02,0.02
2026,201,203994,Jusuf Nurkić,UTA,528.0,-1.26,-0.61,-0.37
2026,349,1642383,Walter Clayton Jr.,MEM,785.0,-1.0,-3.22,-2.36
2026,248,201572,Brook Lopez,LAC,1022.0,0.57,-0.78,-0.78
2026,174,201587,Nicolas Batum,LAC,962.0,0.56,-0.06,-0.06
2026,21,1626164,Devin Booker,PHO,1689.0,0.29,3.2,4.86
2026,362,1628415,Dillon Brooks,PHO,1177.0,-1.35,-2.79,-2.95
2026,135,1628960,Grayson Allen,PHO,1000.0,-0.39,0.46,0.42
2026,108,1642345,Oso Ighodaro,PHO,1260.0,-2.43,0.82,0.93
2026,241,1642346,Ryan Dunn,PHO,858.0,-3.64,-0.89,-0.68
2026,384,201942,DeMar DeRozan,SAC,1371.0,-0.19,-3.42,-4.01
2026,141,203471,Dennis Schröder,SAC,1351.0,-2.1,0.28,0.33
2026,224,203897,Zach LaVine,SAC,790.0,0.43,-0.82,-0.55
2026,228,1629234,Drew Eubanks,SAC,389.0,-0.76,-1.72,-0.57
2026,159,1642363,Nique Clifford,SAC,1252.0,-1.0,0.06,0.07
2026,66,1631221,Collin Gillespie,PHO,1452.0,2.17,1.69,2.2
2026,338,1628370,Malik Monk,SAC,958.0,-0.83,-2.43,-1.99
2026,375,1642875,Maxime Raynaud,SAC,1092.0,-1.0,-3.75,-3.5
2026,343,1626220,Royce O'Neale,PHO,1453.0,-0.0,-1.61,-2.11
2026,101,1631109,Mark Williams,PHO,961.0,2.89,1.31,1.13
2026,345,201566,Russell Westbrook,SAC,1125.0,-1.09,-2.26,-2.17
2026,168,1631165,Keon Ellis,SAC,1033.0,1.53,-0.03,-0.03
2026,217,1642928,Dylan Cardwell,SAC,671.0,-1.0,-0.82,-0.47
2026,103,1628976,Wendell Carter Jr.,ORL,1336.0,-1.18,0.79,1.06
2026,13,1630217,Desmond Bane,ORL,1575.0,2.83,3.53,5.59
2026,70,1630532,Franz Wagner,ORL,616.0,2.3,3.41,2.11
2026,69,1630591,Jalen Suggs,ORL,1005.0,0.22,2.1,2.12
2026,36,1631094,Paolo Banchero,ORL,1477.0,3.09,2.43,3.62
2026,324,203952,Andrew Wiggins,MIA,1373.0,0.72,-1.5,-1.77
2026,202,1626181,Norman Powell,MIA,1205.0,1.22,-0.36,-0.37
2026,9,1628389,Bam Adebayo,MIA,1571.0,1.74,4.9,6.64
2026,50,1630558,Davion Mitchell,MIA,1195.0,-2.41,2.62,2.7
2026,170,1631107,Nikola Jović,MIA,575.0,0.03,-0.09,-0.04
2026,180,1626145,Tyus Jones,ORL,598.0,-0.12,-0.25,-0.15
2026,96,1631170,Jaime Jaquez Jr.,MIA,1629.0,-0.91,0.92,1.29
2026,138,1628371,Jonathan Isaac,ORL,416.0,0.25,0.82,0.34
2026,151,1629048,Goga Bitadze,ORL,628.0,1.83,0.35,0.22
2026,394,1641710,Anthony Black,ORL,1132.0,-1.79,-4.78,-5.44
2026,227,1631323,Simone Fontecchio,MIA,806.0,-2.6,-0.82,-0.57
2026,259,1642276,Kel'el Ware,MIA,1139.0,-0.2,-0.9,-0.89
2026,272,1630696,Dru Smith,MIA,837.0,1.63,-1.37,-0.99
2026,367,1641783,Tristan da Silva,ORL,1037.0,-2.4,-3.15,-3.28
2026,117,201950,Jrue Holiday,POR,946.0,0.47,0.93,0.8
2026,77,1630166,Deni Avdija,POR,1315.0,1.78,1.54,1.86
2026,292,1631101,Shaedon Sharpe,POR,987.0,-1.26,-1.38,-1.25
2026,40,1641739,Toumani Camara,POR,1671.0,-0.17,2.14,3.28
2026,37,1642270,Donovan Clingan,POR,1030.0,-0.39,3.77,3.56
2026,24,203497,Rudy Gobert,MIN,1417.0,1.62,3.4,4.29
2026,107,203944,Julius Randle,MIN,1875.0,1.13,0.57,0.95
2026,71,1628978,Donte DiVincenzo,MIN,1209.0,1.58,1.96,2.11
2026,53,1630162,Anthony Edwards,MIN,1577.0,3.84,1.92,2.69
2026,334,1630183,Jaden McDaniels,MIN,1422.0,-0.1,-1.56,-1.97
2026,371,203924,Jerami Grant,POR,1158.0,-1.53,-3.14,-3.33
2026,140,1629675,Naz Reid,MIN,1531.0,1.37,0.25,0.34
2026,332,1631200,Kris Murray,POR,756.0,-2.67,-2.77,-1.92
2026,263,1630545,Terrence Shannon Jr.,MIN,590.0,-1.88,-1.75,-0.92
2026,87,1629680,Matisse Thybulle,POR,399.0,3.36,4.07,1.49
2026,94,201144,Mike Conley,MIN,754.0,0.83,2.0,1.34
2026,190,1641740,Jaylen Clark,MIN,795.0,-0.33,-0.32,-0.23
2026,26,203507,Giannis Antetokounmpo,MIL,596.0,7.39,7.51,4.23
2026,115,1626167,Myles Turner,MIL,1187.0,0.24,0.72,0.81
2026,374,1629018,Gary Trent Jr.,MIL,931.0,-1.52,-3.95,-3.48
2026,216,1629645,Kevin Porter Jr.,MIL,838.0,-0.68,-0.59,-0.47
2026,130,1631260,AJ Green,MIL,1389.0,-2.08,0.39,0.51
2026,282,203114,Khris Middleton,WAS,851.0,0.43,-1.33,-1.08
2026,212,203468,CJ McCollum,ATL,1548.0,-1.36,-0.33,-0.46
2026,330,1642259,Alex Sarr,WAS,730.0,-2.91,-2.69,-1.88
2026,401,1642267,Bub Carrington,WAS,1300.0,-4.23,-6.32,-7.87
2026,352,1642273,Kyshawn George,WAS,847.0,-3.63,-2.98,-2.41
2026,186,1628963,Marvin Bagley III,WAS,764.0,-1.16,-0.26,-0.19
2026,239,1642848,Tre Johnson,WAS,925.0,-1.0,-0.74,-0.66
2026,397,1628398,Kyle Kuzma,MIL,1170.0,-4.47,-5.18,-5.72
2026,329,1626171,Bobby Portis,MIL,1036.0,0.05,-1.91,-1.87
2026,278,1631157,Ryan Rollins,MIL,1387.0,-0.55,-0.81,-1.06
2026,235,1641715,Cam Whitmore,WAS,280.0,-0.15,-2.27,-0.61
2026,260,1630557,Corey Kispert,ATL,636.0,-3.18,-1.58,-0.89
2026,204,1630175,Cole Anthony,MIL,333.0,-0.24,-1.24,-0.39
2026,208,1627752,Taurean Prince,MIL,340.0,-1.49,-1.31,-0.42
2026,79,1630551,Justin Champagnie,WAS,960.0,-0.57,1.97,1.81
2026,213,1629599,Amir Coffey,MIL,298.0,-1.47,-1.62,-0.46
2026,171,202691,Klay Thompson,DAL,956.0,-1.0,-0.04,-0.05
2026,110,203076,Anthony Davis,DAL,310.0,3.33,2.56,0.91
2026,185,1629023,P.J. Washington,DAL,873.0,-0.91,-0.19,-0.19
2026,288,1642843,Cooper Flagg,DAL,1099.0,-1.0,-0.92,-1.16
2026,304,203084,Harrison Barnes,SAS,1086.0,-0.12,-1.65,-1.46
2026,62,1630170,Devin Vassell,SAS,1515.0,-1.09,1.85,2.28
2026,4,1630577,Julian Champagnie,SAS,1603.0,-1.27,6.79,8.85
2026,6,1641705,Victor Wembanyama,SAS,1308.0,5.73,7.37,7.83
2026,46,1642264,Stephon Castle,SAS,1302.0,-2.97,2.89,3.06
2026,266,1630230,Naji Marshall,DAL,1231.0,-0.82,-0.66,-0.93
2026,396,1631108,Max Christie,DAL,1089.0,-2.33,-4.54,-5.64
2026,172,1642948,Ryan Nembhard,DAL,489.0,-1.0,-0.09,-0.05
2026,80,1628436,Luke Kornet,SAS,1125.0,2.79,1.85,1.69
2026,347,1629640,Keldon Johnson,SAS,1589.0,-1.55,-1.71,-2.21
2026,308,1642844,Dylan Harper,SAS,1329.0,-1.0,-1.39,-1.5
2026,169,203939,Dwight Powell,DAL,527.0,-0.22,-0.07,-0.04
2026,355,1630314,Brandon Williams,DAL,1083.0,0.76,-2.12,-2.62
2026,196,1630702,Jaden Hardy,WAS,482.0,-3.82,-0.68,-0.32
2026,82,202696,Nikola Vučević,CHI,1082.0,2.16,1.84,1.66
2026,386,1630171,Isaac Okoro,CHI,955.0,-0.57,-5.45,-4.33
2026,158,1630200,Tre Jones,CHI,1344.0,1.25,0.06,0.07
2026,244,1630581,Josh Giddey,CHI,909.0,2.43,-0.95,-0.72
2026,379,1641824,Matas Buzelis,CHI,1154.0,-2.33,-3.93,-3.77
2026,22,202699,Tobias Harris,DET,1224.0,-0.02,4.3,4.77
2026,194,1629130,Duncan Robinson,DET,1347.0,-1.63,-0.25,-0.31
2026,14,1630595,Cade Cunningham,DET,1359.0,3.41,4.52,5.56
2026,92,1631105,Jalen Duren,DET,1180.0,2.64,1.31,1.41
2026,55,1641709,Ausar Thompson,DET,1179.0,1.4,2.46,2.63
2026,155,1630191,Isaiah Stewart,DET,911.0,0.37,0.16,0.13
2026,137,1628989,Kevin Huerter,CHI,978.0,-1.84,0.45,0.36
2026,273,1630245,Ayo Dosunmu,CHI,1348.0,-1.54,-0.89,-1.0
2026,312,1627747,Caris LeVert,DET,1048.0,0.64,-1.66,-1.57
2026,359,1630172,Patrick Williams,CHI,1114.0,-3.38,-3.0,-2.78
2026,315,1641842,Ronald Holland II,DET,977.0,-1.0,-1.91,-1.69
2026,39,1630188,Jalen Smith,CHI,807.0,0.6,4.94,3.32
2026,25,1630194,Paul Reed,DET,656.0,2.17,7.19,4.28
2026,112,1629750,Javonte Green,DET,753.0,-2.09,1.28,0.87
2026,223,1631207,Dalen Terry,CHI,372.0,-3.0,-1.71,-0.53
2026,268,1627759,Jaylen Brown,BOS,1607.0,-0.09,-0.64,-0.95
2026,8,1628401,Derrick White,BOS,1439.0,3.08,5.6,7.43
2026,148,1629674,Neemias Queta,BOS,1064.0,-0.74,0.24,0.23
2026,12,1630202,Payton Pritchard,BOS,1617.0,3.12,3.83,5.71
2026,42,1630573,Sam Hauser,BOS,1117.0,0.94,3.13,3.22
2026,33,203954,Joel Embiid,PHI,758.0,2.76,6.16,3.94
2026,378,1626162,Kelly Oubre Jr.,PHI,1193.0,-2.15,-3.61,-3.64
2026,29,1630178,Tyrese Maxey,PHI,1894.0,1.78,2.54,4.05
2026,284,1631230,Dominick Barlow,PHI,985.0,-2.04,-1.31,-1.09
2026,58,1642845,VJ Edgecombe,PHI,1517.0,-1.0,1.98,2.54
2026,153,1629014,Anfernee Simons,BOS,815.0,-0.24,0.26,0.19
2026,167,1631169,Josh Minott,BOS,531.0,1.5,-0.02,-0.01
2026,262,1629656,Quentin Grimes,PHI,1472.0,0.27,-0.74,-0.92
2026,245,1641737,Adem Bona,PHI,914.0,-2.46,-0.97,-0.75
2026,258,1631133,Jabari Walker,PHI,564.0,-0.84,-1.86,-0.89
2026,176,1630568,Luka Garza,BOS,723.0,-2.08,-0.1,-0.07
2026,389,1642348,Justin Edwards,PHI,854.0,-3.3,-6.28,-4.53
2026,123,204001,Kristaps Porziņģis,GSW,422.0,3.21,1.73,0.69
2026,20,1630552,Jalen Johnson,ATL,1671.0,1.57,3.34,4.93
2026,32,1630700,Dyson Daniels,ATL,1465.0,1.27,3.06,3.96
2026,339,1642258,Zaccharie Risacher,ATL,844.0,-3.12,-2.68,-2.0
2026,38,1627742,Brandon Ingram,TOR,1727.0,-0.36,2.42,3.39
2026,184,1627751,Jakob Poeltl,TOR,703.0,1.47,-0.33,-0.19
2026,102,1629628,RJ Barrett,TOR,1033.0,0.4,1.27,1.07
2026,177,1630193,Immanuel Quickley,TOR,1204.0,1.85,-0.07,-0.07
2026,10,1630567,Scottie Barnes,TOR,1954.0,2.16,4.16,6.6
2026,219,1629638,Nickeil Alexander-Walker,ATL,1815.0,-0.45,-0.31,-0.5
2026,35,1628379,Luke Kennard,LAL,1270.0,0.88,3.68,3.66
2026,242,1630811,Keaton Wallace,ATL,323.0,-1.89,-2.47,-0.7
2026,199,1630534,Ochai Agbaji,TOR,703.0,-0.75,-0.6,-0.34
2026,41,1630572,Sandro Mamukelashvili,TOR,1405.0,1.98,2.86,3.27
2026,147,1641711,Gradey Dick,TOR,751.0,-2.83,0.43,0.26
2026,68,1630168,Onyeka Okongwu,ATL,1417.0,1.08,1.71,2.15
2026,326,1642347,Jamal Shead,TOR,1616.0,-3.84,-1.4,-1.84
2026,161,1642419,Jamison Battle,TOR,380.0,-1.93,0.21,0.06
2026,342,1631243,Mouhamed Gueye,ATL,971.0,-0.65,-2.45,-2.1
2026,23,1626157,Karl-Anthony Towns,NYK,1236.0,3.1,4.17,4.53
2026,44,1628384,OG Anunoby,NYK,1590.0,0.55,2.28,3.19
2026,361,1628969,Mikal Bridges,NYK,1730.0,-0.54,-1.91,-2.9
2026,3,1628973,Jalen Brunson,NYK,2175.0,3.02,5.19,9.92
2026,265,1630574,Ariel Hukporti,NYK,371.0,-4.28,-2.85,-0.93
2026,5,1628378,Donovan Mitchell,CLE,2085.0,3.38,5.2,8.82
2026,54,1628386,Jarrett Allen,CLE,1369.0,3.69,2.36,2.63
2026,97,1630241,Sam Merrill,CLE,1125.0,0.15,1.38,1.27
2026,30,1630596,Evan Mobley,CLE,1727.0,4.15,2.84,3.99
2026,366,1642281,Jaylon Tyson,CLE,1254.0,-2.52,-3.12,-3.19
2026,179,1627824,Guerschon Yabusele,CHI,596.0,-1.0,-0.3,-0.15
2026,136,1629731,Dean Wade,CLE,1141.0,0.15,0.44,0.41
2026,286,1628366,Lonzo Ball,CLE,561.0,-0.05,-2.43,-1.11
2026,61,1630540,Miles McBride,NYK,879.0,-0.15,2.98,2.3
2026,105,1641854,Craig Porter Jr.,CLE,764.0,0.76,1.63,1.01
2026,156,1629013,Landry Shamet,NYK,924.0,-2.2,0.14,0.12
2026,173,1626204,Larry Nance Jr.,CLE,265.0,0.79,-0.27,-0.06
2026,302,203903,Jordan Clarkson,NYK,817.0,-1.42,-2.03,-1.46
2026,93,203932,Aaron Gordon,DEN,684.0,0.8,2.28,1.36
2026,2,203999,Nikola Jokić,DEN,1788.0,12.19,10.61,16.55
2026,109,1627750,Jamal Murray,DEN,1764.0,0.66,0.59,0.91
2026,152,1629661,Cameron Johnson,DEN,1040.0,2.58,0.22,0.2
2026,143,1631128,Christian Braun,DEN,987.0,0.13,0.36,0.31
2026,256,203501,Tim Hardaway Jr.,DEN,1583.0,-2.0,-0.64,-0.88
2026,400,1628971,Bruce Brown,DEN,1343.0,-3.52,-6.41,-7.51
2026,121,202685,Jonas Valančiūnas,DEN,251.0,0.02,3.18,0.7
2026,279,1631212,Peyton Watson,DEN,1083.0,-1.7,-1.13,-1.07
2026,393,1642461,Spencer Jones,DEN,1037.0,-7.55,-5.62,-5.08
2026,88,1627783,Pascal Siakam,IND,1197.0,1.4,1.38,1.47
2026,392,1629614,Andrew Nembhard,IND,1117.0,-2.15,-4.91,-4.86
2026,104,1630174,Aaron Nesmith,IND,799.0,-0.58,1.43,1.01
2026,128,1630543,Isaiah Jackson,IND,620.0,0.45,1.11,0.61
2026,370,1631097,Bennedict Mathurin,IND,1052.0,-2.66,-3.56,-3.32
2026,145,1630167,Obi Toppin,IND,318.0,0.83,1.06,0.3
2026,206,1643007,Taelon Peter,IND,261.0,-1.0,-1.71,-0.4
2026,369,1641767,Ben Sheppard,IND,871.0,-1.85,-4.26,-3.29
2026,305,1631172,Ousmane Dieng,MIL,531.0,-0.92,-2.92,-1.47
2026,146,1630643,Jay Huff,IND,984.0,2.9,0.32,0.28
2026,318,1641716,Jarace Walker,IND,1291.0,-0.91,-1.48,-1.7
2026,205,1628396,Tony Bradley,IND,316.0,0.49,-1.41,-0.39
2026,181,1642382,Branden Carlson,OKC,284.0,0.51,-0.58,-0.17
2026,310,1630249,Vít Krejčí,ATL,914.0,0.46,-1.88,-1.52
2026,291,1641724,Jett Howard,ORL,353.0,-4.02,-3.48,-1.23
2026,98,1627734,Domantas Sabonis,SAC,349.0,3.34,4.12,1.23
2026,218,1642366,Quinten Post,GSW,685.0,-0.1,-0.74,-0.48
2026,220,1630541,Moses Moody,GSW,939.0,-0.91,-0.57,-0.51
2026,133,1631218,Trayce Jackson-Davis,GSW,315.0,0.49,1.54,0.46
2026,303,1630311,Pat Spencer,GSW,737.0,-1.5,-2.1,-1.46
2026,380,1641712,Rayan Rupert,POR,627.0,-3.99,-6.56,-3.77
2026,52,1628404,Josh Hart,NYK,1517.0,2.46,2.02,2.69
2026,126,1631248,Baylor Scheierman,BOS,825.0,-1.59,0.82,0.62
2026,63,1642864,Hugo González,BOS,841.0,-1.0,2.91,2.25
2026,275,1641775,Jordan Walsh,BOS,844.0,-3.46,-1.34,-1.04
2026,246,1642261,Dalton Knecht,LAL,315.0,-1.54,-3.03,-0.75
2026,95,1630538,Bones Hyland,MIN,820.0,2.11,1.78,1.3
2026,327,1642265,Rob Dillingham,CHI,504.0,-3.47,-4.43,-1.86
2026,252,1631159,Leonard Miller,CHI,361.0,-2.91,-2.74,-0.82
2026,340,1642860,Will Riley,WAS,996.0,-1.0,-2.11,-2.01
2026,118,1630619,Moussa Cisse,DAL,315.0,-1.0,2.11,0.76
2026,76,1630631,Jose Alvarado,NOP,885.0,-1.34,2.44,1.91
2026,211,1630208,Nick Richards,CHI,408.0,-2.66,-1.31,-0.45
2026,178,1642863,Khaman Maluach,PHO,286.0,-1.0,-0.51,-0.13
2026,165,1629618,Jalen Pickett,DEN,461.0,-1.38,0.01,0.01
2026,157,1630192,Zeke Nnaji,DEN,404.0,-1.22,0.21,0.07
2026,316,1631124,Julian Strawther,DEN,524.0,-3.72,-3.7,-1.69
2026,45,1630692,Jordan Goodwin,PHO,991.0,-0.83,3.53,3.14
2026,214,1642853,Rasheer Fleming,PHO,403.0,-1.0,-1.27,-0.46
2026,231,1641763,Julian Phillips,CHI,251.0,-2.25,-2.85,-0.59
2026,281,1630544,Tre Mann,CHO,375.0,-2.0,-2.8,-1.08
2026,222,203083,Andre Drummond,PHI,789.0,-2.85,-0.78,-0.52
2026,280,1642269,Devin Carter,SAC,350.0,-2.54,-3.58,-1.07
2026,385,1642450,Daniss Jenkins,DET,949.0,-10.5,-4.95,-4.26
2026,300,1642868,Carter Bryant,SAS,582.0,-1.0,-3.05,-1.44
2026,236,203992,Bogdan Bogdanović,LAC,289.0,-1.34,-2.21,-0.62
2026,166,1642867,Collin Murray-Boyles,TOR,1008.0,-1.0,-0.0,-0.0
2026,325,1628997,Caleb Martin,DAL,609.0,-2.74,-2.63,-1.83
2026,210,1641796,Pelle Larsson,MIA,1114.0,-2.85,-0.45,-0.43
2026,183,1629631,De'Andre Hunter,CLE,871.0,0.19,-0.26,-0.18
2026,372,1630579,Jericho Sims,MIL,834.0,-2.68,-4.29,-3.38
2026,307,1642869,Noah Penda,ORL,450.0,-1.0,-3.28,-1.48
2026,306,1631126,Caleb Love,POR,702.0,-1.0,-2.28,-1.47
2026,290,1631321,Sidy Cissoko,POR,874.0,-4.49,-1.54,-1.23
2026,255,1642849,Nolan Traore,BRK,789.0,-1.0,-1.19,-0.84
2026,111,1628988,Aaron Holiday,HOU,549.0,-0.37,1.71,0.88
2026,254,1630256,Jae'Sean Tate,HOU,285.0,-0.8,-3.1,-0.83
2026,314,1630623,Tyson Etienne,BRK,298.0,-6.19,-6.29,-1.69
2026,336,1641738,Kobe Brown,IND,561.0,-1.87,-3.98,-1.98
2026,247,1642885,Mohamed Diawara,NYK,425.0,-1.0,-2.01,-0.75
2026,311,1630570,Trendon Watford,PHI,648.0,-2.71,-2.83,-1.55
2026,391,1642266,Ja'Kobe Walter,TOR,1131.0,-2.77,-5.21,-4.78
2026,264,1642877,Micah Peavy,NOP,696.0,-1.0,-1.5,-0.92
2026,313,1641731,Bilal Coulibaly,WAS,903.0,-3.32,-1.83,-1.58
2026,229,1630198,Isaiah Joe,OKC,828.0,0.95,-0.66,-0.58
2026,253,1631246,Vince Williams Jr.,MEM,432.0,-2.34,-2.04,-0.82
2026,51,1629057,Robert Williams III,POR,916.0,2.44,3.22,2.7
2026,34,1629011,Mitchell Robinson,NYK,1027.0,2.75,4.27,3.85
2026,198,1631245,Quenton Jackson,IND,452.0,-0.47,-0.84,-0.34
2026,124,1642277,Johnny Furphy,IND,364.0,-2.06,2.09,0.67
2026,238,1630526,Jeremiah Robinson-Earl,IND,281.0,-1.98,-2.62,-0.65
2026,129,201567,Kevin Love,UTA,452.0,0.05,1.12,0.58
2026,294,1641774,Tristan Vukcevic,WAS,429.0,-0.63,-3.3,-1.35
2026,237,1641989,Elijah Harkless,UTA,274.0,-2.81,-2.04,-0.64
2026,142,1629655,Daniel Gafford,DAL,651.0,2.9,0.42,0.31
2026,368,1642874,Danny Wolf,BRK,770.0,-1.0,-4.75,-3.29
2026,120,1642949,Yanic Konan Niederhäuser,LAC,274.0,-1.0,2.72,0.72
2026,321,203914,Gary Harris,MIL,457.0,-2.28,-4.01,-1.73
2026,89,1642272,Jared McCain,PHI,786.0,0.01,2.2,1.46
2026,251,1631255,Karlo Matković,NOP,622.0,-1.81,-1.5,-0.82
2026,113,1629636,Darius Garland,CLE,828.0,2.47,1.28,0.86
2026,127,1628418,Thomas Bryant,CLE,487.0,0.17,1.56,0.62
2026,309,1641772,Nae'Qwan Tomlin,CLE,586.0,-4.58,-3.17,-1.51
2026,271,1631110,Jeremy Sochan,SAS,359.0,-1.14,-3.37,-0.98
2026,351,1630173,Precious Achiuwa,SAC,1063.0,-1.79,-2.65,-2.41
2026,122,1630224,Jalen Green,PHO,538.0,0.17,1.43,0.69
2026,398,1642268,Isaiah Collier,UTA,944.0,-4.71,-6.69,-7.24
2026,226,1642364,Jamir Watkins,WAS,643.0,-1.0,-0.91,-0.56
2026,215,1628467,Maxi Kleber,LAL,278.0,-2.82,-2.14,-0.47
2026,16,1628368,De'Aaron Fox,SAS,1780.0,0.28,3.62,5.24
2026,365,1631121,Bryce McGowens,NOP,578.0,-9.73,-6.11,-3.12
2026,209,204456,T.J. McConnell,IND,651.0,0.79,-0.73,-0.42
2026,382,1642262,Cody Williams,UTA,742.0,-6.24,-4.58,-3.9
2026,301,1631342,Daeqwon Plowden,SAC,521.0,-0.3,-3.26,-1.46
2026,277,203926,Doug McDermott,SAC,251.0,-2.38,-4.92,-1.06
2026,240,1631250,Pete Nance,MIL,394.0,-3.82,-1.77,-0.66
2026,331,1642920,Kobe Sanders,LAC,978.0,-1.0,-2.0,-1.89
2026,320,1641757,Jordan Miller,LAC,897.0,-2.54,-1.97,-1.71
2026,298,1631288,Jamal Cain,ORL,355.0,-2.69,-4.01,-1.43
2026,134,1629632,Coby White,CHI,810.0,-0.92,0.64,0.43
2026,354,202331,Paul George,PHI,764.0,-0.5,-3.76,-2.42
2026,43,2544,LeBron James,LAL,1549.0,5.02,2.63,3.19
2026,232,203937,Kyle Anderson,MIN,655.0,1.04,-1.04,-0.6
2026,293,1631099,Keegan Murray,SAC,467.0,-1.45,-3.29,-1.31
2026,160,1631093,Jaden Ivey,DET,476.0,-0.24,0.15,0.07
2026,188,1629639,Tyler Herro,MIA,707.0,2.38,-0.34,-0.21
2026,57,1631114,Jalen Williams,OKC,567.0,2.95,4.29,2.58
2026,207,1631123,Jamaree Bouyea,PHO,294.0,-3.91,-1.5,-0.4
2026,131,1630679,Ethan Thompson,IND,404.0,-1.0,1.4,0.5
2026,230,1642857,Kasparas Jakučionis,MIA,689.0,-1.0,-0.98,-0.58
2026,267,1629001,De'Anthony Melton,GSW,731.0,-0.83,-1.35,-0.93
2026,200,1630264,Anthony Gill,WAS,634.0,-3.83,-0.59,-0.36
2026,162,1631204,Marcus Sasser,DET,345.0,-0.72,0.11,0.03
2026,233,1630182,Josh Green,CHO,562.0,-3.6,-1.05,-0.6
2026,269,1642942,,MEM,446.0,-1.0,-2.28,-0.95
2026,333,1641713,GG Jackson,MEM,537.0,-4.36,-3.85,-1.93
2026,276,1627827,Dorian Finney-Smith,HOU,470.0,-1.01,-2.37,-1.04
2026,192,1630695,Micah Potter,IND,564.0,-2.97,-0.57,-0.29
2026,257,1642880,Kam Jones,IND,302.0,-1.0,-3.3,-0.89
2026,249,1631131,Oscar Tshiebwe,UTA,272.0,-1.26,-2.51,-0.78
2026,119,1629684,Grant Williams,CHO,430.0,-1.44,1.71,0.75
2026,387,1630536,Sharife Cooper,WAS,499.0,-9.46,-9.27,-4.43
2026,337,1630703,Scoot Henderson,POR,577.0,-1.95,-3.75,-1.99
2026,164,1630165,Killian Hayes,SAC,255.0,-0.75,0.07,0.02
2026,99,1628369,Jayson Tatum,BOS,342.0,3.31,3.88,1.22
2026,225,1643052,,BRK,255.0,-1.0,-2.41,-0.55
2026,283,1643016,,UTA,252.0,-1.0,-3.77,-1.09
2026,261,1641869,,BRK,293.0,-1.0,-3.42,-0.9
2026,348,1629622,Max Strus,CLE,693.0,0.89,-4.08,-2.3
