season,PLAYER_ID,player,team,minutes,impact_off,impact_def,impact_total,sd_off,sd_def,waa_off,waa_def,waa_total,booker_score,booker_off,booker_def,rank,rating_through
2017,1713,Vince Carter,MEM,1798,-1.1,1.69,0.59,1.634,1.85,-1.31,2.01,0.71,0.59,-1.1,1.69,118,2017.0
2017,1717,Dirk Nowitzki,DAL,1419,2.38,1.5,3.88,1.833,1.953,2.23,1.4,3.64,3.88,2.38,1.5,46,2017.0
2017,1718,Paul Pierce,LAC,266,-1.57,0.42,-1.15,3.016,3.249,-0.29,0.08,-0.21,-1.15,-1.57,0.42,176,2017.0
2017,1891,Jason Terry,MIL,1351,-1.61,1.56,-0.04,1.712,1.846,-1.48,1.44,-0.04,-0.04,-1.61,1.56,163,2017.0
2017,1938,Manu Ginobili,SAS,1278,1.3,1.75,3.06,1.919,1.872,1.13,1.53,2.66,3.06,1.3,1.75,62,2017.0
2017,2037,Jamal Crawford,LAC,2104,-1.56,-1.48,-3.04,1.803,1.652,-2.23,-2.13,-4.36,-3.04,-1.56,-1.48,385,2017.0
2017,2199,Tyson Chandler,PHO,1259,1.65,1.03,2.68,1.474,1.857,1.38,0.86,2.25,2.68,1.65,1.03,68,2017.0
2017,2200,Pau Gasol,SAS,1585,1.59,1.66,3.25,1.554,1.95,1.71,1.8,3.51,3.25,1.59,1.66,49,2017.0
2017,2207,Joe Johnson,UTA,1829,0.17,0.7,0.87,1.659,1.61,0.21,0.87,1.08,0.87,0.17,0.7,105,2017.0
2017,2210,Richard Jefferson,CLE,1598,-2.33,0.38,-1.95,1.592,1.769,-2.69,0.44,-2.25,-1.95,-2.33,0.38,334,2017.0
2017,2216,Zach Randolph,MEM,1790,-0.98,1.85,0.87,1.708,1.732,-1.16,2.2,1.03,0.87,-0.98,1.85,108,2017.0
2017,2225,Tony Parker,SAS,1561,-2.55,-0.67,-3.22,1.74,1.569,-2.71,-0.71,-3.42,-3.22,-2.55,-0.67,370,2017.0
2017,2399,Mike Dunleavy,ATL,827,-1.75,-0.18,-1.94,1.944,2.113,-0.97,-0.1,-1.07,-1.94,-1.75,-0.18,255,2017.0
2017,2403,Nene,HOU,1195,1.28,0.86,2.13,1.494,1.882,1.08,0.72,1.8,2.13,1.28,0.86,83,2017.0
2017,2440,Matt Barnes,SAC,1737,-1.72,-0.51,-2.23,1.625,1.737,-2.05,-0.6,-2.65,-2.23,-1.72,-0.51,344,2017.0
2017,2449,Luis Scola,BRK,457,-1.15,-0.05,-1.2,2.479,2.745,-0.35,-0.02,-0.36,-1.2,-1.15,-0.05,188,2017.0
2017,2544,LeBron James,CLE,2783,6.97,2.76,9.73,1.417,1.311,13.98,5.53,19.51,9.73,6.97,2.76,2,2017.0
2017,2546,Carmelo Anthony,NYK,2519,2.11,0.13,2.24,1.298,1.413,3.51,0.22,3.73,2.24,2.11,0.13,45,2017.0
2017,2548,Dwyane Wade,CHI,1765,-1.23,0.34,-0.89,1.77,1.622,-1.44,0.39,-1.05,-0.89,-1.23,0.34,251,2017.0
2017,2561,David West,GSW,851,-0.37,3.8,3.44,2.026,2.304,-0.22,2.25,2.03,3.44,-0.37,3.8,73,2017.0
2017,2564,Boris Diaw,UTA,1278,-1.17,0.02,-1.15,1.558,1.782,-1.01,0.01,-1.0,-1.15,-1.17,0.02,248,2017.0
2017,2571,Leandro Barbosa,PHO,923,-0.27,-2.02,-2.29,1.839,1.822,-0.16,-1.25,-1.41,-2.29,-0.27,-2.02,282,2017.0
2017,2585,Zaza Pachulia,GSW,1262,-0.09,2.42,2.33,1.396,1.702,-0.08,2.12,2.04,2.33,-0.09,2.42,72,2017.0
2017,2592,James Jones,CLE,370,-2.76,-1.81,-4.57,2.555,2.808,-0.74,-0.48,-1.22,-4.57,-2.76,-1.81,265,2017.0
2017,2594,Kyle Korver,ATL,1739,1.48,-0.9,0.58,1.536,1.644,1.72,-1.04,0.68,0.58,1.48,-0.9,122,2017.0
2017,2730,Dwight Howard,ATL,2192,-0.37,2.58,2.21,1.186,1.453,-0.53,3.76,3.23,2.21,-0.37,2.58,52,2017.0
2017,2733,Shaun Livingston,GSW,1329,-2.93,1.23,-1.7,1.394,1.445,-2.7,1.13,-1.57,-1.7,-2.93,1.23,295,2017.0
2017,2734,Devin Harris,DAL,1075,-0.65,0.77,0.12,1.704,1.648,-0.46,0.54,0.08,0.12,-0.65,0.77,152,2017.0
2017,2736,Luol Deng,LAL,1465,0.07,0.46,0.53,1.351,1.44,0.06,0.45,0.51,0.53,0.07,0.46,130,2017.0
2017,2738,Andre Iguodala,GSW,1977,0.41,-0.25,0.16,1.295,1.54,0.56,-0.34,0.22,0.16,0.41,-0.25,147,2017.0
2017,2743,Kris Humphries,ATL,677,-2.92,-0.96,-3.87,1.701,1.905,-1.32,-0.43,-1.75,-3.87,-2.92,-0.96,308,2017.0
2017,2744,Al Jefferson,IND,918,-1.42,0.4,-1.02,1.649,1.859,-0.89,0.25,-0.64,-1.02,-1.42,0.4,213,2017.0
2017,2747,JR Smith,CLE,1180,-0.92,-1.36,-2.28,1.432,1.506,-0.78,-1.15,-1.94,-2.28,-0.92,-1.36,315,2017.0
2017,2749,Jameer Nelson Jr.,DEN,1991,-1.64,0.1,-1.53,1.452,1.489,-2.26,0.14,-2.12,-1.53,-1.64,0.1,327,2017.0
2017,2754,Tony Allen,MEM,1910,-1.55,2.32,0.77,1.562,1.612,-1.96,2.93,0.97,0.77,-1.55,2.32,111,2017.0
2017,2756,Sasha Vujacic,NYK,412,-2.03,0.61,-1.43,2.161,2.201,-0.55,0.17,-0.39,-1.43,-2.03,0.61,193,2017.0
2017,2757,Beno Udrih,DET,536,-1.25,1.12,-0.13,2.254,2.155,-0.46,0.41,-0.05,-0.13,-1.25,1.12,165,2017.0
2017,2772,Trevor Ariza,HOU,2761,-0.14,-0.6,-0.74,1.141,1.268,-0.27,-1.17,-1.44,-0.74,-0.14,-0.6,286,2017.0
2017,101106,Andrew Bogut,DAL,582,-1.23,4.49,3.26,1.758,2.155,-0.47,1.73,1.26,3.26,-1.23,4.49,94,2017.0
2017,101107,Marvin Williams,CHO,2274,-0.27,1.01,0.74,1.143,1.352,-0.41,1.54,1.13,0.74,-0.27,1.01,101,2017.0
2017,101108,Chris Paul,LAC,1905,6.43,2.4,8.84,1.312,1.331,8.37,3.12,11.49,8.84,6.43,2.4,8,2017.0
2017,101109,Raymond Felton,LAC,1669,-2.04,-0.75,-2.79,1.437,1.417,-2.33,-0.86,-3.18,-2.79,-2.04,-0.75,361,2017.0
2017,101112,Channing Frye,CLE,1400,-0.41,-0.29,-0.71,1.454,1.727,-0.42,-0.29,-0.71,-0.71,-0.41,-0.29,223,2017.0
2017,101114,Deron Williams,DAL,1638,-1.67,0.9,-0.77,1.527,1.423,-1.81,0.98,-0.83,-0.77,-1.67,0.9,235,2017.0
2017,101123,Gerald Green,BOS,530,-0.75,-1.32,-2.07,1.945,1.936,-0.27,-0.48,-0.75,-2.07,-0.75,-1.32,225,2017.0
2017,101133,Ian Mahinmi,WAS,550,-0.44,2.05,1.6,1.707,2.065,-0.17,0.8,0.63,1.6,-0.44,2.05,125,2017.0
2017,101135,David Lee,SAS,1459,1.27,-0.52,0.74,1.46,1.647,1.26,-0.52,0.74,0.74,1.27,-0.52,117,2017.0
2017,101138,Brandon Bass,LAC,560,0.13,-0.81,-0.69,1.855,2.033,0.05,-0.31,-0.26,-0.69,0.13,-0.81,179,2017.0
2017,101139,CJ Miles,IND,1749,0.94,0.05,0.99,1.21,1.305,1.12,0.05,1.18,0.99,0.94,0.05,99,2017.0
2017,101141,Ersan Ilyasova,PHI,2137,1.21,0.2,1.4,1.211,1.341,1.67,0.27,1.95,1.4,1.21,0.2,76,2017.0
2017,101145,Monta Ellis,IND,1988,-0.16,-1.43,-1.59,1.302,1.333,-0.21,-1.93,-2.15,-1.59,-0.16,-1.43,329,2017.0
2017,101150,Lou Williams,LAL,1964,3.71,-2.07,1.63,1.374,1.286,4.81,-2.69,2.12,1.63,3.71,-2.07,71,2017.0
2017,101161,Amir Johnson,BOS,1601,0.66,2.05,2.7,1.244,1.479,0.71,2.23,2.95,2.7,0.66,2.05,54,2017.0
2017,101162,Marcin Gortat,WAS,2518,1.65,0.82,2.47,1.195,1.466,2.95,1.46,4.42,2.47,1.65,0.82,35,2017.0
2017,101181,Jose Calderon,LAL,534,-1.29,-0.89,-2.18,2.189,2.27,-0.46,-0.31,-0.77,-2.18,-1.29,-0.89,228,2017.0
2017,101187,Alan Anderson,LAC,293,-1.53,-0.08,-1.61,2.546,2.776,-0.31,-0.02,-0.32,-1.61,-1.53,-0.08,184,2017.0
2017,200746,LaMarcus Aldridge,SAS,2291,-0.77,2.58,1.81,1.275,1.441,-1.21,4.03,2.82,1.81,-0.77,2.58,56,2017.0
2017,200751,Randy Foye,BRK,1263,-1.99,-2.13,-4.13,1.518,1.595,-1.67,-1.78,-3.45,-4.13,-1.99,-2.13,371,2017.0
2017,200752,Rudy Gay,SAC,995,1.86,-0.1,1.77,1.469,1.644,1.27,-0.07,1.2,1.77,1.86,-0.1,95,2017.0
2017,200755,JJ Redick,LAC,2178,1.78,0.22,2.01,1.354,1.355,2.65,0.33,2.98,2.01,1.78,0.22,53,2017.0
2017,200757,Thabo Sefolosha,ATL,1588,-1.56,2.3,0.75,1.303,1.55,-1.65,2.44,0.79,0.75,-1.56,2.3,115,2017.0
2017,200765,Rajon Rondo,CHI,1826,0.21,-1.88,-1.68,1.318,1.306,0.25,-2.28,-2.03,-1.68,0.21,-1.88,322,2017.0
2017,200768,Kyle Lowry,TOR,2222,3.33,2.87,6.2,1.211,1.256,5.18,4.45,9.63,6.2,3.33,2.87,14,2017.0
2017,200771,Sergio Rodriguez,PHI,1514,-1.31,-1.68,-2.98,1.42,1.362,-1.28,-1.65,-2.93,-2.98,-1.31,-1.68,353,2017.0
2017,200782,P.J. Tucker,PHO,2169,-1.02,0.99,-0.03,1.191,1.323,-1.47,1.43,-0.04,-0.03,-1.02,0.99,164,2017.0
2017,200794,Paul Millsap,ATL,2298,2.56,2.14,4.7,1.202,1.44,3.92,3.28,7.2,4.7,2.56,2.14,21,2017.0
2017,200826,J.J. Barea,DAL,760,0.08,-1.0,-0.92,1.922,1.756,0.04,-0.5,-0.46,-0.92,0.08,-1.0,199,2017.0
2017,201142,Kevin Durant,GSW,2037,6.21,0.93,7.15,1.332,1.337,8.78,1.32,10.1,7.15,6.21,0.93,12,2017.0
2017,201143,Al Horford,BOS,2180,1.31,2.47,3.78,1.145,1.414,1.95,3.67,5.62,3.78,1.31,2.47,29,2017.0
2017,201144,Mike Conley,MEM,2283,2.03,2.28,4.31,1.212,1.224,3.07,3.45,6.52,4.31,2.03,2.28,24,2017.0
2017,201145,Jeff Green,ORL,1491,-3.05,-1.08,-4.13,1.28,1.478,-3.11,-1.1,-4.21,-4.13,-3.05,-1.08,383,2017.0
2017,201147,Corey Brewer,HOU,1271,-0.72,-2.12,-2.84,1.293,1.538,-0.64,-1.9,-2.54,-2.84,-0.72,-2.12,342,2017.0
2017,201148,Brandan Wright,MEM,446,1.49,0.13,1.62,1.823,2.106,0.44,0.04,0.48,1.62,1.49,0.13,132,2017.0
2017,201149,Joakim Noah,NYK,1013,-0.66,1.31,0.65,1.427,1.745,-0.44,0.88,0.44,0.65,-0.66,1.31,134,2017.0
2017,201150,Spencer Hawes,CHO,793,-2.23,-0.64,-2.87,1.556,1.704,-1.19,-0.34,-1.53,-2.87,-2.23,-0.64,292,2017.0
2017,201152,Thaddeus Young,IND,2208,0.82,-0.08,0.74,1.114,1.316,1.23,-0.12,1.11,0.74,0.82,-0.08,104,2017.0
2017,201155,Rodney Stuckey,IND,695,-2.21,0.3,-1.91,1.823,1.698,-1.05,0.14,-0.91,-1.91,-2.21,0.3,242,2017.0
2017,201156,Nick Young,LAL,1543,0.2,-0.55,-0.35,1.316,1.408,0.2,-0.56,-0.36,-0.35,0.2,-0.55,189,2017.0
2017,201158,Marco Belinelli,CHO,1763,-1.21,-2.64,-3.86,1.308,1.329,-1.45,-3.15,-4.59,-3.86,-1.21,-2.64,387,2017.0
2017,201160,Jason Smith,WAS,1065,-0.72,-1.05,-1.77,1.409,1.674,-0.55,-0.8,-1.34,-1.77,-0.72,-1.05,274,2017.0
2017,201162,Jared Dudley,PHO,1334,0.3,1.89,2.18,1.313,1.562,0.27,1.68,1.94,2.18,0.3,1.89,77,2017.0
2017,201163,Wilson Chandler,DEN,2117,1.58,-2.63,-1.05,1.14,1.343,2.32,-3.86,-1.55,-1.05,1.58,-2.63,294,2017.0
2017,201166,Aaron Brooks,IND,880,-1.78,0.14,-1.64,1.759,1.677,-1.07,0.08,-0.99,-1.64,-1.78,0.14,247,2017.0
2017,201167,Arron Afflalo,SAC,1563,-1.96,-0.08,-2.03,1.309,1.404,-2.09,-0.08,-2.18,-2.03,-1.96,-0.08,330,2017.0
2017,201177,Josh McRoberts,MIA,382,-1.61,-0.76,-2.36,1.878,2.234,-0.43,-0.2,-0.63,-2.36,-1.61,-0.76,211,2017.0
2017,201188,Marc Gasol,MEM,2521,0.68,3.62,4.3,1.163,1.466,1.13,6.05,7.18,4.3,0.68,3.62,22,2017.0
2017,201196,Ramon Sessions,CHO,806,-1.66,-1.38,-3.04,1.685,1.619,-0.9,-0.75,-1.65,-3.04,-1.66,-1.38,301,2017.0
2017,201228,C.J. Watson,ORL,987,-1.16,-1.52,-2.68,1.6,1.621,-0.78,-1.02,-1.81,-2.68,-1.16,-1.52,310,2017.0
2017,201229,Anthony Tolliver,SAC,1471,0.06,0.35,0.41,1.282,1.525,0.07,0.35,0.42,0.41,0.06,0.35,138,2017.0
2017,201563,Michael Beasley,MIL,916,-0.69,-1.17,-1.85,1.637,1.63,-0.43,-0.73,-1.16,-1.85,-0.69,-1.17,262,2017.0
2017,201565,Derrick Rose,NYK,2061,-0.48,-2.44,-2.91,1.325,1.233,-0.65,-3.32,-3.97,-2.91,-0.48,-2.44,380,2017.0
2017,201566,Russell Westbrook,OKC,2779,7.1,0.68,7.78,1.274,1.168,13.77,1.32,15.09,7.78,7.1,0.68,4,2017.0
2017,201567,Kevin Love,CLE,1872,0.86,2.27,3.13,1.303,1.36,1.16,3.06,4.22,3.13,0.86,2.27,37,2017.0
2017,201568,Danilo Gallinari,DEN,2089,2.55,0.97,3.53,1.195,1.255,3.7,1.41,5.11,3.53,2.55,0.97,32,2017.0
2017,201569,Eric Gordon,HOU,2298,0.3,-0.04,0.27,1.161,1.22,0.49,-0.06,0.43,0.27,0.3,-0.04,136,2017.0
2017,201571,D.J. Augustin,ORL,1515,-3.83,-0.41,-4.24,1.32,1.334,-3.97,-0.42,-4.4,-4.24,-3.83,-0.41,386,2017.0
2017,201572,Brook Lopez,BRK,2202,2.67,1.78,4.45,1.13,1.366,3.89,2.59,6.49,4.45,2.67,1.78,25,2017.0
2017,201575,Brandon Rush,MIN,1024,-1.24,-4.08,-5.33,1.452,1.566,-0.88,-2.89,-3.77,-5.33,-1.24,-4.08,376,2017.0
2017,201577,Robin Lopez,CHI,2257,0.03,1.83,1.86,1.109,1.36,0.04,2.75,2.79,1.86,0.03,1.83,57,2017.0
2017,201578,Marreese Speights,LAC,1241,0.92,-1.4,-0.48,1.456,1.574,0.78,-1.19,-0.41,-0.48,0.92,-1.4,195,2017.0
2017,201579,Roy Hibbert,CHO,681,-3.11,0.53,-2.58,1.557,1.919,-1.43,0.25,-1.19,-2.58,-3.11,0.53,263,2017.0
2017,201580,JaVale McGee,GSW,752,2.93,-0.63,2.3,1.628,1.821,1.53,-0.33,1.2,2.3,2.93,-0.63,96,2017.0
2017,201582,Alexis Ajinca,NOP,578,-0.84,0.37,-0.47,1.649,1.964,-0.32,0.14,-0.18,-0.47,-0.84,0.37,174,2017.0
2017,201583,Ryan Anderson,HOU,2119,2.03,-1.49,0.54,1.234,1.376,3.03,-2.22,0.81,0.54,2.03,-1.49,114,2017.0
2017,201584,Courtney Lee,NYK,2426,-0.03,-1.22,-1.25,1.19,1.283,-0.06,-1.96,-2.01,-1.25,-0.03,-1.22,319,2017.0
2017,201585,Kosta Koufos,SAC,1408,-2.51,1.73,-0.78,1.239,1.499,-2.42,1.66,-0.76,-0.78,-2.51,1.73,226,2017.0
2017,201586,Serge Ibaka,ORL,2413,0.17,0.72,0.89,1.11,1.338,0.29,1.18,1.47,0.89,0.17,0.72,85,2017.0
2017,201587,Nicolas Batum,CHO,2597,1.06,-0.42,0.64,1.074,1.278,1.85,-0.73,1.12,0.64,1.06,-0.42,102,2017.0
2017,201588,George Hill,UTA,1525,0.43,2.93,3.37,1.274,1.373,0.45,3.04,3.49,3.37,0.43,2.93,50,2017.0
2017,201589,Darrell Arthur,DEN,598,-1.08,1.84,0.76,1.703,1.871,-0.45,0.76,0.31,0.76,-1.08,1.84,142,2017.0
2017,201599,DeAndre Jordan,LAC,2560,3.05,2.11,5.16,1.065,1.33,5.32,3.68,9.01,5.16,3.05,2.11,15,2017.0
2017,201600,Omer Asik,NOP,491,-1.92,1.45,-0.47,1.848,1.885,-0.61,0.46,-0.15,-0.47,-1.92,1.45,171,2017.0
2017,201601,Luc Mbah a Moute,LAC,1787,-2.72,2.6,-0.13,1.193,1.419,-3.32,3.17,-0.15,-0.13,-2.72,2.6,172,2017.0
2017,201609,Goran Dragic,MIA,2399,1.94,0.05,1.99,1.313,1.238,3.26,0.08,3.35,1.99,1.94,0.05,51,2017.0
2017,201627,Anthony Morrow,OKC,691,0.67,-0.62,0.06,1.719,1.767,0.33,-0.3,0.03,0.06,0.67,-0.62,159,2017.0
2017,201933,Blake Griffin,LAC,2056,2.79,0.43,3.23,1.103,1.379,3.92,0.61,4.53,3.23,2.79,0.43,34,2017.0
2017,201935,James Harden,HOU,2924,7.08,-0.52,6.56,1.33,1.154,14.6,-1.07,13.54,6.56,7.08,-0.52,6,2017.0
2017,201936,Tyreke Evans,NOP,792,-1.61,0.9,-0.71,1.705,1.585,-0.83,0.46,-0.37,-0.71,-1.61,0.9,190,2017.0
2017,201937,Ricky Rubio,MIN,2451,-0.42,1.76,1.34,1.224,1.194,-0.71,2.98,2.27,1.34,-0.42,1.76,66,2017.0
2017,201939,Stephen Curry,GSW,2610,11.68,-0.71,10.97,1.364,1.181,21.14,-1.28,19.86,10.97,11.68,-0.71,1,2017.0
2017,201942,DeMar DeRozan,TOR,2598,0.15,-0.48,-0.33,1.237,1.201,0.28,-0.88,-0.6,-0.33,0.15,-0.48,207,2017.0
2017,201943,Brandon Jennings,NYK,1795,-0.09,-1.16,-1.25,1.337,1.263,-0.11,-1.38,-1.49,-1.25,-0.09,-1.16,288,2017.0
2017,201945,Gerald Henderson,PHI,1660,-2.66,-0.08,-2.74,1.304,1.32,-2.87,-0.09,-2.96,-2.74,-2.66,-0.08,356,2017.0
2017,201949,James Johnson,MIA,2010,0.19,1.37,1.55,1.217,1.357,0.26,1.93,2.19,1.55,0.19,1.37,70,2017.0
2017,201950,Jrue Holiday,NOP,2183,0.48,2.5,2.98,1.225,1.219,0.68,3.54,4.22,2.98,0.48,2.5,38,2017.0
2017,201951,Ty Lawson,SAC,1707,0.3,-2.02,-1.72,1.357,1.299,0.35,-2.36,-2.01,-1.72,0.3,-2.02,320,2017.0
2017,201952,Jeff Teague,IND,2630,0.54,0.04,0.58,1.209,1.179,0.97,0.07,1.04,0.58,0.54,0.04,107,2017.0
2017,201954,Darren Collison,SAC,2029,1.08,-0.02,1.06,1.208,1.252,1.5,-0.03,1.47,1.06,1.08,-0.02,86,2017.0
2017,201956,Omri Casspi,SAC,619,1.82,-2.59,-0.78,1.674,1.744,0.77,-1.1,-0.33,-0.78,1.82,-2.59,185,2017.0
2017,201959,Taj Gibson,CHI,1977,-1.26,1.32,0.06,1.195,1.482,-1.66,1.73,0.08,0.06,-1.26,1.32,153,2017.0
2017,201960,DeMarre Carroll,TOR,1871,-0.31,0.76,0.46,1.187,1.458,-0.4,1.0,0.6,0.46,-0.31,0.76,127,2017.0
2017,201961,Wayne Ellington,MIA,1455,-2.08,0.51,-1.57,1.287,1.361,-2.13,0.52,-1.61,-1.57,-2.08,0.51,298,2017.0
2017,201962,Toney Douglas,MEM,387,0.35,-1.92,-1.57,2.144,2.097,0.09,-0.49,-0.4,-1.57,0.35,-1.92,194,2017.0
2017,201967,Dante Cunningham,NOP,1615,-0.64,-1.44,-2.09,1.195,1.422,-0.68,-1.51,-2.19,-2.09,-0.64,-1.44,332,2017.0
2017,201973,Jonas Jerebko,BOS,1204,-0.41,0.41,0.0,1.33,1.528,-0.33,0.33,0.0,0.0,-0.41,0.41,162,2017.0
2017,201975,Jodie Meeks,ORL,719,0.24,-2.79,-2.55,1.629,1.663,0.12,-1.38,-1.26,-2.55,0.24,-2.79,269,2017.0
2017,201976,Patrick Beverley,HOU,2045,0.49,0.87,1.37,1.221,1.235,0.71,1.26,1.97,1.37,0.49,0.87,75,2017.0
2017,201977,Marcus Thornton,WAS,571,-1.18,-1.91,-3.09,1.791,1.798,-0.48,-0.78,-1.26,-3.09,-1.18,-1.91,270,2017.0
2017,201980,Danny Green,SAS,1784,-1.79,3.61,1.81,1.205,1.299,-2.18,4.38,2.2,1.81,-1.79,3.61,69,2017.0
2017,201988,Patty Mills,SAS,1744,0.94,0.59,1.53,1.312,1.277,1.12,0.7,1.82,1.53,0.94,0.59,82,2017.0
2017,202066,Garrett Temple,SAC,1700,-2.4,0.64,-1.75,1.269,1.34,-2.79,0.75,-2.04,-1.75,-2.4,0.64,323,2017.0
2017,202083,Wesley Matthews,DAL,2478,-0.75,1.9,1.15,1.153,1.243,-1.22,3.11,1.88,1.15,-0.75,1.9,79,2017.0
2017,202322,John Wall,WAS,2783,2.53,0.34,2.88,1.314,1.168,5.01,0.68,5.69,2.88,2.53,0.34,28,2017.0
2017,202323,Evan Turner,POR,1643,-2.67,-0.1,-2.77,1.271,1.307,-2.96,-0.11,-3.07,-2.77,-2.67,-0.1,358,2017.0
2017,202324,Derrick Favors,UTA,1175,-0.86,3.2,2.34,1.287,1.596,-0.69,2.56,1.87,2.34,-0.86,3.2,80,2017.0
2017,202325,Wesley Johnson,LAC,800,-1.36,0.5,-0.86,1.461,1.623,-0.74,0.27,-0.47,-0.86,-1.36,0.5,202,2017.0
2017,202326,DeMarcus Cousins,SAC,2432,3.17,2.21,5.37,1.255,1.342,5.28,3.67,8.95,5.37,3.17,2.21,16,2017.0
2017,202328,Greg Monroe,MIL,1803,2.42,0.69,3.11,1.196,1.423,2.98,0.85,3.82,3.11,2.42,0.69,44,2017.0
2017,202329,Al-Farouq Aminu,POR,1745,-0.51,0.77,0.26,1.181,1.381,-0.6,0.9,0.3,0.26,-0.51,0.77,143,2017.0
2017,202330,Gordon Hayward,UTA,2485,1.31,2.24,3.54,1.171,1.215,2.21,3.78,5.99,3.54,1.31,2.24,26,2017.0
2017,202331,Paul George,IND,2663,2.15,2.33,4.48,1.206,1.273,3.9,4.23,8.13,4.48,2.15,2.33,18,2017.0
2017,202332,Cole Aldrich,MIN,519,-0.23,1.75,1.52,1.706,2.041,-0.08,0.63,0.55,1.52,-0.23,1.75,128,2017.0
2017,202334,Ed Davis,POR,780,0.77,-0.71,0.06,1.405,1.77,0.41,-0.38,0.03,0.06,0.77,-0.71,160,2017.0
2017,202335,Patrick Patterson,TOR,1574,1.71,1.86,3.57,1.209,1.407,1.88,2.05,3.93,3.57,1.71,1.86,40,2017.0
2017,202337,Luke Babbitt,MIA,1045,-0.41,-0.37,-0.79,1.368,1.474,-0.3,-0.27,-0.58,-0.79,-0.41,-0.37,205,2017.0
2017,202338,Kevin Seraphin,IND,554,-4.16,-0.39,-4.55,1.733,1.913,-1.57,-0.15,-1.72,-4.55,-4.16,-0.39,305,2017.0
2017,202339,Eric Bledsoe,PHO,2093,3.43,0.14,3.57,1.292,1.224,4.79,0.19,4.98,3.57,3.43,0.14,33,2017.0
2017,202340,Avery Bradley,BOS,1813,-0.16,-0.59,-0.75,1.187,1.279,-0.19,-0.73,-0.92,-0.75,-0.16,-0.59,245,2017.0
2017,202344,Trevor Booker,BRK,1729,-1.23,1.15,-0.08,1.237,1.401,-1.41,1.31,-0.09,-0.08,-1.23,1.15,168,2017.0
2017,202348,Jordan Crawford,NOP,426,2.47,-2.33,0.14,2.128,1.976,0.68,-0.65,0.04,0.14,2.47,-2.33,157,2017.0
2017,202355,Hassan Whiteside,MIA,2455,1.83,3.05,4.87,1.119,1.334,3.15,5.25,8.4,4.87,1.83,3.05,17,2017.0
2017,202357,Nemanja Bjelica,MIN,1169,-0.83,0.99,0.16,1.334,1.579,-0.67,0.8,0.13,0.16,-0.83,0.99,150,2017.0
2017,202362,Lance Stephenson,NOP,341,-2.34,-0.79,-3.13,2.258,2.155,-0.52,-0.18,-0.7,-3.13,-2.34,-0.79,222,2017.0
2017,202389,Timofey Mozgov,LAL,1099,-0.93,2.15,1.22,1.387,1.659,-0.67,1.56,0.88,1.22,-0.93,2.15,113,2017.0
2017,202391,Jeremy Lin,BRK,856,0.62,-0.76,-0.15,1.645,1.538,0.35,-0.43,-0.08,-0.15,0.62,-0.76,167,2017.0
2017,202397,Ish Smith,DET,1903,-0.39,-0.09,-0.48,1.212,1.253,-0.51,-0.12,-0.63,-0.48,-0.39,-0.09,212,2017.0
2017,202498,Lance Thomas,NYK,963,-3.17,-1.11,-4.28,1.367,1.606,-2.02,-0.71,-2.72,-4.28,-3.17,-1.11,346,2017.0
2017,202681,Kyrie Irving,CLE,2510,3.67,-1.34,2.33,1.347,1.241,6.64,-2.43,4.21,2.33,3.67,-1.34,39,2017.0
2017,202682,Derrick Williams,CLE,795,-1.93,-2.39,-4.31,1.56,1.724,-1.11,-1.37,-2.47,-4.31,-1.93,-2.39,339,2017.0
2017,202683,Enes Freedom,OKC,1516,3.39,-1.5,1.9,1.238,1.528,3.59,-1.58,2.0,1.9,3.39,-1.5,74,2017.0
2017,202684,Tristan Thompson,CLE,2324,-0.33,0.61,0.28,1.095,1.37,-0.56,1.03,0.47,0.28,-0.33,0.61,133,2017.0
2017,202685,Jonas Valančiūnas,TOR,2045,0.54,0.35,0.89,1.273,1.432,0.77,0.5,1.27,0.89,0.54,0.35,92,2017.0
2017,202687,Bismack Biyombo,ORL,1763,-2.77,2.2,-0.57,1.176,1.477,-3.34,2.65,-0.69,-0.57,-2.77,2.2,220,2017.0
2017,202688,Brandon Knight,PHO,1119,-1.65,-2.4,-4.04,1.552,1.441,-1.23,-1.79,-3.02,-4.04,-1.65,-2.4,357,2017.0
2017,202689,Kemba Walker,CHO,2725,2.14,2.13,4.27,1.257,1.172,3.94,3.91,7.85,4.27,2.14,2.13,20,2017.0
2017,202691,Klay Thompson,GSW,2638,2.68,-1.44,1.24,1.2,1.203,4.9,-2.63,2.27,1.24,2.68,-1.44,67,2017.0
2017,202692,Alec Burks,UTA,636,-2.08,-1.44,-3.51,1.686,1.732,-0.9,-0.62,-1.52,-3.51,-2.08,-1.44,290,2017.0
2017,202693,Markieff Morris,WAS,2329,-0.63,1.09,0.46,1.176,1.298,-1.04,1.81,0.77,0.46,-0.63,1.09,116,2017.0
2017,202694,Marcus Morris Sr.,DET,2519,-0.85,0.72,-0.13,1.127,1.28,-1.48,1.25,-0.23,-0.13,-0.85,0.72,177,2017.0
2017,202695,Kawhi Leonard,SAS,2447,5.13,3.29,8.43,1.304,1.233,8.56,5.49,14.05,8.43,5.13,3.29,5,2017.0
2017,202696,Nikola Vucevic,ORL,2142,0.96,0.88,1.84,1.216,1.374,1.41,1.29,2.7,1.84,0.96,0.88,60,2017.0
2017,202697,Iman Shumpert,CLE,1914,-1.82,0.2,-1.62,1.274,1.264,-2.51,0.28,-2.23,-1.62,-1.82,0.2,333,2017.0
2017,202699,Tobias Harris,DET,2498,0.11,1.28,1.38,1.187,1.329,0.18,2.2,2.38,1.38,0.11,1.28,64,2017.0
2017,202700,Donatas Motiejunas,NOP,473,-1.63,-1.32,-2.95,2.119,2.035,-0.5,-0.4,-0.91,-2.95,-1.63,-1.32,243,2017.0
2017,202702,Kenneth Faried,DEN,1266,2.38,-1.03,1.36,1.335,1.54,2.09,-0.9,1.19,1.36,2.38,-1.03,98,2017.0
2017,202703,Nikola Mirotic,CHI,1648,1.23,1.22,2.45,1.314,1.416,1.35,1.34,2.69,2.45,1.23,1.22,61,2017.0
2017,202704,Reggie Jackson,DET,1410,-0.1,0.29,0.19,1.372,1.341,-0.1,0.29,0.18,0.19,-0.1,0.29,148,2017.0
2017,202709,Cory Joseph,TOR,1976,-1.34,0.75,-0.59,1.225,1.259,-1.85,1.03,-0.82,-0.59,-1.34,0.75,231,2017.0
2017,202710,Jimmy Butler III,CHI,2774,2.89,2.92,5.82,1.162,1.259,5.33,5.39,10.72,5.82,2.89,2.92,10,2017.0
2017,202711,Bojan Bogdanovic,BRK,2048,-0.39,-3.2,-3.58,1.274,1.33,-0.52,-4.34,-4.86,-3.58,-0.39,-3.2,390,2017.0
2017,202713,Kyle Singler,OKC,372,-1.7,-1.34,-3.04,2.095,2.103,-0.44,-0.35,-0.79,-3.04,-1.7,-1.34,229,2017.0
2017,202714,Shelvin Mack,UTA,1195,-2.29,0.34,-1.95,1.438,1.399,-1.86,0.28,-1.58,-1.95,-2.29,0.34,297,2017.0
2017,202718,Chandler Parsons,MEM,679,-0.27,-0.15,-0.42,1.575,1.792,-0.12,-0.07,-0.19,-0.42,-0.27,-0.15,175,2017.0
2017,202720,Jon Leuer,DET,1903,-1.55,0.74,-0.82,1.186,1.35,-2.04,0.97,-1.07,-0.82,-1.55,0.74,256,2017.0
2017,202722,Davis Bertans,SAS,786,0.45,0.35,0.8,1.573,1.765,0.24,0.19,0.43,0.8,0.45,0.35,137,2017.0
2017,202730,Lavoy Allen,IND,864,-0.74,1.19,0.45,1.389,1.652,-0.44,0.7,0.26,0.45,-0.74,1.19,145,2017.0
2017,202732,DeAndre Liggins,CLE,775,-0.92,-0.24,-1.17,1.486,1.603,-0.52,-0.14,-0.65,-1.17,-0.92,-0.24,214,2017.0
2017,202734,E'Twaun Moore,NOP,1786,-0.74,-1.15,-1.88,1.253,1.278,-0.86,-1.33,-2.18,-1.88,-0.74,-1.15,331,2017.0
2017,202738,Isaiah Thomas,BOS,2531,5.45,-1.99,3.46,1.277,1.182,9.4,-3.43,5.97,3.46,5.45,-1.99,27,2017.0
2017,203076,Anthony Davis,NOP,2686,2.47,3.7,6.18,1.339,1.401,4.32,6.46,10.78,6.18,2.47,3.7,9,2017.0
2017,203077,Michael Kidd-Gilchrist,CHO,2334,-1.37,2.23,0.85,1.163,1.384,-2.16,3.51,1.35,0.85,-1.37,2.23,90,2017.0
2017,203078,Bradley Beal,WAS,2634,1.75,0.59,2.34,1.305,1.265,3.28,1.11,4.39,2.34,1.75,0.59,36,2017.0
2017,203079,Dion Waiters,MIA,1337,-0.53,-1.62,-2.15,1.477,1.39,-0.49,-1.52,-2.02,-2.15,-0.53,-1.62,321,2017.0
2017,203080,Thomas Robinson,LAL,557,-1.46,-1.59,-3.05,1.79,1.942,-0.54,-0.59,-1.12,-3.05,-1.46,-1.59,258,2017.0
2017,203081,Damian Lillard,POR,2652,4.89,-0.38,4.51,1.335,1.177,8.75,-0.68,8.07,4.51,4.89,-0.38,19,2017.0
2017,203082,Terrence Ross,TOR,1940,0.57,-1.79,-1.22,1.247,1.277,0.78,-2.42,-1.65,-1.22,0.57,-1.79,302,2017.0
2017,203083,Andre Drummond,DET,2371,-0.12,1.57,1.45,1.226,1.432,-0.19,2.56,2.37,1.45,-0.12,1.57,65,2017.0
2017,203084,Harrison Barnes,DAL,2787,-1.3,0.57,-0.73,1.142,1.305,-2.4,1.05,-1.35,-0.73,-1.3,0.57,275,2017.0
2017,203085,Austin Rivers,LAC,2023,-2.63,-0.95,-3.57,1.198,1.292,-3.63,-1.31,-4.93,-3.57,-2.63,-0.95,392,2017.0
2017,203086,Meyers Leonard,POR,1212,-0.94,-0.1,-1.04,1.317,1.616,-0.77,-0.08,-0.85,-1.04,-0.94,-0.1,236,2017.0
2017,203087,Jeremy Lamb,CHO,1129,-1.19,1.89,0.7,1.463,1.497,-0.9,1.44,0.54,0.7,-1.19,1.89,129,2017.0
2017,203089,John Henson,MIL,1096,-1.85,1.75,-0.09,1.336,1.607,-1.38,1.31,-0.07,-0.09,-1.85,1.75,166,2017.0
2017,203090,Maurice Harkless,POR,2191,0.6,-0.37,0.23,1.189,1.321,0.89,-0.55,0.34,0.23,0.6,-0.37,140,2017.0
2017,203092,Tyler Zeller,BOS,526,-0.33,0.07,-0.26,2.105,2.023,-0.12,0.02,-0.09,-0.26,-0.33,0.07,169,2017.0
2017,203093,Terrence Jones,NOP,1246,-0.61,-2.32,-2.93,1.669,1.515,-0.5,-1.87,-2.37,-2.93,-0.61,-2.32,336,2017.0
2017,203094,Andrew Nicholson,WAS,338,-2.22,-0.62,-2.84,2.02,2.306,-0.53,-0.15,-0.68,-2.84,-2.22,-0.62,217,2017.0
2017,203095,Evan Fournier,ORL,2212,-0.49,-0.32,-0.81,1.263,1.269,-0.74,-0.48,-1.22,-0.81,-0.49,-0.32,266,2017.0
2017,203101,Miles Plumlee,MIL,464,-1.42,-0.74,-2.16,1.776,2.126,-0.45,-0.24,-0.69,-2.16,-1.42,-0.74,221,2017.0
2017,203107,Tomas Satoransky,WAS,703,-1.81,0.91,-0.89,1.563,1.675,-0.9,0.46,-0.45,-0.89,-1.81,0.91,198,2017.0
2017,203109,Jae Crowder,BOS,2292,1.7,0.61,2.31,1.098,1.307,2.66,0.94,3.6,2.31,1.7,0.61,47,2017.0
2017,203110,Draymond Green,GSW,2454,3.16,2.87,6.03,1.132,1.291,5.39,4.88,10.27,6.03,3.16,2.87,11,2017.0
2017,203112,Quincy Acy,BRK,539,-1.81,0.51,-1.29,1.631,1.94,-0.64,0.18,-0.46,-1.29,-1.81,0.51,200,2017.0
2017,203114,Khris Middleton,MIL,886,1.13,1.9,3.02,1.573,1.573,0.68,1.15,1.83,3.02,1.13,1.9,81,2017.0
2017,203115,Will Barton,DEN,1654,-1.14,-0.37,-1.51,1.303,1.305,-1.31,-0.42,-1.73,-1.51,-1.14,-0.37,307,2017.0
2017,203120,Justin Hamilton,BRK,1162,-0.94,-1.64,-2.58,1.314,1.582,-0.73,-1.26,-1.99,-2.58,-0.94,-1.64,317,2017.0
2017,203124,Kyle O'Quinn,NYK,1215,-0.4,0.46,0.06,1.291,1.563,-0.32,0.37,0.05,0.06,-0.4,0.46,156,2017.0
2017,203138,Hollis Thompson,PHI,744,-1.54,-1.28,-2.81,1.542,1.644,-0.74,-0.62,-1.36,-2.81,-1.54,-1.28,276,2017.0
2017,203141,Mirza Teletovic,MIL,1123,0.08,0.14,0.22,1.468,1.634,0.06,0.11,0.17,0.22,0.08,0.14,149,2017.0
2017,203145,Kent Bazemore,ATL,1938,-1.99,-0.94,-2.92,1.157,1.269,-2.56,-1.21,-3.77,-2.92,-1.99,-0.94,377,2017.0
2017,203148,Brian Roberts,CHO,410,-3.37,0.24,-3.13,2.167,2.109,-0.93,0.07,-0.87,-3.13,-3.37,0.24,239,2017.0
2017,203186,Willie Reed,MIA,997,-0.74,1.14,0.4,1.377,1.65,-0.52,0.8,0.28,0.4,-0.74,1.14,144,2017.0
2017,203200,Justin Holiday,NYK,1622,-1.88,0.73,-1.15,1.21,1.305,-2.02,0.79,-1.23,-1.15,-1.88,0.73,268,2017.0
2017,203210,JaMychal Green,MEM,2095,-1.55,1.33,-0.22,1.186,1.329,-2.15,1.84,-0.31,-0.22,-1.55,1.33,181,2017.0
2017,203382,Aron Baynes,DET,1138,-0.79,1.44,0.65,1.365,1.643,-0.62,1.13,0.51,0.65,-0.79,1.44,131,2017.0
2017,203457,Nerlens Noel,PHI,1041,-1.53,1.56,0.04,1.423,1.793,-1.03,1.06,0.03,0.04,-1.53,1.56,161,2017.0
2017,203458,Alex Len,PHO,1541,-1.97,-1.27,-3.24,1.242,1.565,-2.02,-1.3,-3.33,-3.24,-1.97,-1.27,366,2017.0
2017,203459,Allen Crabbe,POR,2225,-0.93,-1.56,-2.49,1.185,1.268,-1.4,-2.34,-3.74,-2.49,-0.93,-1.56,375,2017.0
2017,203460,Andre Roberson,OKC,2353,-1.43,1.48,0.05,1.14,1.23,-2.35,2.43,0.08,0.05,-1.43,1.48,154,2017.0
2017,203461,Anthony Bennett,BRK,260,-1.32,-4.84,-6.16,2.492,2.739,-0.23,-0.84,-1.06,-6.16,-1.32,-4.84,252,2017.0
2017,203463,Ben McLemore,SAC,1162,-0.47,-1.63,-2.1,1.547,1.512,-0.38,-1.29,-1.67,-2.1,-0.47,-1.63,304,2017.0
2017,203468,CJ McCollum,POR,2742,1.52,1.5,3.02,1.336,1.185,2.81,2.77,5.59,3.02,1.52,1.5,30,2017.0
2017,203469,Cody Zeller,CHO,1719,0.94,2.39,3.33,1.19,1.485,1.09,2.77,3.87,3.33,0.94,2.39,41,2017.0
2017,203471,Dennis Schroder,ATL,2466,-1.47,-0.25,-1.72,1.352,1.267,-2.41,-0.41,-2.82,-1.72,-1.47,-0.25,350,2017.0
2017,203473,Dewayne Dedmon,SAS,1349,-1.45,2.83,1.38,1.317,1.515,-1.34,2.6,1.27,1.38,-1.45,2.83,93,2017.0
2017,203476,Gorgui Dieng,MIN,2630,0.99,1.88,2.88,1.115,1.318,1.8,3.42,5.22,2.88,0.99,1.88,31,2017.0
2017,203477,Isaiah Canaan,CHI,590,-3.37,-1.0,-4.38,1.76,1.759,-1.32,-0.39,-1.72,-4.38,-3.37,-1.0,306,2017.0
2017,203481,Jeff Withey,UTA,428,0.29,1.04,1.33,1.933,2.192,0.09,0.3,0.39,1.33,0.29,1.04,139,2017.0
2017,203482,Kelly Olynyk,BOS,1515,0.92,1.78,2.7,1.274,1.498,0.95,1.84,2.78,2.7,0.92,1.78,58,2017.0
2017,203484,Kentavious Caldwell-Pope,DET,2475,0.51,0.15,0.66,1.191,1.279,0.86,0.26,1.12,0.66,0.51,0.15,103,2017.0
2017,203486,Mason Plumlee,POR,2106,1.84,-0.59,1.26,1.094,1.378,2.62,-0.84,1.79,1.26,1.84,-0.59,84,2017.0
2017,203487,Michael Carter-Williams,CHI,832,-2.45,0.52,-1.92,1.66,1.571,-1.35,0.29,-1.06,-1.92,-2.45,0.52,253,2017.0
2017,203488,Mike Muscala,ATL,1207,-0.11,0.19,0.08,1.258,1.585,-0.09,0.15,0.06,0.08,-0.11,0.19,155,2017.0
2017,203490,Otto Porter Jr.,WAS,2560,1.98,-0.94,1.04,1.156,1.284,3.61,-1.71,1.9,1.04,1.98,-0.94,78,2017.0
2017,203493,Reggie Bullock Jr.,DET,442,-0.65,0.36,-0.29,1.794,1.993,-0.2,0.11,-0.09,-0.29,-0.65,0.36,170,2017.0
2017,203496,Robert Covington,PHI,2120,-0.29,2.86,2.57,1.126,1.251,-0.4,3.94,3.54,2.57,-0.29,2.86,48,2017.0
2017,203497,Rudy Gobert,UTA,2720,0.72,5.93,6.65,1.091,1.36,1.33,10.98,12.31,6.65,0.72,5.93,7,2017.0
2017,203498,Shabazz Muhammad,MIN,1474,-1.44,-1.19,-2.63,1.441,1.385,-1.47,-1.21,-2.68,-2.63,-1.44,-1.19,345,2017.0
2017,203500,Steven Adams,OKC,2374,-0.43,1.99,1.56,1.156,1.431,-0.71,3.3,2.58,1.56,-0.43,1.99,63,2017.0
2017,203501,Tim Hardaway Jr.,ATL,2121,0.56,0.37,0.93,1.233,1.28,0.79,0.53,1.31,0.93,0.56,0.37,91,2017.0
2017,203503,Tony Snell,MIL,2309,-1.19,0.47,-0.72,1.144,1.234,-1.88,0.74,-1.14,-0.72,-1.19,0.47,260,2017.0
2017,203504,Trey Burke,WAS,692,-3.36,-0.36,-3.72,1.888,1.701,-1.65,-0.18,-1.83,-3.72,-3.36,-0.36,311,2017.0
2017,203506,Victor Oladipo,OKC,2192,-0.36,1.3,0.93,1.298,1.272,-0.55,1.98,1.43,0.93,-0.36,1.3,87,2017.0
2017,203507,Giannis Antetokounmpo,MIL,2790,1.29,2.19,3.48,1.468,1.389,2.45,4.17,6.62,3.48,1.29,2.19,23,2017.0
2017,203512,Lucas Nogueira,TOR,1084,0.99,0.34,1.32,1.322,1.665,0.75,0.26,1.0,1.32,0.99,0.34,110,2017.0
2017,203516,James Ennis III,MEM,1495,-2.22,1.36,-0.86,1.344,1.349,-2.2,1.35,-0.85,-0.86,-2.22,1.36,237,2017.0
2017,203518,Alex Abrines,OKC,1035,-0.02,-1.58,-1.59,1.451,1.561,-0.01,-1.14,-1.15,-1.59,-0.02,-1.58,261,2017.0
2017,203521,Matthew Dellavedova,MIL,1951,-1.79,0.71,-1.08,1.212,1.247,-2.38,0.95,-1.43,-1.08,-1.79,0.71,284,2017.0
2017,203524,Solomon Hill,NOP,2350,-0.89,-0.11,-1.0,1.118,1.242,-1.35,-0.17,-1.52,-1.0,-0.89,-0.11,291,2017.0
2017,203526,Raul Neto,UTA,339,-1.71,2.19,0.48,2.159,2.21,-0.4,0.51,0.11,0.48,-1.71,2.19,151,2017.0
2017,203530,Joffrey Lauvergne,OKC,964,-1.75,-1.8,-3.55,1.464,1.687,-1.18,-1.21,-2.39,-3.55,-1.75,-1.8,337,2017.0
2017,203546,Ian Clark,GSW,1115,-2.44,-2.26,-4.7,1.461,1.457,-1.89,-1.75,-3.64,-4.7,-2.44,-2.26,373,2017.0
2017,203552,Seth Curry,DAL,2016,-0.32,2.38,2.06,1.208,1.251,-0.43,3.17,2.75,2.06,-0.32,2.38,59,2017.0
2017,203584,Troy Daniels,MEM,1184,-1.64,-0.08,-1.73,1.39,1.434,-1.29,-0.07,-1.36,-1.73,-1.64,-0.08,277,2017.0
2017,203585,Rodney McGruder,MIA,1947,-1.73,-0.12,-1.85,1.209,1.276,-2.36,-0.17,-2.53,-1.85,-1.73,-0.12,340,2017.0
2017,203613,Jonathon Simmons,SAS,1356,-2.45,0.44,-2.01,1.329,1.362,-2.26,0.41,-1.86,-2.01,-2.45,0.44,313,2017.0
2017,203894,Shabazz Napier,POR,508,-2.32,0.34,-1.97,1.948,1.855,-0.8,0.12,-0.68,-1.97,-2.32,0.34,218,2017.0
2017,203895,Jordan McRae,CLE,376,-0.93,-2.1,-3.02,2.215,2.1,-0.25,-0.57,-0.82,-3.02,-0.93,-2.1,232,2017.0
2017,203897,Zach LaVine,MIN,1738,-1.94,-2.15,-4.09,1.573,1.478,-2.33,-2.58,-4.91,-4.09,-1.94,-2.15,391,2017.0
2017,203898,Tyler Ennis,LAL,574,-1.82,-0.35,-2.17,1.965,1.929,-0.69,-0.13,-0.82,-2.17,-1.82,-0.35,233,2017.0
2017,203901,Elfrid Payton,ORL,2377,0.75,-1.07,-0.32,1.273,1.32,1.22,-1.74,-0.52,-0.32,0.75,-1.07,203,2017.0
2017,203902,Semaj Christon,OKC,944,-4.42,-2.74,-7.16,1.492,1.543,-2.91,-1.8,-4.72,-7.16,-4.42,-2.74,389,2017.0
2017,203903,Jordan Clarkson,LAL,2371,-0.86,-1.62,-2.48,1.366,1.253,-1.35,-2.54,-3.89,-2.48,-0.86,-1.62,379,2017.0
2017,203909,KJ McDaniels,BRK,481,-1.64,-0.4,-2.03,1.947,2.026,-0.52,-0.13,-0.65,-2.03,-1.64,-0.4,215,2017.0
2017,203914,Gary Harris,DEN,1746,0.74,-3.11,-2.37,1.315,1.418,0.9,-3.77,-2.87,-2.37,0.74,-3.11,352,2017.0
2017,203915,Spencer Dinwiddie,BRK,1310,-2.34,0.66,-1.68,1.491,1.451,-2.03,0.58,-1.46,-1.68,-2.34,0.66,287,2017.0
2017,203917,Nik Stauskas,PHI,2182,-1.32,-2.48,-3.81,1.321,1.309,-1.87,-3.52,-5.4,-3.81,-1.32,-2.48,394,2017.0
2017,203918,Rodney Hood,UTA,1581,-2.48,2.19,-0.29,1.238,1.376,-2.67,2.36,-0.31,-0.29,-2.48,2.19,182,2017.0
2017,203922,Glenn Robinson III,IND,1404,-0.8,-0.56,-1.36,1.338,1.455,-0.77,-0.53,-1.3,-1.36,-0.8,-0.56,272,2017.0
2017,203924,Jerami Grant,OKC,1495,-1.78,-0.88,-2.66,1.43,1.572,-1.86,-0.92,-2.77,-2.66,-1.78,-0.88,349,2017.0
2017,203925,Joe Harris,BRK,1122,-1.12,-3.28,-4.4,1.349,1.455,-0.83,-2.44,-3.27,-4.4,-1.12,-3.28,363,2017.0
2017,203926,Doug McDermott,CHI,1501,-1.98,-1.86,-3.84,1.279,1.365,-1.98,-1.85,-3.83,-3.84,-1.98,-1.86,378,2017.0
2017,203930,Sean Kilpatrick,BRK,1740,0.54,-3.08,-2.54,1.391,1.285,0.62,-3.55,-2.93,-2.54,0.54,-3.08,354,2017.0
2017,203932,Aaron Gordon,ORL,2286,0.83,-0.38,0.45,1.357,1.497,1.31,-0.6,0.71,0.45,0.83,-0.38,119,2017.0
2017,203933,T.J. Warren,PHO,2003,1.68,-2.8,-1.13,1.27,1.344,2.24,-3.74,-1.5,-1.13,1.68,-2.8,289,2017.0
2017,203935,Marcus Smart,BOS,2372,-1.04,-0.13,-1.17,1.395,1.32,-1.68,-0.22,-1.89,-1.17,-1.04,-0.13,314,2017.0
2017,203937,Kyle Anderson,SAS,1009,-1.63,2.53,0.9,1.491,1.588,-1.12,1.74,0.62,0.9,-1.63,2.53,126,2017.0
2017,203939,Dwight Powell,DAL,1309,-1.8,-0.11,-1.92,1.232,1.552,-1.56,-0.1,-1.66,-1.92,-1.8,-0.11,303,2017.0
2017,203943,Noah Vonleh,POR,1258,-3.89,-0.38,-4.27,1.408,1.774,-3.3,-0.33,-3.63,-4.27,-3.89,-0.38,372,2017.0
2017,203944,Julius Randle,LAL,2104,-0.43,-2.22,-2.65,1.405,1.461,-0.6,-3.08,-3.68,-2.65,-0.43,-2.22,374,2017.0
2017,203949,James Michael McAdoo,GSW,452,-3.46,-1.08,-4.54,1.977,2.138,-1.09,-0.34,-1.43,-4.54,-3.46,-1.08,285,2017.0
2017,203952,Andrew Wiggins,MIN,3007,-0.02,-0.73,-0.76,1.382,1.348,-0.05,-1.53,-1.57,-0.76,-0.02,-0.73,296,2017.0
2017,203953,Jabari Parker,MIL,1714,-0.14,-1.68,-1.82,1.447,1.587,-0.17,-1.97,-2.13,-1.82,-0.14,-1.68,328,2017.0
2017,203954,Joel Embiid,PHI,778,1.3,6.32,7.62,1.935,1.956,0.66,3.2,3.86,7.62,1.3,6.32,42,2017.0
2017,203957,Danté Exum,UTA,1216,-4.2,0.18,-4.02,1.667,1.594,-3.48,0.15,-3.32,-4.02,-4.2,0.18,365,2017.0
2017,203967,Dario Šarić,PHI,2114,-1.02,-1.0,-2.01,1.25,1.514,-1.4,-1.37,-2.76,-2.01,-1.02,-1.0,348,2017.0
2017,203991,Clint Capela,HOU,1545,1.93,0.73,2.66,1.352,1.619,2.1,0.79,2.89,2.66,1.93,0.73,55,2017.0
2017,203994,Jusuf Nurkic,DEN,1374,-0.0,1.0,1.0,1.448,1.665,-0.0,0.95,0.95,1.0,-0.0,1.0,112,2017.0
2017,203999,Nikola Jokic,DEN,1988,7.29,3.85,11.13,1.513,1.596,10.05,5.31,15.36,11.13,7.29,3.85,3,2017.0
2017,204001,Kristaps Porzingis,NYK,2142,0.79,1.92,2.71,1.441,1.573,1.12,2.71,3.84,2.71,0.79,1.92,43,2017.0
2017,204014,Damjan Rudez,ORL,300,-0.39,-1.73,-2.12,2.17,2.369,-0.08,-0.36,-0.44,-2.12,-0.39,-1.73,196,2017.0
2017,204020,Tyler Johnson,MIA,2123,-1.81,1.66,-0.16,1.221,1.267,-2.7,2.47,-0.23,-0.16,-1.81,1.66,178,2017.0
2017,204025,Tim Frazier,NOP,1494,-1.82,0.13,-1.69,1.418,1.322,-1.77,0.13,-1.64,-1.69,-1.82,0.13,300,2017.0
2017,204028,Tarik Black,LAL,1082,-0.87,2.83,1.96,1.348,1.633,-0.62,2.02,1.4,1.96,-0.87,2.83,89,2017.0
2017,204038,Langston Galloway,NOP,1460,-1.15,0.69,-0.46,1.279,1.36,-1.09,0.65,-0.44,-0.46,-1.15,0.69,197,2017.0
2017,204060,Joe Ingles,UTA,1945,-1.3,0.61,-0.69,1.162,1.289,-1.72,0.8,-0.91,-0.69,-1.3,0.61,244,2017.0
2017,204456,T.J. McConnell,PHI,2129,-0.44,-0.05,-0.49,1.375,1.266,-0.61,-0.07,-0.68,-0.49,-0.44,-0.05,219,2017.0
2017,1626143,Jahlil Okafor,PHI,1153,-2.93,-0.72,-3.65,1.44,1.815,-2.2,-0.54,-2.73,-3.65,-2.93,-0.72,347,2017.0
2017,1626144,Emmanuel Mudiay,DEN,1360,-2.77,-3.43,-6.2,1.679,1.622,-2.62,-3.23,-5.85,-6.2,-2.77,-3.43,396,2017.0
2017,1626145,Tyus Jones,MIN,749,-0.06,-1.53,-1.59,1.941,1.924,-0.03,-0.79,-0.82,-1.59,-0.06,-1.53,234,2017.0
2017,1626147,Justin Anderson,DAL,1208,-2.53,-0.08,-2.61,1.407,1.512,-2.02,-0.07,-2.08,-2.61,-2.53,-0.08,324,2017.0
2017,1626149,Montrezl Harrell,HOU,1039,2.61,-0.68,1.92,1.48,1.733,1.91,-0.5,1.41,1.92,2.61,-0.68,88,2017.0
2017,1626150,Andrew Harrison,MEM,1475,-4.78,0.67,-4.12,1.47,1.458,-4.68,0.65,-4.02,-4.12,-4.78,0.67,381,2017.0
2017,1626153,Delon Wright,TOR,440,-0.65,2.96,2.31,1.925,1.997,-0.2,0.91,0.71,2.31,-0.65,2.96,120,2017.0
2017,1626155,Sam Dekker,HOU,1388,-0.18,-0.65,-0.83,1.346,1.601,-0.18,-0.64,-0.81,-0.83,-0.18,-0.65,230,2017.0
2017,1626156,D'Angelo Russell,LAL,1785,-0.19,-2.44,-2.63,1.665,1.523,-0.22,-2.88,-3.1,-2.63,-0.19,-2.44,359,2017.0
2017,1626157,Karl-Anthony Towns,MIN,2998,4.65,0.11,4.75,1.379,1.484,9.62,0.22,9.84,4.75,4.65,0.11,13,2017.0
2017,1626158,Richaun Holmes,PHI,1163,1.67,-1.09,0.59,1.481,1.619,1.26,-0.82,0.44,0.59,1.67,-1.09,135,2017.0
2017,1626159,Justise Winslow,MIA,610,-3.67,1.41,-2.26,1.918,2.228,-1.57,0.6,-0.97,-2.26,-3.67,1.41,246,2017.0
2017,1626161,Willie Cauley-Stein,SAC,1392,-0.61,-0.19,-0.8,1.273,1.604,-0.58,-0.18,-0.76,-0.8,-0.61,-0.19,227,2017.0
2017,1626162,Kelly Oubre Jr.,WAS,1578,-1.68,-1.24,-2.92,1.478,1.526,-1.88,-1.39,-3.28,-2.92,-1.68,-1.24,364,2017.0
2017,1626163,Frank Kaminsky,CHO,1945,-0.4,-0.54,-0.93,1.208,1.487,-0.52,-0.7,-1.22,-0.93,-0.4,-0.54,267,2017.0
2017,1626164,Devin Booker,PHO,2666,0.62,-2.23,-1.61,1.575,1.425,1.11,-3.96,-2.86,-1.61,0.62,-2.23,351,2017.0
2017,1626166,Cameron Payne,OKC,460,-3.32,-1.72,-5.04,2.212,2.09,-1.07,-0.55,-1.62,-5.04,-3.32,-1.72,299,2017.0
2017,1626167,Myles Turner,IND,2517,-0.37,1.04,0.66,1.392,1.599,-0.64,1.78,1.14,0.66,-0.37,1.04,100,2017.0
2017,1626168,Trey Lyles,UTA,1146,-3.55,-0.43,-3.98,1.51,1.752,-2.76,-0.34,-3.1,-3.98,-3.55,-0.43,360,2017.0
2017,1626169,Stanley Johnson,DET,1331,-2.8,-0.89,-3.69,1.551,1.664,-2.56,-0.82,-3.38,-3.69,-2.8,-0.89,369,2017.0
2017,1626170,Jerian Grant,CHI,1015,-1.88,0.98,-0.9,1.498,1.527,-1.27,0.66,-0.61,-0.9,-1.88,0.98,208,2017.0
2017,1626171,Bobby Portis,CHI,985,-1.67,-1.3,-2.96,1.743,1.828,-1.09,-0.85,-1.94,-2.96,-1.67,-1.3,316,2017.0
2017,1626172,Kevon Looney,GSW,436,-2.67,-1.28,-3.95,2.101,2.61,-0.81,-0.39,-1.2,-3.95,-2.67,-1.28,264,2017.0
2017,1626173,Rashad Vaughn,MIL,443,-4.71,-2.85,-7.56,2.233,2.335,-1.42,-0.86,-2.29,-7.56,-4.71,-2.85,335,2017.0
2017,1626178,Rondae Hollis-Jefferson,BRK,1728,0.11,-0.44,-0.32,1.279,1.521,0.13,-0.5,-0.37,-0.32,0.11,-0.44,191,2017.0
2017,1626179,Terry Rozier,BOS,1253,-4.28,1.31,-2.97,1.601,1.519,-3.65,1.12,-2.53,-2.97,-4.28,1.31,341,2017.0
2017,1626181,Norman Powell,TOR,1361,-0.98,-0.64,-1.61,1.557,1.451,-0.93,-0.6,-1.54,-1.61,-0.98,-0.64,293,2017.0
2017,1626184,Chasson Randle,NYK,287,-0.36,-1.38,-1.75,2.44,2.431,-0.07,-0.26,-0.33,-1.75,-0.36,-1.38,186,2017.0
2017,1626185,Jarell Martin,MEM,560,-2.12,-0.6,-2.71,1.846,2.105,-0.79,-0.22,-1.01,-2.71,-2.12,-0.6,249,2017.0
2017,1626192,Pat Connaughton,POR,312,-1.79,0.17,-1.62,2.226,2.308,-0.38,0.04,-0.34,-1.62,-1.79,0.17,187,2017.0
2017,1626195,Willy Hernangomez,NYK,1312,1.14,0.07,1.21,1.512,1.685,0.99,0.06,1.05,1.21,1.14,0.07,106,2017.0
2017,1626196,Josh Richardson,MIA,1579,-1.99,0.75,-1.24,1.329,1.401,-2.21,0.83,-1.38,-1.24,-1.99,0.75,281,2017.0
2017,1626199,Darrun Hilliard,DET,360,-1.85,-0.84,-2.69,2.085,2.241,-0.46,-0.21,-0.67,-2.69,-1.85,-0.84,216,2017.0
2017,1626204,Larry Nance Jr.,LAL,1434,-0.75,1.47,0.72,1.306,1.492,-0.71,1.39,0.68,0.72,-0.75,1.47,123,2017.0
2017,1626209,Mario Hezonja,ORL,918,-3.26,-2.09,-5.35,1.601,1.866,-2.05,-1.32,-3.36,-5.35,-3.26,-2.09,367,2017.0
2017,1626210,Alan Williams,PHO,686,1.98,-0.57,1.4,1.783,1.845,0.91,-0.26,0.64,1.4,1.98,-0.57,124,2017.0
2017,1626245,Cristiano Felicio,CHI,1027,0.13,1.63,1.76,1.348,1.691,0.09,1.11,1.2,1.76,0.13,1.63,97,2017.0
2017,1626246,Boban Marjanovic,DET,274,2.04,1.62,3.66,2.424,2.618,0.39,0.31,0.69,3.66,2.04,1.62,121,2017.0
2017,1626254,Maurice Ndour,NYK,318,-0.84,0.06,-0.79,2.114,2.452,-0.18,0.01,-0.17,-0.79,-0.84,0.06,173,2017.0
2017,1626257,Salah Mejri,DAL,903,-1.84,3.55,1.72,1.452,1.755,-1.1,2.12,1.02,1.72,-1.84,3.55,109,2017.0
2017,1627098,Malcolm Delaney,ATL,1214,-3.75,-0.42,-4.17,1.41,1.387,-3.03,-0.34,-3.37,-4.17,-3.75,-0.42,368,2017.0
2017,1627733,Dragan Bender,PHO,555,-0.26,-0.98,-1.24,2.121,2.513,-0.1,-0.36,-0.46,-1.24,-0.26,-0.98,201,2017.0
2017,1627734,Domantas Sabonis,OKC,1601,-3.39,-0.31,-3.71,1.538,1.751,-3.79,-0.35,-4.14,-3.71,-3.39,-0.31,382,2017.0
2017,1627735,Wade Baldwin IV,MEM,402,-3.98,-3.91,-7.89,2.603,2.399,-1.06,-1.04,-2.1,-7.89,-3.98,-3.91,326,2017.0
2017,1627737,Marquese Chriss,PHO,1720,-0.48,-3.98,-4.45,1.623,1.747,-0.55,-4.56,-5.11,-4.45,-0.48,-3.98,393,2017.0
2017,1627739,Kris Dunn,MIN,1304,-3.52,-1.59,-5.11,1.461,1.503,-3.17,-1.43,-4.6,-5.11,-3.52,-1.59,388,2017.0
2017,1627741,Buddy Hield,NOP,1875,-1.23,-0.91,-2.13,1.331,1.312,-1.49,-1.11,-2.6,-2.13,-1.23,-0.91,343,2017.0
2017,1627742,Brandon Ingram,LAL,2240,-0.75,-3.61,-4.35,1.69,1.562,-1.1,-5.34,-6.44,-4.35,-0.75,-3.61,397,2017.0
2017,1627746,Skal Labissiere,SAC,615,-1.23,0.61,-0.62,1.915,2.222,-0.52,0.26,-0.26,-0.62,-1.23,0.61,180,2017.0
2017,1627747,Caris LeVert,BRK,1219,1.43,-2.51,-1.08,1.551,1.545,1.16,-2.03,-0.87,-1.08,1.43,-2.51,240,2017.0
2017,1627748,Thon Maker,MIL,552,-1.35,-0.1,-1.45,2.061,2.518,-0.51,-0.04,-0.54,-1.45,-1.35,-0.1,204,2017.0
2017,1627749,Dejounte Murray,SAS,302,-2.19,-0.68,-2.87,3.032,2.687,-0.45,-0.14,-0.59,-2.87,-2.19,-0.68,206,2017.0
2017,1627750,Jamal Murray,DEN,1686,-0.62,-2.12,-2.74,1.773,1.622,-0.73,-2.48,-3.21,-2.74,-0.62,-2.12,362,2017.0
2017,1627751,Jakob Poeltl,TOR,619,-2.95,0.36,-2.59,1.873,2.197,-1.28,0.16,-1.12,-2.59,-2.95,0.36,259,2017.0
2017,1627752,Taurean Prince,ATL,977,-3.49,1.54,-1.95,1.502,1.659,-2.27,1.0,-1.27,-1.95,-3.49,1.54,271,2017.0
2017,1627755,Tyler Ulis,PHO,1099,-1.11,-2.15,-3.26,1.58,1.638,-0.81,-1.58,-2.39,-3.26,-1.11,-2.15,338,2017.0
2017,1627756,Denzel Valentine,CHI,968,-2.12,-0.63,-2.74,1.535,1.591,-1.36,-0.4,-1.77,-2.74,-2.12,-0.63,309,2017.0
2017,1627758,Ron Baker,NYK,832,-2.87,-0.74,-3.62,1.544,1.665,-1.58,-0.41,-1.99,-3.62,-2.87,-0.74,318,2017.0
2017,1627759,Jaylen Brown,BOS,1330,-3.11,-1.59,-4.7,1.78,1.665,-2.82,-1.44,-4.26,-4.7,-3.11,-1.59,384,2017.0
2017,1627761,DeAndre' Bembry,ATL,353,-0.76,-0.83,-1.59,2.125,2.361,-0.18,-0.2,-0.37,-1.59,-0.76,-0.83,192,2017.0
2017,1627763,Malcolm Brogdon,MIL,1961,-0.28,0.05,-0.23,1.402,1.287,-0.37,0.06,-0.31,-0.23,-0.28,0.05,183,2017.0
2017,1627770,Kay Felder,CLE,381,-2.48,-1.37,-3.84,2.879,2.339,-0.68,-0.38,-1.06,-3.84,-2.48,-1.37,254,2017.0
2017,1627775,Patrick McCaw,GSW,1068,-3.72,-3.83,-7.55,1.517,1.685,-2.76,-2.83,-5.59,-7.55,-3.72,-3.83,395,2017.0
2017,1627783,Pascal Siakam,TOR,848,-1.72,-1.79,-3.51,1.751,1.835,-1.02,-1.06,-2.08,-3.51,-1.72,-1.79,325,2017.0
2017,1627785,Isaiah Whitehead,BRK,1623,-0.44,-0.83,-1.27,1.695,1.486,-0.48,-0.89,-1.37,-1.27,-0.44,-0.83,279,2017.0
2017,1627786,Troy Williams,MEM,554,-1.91,-1.69,-3.61,1.854,1.993,-0.7,-0.62,-1.33,-3.61,-1.91,-1.69,273,2017.0
2017,1627789,Timothe Luwawu-Cabarrot,PHI,1178,-0.92,-0.86,-1.79,1.514,1.641,-0.71,-0.66,-1.37,-1.79,-0.92,-0.86,280,2017.0
2017,1627812,Yogi Ferrell,DAL,1200,-2.11,-0.22,-2.33,1.569,1.484,-1.67,-0.17,-1.84,-2.33,-2.11,-0.22,312,2017.0
2017,1627815,Sheldon Mac,WAS,284,-2.82,-0.68,-3.5,2.274,2.399,-0.57,-0.14,-0.71,-3.5,-2.82,-0.68,224,2017.0
2017,1627823,Juancho Hernangomez,DEN,827,0.83,-2.61,-1.78,1.619,1.926,0.48,-1.5,-1.02,-1.78,0.83,-2.61,250,2017.0
2017,1627826,Ivica Zubac,LAL,599,0.91,-3.07,-2.16,2.104,2.447,0.36,-1.21,-0.85,-2.16,0.91,-3.07,238,2017.0
2017,1627827,Dorian Finney-Smith,DAL,1623,-4.01,1.27,-2.74,1.257,1.49,-4.3,1.36,-2.94,-2.74,-4.01,1.27,355,2017.0
2017,1627832,Fred VanVleet,TOR,288,-1.04,1.23,0.19,2.576,2.512,-0.21,0.25,0.04,0.19,-1.04,1.23,158,2017.0
2017,1627834,Georgios Papagiannis,SAC,356,-1.0,-1.54,-2.53,2.357,2.97,-0.24,-0.37,-0.62,-2.53,-1.0,-1.54,209,2017.0
2017,1627835,Paul Zipser,CHI,837,-1.98,-0.46,-2.44,1.62,1.738,-1.1,-0.26,-1.36,-2.44,-1.98,-0.46,278,2017.0
2017,1627851,Mindaugas Kuzminskas,NYK,1024,-1.57,0.29,-1.28,1.75,1.483,-1.06,0.2,-0.87,-1.28,-1.57,0.29,241,2017.0
2017,1627852,Nicolas Brussino,DAL,510,-1.66,-2.53,-4.19,1.785,1.983,-0.56,-0.85,-1.42,-4.19,-1.66,-2.53,283,2017.0
2017,1627854,Bryn Forbes,SAS,271,-3.64,-2.34,-5.98,2.44,2.514,-0.67,-0.43,-1.11,-5.98,-3.64,-2.34,257,2017.0
2017,1627855,Okaro White,MIA,460,-0.37,-1.56,-1.93,1.827,2.124,-0.12,-0.51,-0.62,-1.93,-0.37,-1.56,210,2017.0
2017,1627884,Derrick Jones Jr.,PHO,536,0.63,0.29,0.93,2.186,2.313,0.23,0.1,0.33,0.93,0.63,0.29,141,2017.0
2017,1628021,David Nwaba,LAL,386,-1.28,2.28,1.0,2.009,2.142,-0.33,0.58,0.26,1.0,-1.28,2.28,146,2017.0
2018,1713,Vince Carter,SAC,980,-0.91,1.51,0.6,1.904,2.155,-0.59,0.97,0.38,0.6,-0.91,1.51,131,2018.0
2018,1717,Dirk Nowitzki,DAL,1852,1.95,1.54,3.49,1.725,1.838,2.46,1.95,4.41,3.49,1.95,1.54,32,2018.0
2018,1891,Jason Terry,MIL,827,-1.29,0.25,-1.04,1.964,2.118,-0.74,0.14,-0.6,-1.04,-1.29,0.25,215,2018.0
2018,1938,Manu Ginobili,SAS,1250,0.21,0.06,0.27,1.93,1.883,0.18,0.05,0.23,0.27,0.21,0.06,139,2018.0
2018,2037,Jamal Crawford,MIN,1612,-2.47,-2.5,-4.97,1.931,1.77,-2.69,-2.73,-5.42,-4.97,-2.47,-2.5,394,2018.0
2018,2199,Tyson Chandler,PHO,1144,0.41,1.47,1.88,1.59,2.003,0.33,1.2,1.54,1.88,0.41,1.47,82,2018.0
2018,2200,Pau Gasol,SAS,1788,0.17,2.78,2.95,1.532,1.922,0.21,3.36,3.56,2.95,0.17,2.78,39,2018.0
2018,2207,Joe Johnson,UTA,1180,-1.76,-0.44,-2.19,1.945,1.888,-1.37,-0.34,-1.71,-2.19,-1.76,-0.44,307,2018.0
2018,2216,Zach Randolph,SAC,1463,-1.11,0.39,-0.72,1.888,1.915,-1.06,0.37,-0.69,-0.72,-1.11,0.39,223,2018.0
2018,2225,Tony Parker,SAS,1060,-2.92,-0.9,-3.82,2.021,1.823,-2.09,-0.65,-2.74,-3.82,-2.92,-0.9,356,2018.0
2018,2403,Nene,HOU,737,2.16,0.84,3.0,1.812,2.283,1.12,0.44,1.56,3.0,2.16,0.84,81,2018.0
2018,2544,LeBron James,CLE,2973,7.16,1.47,8.62,1.46,1.351,15.42,3.16,18.58,8.62,7.16,1.47,1,2018.0
2018,2546,Carmelo Anthony,OKC,2461,0.43,-0.15,0.28,1.358,1.477,0.73,-0.25,0.47,0.28,0.43,-0.15,125,2018.0
2018,2548,Dwyane Wade,CLE,1466,-1.38,0.04,-1.34,1.95,1.787,-1.47,0.04,-1.42,-1.34,-1.38,0.04,293,2018.0
2018,2561,David West,GSW,1008,0.01,4.05,4.06,1.951,2.219,0.01,2.78,2.79,4.06,0.01,4.05,52,2018.0
2018,2585,Zaza Pachulia,GSW,967,0.96,0.4,1.36,1.564,1.907,0.63,0.27,0.9,1.36,0.96,0.4,105,2018.0
2018,2594,Kyle Korver,CLE,1508,1.1,-0.67,0.43,1.675,1.793,1.2,-0.73,0.47,0.43,1.1,-0.67,126,2018.0
2018,2730,Dwight Howard,CHO,2433,0.07,1.13,1.21,1.205,1.475,0.12,1.83,1.95,1.21,0.07,1.13,72,2018.0
2018,2731,Emeka Okafor,NOP,347,-0.33,-0.24,-0.58,2.444,3.0,-0.07,-0.05,-0.13,-0.58,-0.33,-0.24,170,2018.0
2018,2733,Shaun Livingston,GSW,1109,-1.89,0.64,-1.26,1.513,1.569,-1.43,0.48,-0.95,-1.26,-1.89,0.64,250,2018.0
2018,2734,Devin Harris,DAL,1291,-1.14,0.6,-0.54,1.699,1.644,-1.01,0.53,-0.48,-0.54,-1.14,0.6,201,2018.0
2018,2738,Andre Iguodala,GSW,1565,-0.57,0.53,-0.05,1.426,1.697,-0.61,0.56,-0.05,-0.05,-0.57,0.53,158,2018.0
2018,2744,Al Jefferson,IND,470,-0.46,0.79,0.33,2.15,2.424,-0.15,0.25,0.11,0.33,-0.46,0.79,149,2018.0
2018,2747,JR Smith,CLE,2211,-1.88,-2.81,-4.69,1.285,1.351,-3.02,-4.5,-7.52,-4.69,-1.88,-2.81,401,2018.0
2018,2749,Jameer Nelson Jr.,NOP,984,-1.57,-1.45,-3.02,1.815,1.862,-1.0,-0.92,-1.92,-3.02,-1.57,-1.45,319,2018.0
2018,2754,Tony Allen,NOP,261,-1.3,0.52,-0.78,3.135,3.235,-0.22,0.09,-0.13,-0.78,-1.3,0.52,171,2018.0
2018,2772,Trevor Ariza,HOU,2203,-0.47,-1.34,-1.81,1.229,1.366,-0.72,-2.08,-2.8,-1.81,-0.47,-1.34,359,2018.0
2018,101107,Marvin Williams,CHO,1967,0.39,0.59,0.98,1.209,1.43,0.5,0.78,1.28,0.98,0.39,0.59,87,2018.0
2018,101108,Chris Paul,HOU,1787,5.9,3.07,8.97,1.376,1.396,7.42,3.86,11.27,8.97,5.9,3.07,6,2018.0
2018,101109,Raymond Felton,OKC,1329,-2.83,0.6,-2.23,1.579,1.558,-2.6,0.55,-2.05,-2.23,-2.83,0.6,329,2018.0
2018,101112,Channing Frye,CLE,669,1.31,0.6,1.92,1.887,2.241,0.64,0.29,0.93,1.92,1.31,0.6,103,2018.0
2018,101123,Gerald Green,HOU,904,-2.22,-0.22,-2.44,1.688,1.681,-1.41,-0.14,-1.55,-2.44,-2.22,-0.22,301,2018.0
2018,101127,Jarrett Jack,NYK,1478,-1.29,-0.8,-2.09,1.613,1.59,-1.33,-0.82,-2.15,-2.09,-1.29,-0.8,333,2018.0
2018,101133,Ian Mahinmi,WAS,1108,-0.06,1.24,1.18,1.406,1.702,-0.04,0.92,0.87,1.18,-0.06,1.24,107,2018.0
2018,101139,CJ Miles,TOR,1296,-0.13,0.3,0.16,1.325,1.429,-0.12,0.26,0.14,0.16,-0.13,0.3,147,2018.0
2018,101141,Ersan Ilyasova,ATL,1692,0.28,0.59,0.87,1.297,1.436,0.3,0.63,0.93,0.87,0.28,0.59,104,2018.0
2018,101150,Lou Williams,LAC,2518,3.78,-2.66,1.12,1.348,1.262,6.58,-4.63,1.95,1.12,3.78,-2.66,73,2018.0
2018,101161,Amir Johnson,PHI,1176,1.58,1.87,3.45,1.37,1.629,1.29,1.53,2.81,3.45,1.58,1.87,51,2018.0
2018,101162,Marcin Gortat,WAS,2055,0.44,0.41,0.85,1.292,1.586,0.6,0.57,1.17,0.85,0.44,0.41,94,2018.0
2018,101181,Jose Calderon,CLE,905,-0.62,0.3,-0.32,1.943,2.015,-0.41,0.2,-0.21,-0.32,-0.62,0.3,179,2018.0
2018,200746,LaMarcus Aldridge,SAS,2467,0.68,3.14,3.82,1.303,1.471,1.13,5.23,6.36,3.82,0.68,3.14,21,2018.0
2018,200752,Rudy Gay,SAS,1205,0.67,0.62,1.29,1.433,1.603,0.54,0.5,1.05,1.29,0.67,0.62,99,2018.0
2018,200755,JJ Redick,PHI,2064,2.43,-0.18,2.25,1.425,1.426,3.48,-0.26,3.22,2.25,2.43,-0.18,44,2018.0
2018,200757,Thabo Sefolosha,UTA,779,-0.52,1.57,1.05,1.649,1.962,-0.27,0.81,0.54,1.05,-0.52,1.57,118,2018.0
2018,200765,Rajon Rondo,NOP,1650,0.48,-2.85,-2.37,1.385,1.373,0.51,-3.03,-2.52,-2.37,0.48,-2.85,349,2018.0
2018,200768,Kyle Lowry,TOR,2476,3.84,2.65,6.48,1.22,1.266,6.4,4.41,10.81,6.48,3.84,2.65,10,2018.0
2018,200782,P.J. Tucker,HOU,2187,-1.14,0.5,-0.64,1.231,1.368,-1.75,0.77,-0.98,-0.64,-1.14,0.5,256,2018.0
2018,200794,Paul Millsap,DEN,1133,0.64,1.93,2.57,1.462,1.751,0.49,1.47,1.96,2.57,0.64,1.93,70,2018.0
2018,200826,J.J. Barea,DAL,1524,0.4,0.06,0.46,1.65,1.507,0.41,0.07,0.48,0.46,0.4,0.06,124,2018.0
2018,201142,Kevin Durant,GSW,2262,6.71,0.04,6.75,1.322,1.326,10.34,0.06,10.39,6.75,6.71,0.04,12,2018.0
2018,201143,Al Horford,BOS,2204,1.89,3.35,5.24,1.175,1.451,2.74,4.87,7.6,5.24,1.89,3.35,18,2018.0
2018,201144,Mike Conley,MEM,352,2.13,3.19,5.32,2.155,2.177,0.49,0.74,1.23,5.32,2.13,3.19,89,2018.0
2018,201145,Jeff Green,CLE,1756,-2.91,-0.44,-3.35,1.268,1.465,-3.71,-0.56,-4.27,-3.35,-2.91,-0.44,389,2018.0
2018,201147,Corey Brewer,LAL,1175,-1.4,-2.15,-3.55,1.357,1.614,-1.02,-1.57,-2.58,-3.55,-1.4,-2.15,353,2018.0
2018,201148,Brandan Wright,MEM,368,0.18,1.59,1.77,2.003,2.313,0.04,0.38,0.43,1.77,0.18,1.59,128,2018.0
2018,201152,Thaddeus Young,IND,2590,0.62,0.88,1.5,1.095,1.295,1.09,1.55,2.64,1.5,0.62,0.88,56,2018.0
2018,201156,Nick Young,GSW,1348,-1.4,-1.45,-2.85,1.407,1.506,-1.29,-1.33,-2.62,-2.85,-1.4,-1.45,354,2018.0
2018,201158,Marco Belinelli,ATL,1901,-1.19,-1.34,-2.53,1.323,1.345,-1.43,-1.61,-3.04,-2.53,-1.19,-1.34,365,2018.0
2018,201160,Jason Smith,WAS,270,-0.54,-1.87,-2.41,2.356,2.798,-0.1,-0.34,-0.44,-2.41,-0.54,-1.87,198,2018.0
2018,201162,Jared Dudley,PHO,683,1.05,1.13,2.18,1.653,1.966,0.51,0.55,1.06,2.18,1.05,1.13,97,2018.0
2018,201163,Wilson Chandler,DEN,2304,-0.69,-1.56,-2.25,1.145,1.349,-1.07,-2.42,-3.48,-2.25,-0.69,-1.56,378,2018.0
2018,201167,Arron Afflalo,ORL,658,-1.57,-1.48,-3.06,1.734,1.859,-0.68,-0.64,-1.32,-3.06,-1.57,-1.48,285,2018.0
2018,201188,Marc Gasol,MEM,2371,-0.51,3.91,3.4,1.225,1.543,-0.8,6.08,5.28,3.4,-0.51,3.91,28,2018.0
2018,201196,Ramon Sessions,WAS,352,-1.35,-2.61,-3.96,2.328,2.238,-0.32,-0.61,-0.93,-3.96,-1.35,-2.61,248,2018.0
2018,201229,Anthony Tolliver,DET,1692,0.0,1.03,1.03,1.285,1.528,0.0,1.22,1.23,1.03,0.0,1.03,90,2018.0
2018,201563,Michael Beasley,NYK,1572,0.65,-0.88,-0.24,1.437,1.431,0.71,-0.97,-0.26,-0.24,0.65,-0.88,185,2018.0
2018,201565,Derrick Rose,CLE,414,-0.51,-3.72,-4.23,2.152,2.002,-0.15,-1.12,-1.27,-4.23,-0.51,-3.72,277,2018.0
2018,201566,Russell Westbrook,OKC,2872,4.25,2.1,6.35,1.283,1.177,8.43,4.17,12.6,6.35,4.25,2.1,3,2018.0
2018,201567,Kevin Love,CLE,1629,1.37,1.59,2.97,1.36,1.419,1.62,1.88,3.5,2.97,1.37,1.59,40,2018.0
2018,201568,Danilo Gallinari,LAC,650,0.98,1.44,2.42,1.653,1.736,0.44,0.65,1.09,2.42,0.98,1.44,96,2018.0
2018,201569,Eric Gordon,HOU,2102,0.89,0.4,1.29,1.196,1.256,1.31,0.59,1.91,1.29,0.89,0.4,75,2018.0
2018,201571,D.J. Augustin,ORL,1734,-2.46,0.79,-1.67,1.306,1.321,-2.8,0.9,-1.9,-1.67,-2.46,0.79,317,2018.0
2018,201572,Brook Lopez,LAL,1718,2.57,0.7,3.27,1.204,1.455,2.74,0.74,3.48,3.27,2.57,0.7,41,2018.0
2018,201573,Jerryd Bayless,PHI,917,-2.43,-2.17,-4.6,1.563,1.525,-1.55,-1.38,-2.93,-4.6,-2.43,-2.17,363,2018.0
2018,201577,Robin Lopez,CHI,1666,-0.69,1.98,1.29,1.195,1.465,-0.8,2.28,1.48,1.29,-0.69,1.98,84,2018.0
2018,201578,Marreese Speights,ORL,659,0.67,0.53,1.2,1.795,1.94,0.29,0.23,0.52,1.2,0.67,0.53,121,2018.0
2018,201580,JaVale McGee,GSW,587,2.24,-0.65,1.6,1.805,2.019,0.9,-0.26,0.64,1.6,2.24,-0.65,115,2018.0
2018,201583,Ryan Anderson,HOU,1708,1.46,-1.63,-0.17,1.307,1.457,1.75,-1.96,-0.21,-0.17,1.46,-1.63,180,2018.0
2018,201584,Courtney Lee,NYK,2217,-0.64,-0.83,-1.48,1.252,1.35,-1.0,-1.29,-2.29,-1.48,-0.64,-0.83,337,2018.0
2018,201585,Kosta Koufos,SAC,1370,-2.02,1.2,-0.83,1.252,1.516,-1.82,1.08,-0.74,-0.83,-2.02,1.2,229,2018.0
2018,201586,Serge Ibaka,TOR,2063,0.47,-0.2,0.27,1.148,1.384,0.65,-0.28,0.37,0.27,0.47,-0.2,132,2018.0
2018,201587,Nicolas Batum,CHO,1956,-0.08,-0.81,-0.89,1.147,1.365,-0.1,-1.05,-1.16,-0.89,-0.08,-0.81,267,2018.0
2018,201588,George Hill,SAC,1790,-0.14,1.89,1.75,1.263,1.362,-0.17,2.23,2.06,1.75,-0.14,1.89,68,2018.0
2018,201596,Mario Chalmers,MEM,1392,-1.09,-0.02,-1.12,1.494,1.429,-1.0,-0.02,-1.02,-1.12,-1.09,-0.02,259,2018.0
2018,201599,DeAndre Jordan,LAC,2381,2.18,2.08,4.26,1.092,1.363,3.58,3.42,7.01,4.26,2.18,2.08,20,2018.0
2018,201601,Luc Mbah a Moute,HOU,1537,-1.35,1.59,0.24,1.269,1.509,-1.46,1.72,0.26,0.24,-1.35,1.59,136,2018.0
2018,201609,Goran Dragic,MIA,2328,0.55,0.57,1.12,1.357,1.28,0.9,0.93,1.82,1.12,0.55,0.57,78,2018.0
2018,201933,Blake Griffin,LAC,1903,2.0,1.63,3.63,1.125,1.407,2.63,2.14,4.77,3.63,2.0,1.63,30,2018.0
2018,201935,James Harden,HOU,2494,6.41,0.54,6.96,1.372,1.19,11.25,0.95,12.2,6.96,6.41,0.54,4,2018.0
2018,201936,Tyreke Evans,MEM,1567,0.64,2.11,2.76,1.421,1.321,0.66,2.17,2.83,2.76,0.64,2.11,50,2018.0
2018,201937,Ricky Rubio,UTA,2235,-0.99,1.54,0.55,1.24,1.209,-1.46,2.28,0.82,0.55,-0.99,1.54,108,2018.0
2018,201939,Stephen Curry,GSW,1557,11.24,-0.75,10.49,1.531,1.326,11.92,-0.8,11.12,10.49,11.24,-0.75,7,2018.0
2018,201942,DeMar DeRozan,TOR,2644,1.67,-0.59,1.07,1.238,1.202,2.97,-1.06,1.91,1.07,1.67,-0.59,76,2018.0
2018,201949,James Johnson,MIA,1887,0.17,1.65,1.82,1.258,1.403,0.23,2.18,2.41,1.82,0.17,1.65,61,2018.0
2018,201950,Jrue Holiday,NOP,2845,1.21,1.98,3.19,1.165,1.159,2.22,3.64,5.86,3.19,1.21,1.98,25,2018.0
2018,201952,Jeff Teague,MIN,2261,0.24,-0.36,-0.12,1.257,1.226,0.37,-0.56,-0.19,-0.12,0.24,-0.36,177,2018.0
2018,201954,Darren Collison,IND,2005,2.03,-0.26,1.77,1.235,1.281,2.76,-0.35,2.41,1.77,2.03,-0.26,62,2018.0
2018,201956,Omri Casspi,GSW,707,1.27,-1.53,-0.26,1.621,1.689,0.61,-0.73,-0.12,-0.26,1.27,-1.53,166,2018.0
2018,201959,Taj Gibson,MIN,2662,-0.11,0.51,0.4,1.171,1.452,-0.21,0.92,0.72,0.4,-0.11,0.51,110,2018.0
2018,201960,DeMarre Carroll,BRK,2119,-0.71,1.09,0.37,1.19,1.462,-1.04,1.59,0.55,0.37,-0.71,1.09,117,2018.0
2018,201961,Wayne Ellington,MIA,1938,-1.32,0.32,-1.0,1.232,1.303,-1.79,0.43,-1.36,-1.0,-1.32,0.32,289,2018.0
2018,201967,Dante Cunningham,NOP,1501,-0.95,-1.59,-2.54,1.241,1.476,-0.92,-1.54,-2.46,-2.54,-0.95,-1.59,346,2018.0
2018,201973,Jonas Jerebko,UTA,1122,-0.27,-0.5,-0.77,1.384,1.59,-0.2,-0.37,-0.57,-0.77,-0.27,-0.5,212,2018.0
2018,201975,Jodie Meeks,WAS,1066,-1.12,-2.39,-3.51,1.475,1.506,-0.8,-1.7,-2.5,-3.51,-1.12,-2.39,347,2018.0
2018,201976,Patrick Beverley,LAC,329,0.49,1.06,1.55,2.167,2.191,0.11,0.24,0.35,1.55,0.49,1.06,134,2018.0
2018,201980,Danny Green,SAS,1779,-2.53,2.43,-0.1,1.23,1.327,-3.04,2.92,-0.12,-0.1,-2.53,2.43,167,2018.0
2018,201988,Patty Mills,SAS,2060,0.53,-0.44,0.1,1.283,1.248,0.74,-0.61,0.13,0.1,0.53,-0.44,148,2018.0
2018,202066,Garrett Temple,SAC,1568,-2.24,0.56,-1.68,1.328,1.403,-2.31,0.58,-1.73,-1.68,-2.24,0.56,309,2018.0
2018,202083,Wesley Matthews,DAL,2059,-1.47,0.36,-1.11,1.227,1.323,-2.06,0.5,-1.56,-1.11,-1.47,0.36,302,2018.0
2018,202322,John Wall,WAS,1393,1.76,0.53,2.28,1.507,1.339,1.63,0.49,2.12,2.28,1.76,0.53,67,2018.0
2018,202323,Evan Turner,POR,1987,-2.52,-0.23,-2.75,1.236,1.27,-3.3,-0.3,-3.6,-2.75,-2.52,-0.23,380,2018.0
2018,202324,Derrick Favors,UTA,2135,-0.25,1.82,1.57,1.108,1.374,-0.35,2.57,2.21,1.57,-0.25,1.82,65,2018.0
2018,202325,Wesley Johnson,LAC,1444,-1.83,0.29,-1.54,1.265,1.405,-1.83,0.29,-1.54,-1.54,-1.83,0.29,299,2018.0
2018,202326,DeMarcus Cousins,NOP,1680,2.06,2.32,4.37,1.346,1.439,2.23,2.51,4.74,4.37,2.06,2.32,31,2018.0
2018,202327,Ekpe Udoh,UTA,780,0.42,1.32,1.74,1.475,1.836,0.22,0.68,0.9,1.74,0.42,1.32,106,2018.0
2018,202328,Greg Monroe,BOS,1002,1.73,-0.05,1.68,1.379,1.641,1.14,-0.03,1.11,1.68,1.73,-0.05,95,2018.0
2018,202329,Al-Farouq Aminu,POR,2041,-0.79,0.69,-0.09,1.138,1.331,-1.06,0.93,-0.12,-0.09,-0.79,0.69,168,2018.0
2018,202331,Paul George,OKC,2836,1.87,1.28,3.15,1.189,1.254,3.66,2.52,6.18,3.15,1.87,1.28,23,2018.0
2018,202334,Ed Davis,POR,1440,0.41,0.88,1.28,1.188,1.497,0.39,0.83,1.22,1.28,0.41,0.88,91,2018.0
2018,202335,Patrick Patterson,OKC,1243,-1.16,1.92,0.76,1.286,1.497,-1.0,1.65,0.65,0.76,-1.16,1.92,114,2018.0
2018,202337,Luke Babbitt,ATL,690,-0.05,-0.27,-0.32,1.56,1.681,-0.02,-0.12,-0.14,-0.32,-0.05,-0.27,172,2018.0
2018,202339,Eric Bledsoe,MIL,2240,2.87,0.26,3.13,1.281,1.213,4.46,0.4,4.86,3.13,2.87,0.26,29,2018.0
2018,202340,Avery Bradley,DET,1356,-0.42,-0.96,-1.38,1.264,1.362,-0.4,-0.91,-1.31,-1.38,-0.42,-0.96,283,2018.0
2018,202344,Trevor Booker,PHI,1146,-1.06,0.92,-0.14,1.396,1.581,-0.84,0.73,-0.11,-0.14,-1.06,0.92,164,2018.0
2018,202355,Hassan Whiteside,MIA,1328,1.16,2.77,3.93,1.281,1.528,1.08,2.57,3.65,3.93,1.16,2.77,37,2018.0
2018,202357,Nemanja Bjelica,MIN,1360,-0.28,0.49,0.21,1.299,1.537,-0.26,0.45,0.2,0.21,-0.28,0.49,141,2018.0
2018,202362,Lance Stephenson,IND,1829,-0.96,-1.32,-2.28,1.332,1.271,-1.19,-1.64,-2.83,-2.28,-0.96,-1.32,360,2018.0
2018,202389,Timofey Mozgov,BRK,371,-1.9,0.41,-1.48,2.057,2.46,-0.49,0.11,-0.38,-1.48,-1.9,0.41,193,2018.0
2018,202397,Ish Smith,DET,1950,-0.52,0.02,-0.51,1.221,1.262,-0.72,0.02,-0.69,-0.51,-0.52,0.02,224,2018.0
2018,202498,Lance Thomas,NYK,1300,-2.98,-0.57,-3.55,1.275,1.498,-2.7,-0.52,-3.22,-3.55,-2.98,-0.57,373,2018.0
2018,202681,Kyrie Irving,BOS,1855,3.95,0.63,4.58,1.399,1.288,4.83,0.77,5.6,4.58,3.95,0.63,26,2018.0
2018,202683,Enes Freedom,NYK,1813,3.43,-0.52,2.91,1.166,1.439,4.33,-0.65,3.68,2.91,3.43,-0.52,36,2018.0
2018,202684,Tristan Thompson,CLE,1051,-0.74,-0.07,-0.81,1.3,1.626,-0.56,-0.05,-0.62,-0.81,-0.74,-0.07,216,2018.0
2018,202685,Jonas Valančiūnas,TOR,1708,1.54,0.86,2.4,1.295,1.457,1.77,0.99,2.76,2.4,1.54,0.86,54,2018.0
2018,202687,Bismack Biyombo,ORL,1476,-3.2,0.54,-2.66,1.2,1.507,-3.09,0.52,-2.57,-2.66,-3.2,0.54,352,2018.0
2018,202689,Kemba Walker,CHO,2702,3.17,1.7,4.87,1.254,1.169,5.71,3.06,8.76,4.87,3.17,1.7,15,2018.0
2018,202691,Klay Thompson,GSW,2459,0.91,-0.6,0.31,1.21,1.212,1.52,-1.0,0.51,0.31,0.91,-0.6,123,2018.0
2018,202692,Alec Burks,UTA,1027,-2.58,-0.3,-2.89,1.434,1.473,-1.76,-0.21,-1.96,-2.89,-2.58,-0.3,322,2018.0
2018,202693,Markieff Morris,WAS,1951,-1.38,-0.14,-1.52,1.222,1.348,-1.79,-0.19,-1.98,-1.52,-1.38,-0.14,325,2018.0
2018,202694,Marcus Morris Sr.,BOS,1366,-0.93,0.36,-0.56,1.287,1.462,-0.83,0.33,-0.51,-0.56,-0.93,0.36,206,2018.0
2018,202696,Nikola Vucevic,ORL,1677,1.33,1.7,3.03,1.274,1.439,1.46,1.87,3.32,3.03,1.33,1.7,42,2018.0
2018,202697,Iman Shumpert,CLE,262,-1.48,-0.78,-2.25,2.409,2.391,-0.28,-0.15,-0.43,-2.25,-1.48,-0.78,197,2018.0
2018,202699,Tobias Harris,DET,2561,0.76,0.85,1.61,1.158,1.297,1.37,1.52,2.89,1.61,0.76,0.85,48,2018.0
2018,202702,Kenneth Faried,DEN,454,1.06,-1.29,-0.23,1.858,2.144,0.32,-0.39,-0.07,-0.23,1.06,-1.29,160,2018.0
2018,202703,Nikola Mirotic,NOP,1429,2.06,0.3,2.36,1.342,1.446,1.9,0.28,2.18,2.36,2.06,0.3,66,2018.0
2018,202704,Reggie Jackson,DET,1176,-0.79,0.51,-0.28,1.431,1.399,-0.65,0.42,-0.23,-0.28,-0.79,0.51,182,2018.0
2018,202709,Cory Joseph,IND,2170,-1.64,0.75,-0.89,1.188,1.221,-2.41,1.1,-1.32,-0.89,-1.64,0.75,286,2018.0
2018,202710,Jimmy Butler III,MIN,2113,2.73,3.4,6.13,1.225,1.327,3.9,4.87,8.77,6.13,2.73,3.4,14,2018.0
2018,202711,Bojan Bogdanovic,IND,2456,-0.67,-1.31,-1.98,1.237,1.291,-1.11,-2.18,-3.29,-1.98,-0.67,-1.31,376,2018.0
2018,202714,Shelvin Mack,ORL,1335,-2.7,0.93,-1.77,1.392,1.353,-2.36,0.82,-1.54,-1.77,-2.7,0.93,300,2018.0
2018,202718,Chandler Parsons,MEM,669,-0.73,-0.3,-1.03,1.602,1.823,-0.32,-0.13,-0.45,-1.03,-0.73,-0.3,199,2018.0
2018,202722,Davis Bertans,SAS,1061,0.3,1.95,2.24,1.41,1.582,0.21,1.4,1.61,2.24,0.3,1.95,80,2018.0
2018,202732,DeAndre Liggins,MIL,688,-1.91,-1.9,-3.81,1.564,1.687,-0.91,-0.9,-1.81,-3.81,-1.91,-1.9,313,2018.0
2018,202734,E'Twaun Moore,NOP,2527,-0.25,-1.5,-1.75,1.176,1.199,-0.41,-2.44,-2.85,-1.75,-0.25,-1.5,361,2018.0
2018,202738,Isaiah Thomas,LAL,855,2.49,-1.2,1.28,1.662,1.539,1.32,-0.64,0.68,1.28,2.49,-1.2,113,2018.0
2018,202779,Dwight Buycks,DET,413,-2.11,-0.54,-2.65,2.216,1.98,-0.61,-0.16,-0.77,-2.65,-2.11,-0.54,232,2018.0
2018,203076,Anthony Davis,NOP,2656,3.19,2.93,6.12,1.305,1.365,5.46,5.03,10.49,6.12,3.19,2.93,11,2018.0
2018,203077,Michael Kidd-Gilchrist,CHO,1822,-0.97,-0.06,-1.03,1.188,1.413,-1.17,-0.08,-1.25,-1.03,-0.97,-0.06,274,2018.0
2018,203078,Bradley Beal,WAS,2933,1.46,1.25,2.72,1.247,1.209,2.87,2.45,5.32,2.72,1.46,1.25,27,2018.0
2018,203079,Dion Waiters,MIA,889,-1.22,-1.16,-2.38,1.633,1.536,-0.76,-0.72,-1.48,-2.38,-1.22,-1.16,297,2018.0
2018,203081,Damian Lillard,POR,2643,4.84,1.38,6.22,1.33,1.173,8.42,2.41,10.83,6.22,4.84,1.38,9,2018.0
2018,203082,Terrence Ross,ORL,604,0.41,-0.75,-0.34,1.701,1.741,0.16,-0.3,-0.14,-0.34,0.41,-0.75,173,2018.0
2018,203083,Andre Drummond,DET,2525,-0.05,1.52,1.47,1.179,1.377,-0.09,2.7,2.61,1.47,-0.05,1.52,57,2018.0
2018,203084,Harrison Barnes,DAL,2556,-1.3,0.89,-0.41,1.136,1.298,-2.27,1.56,-0.72,-0.41,-1.3,0.89,226,2018.0
2018,203085,Austin Rivers,LAC,2018,-1.62,-1.27,-2.9,1.174,1.266,-2.27,-1.77,-4.04,-2.9,-1.62,-1.27,387,2018.0
2018,203087,Jeremy Lamb,CHO,1927,0.51,1.36,1.87,1.262,1.291,0.65,1.75,2.4,1.87,0.51,1.36,63,2018.0
2018,203089,John Henson,MIL,1914,-0.35,0.66,0.31,1.163,1.399,-0.47,0.88,0.41,0.31,-0.35,0.66,130,2018.0
2018,203090,Maurice Harkless,POR,1247,0.29,-0.62,-0.33,1.312,1.458,0.24,-0.51,-0.27,-0.33,0.29,-0.62,186,2018.0
2018,203092,Tyler Zeller,BRK,1086,-0.44,0.36,-0.08,1.676,1.611,-0.33,0.27,-0.06,-0.08,-0.44,0.36,159,2018.0
2018,203095,Evan Fournier,ORL,1802,0.61,-0.81,-0.2,1.29,1.296,0.72,-0.96,-0.24,-0.2,0.61,-0.81,183,2018.0
2018,203101,Miles Plumlee,ATL,932,-1.24,-0.38,-1.62,1.423,1.704,-0.73,-0.22,-0.95,-1.62,-1.24,-0.38,251,2018.0
2018,203107,Tomas Satoransky,WAS,1595,0.21,1.64,1.85,1.228,1.316,0.22,1.75,1.97,1.85,0.21,1.64,69,2018.0
2018,203109,Jae Crowder,CLE,2070,0.26,-0.81,-0.55,1.115,1.327,0.38,-1.21,-0.83,-0.55,0.26,-0.81,236,2018.0
2018,203110,Draymond Green,GSW,2227,2.05,1.91,3.96,1.147,1.308,3.12,2.9,6.01,3.96,2.05,1.91,24,2018.0
2018,203112,Quincy Acy,BRK,1330,-1.14,-0.07,-1.21,1.232,1.465,-1.05,-0.06,-1.11,-1.21,-1.14,-0.07,265,2018.0
2018,203114,Khris Middleton,MIL,2881,0.49,0.28,0.77,1.185,1.185,0.99,0.56,1.54,0.77,0.49,0.28,83,2018.0
2018,203115,Will Barton,DEN,2633,-0.54,0.03,-0.51,1.184,1.186,-0.96,0.05,-0.91,-0.51,-0.54,0.03,245,2018.0
2018,203118,Mike Scott,WAS,1369,-1.03,0.44,-0.58,1.243,1.479,-0.94,0.41,-0.53,-0.58,-1.03,0.44,207,2018.0
2018,203121,Darius Miller,NOP,1885,0.31,-1.36,-1.06,1.164,1.276,0.37,-1.66,-1.29,-1.06,0.31,-1.36,281,2018.0
2018,203124,Kyle O'Quinn,NYK,1329,1.94,1.24,3.18,1.257,1.521,1.8,1.15,2.95,3.18,1.94,1.24,46,2018.0
2018,203145,Kent Bazemore,ATL,1781,-1.29,0.16,-1.13,1.183,1.297,-1.46,0.18,-1.27,-1.13,-1.29,0.16,278,2018.0
2018,203186,Willie Reed,LAC,410,0.36,0.2,0.57,1.851,2.219,0.1,0.06,0.16,0.57,0.36,0.2,144,2018.0
2018,203200,Justin Holiday,CHI,2201,-0.26,0.09,-0.17,1.14,1.23,-0.4,0.14,-0.25,-0.17,-0.26,0.09,184,2018.0
2018,203210,JaMychal Green,MEM,1523,-1.96,1.11,-0.85,1.265,1.418,-1.95,1.11,-0.84,-0.85,-1.96,1.11,239,2018.0
2018,203382,Aron Baynes,BOS,1502,-2.16,2.34,0.18,1.308,1.575,-2.13,2.32,0.18,0.18,-2.16,2.34,143,2018.0
2018,203457,Nerlens Noel,DAL,448,-1.26,1.24,-0.02,1.816,2.289,-0.39,0.38,-0.01,-0.02,-1.26,1.24,155,2018.0
2018,203458,Alex Len,PHO,1368,-0.99,-0.52,-1.51,1.243,1.567,-0.97,-0.51,-1.47,-1.51,-0.99,-0.52,295,2018.0
2018,203459,Allen Crabbe,BRK,2167,0.22,-1.02,-0.8,1.167,1.249,0.34,-1.52,-1.19,-0.8,0.22,-1.02,269,2018.0
2018,203460,Andre Roberson,OKC,1028,-1.89,2.11,0.22,1.365,1.472,-1.34,1.5,0.16,0.22,-1.89,2.11,145,2018.0
2018,203463,Ben McLemore,MEM,1079,-1.72,-2.88,-4.6,1.535,1.501,-1.21,-2.04,-3.25,-4.6,-1.72,-2.88,374,2018.0
2018,203464,Brandon Paul,SAS,557,-1.55,-0.87,-2.42,1.69,1.791,-0.58,-0.33,-0.91,-2.42,-1.55,-0.87,246,2018.0
2018,203468,CJ McCollum,POR,2870,0.83,0.7,1.53,1.31,1.162,1.56,1.33,2.89,1.53,0.83,0.7,49,2018.0
2018,203469,Cody Zeller,CHO,613,0.64,1.76,2.4,1.562,1.949,0.26,0.72,0.98,2.4,0.64,1.76,102,2018.0
2018,203471,Dennis Schroder,ATL,2029,-1.21,-0.51,-1.72,1.364,1.278,-1.55,-0.65,-2.21,-1.72,-1.21,-0.51,335,2018.0
2018,203473,Dewayne Dedmon,ATL,1520,-0.36,2.19,1.83,1.285,1.478,-0.34,2.1,1.76,1.83,-0.36,2.19,79,2018.0
2018,203476,Gorgui Dieng,MIN,1283,0.23,0.25,0.48,1.303,1.541,0.2,0.22,0.42,0.48,0.23,0.25,129,2018.0
2018,203477,Isaiah Canaan,PHO,417,-3.41,-0.09,-3.5,1.974,1.972,-1.02,-0.03,-1.04,-3.5,-3.41,-0.09,262,2018.0
2018,203482,Kelly Olynyk,MIA,1711,1.81,1.57,3.38,1.224,1.439,2.17,1.88,4.05,3.38,1.81,1.57,34,2018.0
2018,203484,Kentavious Caldwell-Pope,LAL,2398,0.19,-0.26,-0.08,1.165,1.251,0.28,-0.39,-0.11,-0.08,0.19,-0.26,165,2018.0
2018,203486,Mason Plumlee,DEN,1405,1.37,-0.53,0.84,1.191,1.5,1.3,-0.5,0.79,0.84,1.37,-0.53,109,2018.0
2018,203487,Michael Carter-Williams,CHO,820,-2.71,-0.5,-3.21,1.647,1.559,-1.48,-0.27,-1.75,-3.21,-2.71,-0.5,311,2018.0
2018,203488,Mike Muscala,ATL,1050,0.65,0.14,0.79,1.291,1.626,0.43,0.09,0.52,0.79,0.65,0.14,122,2018.0
2018,203490,Otto Porter Jr.,WAS,2395,3.05,0.86,3.91,1.137,1.264,4.88,1.37,6.25,3.91,3.05,0.86,22,2018.0
2018,203493,Reggie Bullock Jr.,DET,1639,1.41,0.22,1.63,1.189,1.321,1.62,0.26,1.88,1.63,1.41,0.22,77,2018.0
2018,203496,Robert Covington,PHI,2537,-0.18,2.39,2.22,1.085,1.206,-0.31,4.22,3.9,2.22,-0.18,2.39,35,2018.0
2018,203497,Rudy Gobert,UTA,1806,0.9,5.59,6.49,1.155,1.44,1.08,6.69,7.77,6.49,0.9,5.59,17,2018.0
2018,203498,Shabazz Muhammad,MIN,420,-2.63,-1.86,-4.49,2.093,2.012,-0.75,-0.53,-1.28,-4.49,-2.63,-1.86,280,2018.0
2018,203499,Shane Larkin,BOS,759,-3.04,-0.41,-3.45,1.62,1.617,-1.52,-0.21,-1.72,-3.45,-3.04,-0.41,308,2018.0
2018,203500,Steven Adams,OKC,2457,1.06,0.56,1.62,1.118,1.384,1.79,0.95,2.74,1.62,1.06,0.56,55,2018.0
2018,203501,Tim Hardaway Jr.,NYK,1799,0.83,0.94,1.77,1.249,1.297,1.04,1.19,2.23,1.77,0.83,0.94,64,2018.0
2018,203503,Tony Snell,MIL,1966,-1.27,-0.99,-2.26,1.166,1.257,-1.73,-1.35,-3.08,-2.26,-1.27,-0.99,368,2018.0
2018,203504,Trey Burke,NYK,757,-1.2,-0.52,-1.72,1.797,1.619,-0.63,-0.28,-0.91,-1.72,-1.2,-0.52,247,2018.0
2018,203506,Victor Oladipo,IND,2530,1.22,3.1,4.32,1.24,1.214,2.09,5.32,7.41,4.32,1.22,3.1,19,2018.0
2018,203507,Giannis Antetokounmpo,MIL,2668,2.79,3.18,5.98,1.429,1.351,5.16,5.88,11.04,5.98,2.79,3.18,8,2018.0
2018,203512,Lucas Nogueira,TOR,407,1.06,1.5,2.56,1.795,2.262,0.29,0.41,0.7,2.56,1.06,1.5,111,2018.0
2018,203516,James Ennis III,MEM,1533,-2.14,0.55,-1.58,1.33,1.336,-2.15,0.56,-1.59,-1.58,-2.14,0.55,305,2018.0
2018,203518,Alex Abrines,OKC,1101,-0.96,-0.83,-1.79,1.387,1.492,-0.73,-0.63,-1.36,-1.79,-0.96,-0.83,290,2018.0
2018,203521,Matthew Dellavedova,MIL,686,-2.84,0.84,-1.99,1.598,1.644,-1.35,0.4,-0.95,-1.99,-2.84,0.84,252,2018.0
2018,203526,Raul Neto,UTA,477,-1.61,1.93,0.32,1.855,1.899,-0.51,0.61,0.1,0.32,-1.61,1.93,151,2018.0
2018,203530,Joffrey Lauvergne,SAS,512,-1.73,-1.7,-3.44,1.78,2.051,-0.6,-0.59,-1.19,-3.44,-1.73,-1.7,270,2018.0
2018,203546,Ian Clark,NOP,1394,-0.64,-2.99,-3.63,1.362,1.358,-0.57,-2.69,-3.26,-3.63,-0.64,-2.99,375,2018.0
2018,203584,Troy Daniels,PHO,1597,-1.29,-0.49,-1.78,1.275,1.315,-1.47,-0.56,-2.03,-1.78,-1.29,-0.49,327,2018.0
2018,203585,Rodney McGruder,MIA,283,-1.43,-0.37,-1.8,2.204,2.325,-0.28,-0.07,-0.36,-1.8,-1.43,-0.37,192,2018.0
2018,203613,Jonathon Simmons,ORL,1980,-1.3,-1.39,-2.68,1.225,1.256,-1.68,-1.8,-3.48,-2.68,-1.3,-1.39,379,2018.0
2018,203710,C.J. Williams,LAC,701,-0.73,-0.37,-1.1,1.551,1.649,-0.35,-0.18,-0.53,-1.1,-0.73,-0.37,208,2018.0
2018,203894,Shabazz Napier,POR,1512,-2.05,1.4,-0.66,1.384,1.319,-2.05,1.39,-0.65,-0.66,-2.05,1.4,218,2018.0
2018,203897,Zach LaVine,CHI,657,-1.25,-1.78,-3.03,1.98,1.86,-0.57,-0.81,-1.38,-3.03,-1.25,-1.78,292,2018.0
2018,203898,Tyler Ennis,LAL,661,-2.02,0.24,-1.78,1.809,1.775,-0.83,0.1,-0.73,-1.78,-2.02,0.24,227,2018.0
2018,203901,Elfrid Payton,ORL,1801,0.45,-1.77,-1.32,1.299,1.347,0.53,-2.09,-1.56,-1.32,0.45,-1.77,303,2018.0
2018,203903,Jordan Clarkson,LAL,1822,-1.2,-0.85,-2.05,1.41,1.293,-1.35,-0.96,-2.31,-2.05,-1.2,-0.85,339,2018.0
2018,203914,Gary Harris,DEN,2311,0.94,-0.71,0.23,1.2,1.295,1.46,-1.1,0.36,0.23,0.94,-0.71,133,2018.0
2018,203915,Spencer Dinwiddie,BRK,2254,-0.89,1.65,0.77,1.287,1.252,-1.37,2.57,1.19,0.77,-0.89,1.65,92,2018.0
2018,203917,Nik Stauskas,BRK,512,-1.9,-1.57,-3.47,1.926,1.907,-0.67,-0.55,-1.22,-3.47,-1.9,-1.57,271,2018.0
2018,203918,Rodney Hood,UTA,1595,-1.96,0.12,-1.84,1.211,1.345,-2.07,0.13,-1.94,-1.84,-1.96,0.12,321,2018.0
2018,203920,Khem Birch,ORL,559,-0.7,1.97,1.27,1.597,2.012,-0.26,0.72,0.46,1.27,-0.7,1.97,127,2018.0
2018,203922,Glenn Robinson III,IND,324,-0.58,0.28,-0.3,2.112,2.296,-0.13,0.06,-0.07,-0.3,-0.58,0.28,161,2018.0
2018,203924,Jerami Grant,OKC,1587,-1.91,-0.64,-2.55,1.363,1.498,-2.09,-0.7,-2.79,-2.55,-1.91,-0.64,358,2018.0
2018,203925,Joe Harris,BRK,1950,-0.34,0.42,0.08,1.168,1.26,-0.45,0.57,0.11,0.08,-0.34,0.42,150,2018.0
2018,203926,Doug McDermott,NYK,1713,-1.94,-0.19,-2.12,1.225,1.308,-2.32,-0.22,-2.54,-2.12,-1.94,-0.19,350,2018.0
2018,203930,Sean Kilpatrick,CHI,645,-1.19,-2.88,-4.07,1.843,1.702,-0.53,-1.29,-1.82,-4.07,-1.19,-2.88,314,2018.0
2018,203932,Aaron Gordon,ORL,1891,0.65,-0.44,0.21,1.352,1.492,0.8,-0.54,0.26,0.21,0.65,-0.44,137,2018.0
2018,203933,T.J. Warren,PHO,2114,1.15,-2.41,-1.26,1.222,1.293,1.75,-3.65,-1.9,-1.26,1.15,-2.41,318,2018.0
2018,203935,Marcus Smart,BOS,1575,-1.75,0.39,-1.37,1.466,1.387,-1.82,0.4,-1.42,-1.37,-1.75,0.39,294,2018.0
2018,203937,Kyle Anderson,SAS,1950,-0.66,2.77,2.11,1.234,1.314,-0.87,3.65,2.79,2.11,-0.66,2.77,53,2018.0
2018,203939,Dwight Powell,DAL,1614,-0.26,1.23,0.96,1.157,1.458,-0.29,1.35,1.06,0.96,-0.26,1.23,98,2018.0
2018,203943,Noah Vonleh,POR,877,-3.16,-0.52,-3.68,1.496,1.885,-1.83,-0.3,-2.13,-3.68,-3.16,-0.52,331,2018.0
2018,203944,Julius Randle,LAL,2118,0.96,-1.11,-0.15,1.356,1.409,1.26,-1.46,-0.2,-0.15,0.96,-1.11,178,2018.0
2018,203948,Johnny O'Bryant III,CHO,359,-3.01,-2.45,-5.46,2.193,2.336,-0.72,-0.59,-1.31,-5.46,-3.01,-2.45,284,2018.0
2018,203952,Andrew Wiggins,MIN,2902,-0.26,-1.29,-1.55,1.334,1.302,-0.51,-2.54,-3.05,-1.55,-0.26,-1.29,366,2018.0
2018,203953,Jabari Parker,MIL,722,-0.51,-1.36,-1.87,1.76,1.931,-0.25,-0.68,-0.94,-1.87,-0.51,-1.36,249,2018.0
2018,203954,Joel Embiid,PHI,1876,2.09,4.59,6.68,1.483,1.499,2.72,5.98,8.7,6.68,2.09,4.59,16,2018.0
2018,203960,JaKarr Sampson,SAC,336,-3.14,0.33,-2.81,2.173,2.398,-0.7,0.07,-0.62,-2.81,-3.14,0.33,217,2018.0
2018,203961,Eric Moreland,DET,786,-1.62,1.66,0.04,1.436,1.709,-0.89,0.92,0.02,0.04,-1.62,1.66,154,2018.0
2018,203962,Josh Huestis,OKC,949,-0.6,-0.58,-1.19,1.356,1.613,-0.4,-0.38,-0.78,-1.19,-0.6,-0.58,233,2018.0
2018,203966,Jamil Wilson,LAC,271,-0.94,1.4,0.46,2.198,2.381,-0.18,0.26,0.09,0.46,-0.94,1.4,153,2018.0
2018,203967,Dario Šarić,PHI,2279,0.16,-0.53,-0.37,1.19,1.442,0.25,-0.84,-0.59,-0.37,0.16,-0.53,213,2018.0
2018,203991,Clint Capela,HOU,2016,1.56,0.96,2.52,1.233,1.477,2.21,1.36,3.57,2.52,1.56,0.96,38,2018.0
2018,203992,Bogdan Bogdanovic,SAC,2123,-1.06,-0.5,-1.56,1.248,1.254,-1.48,-0.7,-2.18,-1.56,-1.06,-0.5,334,2018.0
2018,203994,Jusuf Nurkic,POR,2072,-0.5,1.52,1.02,1.277,1.469,-0.69,2.08,1.39,1.02,-0.5,1.52,86,2018.0
2018,203999,Nikola Jokic,DEN,2407,6.74,3.48,10.22,1.401,1.478,10.9,5.62,16.52,10.22,6.74,3.48,2,2018.0
2018,204001,Kristaps Porzingis,NYK,1447,0.93,2.17,3.1,1.507,1.645,0.94,2.19,3.13,3.1,0.93,2.17,45,2018.0
2018,204020,Tyler Johnson,MIA,1957,-1.45,0.8,-0.66,1.216,1.261,-1.99,1.09,-0.9,-0.66,-1.45,0.8,242,2018.0
2018,204025,Tim Frazier,WAS,810,-2.1,0.21,-1.89,1.671,1.558,-1.14,0.11,-1.03,-1.89,-2.1,0.21,260,2018.0
2018,204028,Tarik Black,HOU,491,-1.72,0.28,-1.45,1.719,2.083,-0.6,0.1,-0.5,-1.45,-1.72,0.28,204,2018.0
2018,204038,Langston Galloway,DET,830,-2.33,1.63,-0.7,1.476,1.569,-1.35,0.95,-0.41,-0.7,-2.33,1.63,195,2018.0
2018,204060,Joe Ingles,UTA,2555,0.78,0.94,1.73,1.127,1.249,1.33,1.6,2.92,1.73,0.78,0.94,47,2018.0
2018,204456,T.J. McConnell,PHI,1670,-0.98,-1.02,-2.01,1.418,1.305,-1.14,-1.19,-2.33,-2.01,-0.98,-1.02,341,2018.0
2018,1626143,Jahlil Okafor,BRK,351,-2.99,-0.56,-3.55,2.066,2.603,-0.72,-0.14,-0.86,-3.55,-2.99,-0.56,241,2018.0
2018,1626144,Emmanuel Mudiay,DEN,1195,-2.56,-4.57,-7.12,1.658,1.602,-2.05,-3.66,-5.72,-7.12,-2.56,-4.57,396,2018.0
2018,1626145,Tyus Jones,MIN,1430,-0.22,0.17,-0.05,1.545,1.53,-0.21,0.17,-0.04,-0.05,-0.22,0.17,157,2018.0
2018,1626147,Justin Anderson,PHI,506,-2.91,-0.55,-3.46,1.801,1.935,-1.02,-0.2,-1.22,-3.46,-2.91,-0.55,272,2018.0
2018,1626149,Montrezl Harrell,LAC,1261,3.88,-0.08,3.8,1.367,1.599,3.38,-0.07,3.31,3.8,3.88,-0.08,43,2018.0
2018,1626150,Andrew Harrison,MEM,1300,-4.11,1.26,-2.85,1.465,1.453,-3.5,1.07,-2.43,-2.85,-4.11,1.26,345,2018.0
2018,1626153,Delon Wright,TOR,1396,0.63,1.95,2.58,1.312,1.361,0.59,1.83,2.42,2.58,0.63,1.95,60,2018.0
2018,1626155,Sam Dekker,LAC,856,-0.84,-0.57,-1.42,1.486,1.767,-0.5,-0.34,-0.84,-1.42,-0.84,-0.57,240,2018.0
2018,1626156,D'Angelo Russell,BRK,1202,0.38,-3.72,-3.33,1.748,1.599,0.32,-3.08,-2.76,-3.33,0.38,-3.72,357,2018.0
2018,1626157,Karl-Anthony Towns,MIN,2864,4.71,1.12,5.84,1.334,1.435,9.14,2.18,11.32,5.84,4.71,1.12,5,2018.0
2018,1626158,Richaun Holmes,PHI,727,0.93,-0.49,0.44,1.657,1.81,0.47,-0.25,0.22,0.44,0.93,-0.49,140,2018.0
2018,1626159,Justise Winslow,MIA,1624,-2.73,1.21,-1.52,1.383,1.607,-3.1,1.37,-1.73,-1.52,-2.73,1.21,310,2018.0
2018,1626161,Willie Cauley-Stein,SAC,1983,-1.15,0.88,-0.27,1.144,1.441,-1.5,1.14,-0.35,-0.27,-1.15,0.88,190,2018.0
2018,1626162,Kelly Oubre Jr.,WAS,2172,-2.5,-1.52,-4.01,1.327,1.369,-3.62,-2.2,-5.82,-4.01,-2.5,-1.52,397,2018.0
2018,1626163,Frank Kaminsky,CHO,1808,-0.71,-0.34,-1.04,1.193,1.469,-0.85,-0.41,-1.26,-1.04,-0.71,-0.34,276,2018.0
2018,1626164,Devin Booker,PHO,1833,1.34,-2.15,-0.82,1.615,1.461,1.75,-2.82,-1.07,-0.82,1.34,-2.15,263,2018.0
2018,1626166,Cameron Payne,CHI,574,-1.71,-1.46,-3.18,1.973,1.863,-0.68,-0.58,-1.27,-3.18,-1.71,-1.46,279,2018.0
2018,1626167,Myles Turner,IND,1833,-0.01,1.59,1.58,1.413,1.623,-0.02,1.98,1.96,1.58,-0.01,1.59,71,2018.0
2018,1626168,Trey Lyles,DEN,1348,-2.0,0.25,-1.75,1.39,1.613,-1.81,0.23,-1.58,-1.75,-2.0,0.25,304,2018.0
2018,1626169,Stanley Johnson,DET,1840,-3.0,-0.45,-3.45,1.374,1.475,-3.88,-0.58,-4.45,-3.45,-3.0,-0.45,391,2018.0
2018,1626170,Jerian Grant,CHI,1639,-2.22,0.56,-1.66,1.298,1.324,-2.52,0.64,-1.89,-1.66,-2.22,0.56,316,2018.0
2018,1626171,Bobby Portis,CHI,1598,0.83,-0.59,0.24,1.476,1.548,0.92,-0.66,0.26,0.24,0.83,-0.59,138,2018.0
2018,1626172,Kevon Looney,GSW,867,-1.29,-0.08,-1.37,1.586,1.97,-0.76,-0.05,-0.81,-1.37,-1.29,-0.08,234,2018.0
2018,1626175,Jordan Mickey,MIA,272,-2.19,-2.85,-5.04,2.388,2.688,-0.42,-0.54,-0.96,-5.04,-2.19,-2.85,254,2018.0
2018,1626178,Rondae Hollis-Jefferson,BRK,1930,0.48,-0.86,-0.37,1.207,1.436,0.64,-1.14,-0.5,-0.37,0.48,-0.86,205,2018.0
2018,1626179,Terry Rozier,BOS,2023,-2.98,2.74,-0.24,1.386,1.315,-3.97,3.65,-0.32,-0.24,-2.98,2.74,188,2018.0
2018,1626181,Norman Powell,TOR,1051,-2.38,-1.92,-4.3,1.621,1.512,-1.68,-1.36,-3.05,-4.3,-2.38,-1.92,367,2018.0
2018,1626185,Jarell Martin,MEM,1613,-2.44,-1.06,-3.5,1.309,1.492,-2.58,-1.12,-3.7,-3.5,-2.44,-1.06,381,2018.0
2018,1626188,Quinn Cook,GSW,734,-0.77,-1.57,-2.34,1.784,1.668,-0.39,-0.78,-1.17,-2.34,-0.77,-1.57,268,2018.0
2018,1626192,Pat Connaughton,POR,1466,-1.8,0.87,-0.94,1.31,1.359,-1.74,0.84,-0.9,-0.94,-1.8,0.87,243,2018.0
2018,1626195,Willy Hernangomez,CHO,475,1.45,0.49,1.93,2.01,2.239,0.46,0.15,0.61,1.93,1.45,0.49,116,2018.0
2018,1626196,Josh Richardson,MIA,2601,-1.45,1.26,-0.19,1.17,1.233,-2.64,2.29,-0.35,-0.19,-1.45,1.26,191,2018.0
2018,1626202,Joe Young,IND,550,-2.41,-2.41,-4.82,1.855,1.803,-0.9,-0.9,-1.8,-4.82,-2.41,-2.41,312,2018.0
2018,1626203,Treveon Graham,CHO,1014,-1.7,-0.28,-1.98,1.405,1.543,-1.15,-0.19,-1.34,-1.98,-1.7,-0.28,287,2018.0
2018,1626204,Larry Nance Jr.,LAL,1388,0.34,1.3,1.65,1.29,1.474,0.3,1.12,1.42,1.65,0.34,1.3,85,2018.0
2018,1626209,Mario Hezonja,ORL,1614,-1.89,-1.62,-3.51,1.326,1.545,-2.0,-1.71,-3.71,-3.51,-1.89,-1.62,382,2018.0
2018,1626220,Royce O'Neale,UTA,1131,-1.23,2.61,1.39,1.399,1.496,-0.92,1.96,1.04,1.39,-1.23,2.61,100,2018.0
2018,1626224,Cedi Osman,CLE,653,0.05,-1.43,-1.39,1.753,1.883,0.02,-0.68,-0.66,-1.39,0.05,-1.43,221,2018.0
2018,1626245,Cristiano Felicio,CHI,969,-1.67,0.16,-1.51,1.343,1.685,-1.12,0.11,-1.01,-1.51,-1.67,0.16,257,2018.0
2018,1626246,Boban Marjanovic,LAC,318,2.45,2.29,4.74,2.309,2.494,0.54,0.5,1.04,4.74,2.45,2.29,101,2018.0
2018,1626257,Salah Mejri,DAL,700,-0.51,3.18,2.67,1.617,1.955,-0.24,1.52,1.28,2.67,-0.51,3.18,88,2018.0
2018,1627098,Malcolm Delaney,ATL,966,-3.53,-0.21,-3.74,1.509,1.484,-2.16,-0.13,-2.29,-3.74,-3.53,-0.21,338,2018.0
2018,1627732,Ben Simmons,PHI,2738,2.37,2.44,4.81,1.311,1.341,4.51,4.63,9.14,4.81,2.37,2.44,13,2018.0
2018,1627733,Dragan Bender,PHO,2040,-1.63,-1.89,-3.52,1.403,1.663,-2.38,-2.76,-5.14,-3.52,-1.63,-1.89,393,2018.0
2018,1627734,Domantas Sabonis,IND,1788,-1.68,-0.23,-1.91,1.433,1.632,-2.03,-0.28,-2.31,-1.91,-1.68,-0.23,340,2018.0
2018,1627736,Malik Beasley,DEN,556,-0.07,-1.79,-1.85,2.125,2.052,-0.03,-0.67,-0.69,-1.85,-0.07,-1.79,225,2018.0
2018,1627737,Marquese Chriss,PHO,1501,-0.99,-2.67,-3.66,1.592,1.713,-1.06,-2.87,-3.92,-3.66,-0.99,-2.67,385,2018.0
2018,1627738,Deyonta Davis,MEM,916,-0.19,0.06,-0.13,1.538,1.937,-0.11,0.04,-0.08,-0.13,-0.19,0.06,162,2018.0
2018,1627739,Kris Dunn,CHI,1503,-2.07,-1.58,-3.64,1.363,1.403,-2.15,-1.65,-3.8,-3.64,-2.07,-1.58,383,2018.0
2018,1627740,Henry Ellenson,DET,319,-1.89,-0.73,-2.62,2.431,2.715,-0.42,-0.16,-0.59,-2.62,-1.89,-0.73,214,2018.0
2018,1627741,Buddy Hield,SAC,1969,-0.89,0.97,0.08,1.292,1.273,-1.16,1.26,0.1,0.08,-0.89,0.97,152,2018.0
2018,1627742,Brandon Ingram,LAL,1913,-0.67,-1.95,-2.62,1.657,1.532,-0.8,-2.31,-3.1,-2.62,-0.67,-1.95,369,2018.0
2018,1627746,Skal Labissiere,SAC,1206,-0.91,-0.66,-1.57,1.49,1.728,-0.72,-0.52,-1.25,-1.57,-0.91,-0.66,275,2018.0
2018,1627747,Caris LeVert,BRK,1827,-0.45,-1.46,-1.9,1.361,1.356,-0.56,-1.83,-2.39,-1.9,-0.45,-1.46,344,2018.0
2018,1627748,Thon Maker,MIL,1203,-2.8,-2.45,-5.24,1.538,1.879,-2.33,-2.04,-4.37,-5.24,-2.8,-2.45,390,2018.0
2018,1627749,Dejounte Murray,SAS,1720,-2.6,2.57,-0.02,1.654,1.466,-3.02,2.99,-0.03,-0.02,-2.6,2.57,156,2018.0
2018,1627750,Jamal Murray,DEN,2527,0.12,-1.01,-0.89,1.556,1.424,0.21,-1.72,-1.51,-0.89,0.12,-1.01,298,2018.0
2018,1627751,Jakob Poeltl,TOR,1484,2.2,-0.27,1.93,1.394,1.635,2.2,-0.27,1.93,1.93,2.2,-0.27,74,2018.0
2018,1627752,Taurean Prince,ATL,2429,-1.74,-0.2,-1.94,1.173,1.296,-2.67,-0.31,-2.98,-1.94,-1.74,-0.2,364,2018.0
2018,1627755,Tyler Ulis,PHO,1638,-1.34,-2.08,-3.42,1.373,1.423,-1.57,-2.44,-4.01,-3.42,-1.34,-2.08,386,2018.0
2018,1627756,Denzel Valentine,CHI,2056,-1.49,0.1,-1.38,1.242,1.288,-2.12,0.15,-1.97,-1.38,-1.49,0.1,324,2018.0
2018,1627758,Ron Baker,NYK,346,-2.15,-0.55,-2.7,2.053,2.214,-0.52,-0.13,-0.65,-2.7,-2.15,-0.55,219,2018.0
2018,1627759,Jaylen Brown,BOS,2086,-0.99,0.28,-0.71,1.537,1.437,-1.36,0.39,-0.97,-0.71,-0.99,0.28,255,2018.0
2018,1627761,DeAndre' Bembry,ATL,433,-1.39,-1.35,-2.74,1.897,2.107,-0.38,-0.37,-0.75,-2.74,-1.39,-1.35,230,2018.0
2018,1627763,Malcolm Brogdon,MIL,1382,-0.93,0.14,-0.79,1.487,1.364,-0.89,0.14,-0.76,-0.79,-0.93,0.14,231,2018.0
2018,1627767,Cheick Diallo,NOP,560,-1.12,-1.95,-3.07,1.888,2.275,-0.4,-0.71,-1.11,-3.07,-1.12,-1.95,266,2018.0
2018,1627775,Patrick McCaw,GSW,925,-3.89,-3.88,-7.77,1.518,1.686,-2.45,-2.44,-4.9,-7.77,-3.89,-3.88,392,2018.0
2018,1627781,Malachi Richardson,SAC,306,-1.98,-2.14,-4.12,2.408,2.476,-0.4,-0.43,-0.83,-4.12,-1.98,-2.14,237,2018.0
2018,1627782,Wayne Selden,MEM,667,-1.09,-2.27,-3.36,1.682,1.788,-0.48,-0.99,-1.47,-3.36,-1.09,-2.27,296,2018.0
2018,1627783,Pascal Siakam,TOR,1633,-0.59,0.3,-0.29,1.421,1.488,-0.65,0.33,-0.32,-0.29,-0.59,0.3,189,2018.0
2018,1627786,Troy Williams,NYK,285,-0.7,-1.75,-2.45,2.313,2.487,-0.14,-0.35,-0.49,-2.45,-0.7,-1.75,202,2018.0
2018,1627789,Timothe Luwawu-Cabarrot,PHI,790,-2.02,-1.69,-3.71,1.633,1.77,-1.11,-0.93,-2.04,-3.71,-2.02,-1.69,328,2018.0
2018,1627812,Yogi Ferrell,DAL,2186,-1.59,1.48,-0.1,1.332,1.259,-2.37,2.21,-0.16,-0.1,-1.59,1.48,176,2018.0
2018,1627814,Damion Lee,ATL,402,-0.12,-0.18,-0.3,2.247,2.046,-0.03,-0.05,-0.08,-0.3,-0.12,-0.18,163,2018.0
2018,1627819,Isaiah Taylor,ATL,1141,-2.87,-0.85,-3.72,1.581,1.504,-2.07,-0.61,-2.68,-3.72,-2.87,-0.85,355,2018.0
2018,1627820,Tyrone Wallace,LAC,841,-1.86,-2.5,-4.36,1.572,1.66,-1.08,-1.45,-2.54,-4.36,-1.86,-2.5,351,2018.0
2018,1627823,Juancho Hernangomez,DEN,265,-0.1,-2.21,-2.3,2.364,2.813,-0.02,-0.39,-0.41,-2.3,-0.1,-2.21,196,2018.0
2018,1627826,Ivica Zubac,LAL,400,-0.2,-0.3,-0.5,2.319,2.697,-0.05,-0.07,-0.12,-0.5,-0.2,-0.3,169,2018.0
2018,1627827,Dorian Finney-Smith,DAL,436,-3.82,0.15,-3.67,1.828,2.167,-1.14,0.04,-1.09,-3.67,-3.82,0.15,264,2018.0
2018,1627832,Fred VanVleet,TOR,1467,0.17,2.46,2.63,1.446,1.411,0.17,2.43,2.6,2.63,0.17,2.46,58,2018.0
2018,1627835,Paul Zipser,CHI,806,-3.3,-2.4,-5.7,1.583,1.699,-1.85,-1.34,-3.19,-5.7,-3.3,-2.4,372,2018.0
2018,1627846,Abdel Nader,BOS,521,-2.34,-3.45,-5.79,1.78,1.914,-0.8,-1.19,-1.99,-5.79,-2.34,-3.45,326,2018.0
2018,1627853,Ryan Arcidiacono,CHI,298,-1.45,-0.94,-2.38,2.308,2.393,-0.3,-0.19,-0.49,-2.38,-1.45,-0.94,203,2018.0
2018,1627854,Bryn Forbes,SAS,1479,-2.43,-0.89,-3.32,1.343,1.383,-2.43,-0.89,-3.32,-3.32,-2.43,-0.89,377,2018.0
2018,1627858,Kyle Collinsworth,DAL,472,-0.3,-1.42,-1.72,1.754,1.921,-0.1,-0.46,-0.55,-1.72,-0.3,-1.42,211,2018.0
2018,1627863,Danuel House Jr.,PHO,395,0.03,1.87,1.9,1.915,2.123,0.01,0.53,0.54,1.9,0.03,1.87,119,2018.0
2018,1627885,Shaquille Harrison,PHO,375,0.86,1.11,1.97,2.04,2.145,0.23,0.3,0.53,1.97,0.86,1.11,120,2018.0
2018,1627936,Alex Caruso,LAL,541,-0.71,-1.21,-1.92,1.846,1.922,-0.24,-0.41,-0.65,-1.92,-0.71,-1.21,220,2018.0
2018,1627988,Myke Henry,MEM,367,0.6,-1.21,-0.61,2.006,2.141,0.14,-0.29,-0.15,-0.61,0.6,-1.21,174,2018.0
2018,1628021,David Nwaba,CHI,1619,-1.25,-0.65,-1.9,1.258,1.341,-1.4,-0.73,-2.13,-1.9,-1.25,-0.65,332,2018.0
2018,1628366,Lonzo Ball,LAL,1747,-1.32,0.83,-0.49,1.54,1.53,-1.43,0.89,-0.53,-0.49,-1.32,0.83,209,2018.0
2018,1628367,Josh Jackson,PHO,1913,-2.79,-2.62,-5.41,1.486,1.532,-3.82,-3.58,-7.4,-5.41,-2.79,-2.62,400,2018.0
2018,1628368,De'Aaron Fox,SAC,1962,-2.4,-3.1,-5.5,1.701,1.493,-3.09,-4.0,-7.09,-5.5,-2.4,-3.1,399,2018.0
2018,1628369,Jayson Tatum,BOS,2412,-0.47,3.09,2.62,1.666,1.633,-0.74,4.91,4.16,2.62,-0.47,3.09,33,2018.0
2018,1628370,Malik Monk,CHO,825,-2.37,-4.62,-6.99,2.096,1.983,-1.3,-2.54,-3.84,-6.99,-2.37,-4.62,384,2018.0
2018,1628371,Jonathan Isaac,ORL,525,-1.64,0.75,-0.9,2.066,2.349,-0.57,0.26,-0.31,-0.9,-1.64,0.75,187,2018.0
2018,1628372,Dennis Smith Jr.,DAL,1990,-1.96,-2.41,-4.37,1.527,1.489,-2.67,-3.27,-5.94,-4.37,-1.96,-2.41,398,2018.0
2018,1628373,Frank Ntilikina,NYK,1635,-4.04,-0.8,-4.84,1.575,1.633,-4.6,-0.92,-5.52,-4.84,-4.04,-0.8,395,2018.0
2018,1628374,Lauri Markkanen,CHI,1984,-0.63,-0.79,-1.42,1.535,1.612,-0.87,-1.08,-1.96,-1.42,-0.63,-0.79,323,2018.0
2018,1628378,Donovan Mitchell,UTA,2601,-0.24,1.75,1.51,1.533,1.367,-0.42,3.01,2.59,1.51,-0.24,1.75,59,2018.0
2018,1628379,Luke Kennard,DET,1400,-0.99,0.83,-0.15,1.481,1.554,-0.97,0.82,-0.15,-0.15,-0.99,0.83,175,2018.0
2018,1628380,Zach Collins,POR,1027,-2.49,-1.03,-3.52,1.68,1.891,-1.69,-0.7,-2.38,-3.52,-2.49,-1.03,343,2018.0
2018,1628381,John Collins,ATL,1730,-0.47,0.77,0.3,1.583,1.659,-0.51,0.84,0.33,0.3,-0.47,0.77,135,2018.0
2018,1628382,Justin Jackson,SAC,1451,-2.09,-0.54,-2.63,1.345,1.494,-1.99,-0.51,-2.51,-2.63,-2.09,-0.54,348,2018.0
2018,1628384,OG Anunoby,TOR,1467,0.5,-1.55,-1.04,1.572,1.723,0.5,-1.53,-1.03,-1.04,0.5,-1.55,261,2018.0
2018,1628386,Jarrett Allen,BRK,1409,-0.94,-0.04,-0.98,1.572,1.899,-0.91,-0.04,-0.95,-0.98,-0.94,-0.04,253,2018.0
2018,1628388,T.J. Leaf,IND,451,-0.8,-3.61,-4.42,2.176,2.483,-0.25,-1.11,-1.35,-4.42,-0.8,-3.61,288,2018.0
2018,1628389,Bam Adebayo,MIA,1318,-2.49,1.08,-1.41,1.643,1.835,-2.3,1.0,-1.3,-1.41,-2.49,1.08,282,2018.0
2018,1628390,Terrance Ferguson,OKC,742,-2.6,-2.04,-4.63,1.901,2.05,-1.33,-1.04,-2.37,-4.63,-2.6,-2.04,342,2018.0
2018,1628393,Jawun Evans,LAC,758,-2.49,-1.83,-4.32,2.314,1.83,-1.3,-0.96,-2.26,-4.32,-2.49,-1.83,336,2018.0
2018,1628395,Jordan Bell,GSW,776,0.86,1.37,2.23,1.501,1.891,0.45,0.72,1.18,2.23,0.86,1.37,93,2018.0
2018,1628397,Ivan Rabb,MEM,501,-0.64,-1.58,-2.21,2.124,2.389,-0.21,-0.52,-0.73,-2.21,-0.64,-1.58,228,2018.0
2018,1628398,Kyle Kuzma,LAL,2289,0.48,-1.06,-0.59,1.334,1.437,0.67,-1.51,-0.83,-0.59,0.48,-1.06,238,2018.0
2018,1628400,Semi Ojeleye,BOS,1131,-3.06,-2.44,-5.5,1.462,1.631,-2.28,-1.82,-4.09,-5.5,-3.06,-2.44,388,2018.0
2018,1628404,Josh Hart,LAL,1402,1.25,-0.46,0.8,1.434,1.491,1.09,-0.4,0.69,0.8,1.25,-0.46,112,2018.0
2018,1628407,Dwayne Bacon,CHO,686,-1.28,-2.92,-4.2,1.848,1.834,-0.59,-1.34,-1.92,-4.2,-1.28,-2.92,320,2018.0
2018,1628411,Wes Iwundu,ORL,1023,-3.16,-1.49,-4.65,1.424,1.582,-2.12,-1.0,-3.12,-4.65,-3.16,-1.49,370,2018.0
2018,1628412,Frank Mason III,SAC,961,-2.88,0.95,-1.92,1.615,1.579,-1.82,0.6,-1.22,-1.92,-2.88,0.95,273,2018.0
2018,1628414,Sindarius Thornwell,LAC,1122,-2.04,-0.15,-2.19,1.415,1.526,-1.58,-0.12,-1.7,-2.19,-2.04,-0.15,306,2018.0
2018,1628415,Dillon Brooks,MEM,2311,-1.83,-0.25,-2.09,1.295,1.354,-2.77,-0.38,-3.16,-2.09,-1.83,-0.25,371,2018.0
2018,1628416,Tyler Dorsey,ATL,955,-1.78,-1.7,-3.48,1.849,1.74,-1.08,-1.03,-2.1,-3.48,-1.78,-1.7,330,2018.0
2018,1628422,Damyean Dotson,NYK,449,-1.57,0.36,-1.21,1.908,2.058,-0.49,0.11,-0.38,-1.21,-1.57,0.36,194,2018.0
2018,1628424,Kobi Simmons,MEM,634,-1.43,-5.59,-7.03,2.004,2.033,-0.6,-2.33,-2.92,-7.03,-1.43,-5.59,362,2018.0
2018,1628425,Sterling Brown,MIL,768,-2.51,-0.93,-3.44,1.607,1.785,-1.33,-0.5,-1.83,-3.44,-2.51,-0.93,315,2018.0
2018,1628436,Luke Kornet,NYK,308,0.16,-1.17,-1.01,2.177,2.744,0.04,-0.25,-0.22,-1.01,0.16,-1.17,181,2018.0
2018,1628455,Mike James,PHO,658,-0.96,-0.77,-1.74,1.802,1.667,-0.45,-0.36,-0.82,-1.74,-0.96,-0.77,235,2018.0
2018,1628462,Milos Teodosic,LAC,1122,-0.07,-1.1,-1.16,1.512,1.47,-0.05,-0.85,-0.9,-1.16,-0.07,-1.1,244,2018.0
2018,1628463,Tyler Cavanaugh,ATL,496,-0.48,-1.68,-2.16,1.805,2.124,-0.15,-0.53,-0.68,-2.16,-0.48,-1.68,222,2018.0
2018,1628464,Daniel Theis,BOS,915,-1.39,1.65,0.26,1.36,1.713,-0.84,0.99,0.16,0.26,-1.39,1.65,146,2018.0
2018,1628467,Maxi Kleber,DAL,1180,-1.37,1.61,0.24,1.276,1.518,-1.1,1.3,0.2,0.24,-1.37,1.61,142,2018.0
2018,1628469,Antonio Blakeney,CHI,301,-0.67,-1.87,-2.54,2.741,2.596,-0.14,-0.39,-0.53,-2.54,-0.67,-1.87,210,2018.0
2018,1628470,Torrey Craig,DEN,611,-1.09,-2.23,-3.31,1.607,1.744,-0.45,-0.91,-1.36,-3.31,-1.09,-2.23,291,2018.0
2018,1628503,Jamel Artis,ORL,275,-1.77,-0.77,-2.54,2.27,2.382,-0.32,-0.14,-0.46,-2.54,-1.77,-0.77,200,2018.0
2018,1628681,Rodney Purvis,ORL,291,-2.66,-2.62,-5.28,2.432,2.441,-0.51,-0.5,-1.01,-5.28,-2.66,-2.62,258,2018.0
2019,1713,Vince Carter,ATL,1287,-1.04,1.25,0.22,1.768,2.001,-0.85,1.03,0.18,0.22,-1.04,1.25,151,2019.0
2019,1717,Dirk Nowitzki,DAL,793,-0.14,0.4,0.26,2.157,2.298,-0.06,0.19,0.12,0.26,-0.14,0.4,157,2019.0
2019,2037,Jamal Crawford,PHO,1170,-2.89,-3.9,-6.78,2.091,1.916,-2.22,-3.0,-5.22,-6.78,-2.89,-3.9,407,2019.0
2019,2199,Tyson Chandler,LAL,860,0.77,1.96,2.73,1.823,2.297,0.46,1.16,1.62,2.73,0.77,1.96,87,2019.0
2019,2200,Pau Gasol,SAS,362,-0.38,1.9,1.52,2.514,3.154,-0.09,0.44,0.35,1.52,-0.38,1.9,142,2019.0
2019,2225,Tony Parker,CHO,934,-4.27,0.17,-4.1,2.213,1.996,-2.59,0.1,-2.48,-4.1,-4.27,0.17,355,2019.0
2019,2403,Nene,HOU,526,2.02,1.43,3.46,2.147,2.705,0.68,0.48,1.16,3.46,2.02,1.43,100,2019.0
2019,2544,LeBron James,LAL,1902,6.3,1.9,8.21,1.658,1.534,8.25,2.49,10.75,8.21,6.3,1.9,10,2019.0
2019,2546,Carmelo Anthony,HOU,282,-1.12,-1.32,-2.44,2.747,2.989,-0.2,-0.24,-0.44,-2.44,-1.12,-1.32,207,2019.0
2019,2548,Dwyane Wade,MIA,1841,-2.31,0.41,-1.9,1.876,1.719,-2.76,0.49,-2.27,-1.9,-2.31,0.41,346,2019.0
2019,2585,Zaza Pachulia,DET,868,0.86,0.29,1.15,1.691,2.062,0.44,0.15,0.59,1.15,0.86,0.29,128,2019.0
2019,2594,Kyle Korver,UTA,1307,0.79,-0.43,0.36,1.756,1.88,0.67,-0.37,0.3,0.36,0.79,-0.43,144,2019.0
2019,2733,Shaun Livingston,GSW,944,-2.33,0.66,-1.67,1.65,1.711,-1.42,0.4,-1.02,-1.67,-2.33,0.66,259,2019.0
2019,2734,Devin Harris,DAL,1055,-1.32,-0.44,-1.76,1.887,1.825,-0.83,-0.27,-1.1,-1.76,-1.32,-0.44,263,2019.0
2019,2736,Luol Deng,MIN,380,-1.35,1.34,-0.01,2.241,2.389,-0.32,0.32,-0.0,-0.01,-1.35,1.34,170,2019.0
2019,2738,Andre Iguodala,GSW,1544,-0.88,1.74,0.87,1.505,1.79,-0.87,1.73,0.86,0.87,-0.88,1.74,115,2019.0
2019,2772,Trevor Ariza,WAS,2316,-0.68,-1.89,-2.56,1.268,1.409,-0.99,-2.75,-3.73,-2.56,-0.68,-1.89,398,2019.0
2019,101107,Marvin Williams,CHO,2074,-0.35,0.04,-0.31,1.238,1.465,-0.47,0.05,-0.42,-0.31,-0.35,0.04,206,2019.0
2019,101108,Chris Paul,HOU,1822,3.47,3.42,6.9,1.428,1.448,4.03,3.97,8.01,6.9,3.47,3.42,17,2019.0
2019,101109,Raymond Felton,OKC,364,-3.34,1.45,-1.89,2.527,2.493,-0.81,0.35,-0.45,-1.89,-3.34,1.45,210,2019.0
2019,101112,Channing Frye,CLE,338,0.74,-0.73,0.01,2.553,3.032,0.16,-0.16,0.0,0.01,0.74,-0.73,171,2019.0
2019,101123,Gerald Green,HOU,1433,-1.16,-0.78,-1.94,1.552,1.545,-1.06,-0.71,-1.77,-1.94,-1.16,-0.78,312,2019.0
2019,101133,Ian Mahinmi,WAS,480,-1.81,1.43,-0.38,1.908,2.309,-0.55,0.43,-0.11,-0.38,-1.81,1.43,179,2019.0
2019,101139,CJ Miles,TOR,834,-1.59,-0.23,-1.82,1.543,1.664,-0.82,-0.12,-0.94,-1.82,-1.59,-0.23,251,2019.0
2019,101141,Ersan Ilyasova,MIL,1203,0.14,1.63,1.78,1.449,1.604,0.11,1.31,1.42,1.78,0.14,1.63,94,2019.0
2019,101150,Lou Williams,LAC,1947,3.85,-2.62,1.23,1.465,1.371,4.62,-3.14,1.48,1.23,3.85,-2.62,93,2019.0
2019,101161,Amir Johnson,PHI,539,0.4,1.42,1.82,1.799,2.139,0.15,0.53,0.69,1.82,0.4,1.42,123,2019.0
2019,101162,Marcin Gortat,LAC,743,-0.6,0.67,0.08,1.764,2.165,-0.27,0.31,0.03,0.08,-0.6,0.67,167,2019.0
2019,101181,Jose Calderon,DET,622,-2.74,-1.32,-4.07,2.219,2.301,-1.0,-0.48,-1.49,-4.07,-2.74,-1.32,296,2019.0
2019,200746,LaMarcus Aldridge,SAS,2650,0.18,3.12,3.3,1.34,1.514,0.3,5.26,5.56,3.3,0.18,3.12,28,2019.0
2019,200752,Rudy Gay,SAS,1821,0.52,1.66,2.18,1.344,1.504,0.6,1.92,2.52,2.18,0.52,1.66,58,2019.0
2019,200755,JJ Redick,PHI,2351,2.27,-1.06,1.21,1.456,1.457,3.73,-1.75,1.98,1.21,2.27,-1.06,74,2019.0
2019,200757,Thabo Sefolosha,UTA,596,-0.57,2.27,1.7,1.888,2.246,-0.22,0.87,0.65,1.7,-0.57,2.27,125,2019.0
2019,200765,Rajon Rondo,LAL,1340,-1.33,-2.74,-4.07,1.507,1.493,-1.23,-2.53,-3.76,-4.07,-1.33,-2.74,399,2019.0
2019,200768,Kyle Lowry,TOR,2186,3.6,1.86,5.45,1.293,1.34,4.85,2.51,7.36,5.45,3.6,1.86,21,2019.0
2019,200782,P.J. Tucker,HOU,2736,-2.63,1.33,-1.3,1.232,1.369,-4.58,2.32,-2.26,-1.3,-2.63,1.33,344,2019.0
2019,200794,Paul Millsap,DEN,1868,-0.22,3.0,2.78,1.35,1.617,-0.26,3.61,3.35,2.78,-0.22,3.0,45,2019.0
2019,200826,J.J. Barea,DAL,758,0.11,0.89,1.0,2.098,1.916,0.05,0.4,0.45,1.0,0.11,0.89,135,2019.0
2019,201142,Kevin Durant,GSW,2655,6.82,-0.01,6.81,1.311,1.316,11.65,-0.02,11.64,6.81,6.82,-0.01,7,2019.0
2019,201143,Al Horford,BOS,1894,3.1,2.67,5.78,1.253,1.548,3.84,3.31,7.15,5.78,3.1,2.67,23,2019.0
2019,201144,Mike Conley,MEM,2279,1.55,3.17,4.72,1.272,1.285,2.49,5.1,7.59,4.72,1.55,3.17,20,2019.0
2019,201145,Jeff Green,WAS,2071,-1.08,-1.3,-2.39,1.268,1.465,-1.41,-1.7,-3.11,-2.39,-1.08,-1.3,379,2019.0
2019,201147,Corey Brewer,SAC,488,-0.88,-1.38,-2.25,1.859,2.212,-0.28,-0.43,-0.71,-2.25,-0.88,-1.38,234,2019.0
2019,201149,Joakim Noah,MEM,685,-1.34,3.36,2.02,1.735,2.123,-0.65,1.63,0.98,2.02,-1.34,3.36,109,2019.0
2019,201152,Thaddeus Young,IND,2476,0.04,1.34,1.37,1.127,1.332,0.06,2.2,2.26,1.37,0.04,1.34,65,2019.0
2019,201158,Marco Belinelli,SAS,1785,-0.79,-1.1,-1.89,1.388,1.411,-0.9,-1.25,-2.14,-1.89,-0.79,-1.1,335,2019.0
2019,201162,Jared Dudley,BRK,1197,0.03,1.34,1.37,1.456,1.732,0.03,1.02,1.05,1.37,0.03,1.34,106,2019.0
2019,201163,Wilson Chandler,PHI,1166,-0.11,-2.76,-2.87,1.373,1.617,-0.09,-2.25,-2.34,-2.87,-0.11,-2.76,351,2019.0
2019,201188,Marc Gasol,MEM,2411,-0.65,4.77,4.12,1.279,1.611,-1.1,8.12,7.02,4.12,-0.65,4.77,24,2019.0
2019,201229,Anthony Tolliver,MIN,1060,-0.64,0.88,0.24,1.505,1.79,-0.43,0.59,0.16,0.24,-0.64,0.88,153,2019.0
2019,201563,Michael Beasley,LAL,267,0.46,-0.86,-0.4,2.645,2.635,0.08,-0.16,-0.07,-0.4,0.46,-0.86,175,2019.0
2019,201565,Derrick Rose,MIN,1363,1.65,-2.46,-0.81,1.501,1.397,1.41,-2.1,-0.69,-0.81,1.65,-2.46,229,2019.0
2019,201566,Russell Westbrook,OKC,2578,2.87,2.51,5.37,1.333,1.222,4.89,4.28,9.17,5.37,2.87,2.51,13,2019.0
2019,201567,Kevin Love,CLE,595,2.2,0.77,2.97,1.855,1.936,0.84,0.29,1.13,2.97,2.2,0.77,101,2019.0
2019,201568,Danilo Gallinari,LAC,2008,2.33,1.25,3.57,1.244,1.307,2.88,1.54,4.42,3.57,2.33,1.25,34,2019.0
2019,201569,Eric Gordon,HOU,2093,0.28,0.41,0.69,1.221,1.283,0.38,0.54,0.92,0.69,0.28,0.41,112,2019.0
2019,201571,D.J. Augustin,ORL,2256,-1.4,1.43,0.03,1.273,1.287,-1.98,2.02,0.04,0.03,-1.4,1.43,166,2019.0
2019,201572,Brook Lopez,MIL,2343,2.81,1.06,3.87,1.154,1.396,4.37,1.66,6.02,3.87,2.81,1.06,27,2019.0
2019,201573,Jerryd Bayless,MIN,637,-3.25,-3.43,-6.69,1.791,1.749,-1.3,-1.37,-2.67,-6.69,-3.25,-3.43,363,2019.0
2019,201577,Robin Lopez,CHI,1586,-0.56,2.44,1.88,1.233,1.512,-0.52,2.27,1.74,1.88,-0.56,2.44,84,2019.0
2019,201580,JaVale McGee,LAL,1658,2.42,-1.11,1.31,1.376,1.539,2.77,-1.27,1.5,1.31,2.42,-1.11,90,2019.0
2019,201583,Ryan Anderson,PHO,314,0.84,-1.1,-0.27,2.294,2.558,0.17,-0.23,-0.05,-0.27,0.84,-1.1,174,2019.0
2019,201584,Courtney Lee,DAL,423,-0.29,-1.34,-1.63,2.104,2.269,-0.07,-0.33,-0.41,-1.63,-0.29,-1.34,201,2019.0
2019,201585,Kosta Koufos,SAC,490,-1.72,1.15,-0.57,1.743,2.11,-0.54,0.36,-0.18,-0.57,-1.72,1.15,184,2019.0
2019,201586,Serge Ibaka,TOR,1995,0.51,-0.27,0.25,1.17,1.41,0.63,-0.33,0.3,0.25,0.51,-0.27,145,2019.0
2019,201587,Nicolas Batum,CHO,2286,-0.51,-0.79,-1.3,1.135,1.351,-0.76,-1.17,-1.92,-1.3,-0.51,-0.79,324,2019.0
2019,201588,George Hill,MIL,1298,-0.87,2.64,1.76,1.41,1.52,-0.75,2.27,1.52,1.76,-0.87,2.64,88,2019.0
2019,201599,DeAndre Jordan,DAL,2040,1.58,2.47,4.05,1.147,1.433,1.91,2.98,4.89,4.05,1.58,2.47,30,2019.0
2019,201609,Goran Dragic,MIA,984,0.32,0.13,0.45,1.721,1.623,0.21,0.08,0.29,0.45,0.32,0.13,148,2019.0
2019,201933,Blake Griffin,DET,2595,2.47,2.62,5.09,1.074,1.343,3.77,4.0,7.77,5.09,2.47,2.62,18,2019.0
2019,201935,James Harden,HOU,2797,6.59,1.51,8.1,1.362,1.182,11.75,2.69,14.44,8.1,6.59,1.51,2,2019.0
2019,201936,Tyreke Evans,IND,1375,-1.02,1.92,0.9,1.484,1.38,-0.93,1.75,0.82,0.9,-1.02,1.92,116,2019.0
2019,201937,Ricky Rubio,UTA,1868,-1.41,0.85,-0.56,1.29,1.258,-1.7,1.02,-0.68,-0.56,-1.41,0.85,227,2019.0
2019,201939,Stephen Curry,GSW,2291,9.68,-0.3,9.38,1.442,1.248,14.29,-0.45,13.85,9.38,9.68,-0.3,3,2019.0
2019,201942,DeMar DeRozan,SAS,2662,0.93,-0.62,0.3,1.252,1.216,1.57,-1.06,0.51,0.3,0.93,-0.62,130,2019.0
2019,201949,James Johnson,MIA,1148,-0.75,1.44,0.68,1.456,1.624,-0.56,1.07,0.51,0.68,-0.75,1.44,131,2019.0
2019,201950,Jrue Holiday,NOP,2352,2.67,1.95,4.62,1.208,1.202,3.95,2.89,6.84,4.62,2.67,1.95,25,2019.0
2019,201952,Jeff Teague,MIN,1249,0.2,-0.5,-0.3,1.465,1.428,0.15,-0.39,-0.23,-0.3,0.2,-0.5,191,2019.0
2019,201954,Darren Collison,IND,2138,1.03,0.27,1.29,1.254,1.3,1.46,0.38,1.84,1.29,1.03,0.27,79,2019.0
2019,201956,Omri Casspi,MEM,518,0.67,-0.3,0.37,1.842,1.918,0.24,-0.11,0.13,0.37,0.67,-0.3,155,2019.0
2019,201959,Taj Gibson,MIN,1662,0.76,0.32,1.07,1.337,1.659,0.79,0.33,1.12,1.07,0.76,0.32,102,2019.0
2019,201960,DeMarre Carroll,BRK,1679,-0.85,0.47,-0.38,1.293,1.589,-0.91,0.51,-0.41,-0.38,-0.85,0.47,202,2019.0
2019,201961,Wayne Ellington,DET,1283,-0.72,0.43,-0.29,1.393,1.473,-0.54,0.32,-0.22,-0.29,-0.72,0.43,188,2019.0
2019,201967,Dante Cunningham,SAS,919,-1.88,-1.25,-3.13,1.454,1.73,-1.1,-0.73,-1.83,-3.13,-1.88,-1.25,317,2019.0
2019,201973,Jonas Jerebko,GSW,1186,-0.57,-0.53,-1.1,1.402,1.61,-0.44,-0.4,-0.84,-1.1,-0.57,-0.53,244,2019.0
2019,201976,Patrick Beverley,LAC,2065,1.12,1.09,2.21,1.259,1.273,1.43,1.38,2.81,2.21,1.12,1.09,52,2019.0
2019,201980,Danny Green,TOR,2192,0.18,2.36,2.54,1.212,1.307,0.25,3.19,3.43,2.54,0.18,2.36,43,2019.0
2019,201988,Patty Mills,SAS,1856,1.28,-0.76,0.53,1.337,1.301,1.52,-0.89,0.62,0.53,1.28,-0.76,127,2019.0
2019,202066,Garrett Temple,MEM,2010,-3.05,0.08,-2.97,1.303,1.376,-4.32,0.11,-4.22,-2.97,-3.05,0.08,400,2019.0
2019,202083,Wesley Matthews,DAL,2082,-1.7,-0.15,-1.85,1.267,1.367,-2.1,-0.18,-2.28,-1.85,-1.7,-0.15,347,2019.0
2019,202322,John Wall,WAS,1088,1.0,0.0,1.01,1.614,1.435,0.69,0.0,0.69,1.01,1.0,0.0,124,2019.0
2019,202323,Evan Turner,POR,1572,-2.55,-0.82,-3.37,1.326,1.364,-2.67,-0.86,-3.53,-3.37,-2.55,-0.82,391,2019.0
2019,202324,Derrick Favors,UTA,1775,-0.23,2.02,1.79,1.146,1.421,-0.26,2.31,2.05,1.79,-0.23,2.02,69,2019.0
2019,202325,Wesley Johnson,NOP,519,-2.55,-1.18,-3.73,1.774,1.971,-0.83,-0.39,-1.22,-3.73,-2.55,-1.18,276,2019.0
2019,202326,DeMarcus Cousins,GSW,758,0.69,2.06,2.74,1.678,1.794,0.34,1.0,1.34,2.74,0.69,2.06,96,2019.0
2019,202327,Ekpe Udoh,UTA,293,1.27,0.31,1.58,2.173,2.705,0.24,0.06,0.3,1.58,1.27,0.31,146,2019.0
2019,202328,Greg Monroe,TOR,466,0.4,-1.24,-0.84,1.784,2.123,0.12,-0.36,-0.24,-0.84,0.4,-1.24,192,2019.0
2019,202329,Al-Farouq Aminu,POR,2268,-0.47,1.07,0.6,1.12,1.309,-0.71,1.62,0.91,0.6,-0.47,1.07,113,2019.0
2019,202330,Gordon Hayward,BOS,1786,1.07,1.04,2.11,1.249,1.296,1.24,1.22,2.46,2.11,1.07,1.04,60,2019.0
2019,202331,Paul George,OKC,2736,3.75,2.27,6.01,1.201,1.267,6.78,4.1,10.89,6.01,3.75,2.27,8,2019.0
2019,202334,Ed Davis,BRK,1436,-0.84,2.48,1.64,1.204,1.517,-0.77,2.28,1.51,1.64,-0.84,2.48,89,2019.0
2019,202335,Patrick Patterson,OKC,852,-2.12,0.35,-1.77,1.45,1.687,-1.2,0.2,-1.0,-1.77,-2.12,0.35,255,2019.0
2019,202339,Eric Bledsoe,MIL,2267,2.62,0.33,2.95,1.294,1.226,3.94,0.5,4.44,2.95,2.62,0.33,33,2019.0
2019,202340,Avery Bradley,LAC,1856,-2.15,-0.91,-3.06,1.181,1.273,-2.45,-1.04,-3.49,-3.06,-2.15,-0.91,390,2019.0
2019,202347,Quincy Pondexter,SAS,281,-3.14,-0.05,-3.19,2.227,2.433,-0.56,-0.01,-0.57,-3.19,-3.14,-0.05,218,2019.0
2019,202355,Hassan Whiteside,MIA,1651,0.47,3.03,3.5,1.231,1.468,0.5,3.24,3.74,3.5,0.47,3.03,39,2019.0
2019,202357,Nemanja Bjelica,SAC,1786,2.3,0.1,2.4,1.244,1.473,2.64,0.11,2.76,2.4,2.3,0.1,53,2019.0
2019,202362,Lance Stephenson,LAL,1078,-1.01,-2.33,-3.34,1.522,1.453,-0.75,-1.73,-2.48,-3.34,-1.01,-2.33,356,2019.0
2019,202391,Jeremy Lin,ATL,1411,-0.82,-1.46,-2.28,1.481,1.385,-0.73,-1.32,-2.05,-2.28,-0.82,-1.46,330,2019.0
2019,202397,Ish Smith,DET,1204,-0.33,0.69,0.36,1.395,1.442,-0.23,0.49,0.25,0.36,-0.33,0.69,149,2019.0
2019,202498,Lance Thomas,NYK,766,-3.57,-0.79,-4.36,1.514,1.78,-1.74,-0.38,-2.12,-4.36,-3.57,-0.79,332,2019.0
2019,202681,Kyrie Irving,BOS,2134,5.44,0.45,5.9,1.343,1.237,7.59,0.63,8.22,5.9,5.44,0.45,16,2019.0
2019,202683,Enes Freedom,NYK,1604,2.11,-0.01,2.11,1.183,1.46,2.15,-0.01,2.15,2.11,2.11,-0.01,67,2019.0
2019,202684,Tristan Thompson,CLE,1204,-1.29,-0.24,-1.52,1.248,1.56,-0.99,-0.18,-1.17,-1.52,-1.29,-0.24,269,2019.0
2019,202685,Jonas Valančiūnas,TOR,1068,2.27,1.14,3.41,1.439,1.619,1.5,0.75,2.25,3.41,2.27,1.14,66,2019.0
2019,202687,Bismack Biyombo,CHO,763,-3.97,0.24,-3.73,1.425,1.79,-1.96,0.12,-1.85,-3.73,-3.97,0.24,318,2019.0
2019,202688,Brandon Knight,CLE,729,-3.88,-2.69,-6.58,1.735,1.611,-1.81,-1.25,-3.06,-6.58,-3.88,-2.69,378,2019.0
2019,202689,Kemba Walker,CHO,2795,3.34,1.62,4.95,1.252,1.167,6.04,2.93,8.97,4.95,3.34,1.62,15,2019.0
2019,202691,Klay Thompson,GSW,2605,0.06,-1.04,-0.99,1.203,1.205,0.1,-1.75,-1.65,-0.99,0.06,-1.04,304,2019.0
2019,202692,Alec Burks,CLE,1364,-3.05,-0.64,-3.69,1.324,1.36,-2.66,-0.56,-3.21,-3.69,-3.05,-0.64,384,2019.0
2019,202693,Markieff Morris,WAS,1271,-1.87,-0.39,-2.26,1.365,1.507,-1.49,-0.31,-1.8,-2.26,-1.87,-0.39,314,2019.0
2019,202694,Marcus Morris Sr.,BOS,2024,-0.99,-1.08,-2.07,1.194,1.355,-1.32,-1.42,-2.74,-2.07,-0.99,-1.08,367,2019.0
2019,202695,Kawhi Leonard,TOR,2009,4.11,2.02,6.13,1.331,1.259,5.09,2.51,7.6,6.13,4.11,2.02,19,2019.0
2019,202696,Nikola Vucevic,ORL,2485,2.93,3.32,6.24,1.183,1.337,4.55,5.16,9.71,6.24,2.93,3.32,12,2019.0
2019,202697,Iman Shumpert,SAC,1450,-1.22,-2.03,-3.26,1.356,1.345,-1.14,-1.9,-3.04,-3.26,-1.22,-2.03,377,2019.0
2019,202699,Tobias Harris,LAC,2810,0.62,0.39,1.01,1.126,1.261,1.08,0.67,1.75,1.01,0.62,0.39,82,2019.0
2019,202702,Kenneth Faried,HOU,723,0.74,-1.84,-1.1,1.598,1.844,0.34,-0.85,-0.51,-1.1,0.74,-1.84,214,2019.0
2019,202703,Nikola Mirotic,NOP,1227,2.9,-0.28,2.62,1.389,1.496,2.24,-0.22,2.02,2.62,2.9,-0.28,72,2019.0
2019,202704,Reggie Jackson,DET,2269,-1.62,1.53,-0.09,1.239,1.21,-2.16,2.04,-0.12,-0.09,-1.62,1.53,180,2019.0
2019,202705,MarShon Brooks,MEM,378,-0.53,-0.02,-0.55,2.238,2.138,-0.14,-0.0,-0.15,-0.55,-0.53,-0.02,183,2019.0
2019,202709,Cory Joseph,IND,2031,-1.63,0.8,-0.84,1.198,1.231,-2.21,1.08,-1.13,-0.84,-1.63,0.8,266,2019.0
2019,202710,Jimmy Butler III,PHI,2178,1.58,3.22,4.8,1.233,1.336,2.41,4.9,7.3,4.8,1.58,3.22,22,2019.0
2019,202711,Bojan Bogdanovic,IND,2547,-0.18,-0.53,-0.72,1.244,1.298,-0.31,-0.91,-1.22,-0.72,-0.18,-0.53,277,2019.0
2019,202714,Shelvin Mack,MEM,1219,-3.68,-0.11,-3.78,1.431,1.391,-3.16,-0.09,-3.25,-3.78,-3.68,-0.11,385,2019.0
2019,202718,Chandler Parsons,MEM,486,-1.65,-1.16,-2.8,1.829,2.081,-0.56,-0.4,-0.96,-2.8,-1.65,-1.16,252,2019.0
2019,202720,Jon Leuer,DET,390,-2.04,0.3,-1.74,1.948,2.216,-0.47,0.07,-0.4,-1.74,-2.04,0.3,199,2019.0
2019,202722,Davis Bertans,SAS,1625,2.12,1.28,3.4,1.25,1.403,2.2,1.33,3.52,3.4,2.12,1.28,41,2019.0
2019,202734,E'Twaun Moore,NOP,1454,-0.62,-1.73,-2.35,1.335,1.361,-0.57,-1.59,-2.15,-2.35,-0.62,-1.73,336,2019.0
2019,202954,Brad Wanamaker,BOS,339,0.16,1.59,1.74,2.088,2.165,0.04,0.35,0.39,1.74,0.16,1.59,137,2019.0
2019,203076,Anthony Davis,NOP,1839,4.33,3.54,7.87,1.371,1.434,5.01,4.1,9.11,7.87,4.33,3.54,14,2019.0
2019,203077,Michael Kidd-Gilchrist,CHO,1177,-1.61,1.25,-0.36,1.293,1.538,-1.23,0.95,-0.28,-0.36,-1.61,1.25,196,2019.0
2019,203078,Bradley Beal,WAS,2992,3.01,0.23,3.24,1.218,1.181,5.66,0.44,6.1,3.24,3.01,0.23,26,2019.0
2019,203079,Dion Waiters,MIA,1130,-1.47,0.36,-1.11,1.519,1.428,-1.08,0.26,-0.82,-1.11,-1.47,0.36,242,2019.0
2019,203081,Damian Lillard,POR,2806,5.5,1.21,6.72,1.322,1.167,10.27,2.26,12.53,6.72,5.5,1.21,5,2019.0
2019,203082,Terrence Ross,ORL,2118,-0.39,0.67,0.28,1.205,1.234,-0.51,0.89,0.37,0.28,-0.39,0.67,139,2019.0
2019,203083,Andre Drummond,DET,2609,0.64,2.16,2.8,1.149,1.342,0.99,3.31,4.3,2.8,0.64,2.16,37,2019.0
2019,203084,Harrison Barnes,DAL,2498,-0.97,0.97,0.0,1.126,1.287,-1.43,1.43,0.01,0.0,-0.97,0.97,169,2019.0
2019,203085,Austin Rivers,HOU,1952,-1.47,-1.06,-2.53,1.168,1.259,-1.82,-1.32,-3.15,-2.53,-1.47,-1.06,380,2019.0
2019,203086,Meyers Leonard,POR,855,0.09,-1.72,-1.64,1.407,1.727,0.05,-0.98,-0.93,-1.64,0.09,-1.72,250,2019.0
2019,203087,Jeremy Lamb,CHO,2196,-0.04,1.43,1.39,1.214,1.243,-0.06,2.03,1.98,1.39,-0.04,1.43,75,2019.0
2019,203090,Maurice Harkless,POR,1413,0.09,-0.5,-0.4,1.246,1.385,0.09,-0.47,-0.38,-0.4,0.09,-0.5,198,2019.0
2019,203095,Evan Fournier,ORL,2549,0.11,-1.01,-0.89,1.192,1.198,0.18,-1.6,-1.43,-0.89,0.11,-1.01,290,2019.0
2019,203098,John Jenkins,NYK,321,-2.28,-0.24,-2.51,2.123,2.199,-0.46,-0.05,-0.51,-2.51,-2.28,-0.24,215,2019.0
2019,203107,Tomas Satoransky,WAS,2139,-0.4,1.13,0.73,1.15,1.231,-0.54,1.52,0.99,0.73,-0.4,1.13,108,2019.0
2019,203109,Jae Crowder,UTA,2125,0.16,-0.98,-0.82,1.114,1.326,0.22,-1.34,-1.12,-0.82,0.16,-0.98,264,2019.0
2019,203110,Draymond Green,GSW,2033,0.17,2.07,2.24,1.173,1.337,0.23,2.71,2.93,2.24,0.17,2.07,48,2019.0
2019,203114,Khris Middleton,MIL,2401,0.63,-0.02,0.61,1.217,1.217,1.0,-0.03,0.97,0.61,0.63,-0.02,110,2019.0
2019,203115,Will Barton,DEN,1158,-1.31,-0.64,-1.95,1.422,1.425,-0.98,-0.48,-1.46,-1.95,-1.31,-0.64,292,2019.0
2019,203118,Mike Scott,LAC,1359,-1.38,-0.99,-2.37,1.271,1.512,-1.16,-0.82,-1.98,-2.37,-1.38,-0.99,326,2019.0
2019,203121,Darius Miller,NOP,1718,-0.39,-1.11,-1.5,1.192,1.307,-0.42,-1.2,-1.62,-1.5,-0.39,-1.11,302,2019.0
2019,203124,Kyle O'Quinn,IND,360,1.87,1.28,3.15,1.937,2.344,0.45,0.31,0.75,3.15,1.87,1.28,121,2019.0
2019,203145,Kent Bazemore,ATL,1608,-1.64,-0.66,-2.31,1.225,1.343,-1.68,-0.68,-2.36,-2.31,-1.64,-0.66,352,2019.0
2019,203200,Justin Holiday,CHI,2566,-1.93,0.45,-1.48,1.123,1.211,-2.9,0.68,-2.22,-1.48,-1.93,0.45,342,2019.0
2019,203210,JaMychal Green,MEM,1342,-2.04,0.6,-1.44,1.309,1.468,-1.93,0.57,-1.36,-1.44,-2.04,0.6,285,2019.0
2019,203382,Aron Baynes,BOS,818,-2.11,3.17,1.06,1.599,1.925,-1.13,1.69,0.57,1.06,-2.11,3.17,129,2019.0
2019,203457,Nerlens Noel,OKC,1039,-1.71,2.24,0.53,1.337,1.685,-1.18,1.54,0.37,0.53,-1.71,2.24,140,2019.0
2019,203458,Alex Len,ATL,1525,0.83,-0.94,-0.11,1.187,1.495,0.8,-0.91,-0.1,-0.11,0.83,-0.94,177,2019.0
2019,203459,Allen Crabbe,BRK,1103,-0.52,-0.76,-1.29,1.349,1.444,-0.37,-0.54,-0.91,-1.29,-0.52,-0.76,247,2019.0
2019,203468,CJ McCollum,POR,2359,1.2,-0.09,1.11,1.349,1.197,1.88,-0.13,1.75,1.11,1.2,-0.09,83,2019.0
2019,203469,Cody Zeller,CHO,1227,0.72,1.46,2.18,1.25,1.559,0.57,1.16,1.73,2.18,0.72,1.46,85,2019.0
2019,203471,Dennis Schroder,OKC,2268,-0.55,-0.98,-1.53,1.308,1.226,-0.82,-1.47,-2.29,-1.53,-0.55,-0.98,349,2019.0
2019,203473,Dewayne Dedmon,ATL,1583,-0.02,2.27,2.25,1.289,1.483,-0.02,2.29,2.27,2.25,-0.02,2.27,64,2019.0
2019,203476,Gorgui Dieng,MIN,1008,0.17,-0.04,0.13,1.409,1.666,0.11,-0.02,0.08,0.13,0.17,-0.04,161,2019.0
2019,203477,Isaiah Canaan,PHO,614,-3.25,-0.34,-3.59,1.708,1.707,-1.31,-0.14,-1.45,-3.59,-3.25,-0.34,291,2019.0
2019,203482,Kelly Olynyk,MIA,1798,1.28,1.87,3.15,1.206,1.418,1.49,2.18,3.68,3.15,1.28,1.87,40,2019.0
2019,203484,Kentavious Caldwell-Pope,LAL,2002,-0.09,-0.83,-0.92,1.181,1.268,-0.12,-1.14,-1.26,-0.92,-0.09,-0.83,279,2019.0
2019,203486,Mason Plumlee,DEN,1690,0.44,1.43,1.88,1.145,1.443,0.48,1.56,2.04,1.88,0.44,1.43,71,2019.0
2019,203487,Michael Carter-Williams,ORL,368,-1.9,-1.08,-2.98,2.178,2.062,-0.44,-0.25,-0.69,-2.98,-1.9,-1.08,230,2019.0
2019,203488,Mike Muscala,PHI,1306,-0.0,0.14,0.13,1.212,1.528,-0.0,0.12,0.12,0.13,-0.0,0.14,158,2019.0
2019,203490,Otto Porter Jr.,WAS,1675,3.31,1.1,4.41,1.198,1.331,3.49,1.16,4.65,4.41,3.31,1.1,31,2019.0
2019,203493,Reggie Bullock Jr.,DET,1872,-0.06,-0.12,-0.18,1.15,1.278,-0.07,-0.13,-0.2,-0.18,-0.06,-0.12,187,2019.0
2019,203496,Robert Covington,MIN,1187,-0.75,4.04,3.29,1.287,1.43,-0.56,3.0,2.44,3.29,-0.75,4.04,61,2019.0
2019,203497,Rudy Gobert,UTA,2515,2.28,5.23,7.51,1.07,1.334,3.69,8.49,12.18,7.51,2.28,5.23,6,2019.0
2019,203500,Steven Adams,OKC,2590,2.68,0.03,2.71,1.085,1.343,4.59,0.05,4.64,2.71,2.68,0.03,32,2019.0
2019,203501,Tim Hardaway Jr.,NYK,2022,0.54,0.42,0.95,1.204,1.25,0.69,0.54,1.23,0.95,0.54,0.42,99,2019.0
2019,203503,Tony Snell,MIL,1278,-0.81,-2.19,-3.0,1.282,1.383,-0.68,-1.86,-2.55,-3.0,-0.81,-2.19,358,2019.0
2019,203504,Trey Burke,NYK,1108,-0.01,0.2,0.18,1.584,1.427,-0.01,0.14,0.13,0.18,-0.01,0.2,156,2019.0
2019,203506,Victor Oladipo,IND,1135,0.09,3.65,3.74,1.463,1.432,0.07,2.76,2.82,3.74,0.09,3.65,51,2019.0
2019,203507,Giannis Antetokounmpo,MIL,2332,4.22,4.24,8.45,1.423,1.346,6.53,6.56,13.09,8.45,4.22,4.24,4,2019.0
2019,203516,James Ennis III,HOU,1209,-2.61,-0.29,-2.91,1.417,1.423,-2.01,-0.23,-2.24,-2.91,-2.61,-0.29,343,2019.0
2019,203518,Alex Abrines,OKC,571,-1.84,-0.07,-1.9,1.67,1.798,-0.7,-0.02,-0.72,-1.9,-1.84,-0.07,235,2019.0
2019,203521,Matthew Dellavedova,CLE,785,-3.86,0.22,-3.63,1.536,1.58,-1.93,0.11,-1.82,-3.63,-3.86,0.22,316,2019.0
2019,203524,Solomon Hill,NOP,842,-2.11,-2.16,-4.27,1.414,1.571,-1.12,-1.14,-2.26,-4.27,-2.11,-2.16,345,2019.0
2019,203526,Raul Neto,UTA,467,1.32,1.33,2.65,1.847,1.89,0.4,0.4,0.8,2.65,1.32,1.33,118,2019.0
2019,203546,Ian Clark,NOP,943,-0.63,-3.38,-4.01,1.507,1.503,-0.37,-2.01,-2.38,-4.01,-0.63,-3.38,353,2019.0
2019,203552,Seth Curry,POR,1369,-0.06,2.65,2.59,1.317,1.364,-0.06,2.41,2.35,2.59,-0.06,2.65,62,2019.0
2019,203584,Troy Daniels,PHO,742,-1.22,-0.6,-1.81,1.569,1.619,-0.59,-0.29,-0.88,-1.81,-1.22,-0.6,245,2019.0
2019,203585,Rodney McGruder,MIA,1511,-1.06,-0.98,-2.04,1.258,1.327,-1.03,-0.96,-1.99,-2.04,-1.06,-0.98,327,2019.0
2019,203613,Jonathon Simmons,ORL,1048,-2.24,-1.97,-4.21,1.447,1.483,-1.47,-1.29,-2.76,-4.21,-2.24,-1.97,368,2019.0
2019,203894,Shabazz Napier,BRK,961,-1.91,1.5,-0.41,1.554,1.48,-1.18,0.92,-0.25,-0.41,-1.91,1.5,193,2019.0
2019,203895,Jordan McRae,WAS,311,-0.98,-2.12,-3.1,2.35,2.227,-0.19,-0.41,-0.61,-3.1,-0.98,-2.12,223,2019.0
2019,203897,Zach LaVine,CHI,2154,-1.0,0.34,-0.66,1.396,1.312,-1.26,0.43,-0.83,-0.66,-1.0,0.34,243,2019.0
2019,203901,Elfrid Payton,NOP,1226,1.33,-3.06,-1.73,1.384,1.435,1.02,-2.36,-1.33,-1.73,1.33,-3.06,284,2019.0
2019,203903,Jordan Clarkson,CLE,2178,-0.19,-0.93,-1.12,1.343,1.232,-0.27,-1.29,-1.55,-1.12,-0.19,-0.93,299,2019.0
2019,203914,Gary Harris,DEN,1607,-0.38,0.16,-0.22,1.258,1.357,-0.39,0.17,-0.22,-0.22,-0.38,0.16,189,2019.0
2019,203915,Spencer Dinwiddie,BRK,1839,-0.54,0.79,0.26,1.313,1.278,-0.63,0.93,0.3,0.26,-0.54,0.79,147,2019.0
2019,203917,Nik Stauskas,POR,1006,-2.77,-1.31,-4.07,1.514,1.5,-1.85,-0.88,-2.73,-4.07,-2.77,-1.31,366,2019.0
2019,203918,Rodney Hood,CLE,1886,-2.59,0.23,-2.36,1.153,1.281,-3.11,0.27,-2.84,-2.36,-2.59,0.23,372,2019.0
2019,203920,Khem Birch,ORL,625,0.12,2.2,2.32,1.517,1.912,0.05,0.86,0.91,2.32,0.12,2.2,114,2019.0
2019,203922,Glenn Robinson III,DET,588,-1.67,0.5,-1.18,1.653,1.797,-0.58,0.17,-0.41,-1.18,-1.67,0.5,203,2019.0
2019,203924,Jerami Grant,OKC,2534,-0.42,-0.55,-0.97,1.206,1.326,-0.7,-0.93,-1.63,-0.97,-0.42,-0.55,303,2019.0
2019,203925,Joe Harris,BRK,2267,0.76,0.51,1.27,1.129,1.218,1.11,0.74,1.84,1.27,0.76,0.51,80,2019.0
2019,203926,Doug McDermott,IND,1325,-1.02,0.52,-0.5,1.297,1.384,-0.9,0.46,-0.44,-0.5,-1.02,0.52,208,2019.0
2019,203932,Aaron Gordon,ORL,2600,-0.34,1.2,0.86,1.23,1.357,-0.55,1.94,1.4,0.86,-0.34,1.2,95,2019.0
2019,203933,T.J. Warren,PHO,1328,0.81,-1.38,-0.57,1.329,1.406,0.71,-1.2,-0.49,-0.57,0.81,-1.38,212,2019.0
2019,203935,Marcus Smart,BOS,2132,-1.15,0.96,-0.19,1.337,1.266,-1.6,1.34,-0.26,-0.19,-1.15,0.96,194,2019.0
2019,203937,Kyle Anderson,MEM,1258,-1.58,3.27,1.69,1.339,1.426,-1.41,2.9,1.5,1.69,-1.58,3.27,91,2019.0
2019,203939,Dwight Powell,DAL,1638,1.97,0.66,2.63,1.148,1.447,1.91,0.64,2.55,2.63,1.97,0.66,57,2019.0
2019,203943,Noah Vonleh,NYK,1701,-1.72,0.75,-0.97,1.215,1.53,-1.86,0.81,-1.05,-0.97,-1.72,0.75,262,2019.0
2019,203944,Julius Randle,NOP,2186,2.63,-1.67,0.97,1.31,1.362,3.62,-2.29,1.33,0.97,2.63,-1.67,97,2019.0
2019,203952,Andrew Wiggins,MIN,2500,-0.26,-1.78,-2.04,1.321,1.289,-0.4,-2.78,-3.19,-2.04,-0.26,-1.78,383,2019.0
2019,203953,Jabari Parker,CHI,1698,-0.02,-1.18,-1.2,1.345,1.475,-0.02,-1.17,-1.19,-1.2,-0.02,-1.18,271,2019.0
2019,203954,Joel Embiid,PHI,2141,2.98,4.22,7.2,1.404,1.419,4.45,6.31,10.77,7.2,2.98,4.22,9,2019.0
2019,203957,Danté Exum,UTA,642,-2.79,0.99,-1.81,1.875,1.793,-1.16,0.41,-0.75,-1.81,-2.79,0.99,237,2019.0
2019,203967,Dario Šarić,MIN,2000,0.13,-0.46,-0.33,1.187,1.439,0.17,-0.58,-0.41,-0.33,0.13,-0.46,204,2019.0
2019,203991,Clint Capela,HOU,2173,1.37,1.05,2.42,1.182,1.415,1.89,1.46,3.36,2.42,1.37,1.05,44,2019.0
2019,203992,Bogdan Bogdanovic,SAC,1916,-1.23,0.26,-0.96,1.258,1.264,-1.51,0.33,-1.19,-0.96,-1.23,0.26,272,2019.0
2019,203994,Jusuf Nurkic,POR,1958,0.91,2.49,3.39,1.256,1.445,1.18,3.24,4.42,3.39,0.91,2.49,35,2019.0
2019,203998,Bruno Caboclo,MEM,778,-1.12,0.8,-0.32,1.765,1.821,-0.61,0.44,-0.18,-0.32,-1.12,0.8,185,2019.0
2019,203999,Nikola Jokic,DEN,2465,6.1,4.14,10.24,1.348,1.422,9.67,6.57,16.25,10.24,6.1,4.14,1,2019.0
2019,204020,Tyler Johnson,MIA,1501,-1.64,-0.11,-1.76,1.274,1.321,-1.6,-0.11,-1.71,-1.76,-1.64,-0.11,309,2019.0
2019,204025,Tim Frazier,NOP,1097,-1.97,-0.53,-2.49,1.535,1.431,-1.36,-0.36,-1.72,-2.49,-1.97,-0.53,310,2019.0
2019,204038,Langston Galloway,DET,1690,-2.56,1.14,-1.41,1.216,1.293,-2.54,1.14,-1.4,-1.41,-2.56,1.14,287,2019.0
2019,204060,Joe Ingles,UTA,2515,1.28,1.39,2.67,1.162,1.288,2.08,2.26,4.34,2.67,1.28,1.39,36,2019.0
2019,204456,T.J. McConnell,PHI,1445,-1.14,-1.35,-2.49,1.448,1.333,-1.15,-1.36,-2.51,-2.49,-1.14,-1.35,357,2019.0
2019,1626143,Jahlil Okafor,NOP,917,-1.23,-0.54,-1.77,1.426,1.796,-0.71,-0.31,-1.02,-1.77,-1.23,-0.54,260,2019.0
2019,1626144,Emmanuel Mudiay,NYK,1571,-1.12,-3.91,-5.03,1.487,1.437,-1.12,-3.9,-5.02,-5.03,-1.12,-3.91,406,2019.0
2019,1626145,Tyus Jones,MIN,1540,-0.79,0.86,0.07,1.457,1.444,-0.76,0.83,0.07,0.07,-0.79,0.86,163,2019.0
2019,1626147,Justin Anderson,ATL,452,-2.32,-1.65,-3.98,1.84,1.976,-0.67,-0.48,-1.14,-3.98,-2.32,-1.65,268,2019.0
2019,1626149,Montrezl Harrell,LAC,2092,3.66,0.6,4.27,1.194,1.397,4.72,0.78,5.5,4.27,3.66,0.6,29,2019.0
2019,1626153,Delon Wright,TOR,1667,-0.82,1.49,0.68,1.243,1.289,-0.84,1.54,0.7,0.68,-0.82,1.49,122,2019.0
2019,1626155,Sam Dekker,WAS,763,-0.46,-1.42,-1.89,1.498,1.782,-0.22,-0.68,-0.91,-1.89,-0.46,-1.42,248,2019.0
2019,1626156,D'Angelo Russell,BRK,2417,1.17,-1.09,0.08,1.438,1.316,1.81,-1.69,0.12,0.08,1.17,-1.09,159,2019.0
2019,1626157,Karl-Anthony Towns,MIN,2515,4.85,1.93,6.78,1.317,1.417,7.63,3.04,10.67,6.78,4.85,1.93,11,2019.0
2019,1626158,Richaun Holmes,PHO,1175,0.55,1.57,2.13,1.408,1.538,0.43,1.22,1.64,2.13,0.55,1.57,86,2019.0
2019,1626159,Justise Winslow,MIA,1929,-1.57,2.19,0.63,1.28,1.486,-1.96,2.74,0.78,0.63,-1.57,2.19,120,2019.0
2019,1626161,Willie Cauley-Stein,SAC,2189,-0.23,1.18,0.95,1.099,1.385,-0.33,1.66,1.33,0.95,-0.23,1.18,98,2019.0
2019,1626162,Kelly Oubre Jr.,PHO,1878,-1.48,-1.1,-2.58,1.32,1.362,-1.83,-1.36,-3.18,-2.58,-1.48,-1.1,382,2019.0
2019,1626163,Frank Kaminsky,CHO,727,0.19,-0.03,0.16,1.495,1.841,0.09,-0.01,0.07,0.16,0.19,-0.03,164,2019.0
2019,1626164,Devin Booker,PHO,2199,2.48,-1.73,0.75,1.495,1.353,3.58,-2.5,1.08,0.75,2.48,-1.73,103,2019.0
2019,1626166,Cameron Payne,CHI,717,-1.83,-2.46,-4.29,1.779,1.681,-0.77,-1.03,-1.8,-4.29,-1.83,-2.46,315,2019.0
2019,1626167,Myles Turner,IND,2097,-0.62,2.69,2.07,1.32,1.517,-0.86,3.75,2.89,2.07,-0.62,2.69,50,2019.0
2019,1626168,Trey Lyles,DEN,1094,-2.18,-0.03,-2.21,1.419,1.646,-1.53,-0.02,-1.56,-2.21,-2.18,-0.03,300,2019.0
2019,1626169,Stanley Johnson,DET,1194,-4.25,0.59,-3.66,1.463,1.57,-2.99,0.42,-2.57,-3.66,-4.25,0.59,359,2019.0
2019,1626170,Jerian Grant,ORL,918,-2.01,-0.12,-2.13,1.492,1.522,-1.15,-0.07,-1.22,-2.13,-2.01,-0.12,278,2019.0
2019,1626171,Bobby Portis,WAS,1282,1.8,-1.66,0.14,1.504,1.578,1.45,-1.34,0.11,0.14,1.8,-1.66,160,2019.0
2019,1626172,Kevon Looney,GSW,1450,0.84,0.02,0.86,1.323,1.644,0.79,0.01,0.8,0.86,0.84,0.02,119,2019.0
2019,1626178,Rondae Hollis-Jefferson,BRK,1174,0.17,-1.25,-1.08,1.32,1.57,0.12,-0.94,-0.81,-1.08,0.17,-1.25,241,2019.0
2019,1626179,Terry Rozier,BOS,1718,-3.51,2.0,-1.51,1.395,1.323,-3.94,2.24,-1.7,-1.51,-3.51,2.0,307,2019.0
2019,1626181,Norman Powell,TOR,1095,-2.29,-1.25,-3.54,1.571,1.465,-1.55,-0.85,-2.39,-3.54,-2.29,-1.25,354,2019.0
2019,1626184,Chasson Randle,WAS,720,-1.86,-2.95,-4.81,1.651,1.645,-0.84,-1.33,-2.18,-4.81,-1.86,-2.95,339,2019.0
2019,1626185,Jarell Martin,ORL,327,-1.76,-0.73,-2.48,2.126,2.425,-0.36,-0.15,-0.51,-2.48,-1.76,-0.73,216,2019.0
2019,1626188,Quinn Cook,GSW,1017,-2.07,-1.98,-4.05,1.583,1.48,-1.36,-1.3,-2.65,-4.05,-2.07,-1.98,362,2019.0
2019,1626192,Pat Connaughton,MIL,1222,-0.97,0.02,-0.95,1.354,1.405,-0.79,0.02,-0.77,-0.95,-0.97,0.02,239,2019.0
2019,1626195,Willy Hernangomez,CHO,788,1.75,-1.13,0.61,1.643,1.83,0.89,-0.58,0.31,0.61,1.75,-1.13,143,2019.0
2019,1626196,Josh Richardson,MIA,2485,-1.42,1.71,0.28,1.156,1.218,-2.29,2.75,0.45,0.28,-1.42,1.71,136,2019.0
2019,1626203,Treveon Graham,BRK,716,-0.05,-1.02,-1.07,1.532,1.682,-0.02,-0.47,-0.49,-1.07,-0.05,-1.02,213,2019.0
2019,1626204,Larry Nance Jr.,CLE,1758,0.82,1.04,1.87,1.206,1.378,0.92,1.17,2.09,1.87,0.82,1.04,68,2019.0
2019,1626209,Mario Hezonja,NYK,1186,-2.49,-1.43,-3.92,1.382,1.61,-1.87,-1.08,-2.95,-3.92,-2.49,-1.43,375,2019.0
2019,1626220,Royce O'Neale,UTA,1656,-1.85,2.62,0.76,1.247,1.334,-1.98,2.79,0.81,0.76,-1.85,2.62,117,2019.0
2019,1626224,Cedi Osman,CLE,2418,-1.51,-1.29,-2.8,1.207,1.297,-2.33,-1.99,-4.31,-2.8,-1.51,-1.29,403,2019.0
2019,1626245,Cristiano Felicio,CHI,734,-2.14,-0.64,-2.78,1.445,1.812,-0.92,-0.27,-1.19,-2.78,-2.14,-0.64,273,2019.0
2019,1626246,Boban Marjanovic,LAC,671,3.04,2.65,5.69,1.786,1.929,1.26,1.1,2.35,5.69,3.04,2.65,63,2019.0
2019,1626257,Salah Mejri,DAL,392,-0.56,2.57,2.0,2.062,2.493,-0.13,0.6,0.47,2.0,-0.56,2.57,133,2019.0
2019,1627732,Ben Simmons,PHI,2702,2.19,-0.07,2.13,1.261,1.291,4.15,-0.12,4.02,2.13,2.19,-0.07,38,2019.0
2019,1627733,Dragan Bender,PHO,813,-1.55,-2.02,-3.58,1.696,2.009,-0.83,-1.08,-1.91,-3.58,-1.55,-2.02,322,2019.0
2019,1627734,Domantas Sabonis,IND,1817,-0.05,1.52,1.47,1.372,1.562,-0.06,1.84,1.78,1.47,-0.05,1.52,81,2019.0
2019,1627736,Malik Beasley,DEN,1860,-0.33,-0.17,-0.5,1.448,1.399,-0.4,-0.21,-0.6,-0.5,-0.33,-0.17,220,2019.0
2019,1627737,Marquese Chriss,CLE,481,-1.32,-4.1,-5.42,2.152,2.316,-0.41,-1.26,-1.66,-5.42,-1.32,-4.1,305,2019.0
2019,1627739,Kris Dunn,CHI,1392,-2.1,-1.36,-3.46,1.351,1.39,-1.71,-1.11,-2.82,-3.46,-2.1,-1.36,371,2019.0
2019,1627740,Henry Ellenson,NYK,253,-1.85,0.25,-1.6,2.569,2.868,-0.3,0.04,-0.26,-1.6,-1.85,0.25,195,2019.0
2019,1627741,Buddy Hield,SAC,2584,0.99,0.19,1.18,1.212,1.195,1.65,0.32,1.96,1.18,0.99,0.19,76,2019.0
2019,1627742,Brandon Ingram,LAL,1712,-0.9,-1.56,-2.46,1.621,1.498,-1.06,-1.84,-2.9,-2.46,-0.9,-1.56,373,2019.0
2019,1627745,Damian Jones,GSW,395,-1.78,0.21,-1.57,1.978,2.401,-0.45,0.05,-0.4,-1.57,-1.78,0.21,200,2019.0
2019,1627747,Caris LeVert,BRK,1033,-0.49,-0.85,-1.34,1.525,1.519,-0.32,-0.56,-0.89,-1.34,-0.49,-0.85,246,2019.0
2019,1627748,Thon Maker,DET,974,-4.0,-0.91,-4.9,1.557,1.903,-2.29,-0.52,-2.81,-4.9,-4.0,-0.91,370,2019.0
2019,1627750,Jamal Murray,DEN,2389,0.29,-0.5,-0.2,1.501,1.373,0.45,-0.76,-0.31,-0.2,0.29,-0.5,197,2019.0
2019,1627751,Jakob Poeltl,SAS,1263,2.64,0.57,3.21,1.401,1.644,2.12,0.46,2.58,3.21,2.64,0.57,55,2019.0
2019,1627752,Taurean Prince,ATL,1525,-0.52,-1.41,-1.93,1.256,1.387,-0.51,-1.36,-1.87,-1.93,-0.52,-1.41,319,2019.0
2019,1627759,Jaylen Brown,BOS,1833,-1.17,-0.44,-1.61,1.515,1.417,-1.41,-0.52,-1.93,-1.61,-1.17,-0.44,325,2019.0
2019,1627761,DeAndre' Bembry,ATL,1882,-1.7,-1.29,-2.99,1.192,1.324,-2.04,-1.55,-3.58,-2.99,-1.7,-1.29,393,2019.0
2019,1627763,Malcolm Brogdon,MIL,1817,0.32,0.56,0.88,1.379,1.265,0.39,0.67,1.06,0.88,0.32,0.56,105,2019.0
2019,1627767,Cheick Diallo,NOP,872,1.98,-1.31,0.67,1.567,1.888,1.09,-0.72,0.37,0.67,1.98,-1.31,141,2019.0
2019,1627774,Jake Layman,POR,1309,-0.95,-0.73,-1.69,1.359,1.44,-0.83,-0.64,-1.47,-1.69,-0.95,-0.73,294,2019.0
2019,1627775,Patrick McCaw,TOR,393,-3.87,-2.99,-6.86,1.968,2.187,-0.94,-0.73,-1.67,-6.86,-3.87,-2.99,306,2019.0
2019,1627777,Georges Niang,UTA,497,-1.39,-1.83,-3.22,1.812,2.023,-0.45,-0.59,-1.03,-3.22,-1.39,-1.83,261,2019.0
2019,1627782,Wayne Selden,CHI,1397,-1.94,-3.23,-5.17,1.319,1.403,-1.59,-2.65,-4.23,-5.17,-1.94,-3.23,401,2019.0
2019,1627783,Pascal Siakam,TOR,2536,1.34,0.64,1.97,1.266,1.326,2.09,1.0,3.09,1.97,1.34,0.64,47,2019.0
2019,1627786,Troy Williams,SAC,300,-0.07,-2.86,-2.94,2.203,2.369,-0.01,-0.55,-0.57,-2.94,-0.07,-2.86,219,2019.0
2019,1627788,Furkan Korkmaz,PHI,665,-0.83,-2.0,-2.82,1.821,1.93,-0.38,-0.93,-1.31,-2.82,-0.83,-2.0,282,2019.0
2019,1627789,Timothe Luwawu-Cabarrot,CHI,638,-2.4,-2.38,-4.78,1.692,1.833,-0.9,-0.89,-1.79,-4.78,-2.4,-2.38,313,2019.0
2019,1627790,Ante Zizic,CLE,1065,0.55,1.03,1.58,1.5,1.781,0.38,0.7,1.08,1.58,0.55,1.03,104,2019.0
2019,1627812,Yogi Ferrell,SAC,1034,-1.06,1.14,0.08,1.558,1.473,-0.71,0.76,0.06,0.08,-1.06,1.14,165,2019.0
2019,1627814,Damion Lee,GSW,356,-1.08,-0.85,-1.93,2.327,2.119,-0.25,-0.19,-0.44,-1.93,-1.08,-0.85,209,2019.0
2019,1627816,Alex Poythress,ATL,290,-1.99,-2.3,-4.29,2.149,2.495,-0.37,-0.42,-0.79,-4.29,-1.99,-2.3,240,2019.0
2019,1627820,Tyrone Wallace,LAC,591,-1.39,-2.47,-3.86,1.716,1.812,-0.51,-0.9,-1.4,-3.86,-1.39,-2.47,288,2019.0
2019,1627823,Juancho Hernangomez,DEN,1327,-1.67,-0.91,-2.57,1.315,1.564,-1.42,-0.77,-2.2,-2.57,-1.67,-0.91,341,2019.0
2019,1627826,Ivica Zubac,LAC,996,-0.16,0.94,0.78,1.625,1.891,-0.1,0.58,0.48,0.78,-0.16,0.94,132,2019.0
2019,1627827,Dorian Finney-Smith,DAL,1983,-3.27,0.34,-2.93,1.148,1.361,-3.84,0.4,-3.44,-2.93,-3.27,0.34,389,2019.0
2019,1627832,Fred VanVleet,TOR,1737,-0.5,2.28,1.78,1.354,1.32,-0.54,2.45,1.91,1.78,-0.5,2.28,77,2019.0
2019,1627846,Abdel Nader,OKC,677,-4.49,-2.76,-7.25,1.593,1.713,-2.01,-1.24,-3.25,-7.25,-4.49,-2.76,386,2019.0
2019,1627853,Ryan Arcidiacono,CHI,1923,-1.06,0.93,-0.13,1.246,1.292,-1.19,1.05,-0.14,-0.13,-1.06,0.93,181,2019.0
2019,1627854,Bryn Forbes,SAS,2269,-2.08,-0.5,-2.58,1.202,1.238,-3.0,-0.72,-3.72,-2.58,-2.08,-0.5,397,2019.0
2019,1627863,Danuel House Jr.,HOU,935,2.21,0.91,3.13,1.396,1.548,1.32,0.55,1.86,3.13,2.21,0.91,78,2019.0
2019,1627884,Derrick Jones Jr.,MIA,1141,-2.53,1.54,-0.99,1.564,1.655,-1.87,1.14,-0.73,-0.99,-2.53,1.54,236,2019.0
2019,1627885,Shaquille Harrison,CHI,1400,-2.72,0.59,-2.13,1.306,1.374,-2.23,0.48,-1.75,-2.13,-2.72,0.59,311,2019.0
2019,1627936,Alex Caruso,LAL,522,-1.28,1.85,0.57,1.819,1.894,-0.46,0.66,0.2,0.57,-1.28,1.85,150,2019.0
2019,1628021,David Nwaba,CLE,960,-1.07,0.71,-0.36,1.423,1.517,-0.65,0.43,-0.22,-0.36,-1.07,0.71,190,2019.0
2019,1628035,Alfonzo McKinnie,GSW,976,-2.91,-2.33,-5.24,1.408,1.51,-1.83,-1.46,-3.29,-5.24,-2.91,-2.33,387,2019.0
2019,1628365,Markelle Fultz,PHI,435,-1.87,-0.19,-2.06,2.426,2.327,-0.57,-0.06,-0.63,-2.06,-1.87,-0.19,225,2019.0
2019,1628366,Lonzo Ball,LAL,1386,-1.57,0.85,-0.72,1.551,1.542,-1.5,0.81,-0.69,-0.72,-1.57,0.85,231,2019.0
2019,1628367,Josh Jackson,PHO,1953,-2.67,-1.46,-4.13,1.413,1.457,-3.42,-1.87,-5.3,-4.13,-2.67,-1.46,408,2019.0
2019,1628368,De'Aaron Fox,SAC,2505,0.57,-1.88,-1.31,1.551,1.362,0.92,-3.03,-2.11,-1.31,0.57,-1.88,331,2019.0
2019,1628369,Jayson Tatum,BOS,2358,-0.88,2.76,1.89,1.59,1.559,-1.35,4.26,2.91,1.89,-0.88,2.76,49,2019.0
2019,1628370,Malik Monk,CHO,1202,-1.4,-4.05,-5.44,1.788,1.692,-1.09,-3.15,-4.24,-5.44,-1.4,-4.05,402,2019.0
2019,1628371,Jonathan Isaac,ORL,1987,-2.15,1.13,-1.02,1.354,1.539,-2.67,1.4,-1.26,-1.02,-2.15,1.13,280,2019.0
2019,1628372,Dennis Smith Jr.,DAL,1499,-2.41,-0.65,-3.05,1.551,1.513,-2.13,-0.58,-2.71,-3.05,-2.41,-0.65,365,2019.0
2019,1628373,Frank Ntilikina,NYK,869,-4.06,-1.2,-5.26,1.771,1.836,-2.24,-0.66,-2.9,-5.26,-4.06,-1.2,374,2019.0
2019,1628374,Lauri Markkanen,CHI,1677,-0.21,-0.27,-0.48,1.519,1.595,-0.21,-0.26,-0.47,-0.48,-0.21,-0.27,211,2019.0
2019,1628378,Donovan Mitchell,UTA,2550,-0.49,1.4,0.91,1.477,1.317,-0.81,2.31,1.5,0.91,-0.49,1.4,92,2019.0
2019,1628379,Luke Kennard,DET,1414,-0.77,0.66,-0.11,1.418,1.488,-0.64,0.55,-0.09,-0.11,-0.77,0.66,176,2019.0
2019,1628380,Zach Collins,POR,1332,-2.01,-0.16,-2.16,1.496,1.685,-1.78,-0.14,-1.91,-2.16,-2.01,-0.16,323,2019.0
2019,1628381,John Collins,ATL,1811,2.17,-0.41,1.75,1.497,1.568,2.49,-0.48,2.02,1.75,2.17,-0.41,73,2019.0
2019,1628382,Justin Jackson,SAC,1574,-1.61,-0.54,-2.15,1.274,1.416,-1.63,-0.55,-2.18,-2.15,-1.61,-0.54,340,2019.0
2019,1628384,OG Anunoby,TOR,1319,-0.31,-2.0,-2.3,1.541,1.689,-0.25,-1.63,-1.88,-2.3,-0.31,-2.0,320,2019.0
2019,1628385,Harry Giles III,SAC,801,-0.26,-2.43,-2.69,1.951,2.114,-0.14,-1.25,-1.39,-2.69,-0.26,-2.43,286,2019.0
2019,1628386,Jarrett Allen,BRK,2053,0.7,-0.4,0.3,1.375,1.661,0.92,-0.53,0.39,0.3,0.7,-0.4,138,2019.0
2019,1628388,T.J. Leaf,IND,504,0.45,-2.49,-2.04,1.994,2.276,0.15,-0.84,-0.68,-2.04,0.45,-2.49,228,2019.0
2019,1628389,Bam Adebayo,MIA,1894,-1.07,2.74,1.67,1.443,1.612,-1.31,3.37,2.05,1.67,-1.07,2.74,70,2019.0
2019,1628390,Terrance Ferguson,OKC,1875,-1.61,-2.12,-3.73,1.412,1.523,-2.0,-2.62,-4.62,-3.73,-1.61,-2.12,405,2019.0
2019,1628391,D.J. Wilson,MIL,880,-1.85,-0.19,-2.04,1.615,1.814,-1.08,-0.11,-1.19,-2.04,-1.85,-0.19,274,2019.0
2019,1628395,Jordan Bell,GSW,758,-0.97,-0.43,-1.41,1.471,1.853,-0.48,-0.21,-0.69,-1.41,-0.97,-0.43,232,2019.0
2019,1628397,Ivan Rabb,MEM,698,-1.03,-0.98,-2.02,1.808,2.033,-0.51,-0.49,-1.0,-2.02,-1.03,-0.98,256,2019.0
2019,1628398,Kyle Kuzma,LAL,2247,0.34,-1.38,-1.04,1.293,1.393,0.53,-2.14,-1.61,-1.04,0.34,-1.38,301,2019.0
2019,1628400,Semi Ojeleye,BOS,581,-2.84,-1.03,-3.87,1.75,1.952,-1.08,-0.39,-1.47,-3.87,-2.84,-1.03,295,2019.0
2019,1628401,Derrick White,SAS,1723,-0.23,3.42,3.18,1.346,1.336,-0.26,3.75,3.49,3.18,-0.23,3.42,42,2019.0
2019,1628402,Frank Jackson,NOP,1161,-1.56,-3.28,-4.84,1.867,1.69,-1.14,-2.39,-3.53,-4.84,-1.56,-3.28,392,2019.0
2019,1628404,Josh Hart,LAL,1639,-0.58,0.55,-0.03,1.335,1.389,-0.65,0.62,-0.04,-0.03,-0.58,0.55,173,2019.0
2019,1628407,Dwayne Bacon,CHO,736,-1.99,-0.51,-2.5,1.744,1.731,-0.95,-0.24,-1.19,-2.5,-1.99,-0.51,275,2019.0
2019,1628411,Wes Iwundu,ORL,1209,-3.0,-0.45,-3.45,1.323,1.47,-2.27,-0.34,-2.61,-3.45,-3.0,-0.45,361,2019.0
2019,1628412,Frank Mason III,SAC,414,-3.32,-1.06,-4.39,2.091,2.043,-0.89,-0.28,-1.17,-4.39,-3.32,-1.06,270,2019.0
2019,1628413,Jonah Bolden,PHI,626,-0.4,-1.83,-2.24,1.636,2.03,-0.18,-0.8,-0.98,-2.24,-0.4,-1.83,254,2019.0
2019,1628414,Sindarius Thornwell,LAC,303,-2.65,-0.23,-2.88,2.166,2.336,-0.5,-0.04,-0.54,-2.88,-2.65,-0.23,217,2019.0
2019,1628415,Dillon Brooks,MEM,319,-1.41,-0.41,-1.81,2.273,2.375,-0.32,-0.09,-0.41,-1.81,-1.41,-0.41,205,2019.0
2019,1628416,Tyler Dorsey,MEM,692,-1.18,-1.8,-2.98,1.963,1.847,-0.58,-0.88,-1.46,-2.98,-1.18,-1.8,293,2019.0
2019,1628417,Jaron Blossomgame,CLE,424,-1.59,-0.61,-2.21,1.826,2.025,-0.43,-0.17,-0.6,-2.21,-1.59,-0.61,221,2019.0
2019,1628418,Thomas Bryant,WAS,1480,2.69,-2.18,0.5,1.429,1.704,2.5,-2.03,0.47,0.5,2.69,-2.18,134,2019.0
2019,1628420,Monté Morris,DEN,1932,-0.64,2.7,2.06,1.366,1.327,-0.8,3.36,2.56,2.06,-0.64,2.7,56,2019.0
2019,1628422,Damyean Dotson,NYK,1968,-1.68,0.48,-1.2,1.204,1.299,-2.1,0.6,-1.5,-1.2,-1.68,0.48,297,2019.0
2019,1628425,Sterling Brown,MIL,1027,-2.11,-1.0,-3.11,1.422,1.58,-1.44,-0.68,-2.12,-3.11,-2.11,-1.0,333,2019.0
2019,1628436,Luke Kornet,NYK,774,-0.07,2.15,2.08,1.502,1.893,-0.03,1.06,1.02,2.08,-0.07,2.15,107,2019.0
2019,1628443,Kadeem Allen,NYK,416,-0.48,0.58,0.1,2.086,1.974,-0.13,0.15,0.03,0.1,-0.48,0.58,168,2019.0
2019,1628464,Daniel Theis,BOS,881,-0.34,2.02,1.68,1.358,1.712,-0.2,1.16,0.96,1.68,-0.34,2.02,111,2019.0
2019,1628467,Maxi Kleber,DAL,1489,-1.38,2.12,0.74,1.198,1.425,-1.21,1.87,0.65,0.74,-1.38,2.12,126,2019.0
2019,1628469,Antonio Blakeney,CHI,818,-2.1,-2.66,-4.76,1.83,1.733,-1.0,-1.27,-2.28,-4.76,-2.1,-2.66,348,2019.0
2019,1628470,Torrey Craig,DEN,1491,-2.05,-1.03,-3.08,1.243,1.35,-1.97,-0.99,-2.96,-3.08,-2.05,-1.03,376,2019.0
2019,1628515,Isaiah Briscoe,ORL,546,-1.97,0.21,-1.76,1.937,1.963,-0.67,0.07,-0.6,-1.76,-1.97,0.21,222,2019.0
2019,1628960,Grayson Allen,UTA,395,-2.12,-5.88,-8.0,2.128,2.161,-0.54,-1.5,-2.04,-8.0,-2.12,-5.88,328,2019.0
2019,1628963,Marvin Bagley III,SAC,1532,0.58,-1.72,-1.14,1.657,1.793,0.57,-1.69,-1.12,-1.14,0.58,-1.72,265,2019.0
2019,1628964,Mo Bamba,ORL,766,-3.94,-0.55,-4.49,1.762,2.144,-1.89,-0.26,-2.15,-4.49,-3.94,-0.55,337,2019.0
2019,1628966,Keita Bates-Diop,MIN,499,-0.86,-2.36,-3.22,1.819,1.999,-0.27,-0.74,-1.01,-3.22,-0.86,-2.36,257,2019.0
2019,1628969,Mikal Bridges,PHO,2342,-1.49,-0.26,-1.75,1.318,1.35,-2.3,-0.4,-2.69,-1.75,-1.49,-0.26,364,2019.0
2019,1628970,Miles Bridges,CHO,1651,-0.84,-1.34,-2.18,1.659,1.676,-0.9,-1.43,-2.33,-2.18,-0.84,-1.34,350,2019.0
2019,1628971,Bruce Brown,DET,1439,-3.3,-0.95,-4.25,1.496,1.467,-2.8,-0.8,-3.6,-4.25,-3.3,-0.95,394,2019.0
2019,1628972,Troy Brown Jr.,WAS,715,-1.26,-1.69,-2.94,1.964,2.096,-0.57,-0.76,-1.32,-2.94,-1.26,-1.69,283,2019.0
2019,1628973,Jalen Brunson,DAL,1574,-0.97,-0.53,-1.5,1.654,1.436,-0.91,-0.49,-1.4,-1.5,-0.97,-0.53,289,2019.0
2019,1628975,Jevon Carter,MEM,581,-2.88,-0.27,-3.14,1.968,1.856,-1.18,-0.11,-1.29,-3.14,-2.88,-0.27,281,2019.0
2019,1628976,Wendell Carter Jr.,CHI,1099,-3.71,2.54,-1.16,1.679,2.025,-2.39,1.64,-0.75,-1.16,-3.71,2.54,238,2019.0
2019,1628977,Hamidou Diallo,OKC,518,-0.51,-3.92,-4.43,2.346,2.204,-0.18,-1.34,-1.52,-4.43,-0.51,-3.92,298,2019.0
2019,1628978,Donte DiVincenzo,MIL,404,0.39,0.18,0.57,2.225,2.218,0.11,0.05,0.15,0.57,0.39,0.18,154,2019.0
2019,1628983,Shai Gilgeous-Alexander,LAC,2146,-1.1,-1.41,-2.51,1.773,1.467,-1.45,-1.86,-3.31,-2.51,-1.1,-1.41,388,2019.0
2019,1628984,Devonte' Graham,CHO,665,-4.08,-1.88,-5.96,1.819,1.772,-1.76,-0.81,-2.57,-5.96,-4.08,-1.88,360,2019.0
2019,1628988,Aaron Holiday,IND,627,-0.58,0.77,0.19,1.9,1.871,-0.24,0.32,0.08,0.19,-0.58,0.77,162,2019.0
2019,1628989,Kevin Huerter,ATL,2011,1.3,-2.02,-0.72,1.477,1.501,1.66,-2.58,-0.92,-0.72,1.3,-2.02,249,2019.0
2019,1628990,Chandler Hutchison,CHI,885,-2.21,-1.06,-3.27,1.563,1.709,-1.15,-0.55,-1.7,-3.27,-2.21,-1.06,308,2019.0
2019,1628991,Jaren Jackson Jr.,MEM,1484,-3.2,3.17,-0.03,1.754,1.875,-3.35,3.32,-0.03,-0.03,-3.2,3.17,172,2019.0
2019,1628995,Kevin Knox II,NYK,2127,-3.39,-4.87,-8.26,1.574,1.577,-4.58,-6.58,-11.16,-8.26,-3.39,-4.87,410,2019.0
2019,1629001,De'Anthony Melton,PHO,979,-2.09,-1.29,-3.37,1.872,1.791,-1.34,-0.83,-2.17,-3.37,-2.09,-1.29,338,2019.0
2019,1629003,Shake Milton,PHI,264,-0.11,-3.33,-3.44,2.567,2.631,-0.02,-0.62,-0.64,-3.44,-0.11,-3.33,226,2019.0
2019,1629004,Svi Mykhailiuk,LAL,409,-0.54,-3.06,-3.6,2.283,2.322,-0.15,-0.86,-1.01,-3.6,-0.54,-3.06,258,2019.0
2019,1629006,Josh Okogie,MIN,1741,-1.06,-2.32,-3.37,1.554,1.547,-1.15,-2.52,-3.68,-3.37,-1.06,-2.32,395,2019.0
2019,1629010,Jerome Robinson,LAC,300,-0.67,-2.65,-3.32,2.643,2.599,-0.12,-0.49,-0.61,-3.32,-0.67,-2.65,224,2019.0
2019,1629011,Mitchell Robinson,NYK,1313,2.11,1.73,3.84,1.458,1.837,1.76,1.44,3.2,3.84,2.11,1.73,46,2019.0
2019,1629012,Collin Sexton,CLE,2558,-2.19,-2.77,-4.97,1.553,1.435,-3.57,-4.53,-8.1,-4.97,-2.19,-2.77,409,2019.0
2019,1629013,Landry Shamet,PHI,1815,-0.33,-1.85,-2.18,1.4,1.464,-0.42,-2.35,-2.77,-2.18,-0.33,-1.85,369,2019.0
2019,1629016,Omari Spellman,ATL,771,-1.82,-2.5,-4.33,1.744,2.043,-0.89,-1.23,-2.12,-4.33,-1.82,-2.5,334,2019.0
2019,1629019,Allonzo Trier,NYK,1407,-2.29,-1.24,-3.53,1.474,1.44,-2.05,-1.1,-3.15,-3.53,-2.29,-1.24,381,2019.0
2019,1629021,Moritz Wagner,LAL,434,-2.23,-1.0,-3.23,2.158,2.497,-0.67,-0.3,-0.97,-3.23,-2.23,-1.0,253,2019.0
2019,1629026,Kenrich Williams,NOP,1074,-0.98,-2.05,-3.02,1.403,1.609,-0.66,-1.38,-2.04,-3.02,-0.98,-2.05,329,2019.0
2019,1629027,Trae Young,ATL,2464,1.72,-4.63,-2.91,1.649,1.43,2.7,-7.25,-4.55,-2.91,1.72,-4.63,404,2019.0
2019,1629028,Deandre Ayton,PHO,2118,0.53,1.27,1.8,1.418,1.651,0.74,1.77,2.51,1.8,0.53,1.27,59,2019.0
2019,1629029,Luka Doncic,DAL,2311,0.82,1.12,1.94,1.824,1.522,1.12,1.53,2.65,1.94,0.82,1.12,54,2019.0
2019,1629057,Robert Williams III,BOS,280,-1.49,0.44,-1.05,2.364,2.971,-0.27,0.08,-0.19,-1.05,-1.49,0.44,186,2019.0
2019,1629059,Elie Okobo,PHO,932,-3.53,-2.49,-6.02,1.707,1.717,-2.16,-1.53,-3.69,-6.02,-3.53,-2.49,396,2019.0
2019,1629066,Rodions Kurucs,BRK,1269,0.08,-2.4,-2.32,1.566,1.786,0.06,-1.95,-1.88,-2.32,0.08,-2.4,321,2019.0
2019,1629109,Gary Clark,HOU,623,-0.8,-2.03,-2.84,1.602,1.906,-0.32,-0.81,-1.13,-2.84,-0.8,-2.03,267,2019.0
2019,1629121,Jaylen Adams,ATL,403,-1.02,-1.67,-2.69,2.274,2.197,-0.26,-0.43,-0.69,-2.69,-1.02,-1.67,233,2019.0
2019,1629140,Johnathan Williams,LAL,367,-1.32,0.94,-0.38,2.001,2.381,-0.33,0.24,-0.1,-0.38,-1.32,0.94,178,2019.0
2019,1629151,Ryan Broekhoff,DAL,441,-0.06,0.77,0.71,1.858,1.97,-0.02,0.2,0.18,0.71,-0.06,0.77,152,2019.0
2019,1629244,Cameron Reynolds,MIN,259,-1.07,0.19,-0.88,2.516,2.588,-0.17,0.03,-0.14,-0.88,-1.07,0.19,182,2019.0
2020,1713,Vince Carter,ATL,855,-1.52,-1.09,-2.61,1.983,2.245,-1.03,-0.74,-1.78,-2.61,-1.52,-1.09,305,2020.0
2020,2544,LeBron James,LAL,2294,5.65,3.02,8.67,1.681,1.555,9.59,5.13,14.71,8.67,5.65,3.02,3,2020.0
2020,2546,Carmelo Anthony,POR,1877,-1.62,-1.83,-3.45,1.576,1.715,-2.11,-2.38,-4.49,-3.45,-1.62,-1.83,383,2020.0
2020,2594,Kyle Korver,MIL,955,0.93,0.15,1.09,1.913,2.049,0.64,0.11,0.75,1.09,0.93,0.15,107,2020.0
2020,2730,Dwight Howard,LAL,1286,1.07,1.35,2.42,1.508,1.847,1.02,1.28,2.3,2.42,1.07,1.35,68,2020.0
2020,2738,Andre Iguodala,MIA,411,-0.78,1.44,0.66,2.402,2.857,-0.24,0.44,0.2,0.66,-0.78,1.44,141,2020.0
2020,2772,Trevor Ariza,SAC,1448,-1.13,-0.68,-1.81,1.467,1.63,-1.2,-0.72,-1.92,-1.81,-1.13,-0.68,316,2020.0
2020,101107,Marvin Williams,CHO,1104,0.04,-0.13,-0.09,1.496,1.77,0.03,-0.11,-0.08,-0.09,0.04,-0.13,161,2020.0
2020,101108,Chris Paul,OKC,2169,3.67,2.48,6.16,1.443,1.464,5.8,3.92,9.73,6.16,3.67,2.48,9,2020.0
2020,101133,Ian Mahinmi,WAS,797,-1.73,-0.67,-2.41,1.67,2.022,-1.0,-0.39,-1.39,-2.41,-1.73,-0.67,281,2020.0
2020,101141,Ersan Ilyasova,MIL,998,0.05,0.31,0.36,1.579,1.748,0.03,0.22,0.26,0.36,0.05,0.31,136,2020.0
2020,101150,Lou Williams,LAC,1850,0.86,-0.44,0.42,1.542,1.444,1.23,-0.63,0.6,0.42,0.86,-0.44,114,2020.0
2020,200746,LaMarcus Aldridge,SAS,1707,1.61,2.47,4.08,1.528,1.726,2.04,3.13,5.18,4.08,1.61,2.47,24,2020.0
2020,200752,Rudy Gay,SAS,1416,-0.06,0.64,0.58,1.483,1.659,-0.06,0.67,0.61,0.58,-0.06,0.64,113,2020.0
2020,200755,JJ Redick,NOP,1564,1.9,0.0,1.9,1.666,1.667,2.12,0.0,2.12,1.9,1.9,0.0,71,2020.0
2020,200757,Thabo Sefolosha,HOU,441,0.42,0.84,1.26,2.214,2.634,0.14,0.29,0.43,1.26,0.42,0.84,126,2020.0
2020,200765,Rajon Rondo,LAL,956,-1.14,-1.72,-2.85,1.72,1.704,-0.8,-1.21,-2.02,-2.85,-1.14,-1.72,318,2020.0
2020,200768,Kyle Lowry,TOR,2068,2.09,2.01,4.11,1.361,1.411,3.16,3.03,6.19,4.11,2.09,2.01,15,2020.0
2020,200782,P.J. Tucker,HOU,2410,-1.76,0.07,-1.69,1.318,1.465,-3.3,0.13,-3.16,-1.69,-1.76,0.07,368,2020.0
2020,200794,Paul Millsap,DEN,1221,0.28,1.38,1.66,1.563,1.872,0.25,1.2,1.45,1.66,0.28,1.38,84,2020.0
2020,200826,J.J. Barea,DAL,442,-0.63,0.2,-0.42,2.665,2.434,-0.2,0.06,-0.13,-0.42,-0.63,0.2,169,2020.0
2020,201143,Al Horford,PHI,2017,1.76,1.74,3.5,1.289,1.592,2.51,2.48,4.99,3.5,1.76,1.74,26,2020.0
2020,201144,Mike Conley,UTA,1343,0.2,1.59,1.79,1.477,1.492,0.19,1.46,1.65,1.79,0.2,1.59,80,2020.0
2020,201145,Jeff Green,UTA,946,-0.52,-0.68,-1.2,1.601,1.849,-0.33,-0.44,-0.77,-1.2,-0.52,-0.68,231,2020.0
2020,201152,Thaddeus Young,CHI,1583,-0.45,0.54,0.09,1.268,1.499,-0.57,0.68,0.11,0.09,-0.45,0.54,148,2020.0
2020,201158,Marco Belinelli,SAS,840,-1.38,-0.76,-2.14,1.761,1.79,-0.86,-0.47,-1.33,-2.14,-1.38,-0.76,275,2020.0
2020,201162,Jared Dudley,LAL,358,-0.88,0.12,-0.76,2.282,2.714,-0.23,0.03,-0.2,-0.76,-0.88,0.12,174,2020.0
2020,201163,Wilson Chandler,BRK,723,-0.98,-1.7,-2.68,1.638,1.93,-0.51,-0.87,-1.38,-2.68,-0.98,-1.7,280,2020.0
2020,201188,Marc Gasol,TOR,1148,-0.29,3.58,3.29,1.588,2.002,-0.24,3.0,2.76,3.29,-0.29,3.58,55,2020.0
2020,201229,Anthony Tolliver,POR,853,-0.21,-0.62,-0.83,1.679,1.997,-0.12,-0.37,-0.49,-0.83,-0.21,-0.62,205,2020.0
2020,201565,Derrick Rose,DET,1284,1.21,-0.25,0.96,1.567,1.458,1.19,-0.24,0.95,0.96,1.21,-0.25,101,2020.0
2020,201566,Russell Westbrook,HOU,2009,1.18,1.67,2.85,1.436,1.316,1.84,2.6,4.45,2.85,1.18,1.67,31,2020.0
2020,201567,Kevin Love,CLE,1765,1.74,0.32,2.07,1.402,1.463,2.52,0.47,2.99,2.07,1.74,0.32,50,2020.0
2020,201568,Danilo Gallinari,OKC,1799,2.41,1.05,3.46,1.308,1.374,3.16,1.37,4.53,3.46,2.41,1.05,30,2020.0
2020,201569,Eric Gordon,HOU,982,-0.78,-1.05,-1.83,1.509,1.585,-0.6,-0.8,-1.4,-1.83,-0.78,-1.05,282,2020.0
2020,201571,D.J. Augustin,ORL,1371,-0.49,0.98,0.49,1.468,1.485,-0.49,0.99,0.49,0.49,-0.49,0.98,121,2020.0
2020,201572,Brook Lopez,MIL,1819,0.55,2.36,2.91,1.248,1.508,0.72,3.09,3.82,2.91,0.55,2.36,35,2020.0
2020,201577,Robin Lopez,MIL,948,-0.24,0.11,-0.12,1.451,1.779,-0.16,0.08,-0.09,-0.12,-0.24,0.11,163,2020.0
2020,201580,JaVale McGee,LAL,1117,1.02,-0.19,0.83,1.572,1.758,0.84,-0.16,0.69,0.83,1.02,-0.19,110,2020.0
2020,201584,Courtney Lee,DAL,330,-0.45,-0.92,-1.37,2.428,2.619,-0.1,-0.22,-0.32,-1.37,-0.45,-0.92,188,2020.0
2020,201586,Serge Ibaka,TOR,1450,0.35,0.48,0.82,1.282,1.544,0.37,0.5,0.87,0.82,0.35,0.48,104,2020.0
2020,201587,Nicolas Batum,CHO,489,-0.32,-0.61,-0.93,1.795,2.135,-0.12,-0.23,-0.35,-0.93,-0.32,-0.61,190,2020.0
2020,201588,George Hill,MIL,1272,0.88,1.27,2.15,1.476,1.592,0.81,1.16,1.97,2.15,0.88,1.27,77,2020.0
2020,201599,DeAndre Jordan,BRK,1211,1.24,2.91,4.15,1.33,1.662,1.07,2.51,3.58,4.15,1.24,2.91,38,2020.0
2020,201609,Goran Dragic,MIA,1653,-0.72,0.33,-0.38,1.569,1.479,-0.89,0.41,-0.48,-0.38,-0.72,0.33,202,2020.0
2020,201933,Blake Griffin,DET,509,-0.28,3.12,2.84,1.698,2.124,-0.11,1.22,1.11,2.84,-0.28,3.12,98,2020.0
2020,201935,James Harden,HOU,2441,7.52,2.53,10.05,1.423,1.234,14.27,4.79,19.06,10.05,7.52,2.53,1,2020.0
2020,201937,Ricky Rubio,PHO,2000,-0.84,0.83,-0.01,1.288,1.256,-1.18,1.17,-0.01,-0.01,-0.84,0.83,156,2020.0
2020,201942,DeMar DeRozan,SAS,2256,1.26,-0.49,0.78,1.316,1.278,2.11,-0.81,1.3,0.78,1.26,-0.49,91,2020.0
2020,201949,James Johnson,MIN,609,-0.2,0.63,0.43,1.833,2.044,-0.09,0.27,0.18,0.43,-0.2,0.63,142,2020.0
2020,201950,Jrue Holiday,NOP,2103,1.68,1.95,3.63,1.25,1.243,2.52,2.93,5.45,3.63,1.68,1.95,23,2020.0
2020,201952,Jeff Teague,MIN,1426,-1.17,-0.11,-1.27,1.456,1.42,-1.16,-0.1,-1.26,-1.27,-1.17,-0.11,271,2020.0
2020,201959,Taj Gibson,NYK,1018,0.61,-0.19,0.41,1.586,1.967,0.48,-0.15,0.32,0.41,0.61,-0.19,132,2020.0
2020,201960,DeMarre Carroll,HOU,280,-1.05,-0.26,-1.32,2.419,2.971,-0.23,-0.06,-0.29,-1.32,-1.05,-0.26,187,2020.0
2020,201961,Wayne Ellington,NYK,547,-0.48,0.44,-0.03,1.875,1.982,-0.2,0.19,-0.01,-0.03,-0.48,0.44,157,2020.0
2020,201976,Patrick Beverley,LAC,1333,0.5,2.05,2.55,1.428,1.444,0.51,2.11,2.63,2.55,0.5,2.05,61,2020.0
2020,201980,Danny Green,LAL,1673,0.13,1.0,1.13,1.327,1.431,0.16,1.24,1.4,1.13,0.13,1.0,85,2020.0
2020,201988,Patty Mills,SAS,1442,0.3,-0.03,0.27,1.456,1.417,0.32,-0.04,0.29,0.27,0.3,-0.03,133,2020.0
2020,202066,Garrett Temple,BRK,1717,-2.31,-0.14,-2.45,1.403,1.482,-2.83,-0.17,-3.0,-2.45,-2.31,-0.14,363,2020.0
2020,202083,Wesley Matthews,MIL,1625,-1.11,-0.15,-1.26,1.391,1.5,-1.31,-0.18,-1.48,-1.26,-1.11,-0.15,290,2020.0
2020,202324,Derrick Favors,NOP,1239,1.62,1.4,3.02,1.253,1.555,1.43,1.24,2.67,3.02,1.62,1.4,59,2020.0
2020,202329,Al-Farouq Aminu,ORL,364,-1.24,0.69,-0.55,1.948,2.277,-0.33,0.19,-0.15,-0.55,-1.24,0.69,173,2020.0
2020,202330,Gordon Hayward,BOS,1718,1.59,0.12,1.72,1.276,1.323,1.96,0.15,2.12,1.72,1.59,0.12,72,2020.0
2020,202331,Paul George,LAC,1412,3.1,2.6,5.7,1.391,1.468,3.38,2.84,6.22,5.7,3.1,2.6,14,2020.0
2020,202334,Ed Davis,UTA,304,0.93,1.13,2.06,2.057,2.592,0.19,0.24,0.43,2.06,0.93,1.13,127,2020.0
2020,202335,Patrick Patterson,LAC,733,-1.63,-0.25,-1.89,1.551,1.805,-0.93,-0.14,-1.07,-1.89,-1.63,-0.25,260,2020.0
2020,202339,Eric Bledsoe,MIL,1641,1.51,1.11,2.62,1.411,1.337,1.79,1.31,3.1,2.62,1.51,1.11,48,2020.0
2020,202340,Avery Bradley,LAL,1171,-1.69,-2.05,-3.74,1.335,1.438,-1.47,-1.77,-3.24,-3.74,-1.69,-2.05,372,2020.0
2020,202355,Hassan Whiteside,POR,1992,2.24,2.13,4.37,1.207,1.44,3.1,2.94,6.04,4.37,2.24,2.13,18,2020.0
2020,202357,Nemanja Bjelica,SAC,1975,1.89,0.28,2.16,1.253,1.483,2.74,0.4,3.14,2.16,1.89,0.28,46,2020.0
2020,202397,Ish Smith,WAS,1736,-0.66,-0.5,-1.17,1.313,1.357,-0.84,-0.63,-1.46,-1.17,-0.66,-0.5,286,2020.0
2020,202681,Kyrie Irving,BRK,659,5.82,1.24,7.06,1.828,1.683,2.74,0.58,3.32,7.06,5.82,1.24,42,2020.0
2020,202683,Enes Freedom,BOS,985,2.25,0.95,3.2,1.337,1.649,1.59,0.67,2.26,3.2,2.25,0.95,69,2020.0
2020,202684,Tristan Thompson,CLE,1712,-1.3,-0.58,-1.88,1.151,1.439,-1.82,-0.82,-2.64,-1.88,-1.3,-0.58,352,2020.0
2020,202685,Jonas Valančiūnas,MEM,1842,2.9,2.66,5.56,1.254,1.41,3.77,3.45,7.22,5.56,2.9,2.66,12,2020.0
2020,202687,Bismack Biyombo,CHO,1030,-2.51,-0.02,-2.53,1.297,1.628,-2.01,-0.02,-2.03,-2.53,-2.51,-0.02,321,2020.0
2020,202688,Brandon Knight,CLE,460,-2.8,-2.96,-5.76,2.047,1.901,-1.06,-1.12,-2.17,-5.76,-2.8,-2.96,332,2020.0
2020,202689,Kemba Walker,BOS,1727,3.0,1.69,4.69,1.389,1.295,3.71,2.09,5.81,4.69,3.0,1.69,21,2020.0
2020,202692,Alec Burks,GSW,1702,-1.52,0.14,-1.38,1.262,1.296,-1.97,0.18,-1.79,-1.38,-1.52,0.14,306,2020.0
2020,202693,Markieff Morris,DET,1162,-1.25,-0.66,-1.91,1.427,1.575,-1.12,-0.59,-1.71,-1.91,-1.25,-0.66,303,2020.0
2020,202694,Marcus Morris Sr.,NYK,1928,-0.35,0.35,0.0,1.23,1.397,-0.52,0.52,0.0,0.0,-0.35,0.35,155,2020.0
2020,202695,Kawhi Leonard,LAC,1844,4.97,3.74,8.71,1.36,1.287,7.08,5.33,12.41,8.71,4.97,3.74,7,2020.0
2020,202696,Nikola Vucevic,ORL,1973,2.99,3.05,6.04,1.251,1.414,4.32,4.4,8.72,6.04,2.99,3.05,10,2020.0
2020,202699,Tobias Harris,PHI,2467,0.59,0.89,1.48,1.147,1.284,1.03,1.56,2.59,1.48,0.59,0.89,62,2020.0
2020,202704,Reggie Jackson,DET,718,-0.64,1.23,0.59,1.685,1.646,-0.36,0.68,0.33,0.59,-0.64,1.23,130,2020.0
2020,202709,Cory Joseph,SAC,1702,-2.12,0.78,-1.34,1.249,1.283,-2.65,0.97,-1.68,-1.34,-2.12,0.78,299,2020.0
2020,202710,Jimmy Butler III,MIA,1963,2.03,1.78,3.81,1.284,1.391,3.0,2.63,5.63,3.81,2.03,1.78,22,2020.0
2020,202711,Bojan Bogdanovic,UTA,2059,0.16,0.13,0.29,1.321,1.378,0.22,0.18,0.41,0.29,0.16,0.13,128,2020.0
2020,202722,Davis Bertans,WAS,1541,2.62,0.24,2.86,1.26,1.414,2.92,0.26,3.19,2.86,2.62,0.24,45,2020.0
2020,202734,E'Twaun Moore,NOP,1007,-0.35,-2.12,-2.47,1.501,1.53,-0.25,-1.52,-1.77,-2.47,-0.35,-2.12,304,2020.0
2020,202738,Isaiah Thomas,WAS,914,-3.1,-2.41,-5.51,1.683,1.558,-2.05,-1.6,-3.65,-5.51,-3.1,-2.41,379,2020.0
2020,202954,Brad Wanamaker,BOS,1344,-0.72,0.83,0.11,1.352,1.402,-0.7,0.8,0.11,0.11,-0.72,0.83,149,2020.0
2020,203076,Anthony Davis,LAL,2107,4.49,3.85,8.34,1.317,1.378,6.99,6.0,13.0,8.34,4.49,3.85,5,2020.0
2020,203077,Michael Kidd-Gilchrist,CHO,275,-0.84,-0.43,-1.27,2.117,2.519,-0.18,-0.09,-0.27,-1.27,-0.84,-0.43,184,2020.0
2020,203078,Bradley Beal,WAS,2008,2.72,-0.44,2.28,1.291,1.252,3.96,-0.64,3.32,2.28,2.72,-0.44,43,2020.0
2020,203081,Damian Lillard,POR,2444,6.03,1.54,7.57,1.371,1.209,10.21,2.61,12.82,7.57,6.03,1.54,6,2020.0
2020,203082,Terrence Ross,ORL,1825,-0.75,0.37,-0.37,1.247,1.277,-1.0,0.5,-0.5,-0.37,-0.75,0.37,207,2020.0
2020,203083,Andre Drummond,DET,1844,0.27,1.71,1.98,1.212,1.416,0.38,2.43,2.82,1.98,0.27,1.71,53,2020.0
2020,203084,Harrison Barnes,SAC,2402,-1.3,0.07,-1.24,1.129,1.29,-2.3,0.12,-2.18,-1.24,-1.3,0.07,333,2020.0
2020,203085,Austin Rivers,HOU,1573,-1.71,-1.84,-3.56,1.219,1.314,-2.09,-2.25,-4.35,-3.56,-1.71,-1.84,382,2020.0
2020,203086,Meyers Leonard,MIA,1019,0.77,1.04,1.81,1.331,1.633,0.59,0.8,1.39,1.81,0.77,1.04,86,2020.0
2020,203087,Jeremy Lamb,IND,1270,-0.26,0.56,0.3,1.367,1.399,-0.24,0.52,0.27,0.3,-0.26,0.56,135,2020.0
2020,203089,John Henson,CLE,577,0.07,0.39,0.46,1.655,1.99,0.04,0.18,0.22,0.46,0.07,0.39,140,2020.0
2020,203090,Maurice Harkless,LAC,1422,-0.74,-0.26,-1.0,1.229,1.365,-0.81,-0.28,-1.1,-1.0,-0.74,-0.26,264,2020.0
2020,203095,Evan Fournier,ORL,2049,0.04,-0.04,0.01,1.236,1.242,0.06,-0.05,0.01,0.01,0.04,-0.04,154,2020.0
2020,203107,Tomas Satoransky,CHI,1856,-0.49,-0.48,-0.97,1.188,1.273,-0.72,-0.72,-1.44,-0.97,-0.49,-0.48,285,2020.0
2020,203109,Jae Crowder,MEM,1852,-1.16,-0.51,-1.67,1.16,1.38,-1.51,-0.67,-2.18,-1.67,-1.16,-0.51,334,2020.0
2020,203110,Draymond Green,GSW,1212,-0.9,1.99,1.09,1.338,1.526,-0.83,1.83,1.0,1.09,-0.9,1.99,100,2020.0
2020,203114,Khris Middleton,MIL,1829,1.84,0.83,2.67,1.289,1.289,2.42,1.1,3.53,2.67,1.84,0.83,40,2020.0
2020,203115,Will Barton,DEN,1917,-0.71,0.44,-0.27,1.278,1.28,-0.97,0.6,-0.36,-0.27,-0.71,0.44,191,2020.0
2020,203118,Mike Scott,PHI,1177,-0.91,-0.58,-1.5,1.356,1.613,-0.76,-0.49,-1.25,-1.5,-0.91,-0.58,270,2020.0
2020,203124,Kyle O'Quinn,PHI,313,2.61,1.34,3.96,2.074,2.51,0.58,0.3,0.88,3.96,2.61,1.34,103,2020.0
2020,203145,Kent Bazemore,POR,1638,-1.89,-0.87,-2.76,1.245,1.365,-2.15,-0.98,-3.13,-2.76,-1.89,-0.87,367,2020.0
2020,203200,Justin Holiday,IND,1762,-1.28,0.17,-1.1,1.233,1.329,-1.63,0.22,-1.4,-1.1,-1.28,0.17,283,2020.0
2020,203210,JaMychal Green,LAC,1267,-0.84,-0.23,-1.07,1.345,1.508,-0.82,-0.23,-1.05,-1.07,-0.84,-0.23,258,2020.0
2020,203382,Aron Baynes,PHO,919,-1.76,1.24,-0.52,1.608,1.936,-1.14,0.8,-0.34,-0.52,-1.76,1.24,189,2020.0
2020,203457,Nerlens Noel,OKC,1096,0.93,1.66,2.59,1.291,1.627,0.74,1.32,2.07,2.59,0.93,1.66,74,2020.0
2020,203458,Alex Len,ATL,919,-0.42,1.04,0.62,1.341,1.69,-0.31,0.76,0.45,0.62,-0.42,1.04,123,2020.0
2020,203459,Allen Crabbe,ATL,623,-1.29,-2.09,-3.39,1.603,1.715,-0.64,-1.04,-1.68,-3.39,-1.29,-2.09,300,2020.0
2020,203463,Ben McLemore,HOU,1610,-0.54,-1.15,-1.68,1.343,1.313,-0.67,-1.44,-2.11,-1.68,-0.54,-1.15,324,2020.0
2020,203468,CJ McCollum,POR,2529,0.8,0.07,0.88,1.338,1.187,1.4,0.13,1.53,0.88,0.8,0.07,81,2020.0
2020,203469,Cody Zeller,CHO,1318,0.03,0.53,0.56,1.222,1.524,0.03,0.54,0.58,0.56,0.03,0.53,116,2020.0
2020,203471,Dennis Schroder,OKC,1928,-1.0,-0.05,-1.04,1.334,1.25,-1.4,-0.06,-1.46,-1.04,-1.0,-0.05,287,2020.0
2020,203473,Dewayne Dedmon,SAC,759,-1.05,0.24,-0.82,1.611,1.852,-0.59,0.13,-0.46,-0.82,-1.05,0.24,200,2020.0
2020,203476,Gorgui Dieng,MIN,1061,-0.32,1.16,0.84,1.417,1.675,-0.24,0.86,0.62,0.84,-0.32,1.16,112,2020.0
2020,203482,Kelly Olynyk,MIA,1268,1.17,1.37,2.54,1.315,1.546,1.11,1.31,2.42,2.54,1.17,1.37,64,2020.0
2020,203484,Kentavious Caldwell-Pope,LAL,1731,-0.22,-0.6,-0.82,1.203,1.292,-0.28,-0.76,-1.05,-0.82,-0.22,-0.6,259,2020.0
2020,203486,Mason Plumlee,DEN,1017,0.83,2.03,2.86,1.319,1.661,0.6,1.47,2.07,2.86,0.83,2.03,75,2020.0
2020,203487,Michael Carter-Williams,ORL,803,-1.87,-0.34,-2.21,1.658,1.569,-1.1,-0.2,-1.3,-2.21,-1.87,-0.34,273,2020.0
2020,203488,Mike Muscala,OKC,559,-0.39,0.15,-0.24,1.577,1.988,-0.16,0.06,-0.1,-0.24,-0.39,0.15,166,2020.0
2020,203490,Otto Porter Jr.,CHI,329,2.18,1.32,3.49,1.988,2.209,0.57,0.35,0.92,3.49,2.18,1.32,102,2020.0
2020,203493,Reggie Bullock Jr.,NYK,703,-0.75,-0.4,-1.15,1.504,1.671,-0.4,-0.22,-0.62,-1.15,-0.75,-0.4,216,2020.0
2020,203496,Robert Covington,MIN,2090,0.03,1.61,1.63,1.143,1.27,0.04,2.34,2.38,1.63,0.03,1.61,65,2020.0
2020,203497,Rudy Gobert,UTA,2306,3.25,3.36,6.61,1.083,1.349,5.11,5.3,10.41,6.61,3.25,3.36,8,2020.0
2020,203500,Steven Adams,OKC,1645,2.31,1.33,3.63,1.172,1.452,2.76,1.59,4.35,3.63,2.31,1.33,32,2020.0
2020,203501,Tim Hardaway Jr.,DAL,2074,-0.44,0.01,-0.43,1.193,1.239,-0.64,0.02,-0.63,-0.43,-0.44,0.01,217,2020.0
2020,203503,Tony Snell,DET,1633,-1.26,-0.48,-1.74,1.213,1.309,-1.59,-0.6,-2.2,-1.74,-1.26,-0.48,337,2020.0
2020,203504,Trey Burke,PHI,511,0.49,0.2,0.69,2.021,1.821,0.18,0.07,0.25,0.69,0.49,0.2,137,2020.0
2020,203506,Victor Oladipo,IND,524,-0.32,3.45,3.13,1.861,1.823,-0.12,1.31,1.19,3.13,-0.32,3.45,94,2020.0
2020,203507,Giannis Antetokounmpo,MIL,1891,5.58,5.0,10.59,1.453,1.374,7.62,6.83,14.45,10.59,5.58,5.0,4,2020.0
2020,203516,James Ennis III,PHI,1249,-1.52,-1.56,-3.08,1.422,1.428,-1.34,-1.38,-2.72,-3.08,-1.52,-1.56,359,2020.0
2020,203521,Matthew Dellavedova,CLE,792,-3.2,-0.74,-3.94,1.55,1.595,-2.08,-0.48,-2.55,-3.94,-3.2,-0.74,347,2020.0
2020,203524,Solomon Hill,MEM,1030,-1.23,-2.4,-3.63,1.338,1.486,-0.9,-1.74,-2.64,-3.63,-1.23,-2.4,353,2020.0
2020,203526,Raul Neto,PHI,642,-0.42,0.36,-0.06,1.642,1.681,-0.19,0.16,-0.03,-0.06,-0.42,0.36,159,2020.0
2020,203552,Seth Curry,DAL,1538,1.72,-0.01,1.72,1.297,1.343,1.88,-0.01,1.87,1.72,1.72,-0.01,79,2020.0
2020,203584,Troy Daniels,LAL,487,-0.59,-1.95,-2.55,1.823,1.88,-0.21,-0.7,-0.92,-2.55,-0.59,-1.95,246,2020.0
2020,203585,Rodney McGruder,LAC,802,-1.7,-1.74,-3.43,1.503,1.586,-1.05,-1.07,-2.13,-3.43,-1.7,-1.74,327,2020.0
2020,203894,Shabazz Napier,MIN,1325,-0.94,0.3,-0.65,1.43,1.362,-0.87,0.27,-0.6,-0.65,-0.94,0.3,214,2020.0
2020,203895,Jordan McRae,WAS,772,-0.94,-1.88,-2.81,1.693,1.605,-0.52,-1.05,-1.57,-2.81,-0.94,-1.88,295,2020.0
2020,203897,Zach LaVine,CHI,2071,-0.05,0.37,0.32,1.368,1.286,-0.09,0.61,0.52,0.32,-0.05,0.37,118,2020.0
2020,203901,Elfrid Payton,NYK,1262,-0.89,-0.84,-1.74,1.346,1.396,-0.87,-0.82,-1.69,-1.74,-0.89,-0.84,302,2020.0
2020,203903,Jordan Clarkson,UTA,1673,0.09,0.13,0.22,1.413,1.296,0.1,0.14,0.25,0.22,0.09,0.13,138,2020.0
2020,203914,Gary Harris,DEN,1778,-1.77,-0.29,-2.06,1.206,1.3,-2.25,-0.36,-2.61,-2.06,-1.77,-0.29,349,2020.0
2020,203915,Spencer Dinwiddie,BRK,1978,-0.16,1.02,0.86,1.277,1.243,-0.23,1.44,1.21,0.86,-0.16,1.02,92,2020.0
2020,203918,Rodney Hood,POR,613,-1.54,-0.29,-1.83,1.568,1.742,-0.66,-0.12,-0.78,-1.83,-1.54,-0.29,234,2020.0
2020,203920,Khem Birch,ORL,913,-1.09,-0.02,-1.11,1.338,1.686,-0.73,-0.01,-0.74,-1.11,-1.09,-0.02,228,2020.0
2020,203922,Glenn Robinson III,GSW,1761,-1.32,-0.34,-1.66,1.196,1.3,-1.76,-0.46,-2.22,-1.66,-1.32,-0.34,341,2020.0
2020,203924,Jerami Grant,DEN,1863,-0.53,0.03,-0.49,1.254,1.378,-0.7,0.04,-0.66,-0.49,-0.53,0.03,219,2020.0
2020,203925,Joe Harris,BRK,2112,1.57,0.49,2.06,1.149,1.24,2.36,0.74,3.1,2.06,1.57,0.49,49,2020.0
2020,203926,Doug McDermott,IND,1317,0.11,0.01,0.12,1.304,1.392,0.11,0.01,0.12,0.12,0.11,0.01,147,2020.0
2020,203932,Aaron Gordon,ORL,1973,-1.05,0.67,-0.38,1.259,1.39,-1.52,0.97,-0.54,-0.38,-1.05,0.67,211,2020.0
2020,203933,T.J. Warren,IND,2168,0.53,-0.01,0.52,1.177,1.246,0.83,-0.01,0.81,0.52,0.53,-0.01,106,2020.0
2020,203935,Marcus Smart,BOS,1884,-1.08,1.85,0.78,1.343,1.271,-1.45,2.51,1.05,0.78,-1.08,1.85,99,2020.0
2020,203937,Kyle Anderson,MEM,1308,-0.04,1.55,1.51,1.309,1.394,-0.03,1.43,1.39,1.51,-0.04,1.55,87,2020.0
2020,203939,Dwight Powell,DAL,1052,2.26,1.41,3.68,1.29,1.625,1.69,1.05,2.74,3.68,2.26,1.41,56,2020.0
2020,203943,Noah Vonleh,MIN,369,-1.31,0.5,-0.81,1.903,2.398,-0.34,0.13,-0.21,-0.81,-1.31,0.5,175,2020.0
2020,203944,Julius Randle,NYK,2098,0.63,0.85,1.47,1.294,1.346,1.01,1.37,2.38,1.47,0.63,0.85,66,2020.0
2020,203952,Andrew Wiggins,MIN,1841,-0.96,-0.83,-1.79,1.364,1.33,-1.23,-1.07,-2.29,-1.79,-0.96,-0.83,343,2020.0
2020,203953,Jabari Parker,ATL,905,-0.58,-0.72,-1.31,1.541,1.69,-0.42,-0.52,-0.94,-1.31,-0.58,-0.72,247,2020.0
2020,203954,Joel Embiid,PHI,1474,2.06,4.1,6.16,1.492,1.508,2.15,4.28,6.43,6.16,2.06,4.1,13,2020.0
2020,203957,Danté Exum,CLE,466,-3.08,-0.02,-3.11,2.044,1.954,-1.18,-0.01,-1.19,-3.11,-3.08,-0.02,267,2020.0
2020,203960,JaKarr Sampson,IND,443,-0.72,0.0,-0.72,1.889,2.085,-0.23,0.0,-0.23,-0.72,-0.72,0.0,176,2020.0
2020,203967,Dario Šarić,PHO,1614,0.2,-0.43,-0.24,1.218,1.476,0.22,-0.49,-0.27,-0.24,0.2,-0.43,185,2020.0
2020,203991,Clint Capela,HOU,1279,1.52,1.18,2.7,1.304,1.561,1.51,1.17,2.68,2.7,1.52,1.18,58,2020.0
2020,203992,Bogdan Bogdanovic,SAC,1703,-0.41,0.67,0.26,1.285,1.291,-0.52,0.84,0.33,0.26,-0.41,0.67,131,2020.0
2020,203994,Jusuf Nurkic,POR,250,1.33,1.24,2.57,2.395,2.754,0.23,0.22,0.45,2.57,1.33,1.24,124,2020.0
2020,203999,Nikola Jokic,DEN,2330,5.98,3.66,9.64,1.324,1.397,9.93,6.09,16.02,9.64,5.98,3.66,2,2020.0
2020,204001,Kristaps Porzingis,DAL,1790,0.64,2.26,2.89,1.349,1.472,0.81,2.86,3.67,2.89,0.64,2.26,36,2020.0
2020,204020,Tyler Johnson,PHO,673,-1.74,-0.6,-2.34,1.595,1.654,-0.83,-0.29,-1.12,-2.34,-1.74,-0.6,265,2020.0
2020,204025,Tim Frazier,DET,343,-0.5,-1.19,-1.69,2.311,2.155,-0.13,-0.32,-0.45,-1.69,-0.5,-1.19,197,2020.0
2020,204038,Langston Galloway,DET,1680,-1.33,-0.05,-1.38,1.223,1.3,-1.73,-0.06,-1.79,-1.38,-1.33,-0.05,307,2020.0
2020,204060,Joe Ingles,UTA,2113,1.23,1.04,2.27,1.242,1.377,1.77,1.5,3.27,2.27,1.23,1.04,44,2020.0
2020,204456,T.J. McConnell,IND,1283,0.37,-0.38,-0.01,1.485,1.367,0.34,-0.35,-0.01,-0.01,0.37,-0.38,158,2020.0
2020,1626143,Jahlil Okafor,NOP,462,0.82,-0.34,0.48,1.746,2.201,0.27,-0.11,0.16,0.48,0.82,-0.34,144,2020.0
2020,1626144,Emmanuel Mudiay,UTA,826,-1.24,-2.44,-3.68,1.71,1.652,-0.7,-1.38,-2.08,-3.68,-1.24,-2.44,323,2020.0
2020,1626145,Tyus Jones,MEM,1204,-0.5,-0.47,-0.97,1.496,1.483,-0.43,-0.4,-0.83,-0.97,-0.5,-0.47,239,2020.0
2020,1626149,Montrezl Harrell,LAC,1737,3.19,1.34,4.53,1.225,1.434,4.28,1.8,6.07,4.53,3.19,1.34,17,2020.0
2020,1626153,Delon Wright,DAL,1529,0.26,0.53,0.79,1.263,1.31,0.28,0.57,0.86,0.79,0.26,0.53,105,2020.0
2020,1626156,D'Angelo Russell,GSW,1435,1.25,-0.17,1.08,1.55,1.418,1.36,-0.18,1.17,1.08,1.25,-0.17,95,2020.0
2020,1626157,Karl-Anthony Towns,MIN,1159,6.18,1.08,7.26,1.52,1.635,4.99,0.87,5.86,7.26,6.18,1.08,20,2020.0
2020,1626158,Richaun Holmes,SAC,1210,0.92,1.23,2.16,1.38,1.508,0.82,1.1,1.92,2.16,0.92,1.23,78,2020.0
2020,1626159,Justise Winslow,MIA,348,-1.27,0.78,-0.48,2.094,2.432,-0.33,0.21,-0.13,-0.48,-1.27,0.78,170,2020.0
2020,1626161,Willie Cauley-Stein,GSW,1065,-0.37,0.96,0.58,1.286,1.62,-0.3,0.77,0.47,0.58,-0.37,0.96,122,2020.0
2020,1626162,Kelly Oubre Jr.,PHO,1909,-1.24,-0.71,-1.96,1.279,1.32,-1.68,-0.96,-2.64,-1.96,-1.24,-0.71,354,2020.0
2020,1626163,Frank Kaminsky,PHO,746,-0.09,-0.35,-0.44,1.464,1.803,-0.05,-0.19,-0.23,-0.44,-0.09,-0.35,177,2020.0
2020,1626164,Devin Booker,PHO,2465,2.12,-0.19,1.93,1.415,1.28,3.7,-0.33,3.36,1.93,2.12,-0.19,41,2020.0
2020,1626167,Myles Turner,IND,1790,-0.35,1.99,1.64,1.317,1.513,-0.46,2.58,2.12,1.64,-0.35,1.99,73,2020.0
2020,1626168,Trey Lyles,SAS,1248,-0.92,-0.6,-1.53,1.332,1.545,-0.85,-0.56,-1.41,-1.53,-0.92,-0.6,284,2020.0
2020,1626171,Bobby Portis,NYK,1327,-0.57,-0.49,-1.06,1.451,1.521,-0.58,-0.5,-1.08,-1.06,-0.57,-0.49,261,2020.0
2020,1626172,Kevon Looney,GSW,255,1.05,-0.6,0.45,2.307,2.866,0.2,-0.12,0.09,0.45,1.05,-0.6,150,2020.0
2020,1626174,Christian Wood,DET,1334,2.55,1.22,3.78,1.356,1.519,2.63,1.26,3.88,3.78,2.55,1.22,34,2020.0
2020,1626178,Rondae Hollis-Jefferson,TOR,1077,-1.46,0.19,-1.27,1.324,1.575,-1.15,0.15,-0.99,-1.27,-1.46,0.19,253,2020.0
2020,1626179,Terry Rozier,CHO,2140,-1.35,0.46,-0.89,1.306,1.239,-2.24,0.77,-1.47,-0.89,-1.35,0.46,289,2020.0
2020,1626181,Norman Powell,TOR,1439,-0.1,-0.26,-0.36,1.446,1.348,-0.1,-0.28,-0.38,-0.36,-0.1,-0.26,195,2020.0
2020,1626188,Quinn Cook,LAL,482,-0.59,-1.95,-2.54,1.997,1.868,-0.21,-0.7,-0.91,-2.54,-0.59,-1.95,245,2020.0
2020,1626192,Pat Connaughton,MIL,1236,-0.68,0.74,0.06,1.345,1.395,-0.61,0.66,0.05,0.06,-0.68,0.74,152,2020.0
2020,1626195,Willy Hernangomez,CHO,356,0.82,0.01,0.83,2.14,2.384,0.23,0.0,0.23,0.83,0.82,0.01,139,2020.0
2020,1626196,Josh Richardson,PHI,1664,-1.17,0.81,-0.36,1.236,1.303,-1.37,0.95,-0.42,-0.36,-1.17,0.81,196,2020.0
2020,1626203,Treveon Graham,MIN,892,-2.23,-2.62,-4.86,1.412,1.55,-1.39,-1.63,-3.01,-4.86,-2.23,-2.62,364,2020.0
2020,1626204,Larry Nance Jr.,CLE,1431,1.25,0.86,2.11,1.259,1.439,1.46,1.01,2.47,2.11,1.25,0.86,63,2020.0
2020,1626209,Mario Hezonja,POR,855,-1.85,-1.61,-3.46,1.476,1.72,-1.1,-0.95,-2.05,-3.46,-1.85,-1.61,322,2020.0
2020,1626220,Royce O'Neale,UTA,2027,-0.44,1.39,0.94,1.18,1.262,-0.61,1.92,1.31,0.94,-0.44,1.39,90,2020.0
2020,1626224,Cedi Osman,CLE,1882,-1.83,-1.3,-3.13,1.233,1.324,-2.83,-2.0,-4.83,-3.13,-1.83,-1.3,389,2020.0
2020,1626245,Cristiano Felicio,CHI,379,-1.13,-2.02,-3.15,1.823,2.287,-0.34,-0.61,-0.95,-3.15,-1.13,-2.02,249,2020.0
2020,1626246,Boban Marjanovic,DAL,412,2.96,2.11,5.07,2.187,2.362,0.86,0.62,1.48,5.07,2.96,2.11,83,2020.0
2020,1627732,Ben Simmons,PHI,2021,2.09,1.33,3.42,1.285,1.315,2.99,1.91,4.89,3.42,2.09,1.33,27,2020.0
2020,1627733,Dragan Bender,GSW,281,-1.84,-2.34,-4.18,2.404,2.849,-0.39,-0.5,-0.89,-4.18,-1.84,-2.34,243,2020.0
2020,1627734,Domantas Sabonis,IND,2126,1.7,2.17,3.87,1.283,1.461,2.61,3.34,5.95,3.87,1.7,2.17,19,2020.0
2020,1627736,Malik Beasley,DEN,1199,-0.33,-1.24,-1.56,1.553,1.499,-0.28,-1.06,-1.34,-1.56,-0.33,-1.24,276,2020.0
2020,1627737,Marquese Chriss,GSW,1200,-2.2,-0.69,-2.89,1.544,1.662,-2.0,-0.63,-2.63,-2.89,-2.2,-0.69,351,2020.0
2020,1627739,Kris Dunn,CHI,1251,-1.7,-0.32,-2.02,1.36,1.399,-1.7,-0.32,-2.02,-2.02,-1.7,-0.32,319,2020.0
2020,1627741,Buddy Hield,SAC,2158,1.08,0.43,1.5,1.248,1.229,1.7,0.68,2.38,1.5,1.08,0.43,67,2020.0
2020,1627742,Brandon Ingram,NOP,2107,0.25,-0.65,-0.41,1.49,1.377,0.37,-0.98,-0.61,-0.41,0.25,-0.65,215,2020.0
2020,1627745,Damian Jones,ATL,878,-0.9,-0.65,-1.55,1.458,1.77,-0.63,-0.46,-1.08,-1.55,-0.9,-0.65,262,2020.0
2020,1627746,Skal Labissiere,POR,551,-2.55,-0.17,-2.72,1.763,2.045,-0.97,-0.06,-1.04,-2.72,-2.55,-0.17,257,2020.0
2020,1627747,Caris LeVert,BRK,1328,-1.06,0.23,-0.83,1.397,1.392,-1.0,0.21,-0.79,-0.83,-1.06,0.23,237,2020.0
2020,1627748,Thon Maker,DET,773,-3.33,-1.21,-4.55,1.604,1.96,-1.99,-0.72,-2.71,-4.55,-3.33,-1.21,358,2020.0
2020,1627749,Dejounte Murray,SAS,1643,-1.05,0.49,-0.56,1.55,1.374,-1.29,0.6,-0.68,-0.56,-1.05,0.49,224,2020.0
2020,1627750,Jamal Murray,DEN,1891,-0.04,0.36,0.33,1.508,1.38,-0.05,0.49,0.44,0.33,-0.04,0.36,125,2020.0
2020,1627751,Jakob Poeltl,SAS,1133,3.6,0.72,4.32,1.403,1.645,3.03,0.61,3.63,4.32,3.6,0.72,37,2020.0
2020,1627752,Taurean Prince,BRK,1858,-0.95,-1.47,-2.41,1.177,1.301,-1.25,-1.95,-3.2,-2.41,-0.95,-1.47,370,2020.0
2020,1627756,Denzel Valentine,CHI,479,-0.98,-0.29,-1.27,1.824,1.891,-0.37,-0.11,-0.48,-1.27,-0.98,-0.29,203,2020.0
2020,1627759,Jaylen Brown,BOS,1888,-0.36,0.62,0.26,1.454,1.36,-0.49,0.84,0.35,0.26,-0.36,0.62,129,2020.0
2020,1627761,DeAndre' Bembry,ATL,882,-2.11,-1.53,-3.64,1.417,1.575,-1.48,-1.08,-2.56,-3.64,-2.11,-1.53,348,2020.0
2020,1627763,Malcolm Brogdon,IND,1620,0.37,0.63,1.0,1.408,1.292,0.43,0.73,1.17,1.0,0.37,0.63,96,2020.0
2020,1627767,Cheick Diallo,PHO,463,1.81,-0.25,1.56,1.876,2.261,0.59,-0.08,0.51,1.56,1.81,-0.25,119,2020.0
2020,1627774,Jake Layman,MIN,497,-0.2,-1.16,-1.35,1.801,1.908,-0.07,-0.4,-0.47,-1.35,-0.2,-1.16,201,2020.0
2020,1627775,Patrick McCaw,TOR,887,-2.69,-2.71,-5.4,1.444,1.604,-1.74,-1.75,-3.5,-5.4,-2.69,-2.71,377,2020.0
2020,1627777,Georges Niang,UTA,905,0.03,-0.26,-0.23,1.465,1.636,0.02,-0.16,-0.14,-0.23,0.03,-0.26,172,2020.0
2020,1627780,Gary Payton II,WAS,434,-0.67,-1.75,-2.42,1.895,1.954,-0.21,-0.55,-0.76,-2.42,-0.67,-1.75,230,2020.0
2020,1627783,Pascal Siakam,TOR,2112,0.91,2.17,3.09,1.283,1.344,1.4,3.35,4.75,3.09,0.91,2.17,28,2020.0
2020,1627788,Furkan Korkmaz,PHI,1530,-1.05,-0.91,-1.96,1.378,1.461,-1.14,-0.98,-2.12,-1.96,-1.05,-0.91,326,2020.0
2020,1627789,Timothe Luwawu-Cabarrot,BRK,841,-2.92,-0.45,-3.38,1.505,1.631,-1.75,-0.27,-2.02,-3.38,-2.92,-0.45,320,2020.0
2020,1627812,Yogi Ferrell,SAC,491,-0.9,0.25,-0.66,1.962,1.855,-0.33,0.09,-0.24,-0.66,-0.9,0.25,178,2020.0
2020,1627814,Damion Lee,GSW,1389,-1.42,-0.12,-1.54,1.487,1.354,-1.49,-0.13,-1.62,-1.54,-1.42,-0.12,296,2020.0
2020,1627823,Juancho Hernangomez,MIN,826,-1.34,-2.39,-3.74,1.461,1.738,-0.77,-1.38,-2.15,-3.74,-1.34,-2.39,329,2020.0
2020,1627826,Ivica Zubac,LAC,1330,1.22,1.6,2.82,1.444,1.679,1.25,1.64,2.9,2.82,1.22,1.6,51,2020.0
2020,1627827,Dorian Finney-Smith,DAL,2102,-1.39,0.12,-1.27,1.12,1.329,-2.07,0.18,-1.9,-1.27,-1.39,0.12,315,2020.0
2020,1627832,Fred VanVleet,TOR,1899,0.23,2.01,2.24,1.301,1.269,0.32,2.79,3.11,2.24,0.23,2.01,47,2020.0
2020,1627846,Abdel Nader,OKC,857,-2.0,-0.89,-2.89,1.459,1.569,-1.25,-0.56,-1.81,-2.89,-2.0,-0.89,308,2020.0
2020,1627853,Ryan Arcidiacono,CHI,901,-1.33,-0.54,-1.87,1.479,1.534,-0.96,-0.39,-1.34,-1.87,-1.33,-0.54,277,2020.0
2020,1627854,Bryn Forbes,SAS,1532,-1.69,-0.24,-1.93,1.289,1.328,-1.92,-0.27,-2.2,-1.93,-1.69,-0.24,338,2020.0
2020,1627863,Danuel House Jr.,HOU,1888,0.06,-0.11,-0.05,1.155,1.281,0.09,-0.17,-0.07,-0.05,0.06,-0.11,160,2020.0
2020,1627884,Derrick Jones Jr.,MIA,1340,-1.29,0.53,-0.76,1.44,1.524,-1.3,0.53,-0.77,-0.76,-1.29,0.53,232,2020.0
2020,1627885,Shaquille Harrison,CHI,468,-1.81,0.51,-1.3,1.814,1.908,-0.68,0.19,-0.49,-1.3,-1.81,0.51,206,2020.0
2020,1627936,Alex Caruso,LAL,1150,-1.51,0.74,-0.77,1.388,1.445,-1.28,0.63,-0.66,-0.77,-1.51,0.74,220,2020.0
2020,1628021,David Nwaba,BRK,268,-1.25,0.57,-0.67,2.244,2.392,-0.24,0.11,-0.13,-0.67,-1.25,0.57,171,2020.0
2020,1628035,Alfonzo McKinnie,CLE,574,-0.81,-3.36,-4.17,1.663,1.783,-0.38,-1.58,-1.96,-4.17,-0.81,-3.36,317,2020.0
2020,1628365,Markelle Fultz,ORL,1959,-0.9,-1.02,-1.93,1.487,1.427,-1.3,-1.47,-2.76,-1.93,-0.9,-1.02,361,2020.0
2020,1628366,Lonzo Ball,NOP,1999,-0.91,-0.36,-1.27,1.372,1.364,-1.3,-0.52,-1.82,-1.27,-0.91,-0.36,310,2020.0
2020,1628367,Josh Jackson,MEM,363,-2.58,-2.39,-4.97,2.265,2.335,-0.66,-0.61,-1.27,-4.97,-2.58,-2.39,272,2020.0
2020,1628368,De'Aaron Fox,SAC,1583,0.05,-0.9,-0.85,1.634,1.434,0.06,-1.05,-0.99,-0.85,0.05,-0.9,254,2020.0
2020,1628369,Jayson Tatum,BOS,2235,0.42,2.27,2.7,1.534,1.504,0.68,3.65,4.33,2.7,0.42,2.27,33,2020.0
2020,1628370,Malik Monk,CHO,1149,-2.06,-2.26,-4.32,1.728,1.635,-1.84,-2.02,-3.86,-4.32,-2.06,-2.26,380,2020.0
2020,1628371,Jonathan Isaac,ORL,978,-1.04,1.28,0.24,1.547,1.758,-0.74,0.92,0.17,0.24,-1.04,1.28,143,2020.0
2020,1628372,Dennis Smith Jr.,NYK,511,-3.48,-1.88,-5.36,2.062,2.011,-1.37,-0.74,-2.11,-5.36,-3.48,-1.88,325,2020.0
2020,1628373,Frank Ntilikina,NYK,1163,-3.57,-2.05,-5.62,1.556,1.613,-3.2,-1.84,-5.04,-5.62,-3.57,-2.05,390,2020.0
2020,1628374,Lauri Markkanen,CHI,1458,-0.88,-0.68,-1.55,1.507,1.582,-1.02,-0.79,-1.81,-1.55,-0.88,-0.68,309,2020.0
2020,1628378,Donovan Mitchell,UTA,2326,0.12,1.55,1.67,1.451,1.293,0.18,2.47,2.65,1.67,0.12,1.55,60,2020.0
2020,1628379,Luke Kennard,DET,909,-0.37,-0.17,-0.53,1.545,1.621,-0.26,-0.12,-0.37,-0.53,-0.37,-0.17,194,2020.0
2020,1628380,Zach Collins,POR,290,-2.4,0.17,-2.23,2.407,2.71,-0.48,0.03,-0.45,-2.23,-2.4,0.17,198,2020.0
2020,1628381,John Collins,ATL,1349,2.31,0.21,2.51,1.539,1.612,2.48,0.22,2.7,2.51,2.31,0.21,57,2020.0
2020,1628382,Justin Jackson,DAL,1008,-2.36,-1.91,-4.27,1.391,1.545,-1.68,-1.37,-3.05,-4.27,-2.36,-1.91,365,2020.0
2020,1628384,OG Anunoby,TOR,2056,-0.37,-0.2,-0.57,1.339,1.467,-0.55,-0.3,-0.86,-0.57,-0.37,-0.2,240,2020.0
2020,1628385,Harry Giles III,SAC,626,-1.13,-1.82,-2.95,2.02,2.188,-0.52,-0.84,-1.36,-2.95,-1.13,-1.82,279,2020.0
2020,1628386,Jarrett Allen,BRK,1855,1.04,0.57,1.62,1.341,1.619,1.38,0.76,2.14,1.62,1.04,0.57,70,2020.0
2020,1628389,Bam Adebayo,MIA,2411,0.44,2.4,2.84,1.322,1.478,0.8,4.35,5.15,2.84,0.44,2.4,25,2020.0
2020,1628390,Terrance Ferguson,OKC,1215,-2.57,-2.6,-5.16,1.494,1.611,-2.27,-2.3,-4.57,-5.16,-2.57,-2.6,387,2020.0
2020,1628391,D.J. Wilson,MIL,354,-2.05,-1.02,-3.06,2.15,2.415,-0.52,-0.26,-0.78,-3.06,-2.05,-1.02,235,2020.0
2020,1628392,Isaiah Hartenstein,HOU,266,-0.73,0.35,-0.38,2.535,3.036,-0.15,0.07,-0.08,-0.38,-0.73,0.35,162,2020.0
2020,1628394,Anzejs Pasecniks,WAS,424,-1.96,-1.55,-3.51,2.365,2.273,-0.6,-0.48,-1.08,-3.51,-1.96,-1.55,263,2020.0
2020,1628396,Tony Bradley,UTA,635,0.28,-0.91,-0.63,1.809,2.091,0.12,-0.4,-0.27,-0.63,0.28,-0.91,186,2020.0
2020,1628398,Kyle Kuzma,LAL,1454,-0.56,-1.47,-2.04,1.381,1.487,-0.6,-1.59,-2.19,-2.04,-0.56,-1.47,336,2020.0
2020,1628400,Semi Ojeleye,BOS,1007,-2.22,-0.75,-2.97,1.44,1.606,-1.6,-0.54,-2.15,-2.97,-2.22,-0.75,330,2020.0
2020,1628401,Derrick White,SAS,1624,0.59,1.77,2.36,1.337,1.326,0.72,2.13,2.85,2.36,0.59,1.77,52,2020.0
2020,1628402,Frank Jackson,NOP,785,-1.59,-4.15,-5.74,1.999,1.81,-0.89,-2.33,-3.22,-5.74,-1.59,-4.15,371,2020.0
2020,1628403,Caleb Swanigan,POR,280,-1.3,-3.62,-4.92,2.287,2.853,-0.25,-0.7,-0.95,-4.92,-1.3,-3.62,250,2020.0
2020,1628404,Josh Hart,NOP,1708,-0.45,-0.62,-1.06,1.287,1.338,-0.54,-0.76,-1.3,-1.06,-0.45,-0.62,274,2020.0
2020,1628407,Dwayne Bacon,CHO,687,-2.56,-3.68,-6.24,1.735,1.722,-1.37,-1.97,-3.33,-6.24,-2.56,-3.68,375,2020.0
2020,1628408,PJ Dozier,DEN,381,-0.71,-1.81,-2.52,2.032,2.191,-0.19,-0.49,-0.68,-2.52,-0.71,-1.81,225,2020.0
2020,1628410,Edmond Sumner,IND,401,-0.85,-2.42,-3.27,2.155,2.09,-0.25,-0.7,-0.95,-3.27,-0.85,-2.42,251,2020.0
2020,1628411,Wes Iwundu,ORL,919,-3.07,-0.82,-3.89,1.4,1.556,-2.07,-0.55,-2.62,-3.89,-3.07,-0.82,350,2020.0
2020,1628415,Dillon Brooks,MEM,2091,-1.72,-1.78,-3.49,1.241,1.296,-2.53,-2.62,-5.15,-3.49,-1.72,-1.78,393,2020.0
2020,1628418,Thomas Bryant,WAS,1142,3.14,-0.75,2.4,1.465,1.747,2.6,-0.62,1.98,2.4,3.14,-0.75,76,2020.0
2020,1628420,Monté Morris,DEN,1590,0.11,0.95,1.06,1.386,1.346,0.13,1.07,1.2,1.06,0.11,0.95,93,2020.0
2020,1628422,Damyean Dotson,NYK,803,-1.9,-0.29,-2.19,1.488,1.605,-1.17,-0.18,-1.35,-2.19,-1.9,-0.29,278,2020.0
2020,1628425,Sterling Brown,MIL,755,-1.81,-1.03,-2.83,1.518,1.687,-0.98,-0.56,-1.54,-2.83,-1.81,-1.03,292,2020.0
2020,1628436,Luke Kornet,CHI,558,-0.9,0.7,-0.2,1.631,2.055,-0.4,0.31,-0.09,-0.2,-0.9,0.7,164,2020.0
2020,1628449,Chris Boucher,TOR,768,-0.18,1.22,1.04,1.588,1.714,-0.1,0.68,0.58,1.04,-0.18,1.22,117,2020.0
2020,1628464,Daniel Theis,BOS,1542,0.75,1.76,2.51,1.164,1.467,0.83,1.95,2.78,2.51,0.75,1.76,54,2020.0
2020,1628467,Maxi Kleber,DAL,1861,-0.43,0.64,0.21,1.145,1.362,-0.56,0.85,0.28,0.21,-0.43,0.64,134,2020.0
2020,1628470,Torrey Craig,DEN,1053,-2.11,-0.84,-2.95,1.377,1.496,-1.58,-0.63,-2.21,-2.95,-2.11,-0.84,340,2020.0
2020,1628960,Grayson Allen,MEM,708,-1.13,-1.8,-2.93,1.68,1.705,-0.57,-0.9,-1.46,-2.93,-1.13,-1.8,288,2020.0
2020,1628963,Marvin Bagley III,SAC,316,-0.15,-1.91,-2.06,2.636,2.853,-0.04,-0.44,-0.48,-2.06,-0.15,-1.91,204,2020.0
2020,1628964,Mo Bamba,ORL,828,-1.39,0.25,-1.14,1.642,1.998,-0.84,0.15,-0.69,-1.14,-1.39,0.25,226,2020.0
2020,1628966,Keita Bates-Diop,MIN,705,-2.56,-1.23,-3.79,1.57,1.725,-1.26,-0.6,-1.86,-3.79,-2.56,-1.23,311,2020.0
2020,1628969,Mikal Bridges,PHO,2024,-0.36,-0.5,-0.86,1.309,1.341,-0.51,-0.71,-1.23,-0.86,-0.36,-0.5,269,2020.0
2020,1628970,Miles Bridges,CHO,1975,-1.77,-1.72,-3.49,1.525,1.54,-2.72,-2.64,-5.36,-3.49,-1.77,-1.72,394,2020.0
2020,1628971,Bruce Brown,DET,1628,-2.64,-0.99,-3.63,1.404,1.377,-3.31,-1.25,-4.55,-3.63,-2.64,-0.99,386,2020.0
2020,1628972,Troy Brown Jr.,WAS,1747,-1.35,-1.26,-2.61,1.463,1.561,-1.71,-1.59,-3.3,-2.61,-1.35,-1.26,374,2020.0
2020,1628973,Jalen Brunson,DAL,1003,-0.89,0.53,-0.37,1.796,1.559,-0.63,0.37,-0.26,-0.37,-0.89,0.53,182,2020.0
2020,1628975,Jevon Carter,PHO,891,-0.5,0.37,-0.14,1.666,1.57,-0.32,0.23,-0.09,-0.14,-0.5,0.37,165,2020.0
2020,1628976,Wendell Carter Jr.,CHI,1241,-2.34,0.65,-1.69,1.545,1.864,-2.32,0.64,-1.68,-1.69,-2.34,0.65,301,2020.0
2020,1628977,Hamidou Diallo,OKC,842,-2.79,-2.36,-5.14,1.904,1.789,-1.71,-1.45,-3.16,-5.14,-2.79,-2.36,369,2020.0
2020,1628978,Donte DiVincenzo,MIL,1518,0.28,0.94,1.22,1.419,1.414,0.3,1.03,1.33,1.22,0.28,0.94,89,2020.0
2020,1628980,Jacob Evans,GSW,401,-1.52,-3.53,-5.05,2.062,2.224,-0.46,-1.08,-1.54,-5.05,-1.52,-3.53,293,2020.0
2020,1628981,Bruno Fernando,ATL,730,-1.94,-0.93,-2.87,1.777,2.079,-1.13,-0.54,-1.67,-2.87,-1.94,-0.93,298,2020.0
2020,1628983,Shai Gilgeous-Alexander,OKC,2386,0.26,-0.4,-0.14,1.66,1.374,0.46,-0.7,-0.24,-0.14,0.26,-0.4,179,2020.0
2020,1628984,Devonte' Graham,CHO,2154,-1.67,0.08,-1.59,1.296,1.263,-2.8,0.13,-2.67,-1.59,-1.67,0.08,356,2020.0
2020,1628988,Aaron Holiday,IND,1569,-1.09,-0.37,-1.46,1.41,1.389,-1.24,-0.42,-1.66,-1.46,-1.09,-0.37,297,2020.0
2020,1628989,Kevin Huerter,ATL,1754,-0.9,-1.45,-2.36,1.451,1.475,-1.26,-2.03,-3.29,-2.36,-0.9,-1.45,373,2020.0
2020,1628990,Chandler Hutchison,CHI,511,-1.89,-2.66,-4.55,1.814,1.982,-0.77,-1.08,-1.86,-4.55,-1.89,-2.66,312,2020.0
2020,1628991,Jaren Jackson Jr.,MEM,1616,-0.01,0.61,0.6,1.635,1.748,-0.01,0.69,0.68,0.6,-0.01,0.61,111,2020.0
2020,1628995,Kevin Knox II,NYK,1127,-3.48,-3.79,-7.28,1.735,1.738,-3.02,-3.29,-6.32,-7.28,-3.48,-3.79,396,2020.0
2020,1628997,Caleb Martin,CHO,281,-1.06,0.6,-0.46,2.249,2.433,-0.23,0.13,-0.1,-0.46,-1.06,0.6,167,2020.0
2020,1628998,Cody Martin,CHO,876,-2.44,-0.92,-3.36,1.491,1.61,-1.66,-0.63,-2.29,-3.36,-2.44,-0.92,344,2020.0
2020,1629001,De'Anthony Melton,MEM,1134,-1.71,-0.2,-1.91,1.716,1.641,-1.37,-0.16,-1.53,-1.91,-1.71,-0.2,291,2020.0
2020,1629003,Shake Milton,PHI,797,0.64,-1.28,-0.64,1.647,1.688,0.36,-0.72,-0.36,-0.64,0.64,-1.28,192,2020.0
2020,1629004,Svi Mykhailiuk,DET,1256,-1.16,-0.79,-1.95,1.523,1.549,-1.13,-0.76,-1.89,-1.95,-1.16,-0.79,314,2020.0
2020,1629006,Josh Okogie,MIN,1510,-2.41,-1.9,-4.31,1.533,1.526,-2.53,-2.0,-4.53,-4.31,-2.41,-1.9,384,2020.0
2020,1629008,Michael Porter Jr.,DEN,892,1.66,-0.5,1.15,1.743,1.775,1.05,-0.32,0.73,1.15,1.66,-0.5,108,2020.0
2020,1629010,Jerome Robinson,WAS,958,-2.2,-2.62,-4.83,1.68,1.652,-1.53,-1.82,-3.35,-4.83,-2.2,-2.62,376,2020.0
2020,1629011,Mitchell Robinson,NYK,1388,2.26,2.05,4.3,1.373,1.73,2.41,2.19,4.6,4.3,2.26,2.05,29,2020.0
2020,1629012,Collin Sexton,CLE,2111,-2.39,-1.57,-3.96,1.536,1.42,-4.14,-2.71,-6.85,-3.96,-2.39,-1.57,398,2020.0
2020,1629013,Landry Shamet,LAC,1452,-0.96,-0.93,-1.9,1.414,1.479,-1.08,-1.05,-2.13,-1.9,-0.96,-0.93,328,2020.0
2020,1629014,Anfernee Simons,POR,1407,-2.84,-3.6,-6.44,1.718,1.625,-2.77,-3.51,-6.28,-6.44,-2.84,-3.6,395,2020.0
2020,1629016,Omari Spellman,GSW,854,-1.79,-1.62,-3.4,1.622,1.9,-1.16,-1.05,-2.2,-3.4,-1.79,-1.62,339,2020.0
2020,1629018,Gary Trent Jr.,POR,1299,0.33,-0.6,-0.28,1.551,1.583,0.29,-0.54,-0.25,-0.28,0.33,-0.6,181,2020.0
2020,1629019,Allonzo Trier,NYK,278,-2.54,-1.07,-3.61,2.478,2.42,-0.54,-0.23,-0.77,-3.61,-2.54,-1.07,233,2020.0
2020,1629021,Moritz Wagner,WAS,812,-0.26,-0.88,-1.14,1.668,1.93,-0.15,-0.52,-0.67,-1.14,-0.26,-0.88,221,2020.0
2020,1629022,Lonnie Walker IV,SAS,975,-2.07,-1.73,-3.8,1.778,1.712,-1.5,-1.25,-2.75,-3.8,-2.07,-1.73,360,2020.0
2020,1629023,P.J. Washington,CHO,1725,-1.5,-1.4,-2.9,1.457,1.585,-2.01,-1.88,-3.88,-2.9,-1.5,-1.4,381,2020.0
2020,1629026,Kenrich Williams,NOP,834,-1.84,-1.82,-3.66,1.481,1.698,-1.1,-1.08,-2.18,-3.66,-1.84,-1.82,335,2020.0
2020,1629027,Trae Young,ATL,2099,2.06,-1.24,0.83,1.622,1.407,3.45,-2.07,1.38,0.83,2.06,-1.24,88,2020.0
2020,1629028,Deandre Ayton,PHO,1217,0.5,0.09,0.58,1.537,1.789,0.43,0.07,0.5,0.58,0.5,0.09,120,2020.0
2020,1629029,Luka Doncic,DAL,2019,4.47,1.42,5.89,1.78,1.485,6.39,2.03,8.43,5.89,4.47,1.42,11,2020.0
2020,1629033,Theo Pinson,BRK,348,-1.43,-1.25,-2.68,2.11,2.209,-0.36,-0.31,-0.67,-2.68,-1.43,-1.25,222,2020.0
2020,1629035,Carsen Edwards,BOS,344,-1.27,-2.28,-3.56,2.463,2.46,-0.32,-0.56,-0.88,-3.56,-1.27,-2.28,242,2020.0
2020,1629048,Goga Bitadze,IND,440,-0.59,-1.76,-2.35,2.117,2.601,-0.19,-0.56,-0.75,-2.35,-0.59,-1.76,229,2020.0
2020,1629056,Terence Davis,TOR,1143,0.6,1.23,1.83,1.458,1.572,0.5,1.02,1.53,1.83,0.6,1.23,82,2020.0
2020,1629057,Robert Williams III,BOS,386,1.13,1.41,2.54,1.995,2.508,0.31,0.39,0.7,2.54,1.13,1.41,109,2020.0
2020,1629058,Dzanan Musa,BRK,484,-0.95,-2.3,-3.25,2.239,2.282,-0.33,-0.79,-1.12,-3.25,-0.95,-2.3,266,2020.0
2020,1629059,Elie Okobo,PHO,706,-3.82,-1.47,-5.29,1.788,1.798,-1.91,-0.74,-2.64,-5.29,-3.82,-1.47,355,2020.0
2020,1629060,Rui Hachimura,WAS,1432,-2.42,-2.48,-4.9,1.45,1.655,-2.51,-2.58,-5.08,-4.9,-2.42,-2.48,391,2020.0
2020,1629065,Ky Bowman,GSW,976,-2.14,-2.05,-4.19,1.659,1.627,-1.59,-1.51,-3.1,-4.19,-2.14,-2.05,366,2020.0
2020,1629066,Rodions Kurucs,BRK,665,-1.35,-1.2,-2.55,1.812,2.066,-0.64,-0.57,-1.21,-2.55,-1.35,-1.2,268,2020.0
2020,1629067,Isaac Bonga,WAS,1237,-0.96,0.69,-0.27,1.526,1.696,-0.86,0.61,-0.24,-0.27,-0.96,0.69,180,2020.0
2020,1629103,Kelan Martin,MIN,491,-0.9,-1.63,-2.53,1.88,1.956,-0.31,-0.56,-0.87,-2.53,-0.9,-1.63,241,2020.0
2020,1629109,Gary Clark,ORL,532,-1.02,-1.0,-2.01,1.659,1.974,-0.4,-0.39,-0.78,-2.01,-1.02,-1.0,236,2020.0
2020,1629126,Deonte Burton,OKC,322,-1.69,-2.08,-3.77,2.036,2.361,-0.4,-0.49,-0.89,-3.77,-1.69,-2.08,244,2020.0
2020,1629130,Duncan Robinson,MIA,2136,2.47,1.32,3.78,1.23,1.265,3.96,2.11,6.08,3.78,2.47,1.32,16,2020.0
2020,1629134,Kendrick Nunn,MIA,1908,-1.33,-0.43,-1.77,1.376,1.307,-1.92,-0.62,-2.54,-1.77,-1.33,-0.43,346,2020.0
2020,1629162,Jordan McLaughlin,MIN,573,0.06,-1.52,-1.46,1.824,1.865,0.02,-0.61,-0.58,-1.46,0.06,-1.52,213,2020.0
2020,1629164,Brandon Goodwin,ATL,422,-1.1,-1.34,-2.44,2.091,2.029,-0.37,-0.45,-0.82,-2.44,-1.1,-1.34,238,2020.0
2020,1629185,Chris Chiozza,BRK,378,-0.18,0.27,0.1,2.073,2.117,-0.05,0.07,0.03,0.1,-0.18,0.27,153,2020.0
2020,1629234,Drew Eubanks,SAS,282,-1.22,-1.22,-2.43,2.335,2.845,-0.25,-0.25,-0.51,-2.43,-1.22,-1.22,208,2020.0
2020,1629308,Juan Toscano-Anderson,GSW,265,-0.85,-1.84,-2.69,2.172,2.413,-0.17,-0.37,-0.54,-2.69,-0.85,-1.84,212,2020.0
2020,1629598,Chris Clemons,HOU,277,-0.75,-0.45,-1.2,2.7,2.579,-0.16,-0.1,-0.26,-1.2,-0.75,-0.45,183,2020.0
2020,1629611,Terance Mann,LAC,317,-0.84,-1.23,-2.07,2.252,2.358,-0.21,-0.3,-0.51,-2.07,-0.84,-1.23,209,2020.0
2020,1629627,Zion Williamson,NOP,664,2.26,0.13,2.38,2.397,2.277,1.07,0.06,1.13,2.38,2.26,0.13,97,2020.0
2020,1629628,RJ Barrett,NYK,1697,-2.95,-3.19,-6.13,1.764,1.653,-3.85,-4.16,-8.01,-6.13,-2.95,-3.19,402,2020.0
2020,1629629,Cam Reddish,ATL,1541,-2.38,-3.63,-6.01,1.446,1.606,-2.92,-4.46,-7.39,-6.01,-2.38,-3.63,400,2020.0
2020,1629630,Ja Morant,MEM,2051,-0.26,0.67,0.41,1.747,1.48,-0.38,0.97,0.59,0.41,-0.26,0.67,115,2020.0
2020,1629631,De'Andre Hunter,ATL,2020,-1.81,-2.58,-4.39,1.4,1.389,-2.91,-4.16,-7.07,-4.39,-1.81,-2.58,399,2020.0
2020,1629632,Coby White,CHI,1651,-1.81,-3.26,-5.06,1.737,1.647,-2.38,-4.29,-6.67,-5.06,-1.81,-3.26,397,2020.0
2020,1629633,Jarrett Culver,MIN,1485,-2.04,-2.94,-4.97,1.541,1.62,-2.11,-3.03,-5.14,-4.97,-2.04,-2.94,392,2020.0
2020,1629634,Brandon Clarke,MEM,1279,3.3,0.67,3.97,1.376,1.579,2.98,0.6,3.58,3.97,3.3,0.67,39,2020.0
2020,1629635,Sekou Doumbouya,DET,749,-3.33,-4.65,-7.98,2.24,2.189,-1.92,-2.69,-4.61,-7.98,-3.33,-4.65,388,2020.0
2020,1629636,Darius Garland,CLE,1799,-3.29,-2.83,-6.12,1.714,1.521,-4.85,-4.17,-9.02,-6.12,-3.29,-2.83,403,2020.0
2020,1629637,Jaxson Hayes,NOP,1073,0.79,-0.6,0.19,1.625,2.039,0.61,-0.46,0.15,0.19,0.79,-0.6,145,2020.0
2020,1629638,Nickeil Alexander-Walker,NOP,585,-1.68,-4.04,-5.72,1.953,2.016,-0.7,-1.69,-2.39,-5.72,-1.68,-4.04,345,2020.0
2020,1629639,Tyler Herro,MIA,1475,-0.61,-1.88,-2.49,1.755,1.607,-0.68,-2.08,-2.76,-2.49,-0.61,-1.88,362,2020.0
2020,1629640,Keldon Johnson,SAS,290,0.74,-0.44,0.3,2.777,2.788,0.16,-0.1,0.06,0.3,0.74,-0.44,151,2020.0
2020,1629641,Romeo Langford,BOS,369,-0.82,-1.82,-2.64,2.411,2.505,-0.22,-0.48,-0.7,-2.64,-0.82,-1.82,227,2020.0
2020,1629642,Nassir Little,POR,553,-1.13,-1.57,-2.69,2.103,2.288,-0.43,-0.6,-1.03,-2.69,-1.13,-1.57,256,2020.0
2020,1629645,Kevin Porter Jr.,CLE,1140,-2.1,-2.77,-4.86,1.923,1.805,-1.96,-2.58,-4.54,-4.86,-2.1,-2.77,385,2020.0
2020,1629647,Darius Bazley,OKC,1096,-2.82,0.12,-2.69,1.646,1.953,-2.25,0.1,-2.15,-2.69,-2.82,0.12,331,2020.0
2020,1629652,Luguentz Dort,OKC,825,-2.92,-1.54,-4.47,1.744,1.904,-1.76,-0.93,-2.69,-4.47,-2.92,-1.54,357,2020.0
2020,1629655,Daniel Gafford,CHI,594,-1.05,-0.05,-1.1,1.916,2.228,-0.5,-0.02,-0.52,-1.1,-1.05,-0.05,210,2020.0
2020,1629660,Ty Jerome,PHO,310,-0.96,-2.07,-3.03,2.578,2.463,-0.21,-0.46,-0.67,-3.03,-0.96,-2.07,223,2020.0
2020,1629661,Cameron Johnson,PHO,1222,0.06,-0.2,-0.14,1.505,1.597,0.05,-0.18,-0.12,-0.14,0.06,-0.2,168,2020.0
2020,1629667,Jalen McDaniels,CHO,277,-1.33,-0.32,-1.66,2.345,2.605,-0.29,-0.07,-0.36,-1.66,-1.33,-0.32,193,2020.0
2020,1629672,Eric Paschall,GSW,1599,-1.82,-1.13,-2.95,1.337,1.495,-2.21,-1.37,-3.57,-2.95,-1.82,-1.13,378,2020.0
2020,1629673,Jordan Poole,GSW,1266,-3.67,-4.4,-8.07,1.84,1.669,-3.52,-4.22,-7.74,-8.07,-3.67,-4.4,401,2020.0
2020,1629675,Naz Reid,MIN,481,-1.38,-1.48,-2.85,2.208,2.516,-0.46,-0.49,-0.95,-2.85,-1.38,-1.48,252,2020.0
2020,1629678,Admiral Schofield,WAS,335,-1.92,-2.28,-4.2,2.258,2.556,-0.47,-0.55,-1.02,-4.2,-1.92,-2.28,255,2020.0
2020,1629680,Matisse Thybulle,PHI,1277,-1.48,-0.23,-1.72,1.454,1.527,-1.34,-0.21,-1.55,-1.72,-1.48,-0.23,294,2020.0
2020,1629684,Grant Williams,BOS,1002,-1.96,-0.65,-2.61,1.576,1.819,-1.41,-0.47,-1.88,-2.61,-1.96,-0.65,313,2020.0
2020,1629735,Chris Silva,MIA,319,-1.58,-1.1,-2.68,2.542,2.518,-0.38,-0.26,-0.64,-2.68,-1.58,-1.1,218,2020.0
2020,1629740,Nicolo Melli,NOP,1028,-1.14,-1.93,-3.06,1.349,1.596,-0.83,-1.42,-2.25,-3.06,-1.14,-1.93,342,2020.0
2020,1629741,Marko Guduric,MEM,476,-0.8,-2.0,-2.8,1.929,1.959,-0.27,-0.67,-0.94,-2.8,-0.8,-2.0,248,2020.0
2020,1629744,Matt Thomas,TOR,412,-0.12,0.62,0.5,1.931,2.027,-0.04,0.19,0.15,0.5,-0.12,0.62,146,2020.0
2020,1629750,Javonte Green,BOS,470,-0.88,-0.46,-1.34,1.766,1.905,-0.3,-0.15,-0.45,-1.34,-0.88,-0.46,199,2020.0
2021,2544,LeBron James,LAL,1483,4.47,4.14,8.61,1.946,1.8,4.63,4.28,8.91,8.61,4.47,4.14,8,2021.0
2021,2546,Carmelo Anthony,POR,1670,-2.26,-1.11,-3.37,1.706,1.857,-2.52,-1.24,-3.76,-3.37,-2.26,-1.11,405,2021.0
2021,2730,Dwight Howard,PHI,1169,-1.09,1.19,0.09,1.626,1.992,-0.88,0.95,0.07,0.09,-1.09,1.19,155,2021.0
2021,2738,Andre Iguodala,MIA,1338,-2.83,2.25,-0.58,1.665,1.981,-2.45,1.94,-0.5,-0.58,-2.83,2.25,202,2021.0
2021,2772,Trevor Ariza,MIA,821,-1.37,-0.75,-2.12,1.805,2.006,-0.73,-0.4,-1.13,-2.12,-1.37,-0.75,287,2021.0
2021,101108,Chris Paul,PHO,2195,3.0,3.05,6.05,1.515,1.536,4.25,4.31,8.56,6.05,3.0,3.05,9,2021.0
2021,101150,Lou Williams,LAC,1388,0.33,-1.59,-1.26,1.724,1.614,0.3,-1.47,-1.17,-1.26,0.33,-1.59,291,2021.0
2021,200746,LaMarcus Aldridge,SAS,661,0.42,1.66,2.08,2.095,2.366,0.18,0.72,0.9,2.08,0.42,1.66,114,2021.0
2021,200752,Rudy Gay,SAS,1318,-0.57,1.92,1.35,1.581,1.769,-0.5,1.67,1.18,1.35,-0.57,1.92,99,2021.0
2021,200755,JJ Redick,NOP,726,0.56,-1.42,-0.85,2.179,2.18,0.27,-0.67,-0.4,-0.85,0.56,-1.42,192,2021.0
2021,200765,Rajon Rondo,ATL,751,-1.56,-0.69,-2.26,1.94,1.922,-0.79,-0.35,-1.14,-2.26,-1.56,-0.69,288,2021.0
2021,200768,Kyle Lowry,TOR,1558,2.21,0.38,2.59,1.514,1.57,2.42,0.41,2.83,2.59,2.21,0.38,51,2021.0
2021,200782,P.J. Tucker,HOU,1343,-2.0,-1.27,-3.27,1.572,1.747,-1.75,-1.1,-2.85,-3.27,-2.0,-1.27,385,2021.0
2021,200794,Paul Millsap,DEN,1151,-0.21,2.65,2.44,1.67,2.0,-0.17,2.16,1.99,2.44,-0.21,2.65,70,2021.0
2021,201142,Kevin Durant,BRK,1127,6.46,1.19,7.65,1.684,1.69,5.25,0.97,6.22,7.65,6.46,1.19,17,2021.0
2021,201143,Al Horford,OKC,777,0.71,2.53,3.24,1.727,2.134,0.33,1.18,1.51,3.24,0.71,2.53,91,2021.0
2021,201144,Mike Conley,UTA,1444,1.0,2.83,3.83,1.511,1.527,0.97,2.75,3.73,3.83,1.0,2.83,37,2021.0
2021,201145,Jeff Green,BRK,1782,-0.44,-1.04,-1.48,1.427,1.648,-0.56,-1.34,-1.9,-1.48,-0.44,-1.04,349,2021.0
2021,201152,Thaddeus Young,CHI,1604,0.43,1.72,2.15,1.309,1.547,0.51,2.04,2.55,2.15,0.43,1.72,58,2021.0
2021,201188,Marc Gasol,LAL,967,-0.85,4.2,3.35,1.76,2.218,-0.57,2.83,2.26,3.35,-0.85,4.2,64,2021.0
2021,201565,Derrick Rose,NYK,1220,1.12,1.04,2.17,1.644,1.529,0.87,0.81,1.68,2.17,1.12,1.04,78,2021.0
2021,201566,Russell Westbrook,WAS,2287,1.88,0.95,2.82,1.45,1.329,2.71,1.36,4.07,2.82,1.88,0.95,32,2021.0
2021,201567,Kevin Love,CLE,627,1.18,0.97,2.14,1.939,2.024,0.44,0.36,0.81,2.14,1.18,0.97,120,2021.0
2021,201568,Danilo Gallinari,ATL,1161,1.95,1.23,3.17,1.505,1.581,1.52,0.96,2.48,3.17,1.95,1.23,59,2021.0
2021,201569,Eric Gordon,HOU,755,-1.08,-0.74,-1.82,1.692,1.777,-0.53,-0.36,-0.89,-1.82,-1.08,-0.74,255,2021.0
2021,201571,D.J. Augustin,MIL,1120,-1.27,0.55,-0.72,1.612,1.63,-0.97,0.42,-0.55,-0.72,-1.27,0.55,211,2021.0
2021,201572,Brook Lopez,MIL,1910,0.81,1.27,2.09,1.278,1.545,1.07,1.67,2.73,2.09,0.81,1.27,54,2021.0
2021,201577,Robin Lopez,WAS,1299,-0.58,1.11,0.53,1.378,1.689,-0.48,0.91,0.43,0.53,-0.58,1.11,131,2021.0
2021,201580,JaVale McGee,CLE,663,-0.45,0.12,-0.33,1.919,2.146,-0.18,0.05,-0.13,-0.33,-0.45,0.12,168,2021.0
2021,201586,Serge Ibaka,LAC,949,-0.2,0.46,0.27,1.476,1.778,-0.12,0.29,0.17,0.27,-0.2,0.46,150,2021.0
2021,201587,Nicolas Batum,LAC,1821,-0.18,0.91,0.73,1.264,1.504,-0.22,1.1,0.88,0.73,-0.18,0.91,115,2021.0
2021,201588,George Hill,OKC,669,0.53,1.95,2.48,1.87,2.017,0.21,0.78,0.99,2.48,0.53,1.95,110,2021.0
2021,201599,DeAndre Jordan,BRK,1228,0.12,1.71,1.83,1.372,1.714,0.11,1.51,1.62,1.83,0.12,1.71,82,2021.0
2021,201609,Goran Dragic,MIA,1341,-0.99,0.19,-0.8,1.727,1.628,-0.86,0.17,-0.69,-0.8,-0.99,0.19,232,2021.0
2021,201933,Blake Griffin,DET,1176,-0.95,2.41,1.46,1.339,1.675,-0.76,1.93,1.17,1.46,-0.95,2.41,100,2021.0
2021,201935,James Harden,BRK,1555,6.04,2.1,8.13,1.604,1.391,6.77,2.35,9.12,8.13,6.04,2.1,7,2021.0
2021,201937,Ricky Rubio,MIN,1724,-1.03,0.27,-0.77,1.356,1.322,-1.19,0.31,-0.89,-0.77,-1.03,0.27,256,2021.0
2021,201939,Stephen Curry,GSW,2087,8.13,1.59,9.72,1.562,1.352,11.07,2.16,13.24,9.72,8.13,1.59,3,2021.0
2021,201942,DeMar DeRozan,SAS,2021,1.59,-0.81,0.77,1.382,1.342,2.11,-1.08,1.03,0.77,1.59,-0.81,106,2021.0
2021,201949,James Johnson,NOP,1001,-1.18,-0.8,-1.98,1.631,1.819,-0.77,-0.52,-1.3,-1.98,-1.18,-0.8,306,2021.0
2021,201950,Jrue Holiday,MIL,1863,2.9,0.87,3.77,1.307,1.3,3.71,1.11,4.81,3.77,2.9,0.87,27,2021.0
2021,201952,Jeff Teague,BOS,925,-0.9,-1.12,-2.02,1.694,1.652,-0.54,-0.66,-1.2,-2.02,-0.9,-1.12,292,2021.0
2021,201959,Taj Gibson,NYK,902,0.63,1.11,1.74,1.728,2.144,0.36,0.64,1.0,1.74,0.63,1.11,108,2021.0
2021,201961,Wayne Ellington,DET,980,0.5,0.05,0.55,1.617,1.709,0.34,0.03,0.37,0.55,0.5,0.05,139,2021.0
2021,201976,Patrick Beverley,LAC,829,0.22,2.58,2.79,1.689,1.708,0.12,1.42,1.54,2.79,0.22,2.58,88,2021.0
2021,201980,Danny Green,PHI,1919,0.9,0.75,1.65,1.342,1.447,1.18,0.99,2.17,1.65,0.9,0.75,67,2021.0
2021,201988,Patty Mills,SAS,1645,0.4,0.62,1.02,1.461,1.422,0.44,0.67,1.11,1.02,0.4,0.62,102,2021.0
2021,202066,Garrett Temple,CHI,1484,-2.28,0.09,-2.2,1.519,1.604,-2.5,0.09,-2.41,-2.2,-2.28,0.09,371,2021.0
2021,202083,Wesley Matthews,LAL,1119,-2.08,0.66,-1.42,1.599,1.724,-1.62,0.51,-1.11,-1.42,-2.08,0.66,282,2021.0
2021,202322,John Wall,HOU,1260,-1.53,0.02,-1.51,1.603,1.425,-1.25,0.01,-1.24,-1.51,-1.53,0.02,298,2021.0
2021,202324,Derrick Favors,UTA,1047,1.4,0.89,2.29,1.328,1.648,0.99,0.63,1.62,2.29,1.4,0.89,83,2021.0
2021,202326,DeMarcus Cousins,HOU,695,-1.19,1.21,0.02,1.783,1.906,-0.54,0.55,0.01,0.02,-1.19,1.21,158,2021.0
2021,202329,Al-Farouq Aminu,ORL,425,-2.0,1.04,-0.96,1.872,2.188,-0.52,0.27,-0.25,-0.96,-2.0,1.04,174,2021.0
2021,202330,Gordon Hayward,CHO,1475,1.86,0.52,2.38,1.348,1.398,1.87,0.53,2.4,2.38,1.86,0.52,60,2021.0
2021,202331,Paul George,LAC,1814,3.51,3.37,6.89,1.341,1.415,4.25,4.07,8.32,6.89,3.51,3.37,12,2021.0
2021,202334,Ed Davis,MIN,290,-0.18,2.16,1.97,2.156,2.717,-0.04,0.42,0.38,1.97,-0.18,2.16,138,2021.0
2021,202335,Patrick Patterson,LAC,572,-1.65,-0.91,-2.56,1.734,2.018,-0.63,-0.35,-0.98,-2.56,-1.65,-0.91,266,2021.0
2021,202339,Eric Bledsoe,NOP,2081,0.7,-0.72,-0.02,1.38,1.307,0.96,-0.98,-0.03,-0.02,0.7,-0.72,160,2021.0
2021,202340,Avery Bradley,HOU,600,-1.8,-2.43,-4.24,1.674,1.803,-0.7,-0.95,-1.65,-4.24,-1.8,-2.43,334,2021.0
2021,202355,Hassan Whiteside,SAC,535,0.97,2.4,3.37,1.798,2.144,0.34,0.83,1.17,3.37,0.97,2.4,101,2021.0
2021,202357,Nemanja Bjelica,SAC,583,1.31,-0.74,0.56,1.819,2.153,0.49,-0.28,0.21,0.56,1.31,-0.74,146,2021.0
2021,202397,Ish Smith,WAS,875,-0.06,-1.0,-1.06,1.626,1.68,-0.03,-0.56,-0.59,-1.06,-0.06,-1.0,218,2021.0
2021,202681,Kyrie Irving,BRK,1861,4.65,-0.27,4.38,1.381,1.272,6.24,-0.36,5.88,4.38,4.65,-0.27,19,2021.0
2021,202683,Enes Freedom,POR,1743,2.41,1.13,3.55,1.161,1.433,2.81,1.32,4.13,3.55,2.41,1.13,30,2021.0
2021,202684,Tristan Thompson,BOS,1279,-1.11,-0.21,-1.32,1.249,1.561,-0.91,-0.17,-1.08,-1.32,-1.11,-0.21,276,2021.0
2021,202685,Jonas Valančiūnas,MEM,1733,3.36,2.3,5.66,1.275,1.435,3.78,2.59,6.38,5.66,3.36,2.3,16,2021.0
2021,202687,Bismack Biyombo,CHO,1309,-3.18,0.15,-3.03,1.221,1.533,-2.85,0.14,-2.71,-3.03,-3.18,0.15,380,2021.0
2021,202689,Kemba Walker,BOS,1354,2.21,1.73,3.95,1.501,1.399,1.92,1.5,3.42,3.95,2.21,1.73,41,2021.0
2021,202692,Alec Burks,NYK,1211,-1.77,1.65,-0.12,1.388,1.425,-1.36,1.27,-0.09,-0.12,-1.77,1.65,166,2021.0
2021,202693,Markieff Morris,LAL,1200,-1.93,-0.73,-2.66,1.454,1.605,-1.61,-0.61,-2.22,-2.66,-1.93,-0.73,365,2021.0
2021,202694,Marcus Morris Sr.,LAC,1482,-0.51,-0.47,-0.98,1.341,1.522,-0.5,-0.46,-0.96,-0.98,-0.51,-0.47,263,2021.0
2021,202695,Kawhi Leonard,LAC,1755,5.11,3.03,8.14,1.392,1.317,5.97,3.55,9.52,8.14,5.11,3.03,6,2021.0
2021,202696,Nikola Vucevic,ORL,2323,2.19,3.68,5.87,1.237,1.398,3.1,5.22,8.33,5.87,2.19,3.68,11,2021.0
2021,202699,Tobias Harris,PHI,1981,0.24,1.92,2.16,1.2,1.344,0.33,2.6,2.93,2.16,0.24,1.92,50,2021.0
2021,202704,Reggie Jackson,LAC,1529,-0.14,2.04,1.9,1.39,1.359,-0.14,2.08,1.94,1.9,-0.14,2.04,72,2021.0
2021,202709,Cory Joseph,SAC,1412,-2.38,1.19,-1.18,1.32,1.357,-2.17,1.09,-1.08,-1.18,-2.38,1.19,277,2021.0
2021,202710,Jimmy Butler III,MIA,1722,2.24,2.18,4.42,1.357,1.471,2.49,2.42,4.92,4.42,2.24,2.18,26,2021.0
2021,202711,Bojan Bogdanovic,UTA,2183,-0.55,0.2,-0.35,1.342,1.401,-0.81,0.3,-0.51,-0.35,-0.55,0.2,206,2021.0
2021,202722,Davis Bertans,WAS,1394,3.06,-0.49,2.57,1.296,1.454,2.69,-0.43,2.26,2.57,3.06,-0.49,65,2021.0
2021,202734,E'Twaun Moore,PHO,384,-0.7,-2.25,-2.95,2.143,2.185,-0.17,-0.56,-0.73,-2.95,-0.7,-2.25,234,2021.0
2021,202954,Brad Wanamaker,GSW,1049,-2.85,0.28,-2.57,1.484,1.539,-1.95,0.19,-1.76,-2.57,-2.85,0.28,341,2021.0
2021,203076,Anthony Davis,LAL,1149,2.34,3.89,6.23,1.51,1.58,1.88,3.12,5.0,6.23,2.34,3.89,25,2021.0
2021,203078,Bradley Beal,WAS,2104,4.81,-1.88,2.93,1.274,1.235,6.39,-2.5,3.89,2.93,4.81,-1.88,35,2021.0
2021,203081,Damian Lillard,POR,2372,6.96,0.19,7.15,1.406,1.24,11.02,0.3,11.32,7.15,6.96,0.19,4,2021.0
2021,203082,Terrence Ross,ORL,1302,-1.84,0.51,-1.33,1.366,1.399,-1.46,0.4,-1.06,-1.33,-1.84,0.51,272,2021.0
2021,203083,Andre Drummond,CLE,1241,-0.53,1.88,1.35,1.325,1.548,-0.39,1.4,1.01,1.35,-0.53,1.88,107,2021.0
2021,203084,Harrison Barnes,SAC,2068,-0.64,0.05,-0.59,1.166,1.333,-0.86,0.06,-0.79,-0.59,-0.64,0.05,242,2021.0
2021,203085,Austin Rivers,NYK,839,-1.05,-1.2,-2.26,1.45,1.564,-0.56,-0.64,-1.2,-2.26,-1.05,-1.2,293,2021.0
2021,203087,Jeremy Lamb,IND,729,-0.07,-0.37,-0.44,1.613,1.651,-0.03,-0.18,-0.21,-0.44,-0.07,-0.37,171,2021.0
2021,203090,Maurice Harkless,SAC,752,-1.03,-1.19,-2.22,1.465,1.628,-0.5,-0.58,-1.08,-2.22,-1.03,-1.19,278,2021.0
2021,203095,Evan Fournier,ORL,1233,0.63,-0.68,-0.05,1.395,1.401,0.47,-0.51,-0.04,-0.05,0.63,-0.68,162,2021.0
2021,203107,Tomas Satoransky,CHI,1294,-1.15,-0.26,-1.41,1.308,1.401,-1.1,-0.25,-1.35,-1.41,-1.15,-0.26,310,2021.0
2021,203109,Jae Crowder,PHO,1659,-0.93,0.39,-0.54,1.212,1.442,-0.99,0.41,-0.58,-0.54,-0.93,0.39,217,2021.0
2021,203110,Draymond Green,GSW,1957,-0.6,2.05,1.44,1.221,1.392,-0.77,2.61,1.84,1.44,-0.6,2.05,75,2021.0
2021,203114,Khris Middleton,MIL,2299,1.8,0.5,2.29,1.248,1.248,2.83,0.78,3.61,2.29,1.8,0.5,38,2021.0
2021,203115,Will Barton,DEN,1707,-1.93,0.15,-1.78,1.336,1.339,-2.33,0.18,-2.15,-1.78,-1.93,0.15,360,2021.0
2021,203118,Mike Scott,PHI,834,-1.24,-0.99,-2.23,1.55,1.844,-0.71,-0.56,-1.27,-2.23,-1.24,-0.99,303,2021.0
2021,203145,Kent Bazemore,GSW,1295,-1.85,-0.03,-1.88,1.354,1.485,-1.56,-0.02,-1.59,-1.88,-1.85,-0.03,330,2021.0
2021,203200,Justin Holiday,IND,2123,-1.46,-0.65,-2.12,1.22,1.315,-2.06,-0.92,-2.98,-2.12,-1.46,-0.65,391,2021.0
2021,203210,JaMychal Green,DEN,1098,-1.07,0.57,-0.5,1.426,1.599,-0.83,0.44,-0.39,-0.5,-1.07,0.57,191,2021.0
2021,203382,Aron Baynes,TOR,969,-1.16,-0.4,-1.56,1.658,1.995,-0.79,-0.28,-1.07,-1.56,-1.16,-0.4,274,2021.0
2021,203457,Nerlens Noel,NYK,1503,-0.76,2.35,1.6,1.176,1.482,-0.72,2.25,1.52,1.6,-0.76,2.35,89,2021.0
2021,203458,Alex Len,WAS,993,-0.05,0.05,0.0,1.306,1.645,-0.03,0.03,0.0,0.0,-0.05,0.05,159,2021.0
2021,203463,Ben McLemore,HOU,883,-0.15,-2.28,-2.43,1.568,1.533,-0.09,-1.31,-1.4,-2.43,-0.15,-2.28,314,2021.0
2021,203468,CJ McCollum,POR,1595,2.49,0.15,2.65,1.486,1.318,2.66,0.16,2.82,2.65,2.49,0.15,52,2021.0
2021,203469,Cody Zeller,CHO,988,0.31,0.46,0.78,1.326,1.655,0.21,0.31,0.52,0.78,0.31,0.46,128,2021.0
2021,203471,Dennis Schroder,LAL,1933,-1.05,-0.01,-1.06,1.327,1.244,-1.42,-0.02,-1.44,-1.06,-1.05,-0.01,318,2021.0
2021,203476,Gorgui Dieng,MEM,546,0.11,1.76,1.87,1.8,2.129,0.04,0.63,0.67,1.87,0.11,1.76,124,2021.0
2021,203482,Kelly Olynyk,MIA,2006,1.17,1.14,2.3,1.199,1.409,1.51,1.48,2.99,2.3,1.17,1.14,47,2021.0
2021,203484,Kentavious Caldwell-Pope,LAL,1878,-0.26,-0.84,-1.1,1.177,1.264,-0.34,-1.1,-1.44,-1.1,-0.26,-0.84,319,2021.0
2021,203486,Mason Plumlee,DET,1454,1.02,2.14,3.17,1.225,1.543,1.01,2.13,3.14,3.17,1.02,2.14,44,2021.0
2021,203487,Michael Carter-Williams,ORL,802,-1.71,-0.04,-1.75,1.679,1.589,-0.84,-0.02,-0.86,-1.75,-1.71,-0.04,251,2021.0
2021,203488,Mike Muscala,OKC,634,-0.57,1.47,0.9,1.529,1.926,-0.22,0.56,0.34,0.9,-0.57,1.47,140,2021.0
2021,203490,Otto Porter Jr.,CHI,575,1.2,0.74,1.94,1.603,1.782,0.51,0.32,0.82,1.94,1.2,0.74,119,2021.0
2021,203493,Reggie Bullock Jr.,NYK,1928,-1.24,1.03,-0.22,1.162,1.291,-1.52,1.26,-0.26,-0.22,-1.24,1.03,176,2021.0
2021,203496,Robert Covington,POR,2227,0.08,1.04,1.12,1.153,1.281,0.12,1.54,1.67,1.12,0.08,1.04,79,2021.0
2021,203497,Rudy Gobert,UTA,2108,2.94,4.41,7.35,1.106,1.378,4.17,6.27,10.44,7.35,2.94,4.41,5,2021.0
2021,203500,Steven Adams,NOP,1579,2.18,0.95,3.13,1.179,1.459,2.26,0.99,3.24,3.13,2.18,0.95,42,2021.0
2021,203501,Tim Hardaway Jr.,DAL,1918,0.19,-0.24,-0.05,1.217,1.264,0.25,-0.32,-0.07,-0.05,0.19,-0.24,164,2021.0
2021,203503,Tony Snell,ATL,972,-1.5,0.98,-0.52,1.405,1.515,-0.98,0.64,-0.34,-0.52,-1.5,0.98,186,2021.0
2021,203504,Trey Burke,DAL,884,-1.02,0.18,-0.83,1.691,1.523,-0.61,0.11,-0.5,-0.83,-1.02,0.18,203,2021.0
2021,203506,Victor Oladipo,HOU,1061,-2.04,0.76,-1.28,1.49,1.459,-1.41,0.52,-0.89,-1.28,-2.04,0.76,257,2021.0
2021,203507,Giannis Antetokounmpo,MIL,1979,7.21,3.3,10.51,1.422,1.345,9.78,4.48,14.26,10.51,7.21,3.3,2,2021.0
2021,203516,James Ennis III,ORL,981,-1.15,-0.48,-1.63,1.551,1.557,-0.69,-0.29,-0.98,-1.63,-1.15,-0.48,267,2021.0
2021,203524,Solomon Hill,ATL,1445,-1.29,-2.43,-3.72,1.239,1.377,-1.26,-2.36,-3.62,-3.72,-1.29,-2.43,401,2021.0
2021,203526,Raul Neto,WAS,1366,-0.11,-0.02,-0.14,1.32,1.351,-0.1,-0.02,-0.12,-0.14,-0.11,-0.02,167,2021.0
2021,203552,Seth Curry,PHI,1624,0.57,0.42,0.99,1.307,1.354,0.64,0.46,1.1,0.99,0.57,0.42,103,2021.0
2021,203648,Thanasis Antetokounmpo,MIL,529,-1.09,-1.2,-2.29,1.651,1.953,-0.4,-0.44,-0.83,-2.29,-1.09,-1.2,250,2021.0
2021,203897,Zach LaVine,CHI,2016,2.15,0.68,2.83,1.348,1.267,3.21,1.01,4.21,2.83,2.15,0.68,29,2021.0
2021,203901,Elfrid Payton,NYK,1459,-1.61,-1.31,-2.91,1.282,1.33,-1.49,-1.21,-2.7,-2.91,-1.61,-1.31,378,2021.0
2021,203903,Jordan Clarkson,UTA,1789,0.0,-0.46,-0.46,1.398,1.282,0.0,-0.56,-0.55,-0.46,0.0,-0.46,212,2021.0
2021,203914,Gary Harris,DEN,1053,-3.42,-0.31,-3.73,1.356,1.462,-2.55,-0.23,-2.78,-3.73,-3.42,-0.31,381,2021.0
2021,203918,Rodney Hood,POR,958,-3.18,-1.33,-4.5,1.366,1.518,-2.03,-0.85,-2.88,-4.5,-3.18,-1.33,388,2021.0
2021,203920,Khem Birch,ORL,1500,-2.0,1.25,-0.74,1.177,1.483,-1.83,1.15,-0.68,-0.74,-2.0,1.25,229,2021.0
2021,203922,Glenn Robinson III,SAC,355,-2.21,-1.56,-3.77,1.963,2.134,-0.51,-0.36,-0.87,-3.77,-2.21,-1.56,253,2021.0
2021,203924,Jerami Grant,DET,1785,-0.99,0.48,-0.51,1.25,1.374,-1.21,0.58,-0.63,-0.51,-0.99,0.48,226,2021.0
2021,203925,Joe Harris,BRK,2086,1.54,0.01,1.55,1.167,1.258,2.32,0.02,2.33,1.55,1.54,0.01,61,2021.0
2021,203926,Doug McDermott,IND,1588,0.71,-0.95,-0.24,1.262,1.347,0.74,-1.0,-0.25,-0.24,0.71,-0.95,175,2021.0
2021,203932,Aaron Gordon,ORL,1364,-0.69,1.3,0.62,1.341,1.48,-0.57,1.09,0.51,0.62,-0.69,1.3,129,2021.0
2021,203935,Marcus Smart,BOS,1550,-0.38,0.85,0.47,1.385,1.311,-0.38,0.84,0.47,0.47,-0.38,0.85,130,2021.0
2021,203937,Kyle Anderson,MEM,1875,-0.3,2.11,1.81,1.199,1.277,-0.37,2.57,2.2,1.81,-0.3,2.11,66,2021.0
2021,203939,Dwight Powell,DAL,949,1.4,1.24,2.64,1.345,1.695,0.9,0.8,1.71,2.64,1.4,1.24,77,2021.0
2021,203944,Julius Randle,NYK,2600,0.61,2.81,3.43,1.229,1.278,1.01,4.65,5.66,3.43,0.61,2.81,21,2021.0
2021,203952,Andrew Wiggins,GSW,2323,-0.25,-0.4,-0.66,1.276,1.245,-0.38,-0.61,-0.99,-0.66,-0.25,-0.4,268,2021.0
2021,203954,Joel Embiid,PHI,1585,3.37,3.65,7.03,1.448,1.464,3.66,3.97,7.63,7.03,3.37,3.65,14,2021.0
2021,203960,JaKarr Sampson,IND,304,-0.47,-1.35,-1.82,2.181,2.407,-0.09,-0.27,-0.37,-1.82,-0.47,-1.35,189,2021.0
2021,203967,Dario Šarić,PHO,872,0.55,-0.48,0.07,1.417,1.717,0.31,-0.27,0.04,0.07,0.55,-0.48,156,2021.0
2021,203991,Clint Capela,ATL,1880,0.94,3.36,4.3,1.178,1.41,1.19,4.26,5.45,4.3,0.94,3.36,23,2021.0
2021,203992,Bogdan Bogdanovic,ATL,1276,0.36,1.85,2.21,1.382,1.389,0.31,1.59,1.9,2.21,0.36,1.85,74,2021.0
2021,203994,Jusuf Nurkic,POR,879,1.83,1.78,3.61,1.489,1.713,1.07,1.04,2.12,3.61,1.83,1.78,69,2021.0
2021,203999,Nikola Jokic,DEN,2455,7.26,3.51,10.78,1.285,1.356,12.64,6.11,18.75,10.78,7.26,3.51,1,2021.0
2021,204001,Kristaps Porzingis,DAL,1299,1.52,0.09,1.61,1.425,1.555,1.34,0.08,1.42,1.61,1.52,0.09,92,2021.0
2021,204020,Tyler Johnson,BRK,663,-2.17,-0.92,-3.09,1.61,1.67,-1.04,-0.44,-1.48,-3.09,-2.17,-0.92,323,2021.0
2021,204038,Langston Galloway,PHO,445,-1.27,0.12,-1.15,1.851,1.968,-0.36,0.03,-0.33,-1.15,-1.27,0.12,185,2021.0
2021,204060,Joe Ingles,UTA,1826,1.35,1.74,3.09,1.332,1.477,1.67,2.14,3.8,3.09,1.35,1.74,36,2021.0
2021,204456,T.J. McConnell,IND,1744,1.72,-0.65,1.07,1.387,1.277,1.99,-0.75,1.23,1.07,1.72,-0.65,98,2021.0
2021,1626143,Jahlil Okafor,DET,340,0.08,-1.27,-1.19,1.927,2.427,0.02,-0.3,-0.28,-1.19,0.08,-1.27,179,2021.0
2021,1626145,Tyus Jones,MEM,1213,-1.55,-0.39,-1.94,1.453,1.439,-1.22,-0.31,-1.53,-1.94,-1.55,-0.39,327,2021.0
2021,1626149,Montrezl Harrell,LAL,1575,2.2,1.46,3.66,1.247,1.46,2.42,1.6,4.02,3.66,2.2,1.46,33,2021.0
2021,1626153,Delon Wright,DET,1732,-0.68,0.76,0.07,1.233,1.278,-0.81,0.9,0.09,0.07,-0.68,0.76,154,2021.0
2021,1626156,D'Angelo Russell,MIN,1164,1.76,-0.77,0.99,1.59,1.455,1.37,-0.6,0.77,0.99,1.76,-0.77,121,2021.0
2021,1626157,Karl-Anthony Towns,MIN,1622,6.65,0.8,7.46,1.37,1.474,7.23,0.87,8.1,7.46,6.65,0.8,13,2021.0
2021,1626158,Richaun Holmes,SAC,1783,0.94,1.76,2.7,1.253,1.368,1.09,2.03,3.12,2.7,0.94,1.76,45,2021.0
2021,1626159,Justise Winslow,MEM,508,-3.17,0.56,-2.62,1.763,2.048,-1.05,0.18,-0.86,-2.62,-3.17,0.56,252,2021.0
2021,1626161,Willie Cauley-Stein,DAL,872,-0.38,2.06,1.68,1.357,1.71,-0.23,1.22,1.0,1.68,-0.38,2.06,109,2021.0
2021,1626162,Kelly Oubre Jr.,GSW,1644,-1.3,-1.15,-2.45,1.295,1.336,-1.4,-1.23,-2.63,-2.45,-1.3,-1.15,373,2021.0
2021,1626163,Frank Kaminsky,PHO,729,-0.28,0.57,0.28,1.469,1.809,-0.13,0.27,0.13,0.28,-0.28,0.57,152,2021.0
2021,1626164,Devin Booker,PHO,2256,2.26,-0.05,2.21,1.398,1.265,3.28,-0.07,3.21,2.21,2.26,-0.05,43,2021.0
2021,1626166,Cameron Payne,PHO,1082,1.08,1.24,2.32,1.521,1.437,0.75,0.87,1.62,2.32,1.08,1.24,84,2021.0
2021,1626167,Myles Turner,IND,1426,-1.0,3.03,2.04,1.35,1.551,-0.94,2.87,1.93,2.04,-1.0,3.03,73,2021.0
2021,1626168,Trey Lyles,SAS,338,-2.07,-0.45,-2.52,2.021,2.345,-0.46,-0.1,-0.56,-2.52,-2.07,-0.45,215,2021.0
2021,1626169,Stanley Johnson,TOR,973,-3.61,-0.56,-4.18,1.455,1.561,-2.47,-0.38,-2.86,-4.18,-3.61,-0.56,386,2021.0
2021,1626171,Bobby Portis,MIL,1365,-0.2,-1.16,-1.35,1.411,1.48,-0.18,-1.08,-1.26,-1.35,-0.2,-1.16,302,2021.0
2021,1626172,Kevon Looney,GSW,1143,0.13,0.07,0.2,1.321,1.641,0.1,0.05,0.15,0.2,0.13,0.07,151,2021.0
2021,1626174,Christian Wood,HOU,1305,1.24,1.83,3.07,1.337,1.497,1.05,1.55,2.6,3.07,1.24,1.83,56,2021.0
2021,1626179,Terry Rozier,CHO,2344,-1.22,0.56,-0.66,1.269,1.203,-1.96,0.89,-1.06,-0.66,-1.22,0.56,273,2021.0
2021,1626181,Norman Powell,TOR,2157,0.28,-0.73,-0.45,1.319,1.229,0.42,-1.1,-0.68,-0.45,0.28,-0.73,230,2021.0
2021,1626184,Chasson Randle,ORL,828,-3.16,-3.25,-6.4,1.554,1.548,-1.6,-1.64,-3.24,-6.4,-3.16,-3.25,395,2021.0
2021,1626192,Pat Connaughton,MIL,1537,-0.34,0.71,0.38,1.28,1.327,-0.35,0.75,0.4,0.38,-0.34,0.71,132,2021.0
2021,1626195,Willy Hernangomez,NOP,828,1.1,-0.77,0.33,1.566,1.744,0.6,-0.42,0.18,0.33,1.1,-0.77,149,2021.0
2021,1626196,Josh Richardson,DAL,1732,-1.9,0.13,-1.76,1.22,1.286,-2.24,0.16,-2.08,-1.76,-1.9,0.13,356,2021.0
2021,1626204,Larry Nance Jr.,CLE,1083,-0.94,2.9,1.96,1.36,1.554,-0.61,1.88,1.27,1.96,-0.94,2.9,97,2021.0
2021,1626220,Royce O'Neale,UTA,2196,-0.39,1.51,1.11,1.157,1.238,-0.58,2.23,1.65,1.11,-0.39,1.51,80,2021.0
2021,1626224,Cedi Osman,CLE,1499,-2.2,-1.83,-4.03,1.271,1.365,-1.98,-1.64,-3.63,-4.03,-2.2,-1.83,402,2021.0
2021,1626246,Boban Marjanovic,DAL,258,1.74,1.54,3.28,2.733,2.952,0.31,0.27,0.58,3.28,1.74,1.54,125,2021.0
2021,1627732,Ben Simmons,PHI,1868,0.83,0.99,1.82,1.27,1.3,1.06,1.27,2.33,1.82,0.83,0.99,62,2021.0
2021,1627734,Domantas Sabonis,IND,2196,1.63,2.33,3.96,1.241,1.412,2.37,3.4,5.77,3.96,1.63,2.33,20,2021.0
2021,1627736,Malik Beasley,MIN,1166,-0.53,-1.18,-1.7,1.521,1.469,-0.41,-0.92,-1.33,-1.7,-0.53,-1.18,308,2021.0
2021,1627741,Buddy Hield,SAC,2406,1.4,-0.37,1.03,1.228,1.21,2.19,-0.58,1.6,1.03,1.4,-0.37,85,2021.0
2021,1627742,Brandon Ingram,NOP,2082,0.8,-0.26,0.54,1.443,1.334,1.09,-0.36,0.73,0.54,0.8,-0.26,122,2021.0
2021,1627745,Damian Jones,SAC,524,-0.97,-1.43,-2.41,1.696,2.059,-0.33,-0.49,-0.82,-2.41,-0.97,-1.43,247,2021.0
2021,1627747,Caris LeVert,IND,1438,-0.03,-0.53,-0.57,1.353,1.348,-0.03,-0.51,-0.54,-0.57,-0.03,-0.53,209,2021.0
2021,1627749,Dejounte Murray,SAS,2116,-0.41,1.01,0.6,1.43,1.267,-0.58,1.41,0.83,0.6,-0.41,1.01,117,2021.0
2021,1627750,Jamal Murray,DEN,1662,0.07,1.61,1.69,1.498,1.371,0.09,1.9,1.99,1.69,0.07,1.61,71,2021.0
2021,1627751,Jakob Poeltl,SAS,1839,2.76,1.84,4.6,1.223,1.434,3.35,2.23,5.58,4.6,2.76,1.84,22,2021.0
2021,1627752,Taurean Prince,CLE,904,-0.58,-1.77,-2.35,1.397,1.544,-0.31,-0.96,-1.28,-2.35,-0.58,-1.77,304,2021.0
2021,1627756,Denzel Valentine,CHI,999,-2.46,0.15,-2.3,1.426,1.478,-1.81,0.11,-1.7,-2.3,-2.46,0.15,339,2021.0
2021,1627759,Jaylen Brown,BOS,1954,0.23,0.84,1.07,1.405,1.314,0.28,1.06,1.34,1.07,0.23,0.84,95,2021.0
2021,1627761,DeAndre' Bembry,TOR,934,-1.95,-0.38,-2.33,1.376,1.529,-1.28,-0.25,-1.53,-2.33,-1.95,-0.38,328,2021.0
2021,1627763,Malcolm Brogdon,IND,1902,0.27,0.74,1.01,1.366,1.253,0.34,0.94,1.28,1.01,0.27,0.74,96,2021.0
2021,1627774,Jake Layman,MIN,609,-0.69,-0.43,-1.11,1.655,1.754,-0.28,-0.17,-0.45,-1.11,-0.69,-0.43,199,2021.0
2021,1627777,Georges Niang,UTA,1110,-0.56,0.18,-0.38,1.376,1.537,-0.42,0.13,-0.28,-0.38,-0.56,0.18,180,2021.0
2021,1627783,Pascal Siakam,TOR,1961,0.99,1.86,2.85,1.286,1.347,1.37,2.57,3.94,2.85,0.99,1.86,34,2021.0
2021,1627788,Furkan Korkmaz,PHI,1042,-0.94,-0.41,-1.35,1.47,1.558,-0.67,-0.29,-0.96,-1.35,-0.94,-0.41,264,2021.0
2021,1627789,Timothe Luwawu-Cabarrot,BRK,1019,-2.36,-2.28,-4.64,1.393,1.51,-1.73,-1.68,-3.41,-4.64,-2.36,-2.28,398,2021.0
2021,1627814,Damion Lee,GSW,1042,-0.1,0.12,0.02,1.611,1.467,-0.07,0.08,0.02,0.02,-0.1,0.12,157,2021.0
2021,1627823,Juancho Hernangomez,MIN,869,-1.27,-2.1,-3.36,1.41,1.677,-0.74,-1.22,-1.96,-3.36,-1.27,-2.1,352,2021.0
2021,1627826,Ivica Zubac,LAC,1603,0.65,2.15,2.79,1.333,1.551,0.69,2.29,2.98,2.79,0.65,2.15,48,2021.0
2021,1627827,Dorian Finney-Smith,DAL,1858,-0.1,0.63,0.54,1.144,1.357,-0.12,0.8,0.68,0.54,-0.1,0.63,123,2021.0
2021,1627832,Fred VanVleet,TOR,1834,-0.09,2.13,2.03,1.295,1.263,-0.12,2.75,2.62,2.03,-0.09,2.13,55,2021.0
2021,1627846,Abdel Nader,PHO,345,-3.14,0.4,-2.74,2.007,2.158,-0.7,0.09,-0.61,-2.74,-3.14,0.4,223,2021.0
2021,1627853,Ryan Arcidiacono,CHI,429,-2.01,0.62,-1.4,1.881,1.951,-0.64,0.2,-0.44,-1.4,-2.01,0.62,197,2021.0
2021,1627854,Bryn Forbes,MIL,1338,-1.27,-1.08,-2.34,1.326,1.367,-1.16,-0.99,-2.15,-2.34,-1.27,-1.08,361,2021.0
2021,1627863,Danuel House Jr.,HOU,905,-0.54,-1.58,-2.12,1.386,1.537,-0.32,-0.93,-1.25,-2.12,-0.54,-1.58,301,2021.0
2021,1627884,Derrick Jones Jr.,POR,1308,-2.4,-0.14,-2.54,1.399,1.481,-2.1,-0.12,-2.22,-2.54,-2.4,-0.14,366,2021.0
2021,1627885,Shaquille Harrison,DEN,308,-3.04,0.53,-2.51,2.127,2.236,-0.66,0.12,-0.55,-2.51,-3.04,0.53,213,2021.0
2021,1627936,Alex Caruso,LAL,1195,-1.54,2.86,1.32,1.357,1.413,-1.28,2.39,1.1,1.32,-1.54,2.86,104,2021.0
2021,1628021,David Nwaba,HOU,660,-0.67,1.6,0.93,1.601,1.706,-0.29,0.69,0.4,0.93,-0.67,1.6,133,2021.0
2021,1628035,Alfonzo McKinnie,LAL,251,-1.55,-1.82,-3.38,2.304,2.469,-0.27,-0.32,-0.59,-3.38,-1.55,-1.82,219,2021.0
2021,1628366,Lonzo Ball,NOP,1730,-0.3,-0.48,-0.79,1.367,1.358,-0.34,-0.55,-0.89,-0.79,-0.3,-0.48,258,2021.0
2021,1628367,Josh Jackson,DET,1555,-2.37,-0.88,-3.25,1.377,1.42,-2.52,-0.94,-3.45,-3.25,-2.37,-0.88,400,2021.0
2021,1628368,De'Aaron Fox,SAC,2012,2.35,-2.13,0.22,1.499,1.316,3.06,-2.78,0.28,0.22,2.35,-2.13,143,2021.0
2021,1628369,Jayson Tatum,BOS,2231,1.71,2.0,3.71,1.473,1.444,2.45,2.86,5.3,3.71,1.71,2.0,24,2021.0
2021,1628370,Malik Monk,CHO,851,-1.61,-1.26,-2.87,1.81,1.712,-0.94,-0.73,-1.67,-2.87,-1.61,-1.26,337,2021.0
2021,1628372,Dennis Smith Jr.,DET,414,-4.08,-0.54,-4.63,2.154,2.101,-1.15,-0.15,-1.31,-4.63,-4.08,-0.54,307,2021.0
2021,1628373,Frank Ntilikina,NYK,326,-3.9,-0.53,-4.43,2.303,2.389,-0.81,-0.11,-0.92,-4.43,-3.9,-0.53,259,2021.0
2021,1628374,Lauri Markkanen,CHI,1305,-0.89,0.47,-0.43,1.496,1.571,-0.86,0.45,-0.41,-0.43,-0.89,0.47,193,2021.0
2021,1628378,Donovan Mitchell,UTA,1754,0.36,0.35,0.71,1.493,1.331,0.42,0.42,0.84,0.71,0.36,0.35,116,2021.0
2021,1628379,Luke Kennard,LAC,1220,-0.5,-1.43,-1.94,1.384,1.452,-0.41,-1.17,-1.57,-1.94,-0.5,-1.43,329,2021.0
2021,1628381,John Collins,ATL,1842,3.0,0.63,3.63,1.384,1.45,3.72,0.78,4.5,3.63,3.0,0.63,28,2021.0
2021,1628382,Justin Jackson,OKC,565,-1.51,-2.06,-3.57,1.64,1.822,-0.51,-0.7,-1.21,-3.57,-1.51,-2.06,294,2021.0
2021,1628384,OG Anunoby,TOR,1426,-0.18,1.17,0.99,1.402,1.536,-0.19,1.18,0.99,0.99,-0.18,1.17,111,2021.0
2021,1628385,Harry Giles III,POR,331,-0.94,-2.46,-3.4,2.46,2.665,-0.21,-0.54,-0.75,-3.4,-0.94,-2.46,237,2021.0
2021,1628386,Jarrett Allen,CLE,1831,1.49,1.22,2.71,1.291,1.559,1.64,1.34,2.98,2.71,1.49,1.22,49,2021.0
2021,1628389,Bam Adebayo,MIA,2117,1.14,3.39,4.53,1.309,1.462,1.56,4.63,6.2,4.53,1.14,3.39,18,2021.0
2021,1628391,D.J. Wilson,HOU,429,-3.04,-0.87,-3.91,1.941,2.18,-0.85,-0.24,-1.09,-3.91,-3.04,-0.87,280,2021.0
2021,1628392,Isaiah Hartenstein,CLE,552,-0.72,1.9,1.17,1.833,2.195,-0.24,0.63,0.39,1.17,-0.72,1.9,137,2021.0
2021,1628396,Tony Bradley,OKC,665,1.15,-0.63,0.51,1.72,1.989,0.46,-0.25,0.2,0.51,1.15,-0.63,147,2021.0
2021,1628398,Kyle Kuzma,LAL,1930,-1.49,-0.49,-1.99,1.27,1.368,-2.01,-0.67,-2.67,-1.99,-1.49,-0.49,376,2021.0
2021,1628400,Semi Ojeleye,BOS,944,-3.47,0.99,-2.48,1.449,1.616,-2.1,0.6,-1.5,-2.48,-3.47,0.99,326,2021.0
2021,1628401,Derrick White,SAS,1068,-0.13,2.48,2.35,1.468,1.457,-0.1,1.75,1.65,2.35,-0.13,2.48,81,2021.0
2021,1628402,Frank Jackson,DET,745,-2.04,-1.13,-3.18,1.952,1.767,-1.04,-0.58,-1.62,-3.18,-2.04,-1.13,332,2021.0
2021,1628404,Josh Hart,NOP,1336,-0.93,-0.4,-1.33,1.336,1.39,-0.81,-0.35,-1.16,-1.33,-0.93,-0.4,290,2021.0
2021,1628407,Dwayne Bacon,ORL,1847,-3.61,-2.54,-6.15,1.3,1.29,-4.07,-2.87,-6.94,-6.15,-3.61,-2.54,416,2021.0
2021,1628408,PJ Dozier,DEN,1069,-1.56,0.67,-0.89,1.395,1.505,-1.18,0.51,-0.68,-0.89,-1.56,0.67,231,2021.0
2021,1628410,Edmond Sumner,IND,843,-0.05,-2.89,-2.94,1.63,1.581,-0.03,-1.62,-1.64,-2.94,-0.05,-2.89,333,2021.0
2021,1628411,Wes Iwundu,DAL,509,-2.55,-1.4,-3.95,1.682,1.868,-0.88,-0.49,-1.37,-3.95,-2.55,-1.4,313,2021.0
2021,1628415,Dillon Brooks,MEM,1964,-0.63,-1.99,-2.61,1.231,1.286,-0.8,-2.54,-3.34,-2.61,-0.63,-1.99,396,2021.0
2021,1628418,Thomas Bryant,WAS,263,3.16,-1.5,1.66,2.372,2.829,0.52,-0.25,0.28,1.66,3.16,-1.5,144,2021.0
2021,1628420,Monté Morris,DEN,1180,-0.93,1.28,0.35,1.463,1.421,-0.78,1.07,0.29,0.35,-0.93,1.28,142,2021.0
2021,1628422,Damyean Dotson,CLE,880,-2.72,-0.82,-3.54,1.429,1.541,-1.44,-0.43,-1.87,-3.54,-2.72,-0.82,346,2021.0
2021,1628425,Sterling Brown,HOU,1196,-1.79,-0.03,-1.82,1.3,1.445,-1.39,-0.02,-1.42,-1.82,-1.79,-0.03,316,2021.0
2021,1628427,Vlatko Čančar,DEN,267,-1.43,-2.85,-4.28,2.277,2.709,-0.27,-0.54,-0.81,-4.28,-1.43,-2.85,246,2021.0
2021,1628436,Luke Kornet,BOS,338,-1.37,1.87,0.5,1.931,2.433,-0.3,0.41,0.11,0.5,-1.37,1.87,153,2021.0
2021,1628449,Chris Boucher,TOR,1410,1.65,1.47,3.12,1.344,1.45,1.64,1.46,3.1,3.12,1.65,1.47,46,2021.0
2021,1628464,Daniel Theis,BOS,1584,-0.12,1.63,1.5,1.162,1.464,-0.13,1.65,1.52,1.5,-0.12,1.63,90,2021.0
2021,1628467,Maxi Kleber,DAL,1291,-0.48,1.09,0.61,1.262,1.501,-0.42,0.96,0.53,0.61,-0.48,1.09,126,2021.0
2021,1628470,Torrey Craig,PHO,790,-2.39,-1.2,-3.58,1.531,1.663,-1.22,-0.61,-1.83,-3.58,-2.39,-1.2,345,2021.0
2021,1628539,Mychal Mulder,GSW,743,0.17,-0.83,-0.66,1.551,1.608,0.08,-0.4,-0.32,-0.66,0.17,-0.83,184,2021.0
2021,1628778,Paul Watson,TOR,285,-0.68,-1.96,-2.64,2.107,2.342,-0.14,-0.39,-0.53,-2.64,-0.68,-1.96,208,2021.0
2021,1628960,Grayson Allen,MEM,1255,-0.26,-1.81,-2.07,1.391,1.412,-0.22,-1.48,-1.69,-2.07,-0.26,-1.81,338,2021.0
2021,1628963,Marvin Bagley III,SAC,1109,-0.81,-1.91,-2.72,1.633,1.768,-0.58,-1.37,-1.95,-2.72,-0.81,-1.91,350,2021.0
2021,1628964,Mo Bamba,ORL,723,-2.04,1.01,-1.02,1.646,2.003,-0.9,0.45,-0.45,-1.02,-2.04,1.01,200,2021.0
2021,1628969,Mikal Bridges,PHO,2352,0.6,0.94,1.53,1.237,1.268,0.9,1.42,2.32,1.53,0.6,0.94,63,2021.0
2021,1628970,Miles Bridges,CHO,1882,-1.11,0.25,-0.86,1.479,1.494,-1.43,0.32,-1.11,-0.86,-1.11,0.25,283,2021.0
2021,1628971,Bruce Brown,BRK,1419,-2.12,0.06,-2.06,1.411,1.383,-2.17,0.06,-2.11,-2.06,-2.12,0.06,357,2021.0
2021,1628972,Troy Brown Jr.,WAS,519,-1.01,-1.39,-2.4,1.991,2.125,-0.33,-0.46,-0.79,-2.4,-1.01,-1.39,243,2021.0
2021,1628973,Jalen Brunson,DAL,1645,-0.17,1.55,1.39,1.539,1.336,-0.19,1.74,1.55,1.39,-0.17,1.55,87,2021.0
2021,1628975,Jevon Carter,PHO,701,-1.12,0.61,-0.52,1.76,1.659,-0.51,0.27,-0.23,-0.52,-1.12,0.61,173,2021.0
2021,1628976,Wendell Carter Jr.,CHI,1361,-2.56,1.76,-0.79,1.441,1.739,-2.57,1.77,-0.8,-0.79,-2.56,1.76,245,2021.0
2021,1628977,Hamidou Diallo,OKC,1220,-2.53,-0.44,-2.97,1.644,1.545,-1.85,-0.32,-2.17,-2.97,-2.53,-0.44,362,2021.0
2021,1628978,Donte DiVincenzo,MIL,1843,-0.0,-0.47,-0.47,1.321,1.317,-0.0,-0.59,-0.59,-0.47,-0.0,-0.47,220,2021.0
2021,1628983,Shai Gilgeous-Alexander,OKC,1172,1.48,0.0,1.49,1.868,1.546,1.04,0.0,1.04,1.49,1.48,0.0,105,2021.0
2021,1628984,Devonte' Graham,CHO,1591,-1.0,1.77,0.76,1.354,1.319,-1.09,1.92,0.83,0.76,-1.0,1.77,118,2021.0
2021,1628988,Aaron Holiday,IND,1143,-1.01,-1.68,-2.69,1.485,1.462,-0.76,-1.27,-2.04,-2.69,-1.01,-1.68,354,2021.0
2021,1628989,Kevin Huerter,ATL,2061,-0.72,-1.1,-1.82,1.348,1.37,-1.0,-1.53,-2.53,-1.82,-0.72,-1.1,372,2021.0
2021,1628990,Chandler Hutchison,WAS,334,-2.08,-3.05,-5.13,2.075,2.268,-0.44,-0.64,-1.08,-5.13,-2.08,-3.05,279,2021.0
2021,1628991,Jaren Jackson Jr.,MEM,257,-0.99,0.77,-0.23,2.881,3.08,-0.17,0.13,-0.04,-0.23,-0.99,0.77,163,2021.0
2021,1628995,Kevin Knox II,NYK,458,-3.8,-2.65,-6.44,2.22,2.225,-1.11,-0.77,-1.88,-6.44,-3.8,-2.65,347,2021.0
2021,1628997,Caleb Martin,CHO,800,-3.19,-0.68,-3.87,1.5,1.623,-1.74,-0.37,-2.11,-3.87,-3.19,-0.68,358,2021.0
2021,1628998,Cody Martin,CHO,838,-1.98,0.55,-1.43,1.481,1.6,-1.13,0.31,-0.82,-1.43,-1.98,0.55,248,2021.0
2021,1629001,De'Anthony Melton,MEM,1033,0.03,0.56,0.59,1.691,1.617,0.02,0.38,0.4,0.59,0.03,0.56,134,2021.0
2021,1629002,Chimezie Metu,SAC,450,-0.9,-2.91,-3.82,1.898,2.285,-0.26,-0.85,-1.11,-3.82,-0.9,-2.91,284,2021.0
2021,1629003,Shake Milton,PHI,1422,-0.25,-1.0,-1.25,1.363,1.397,-0.24,-0.97,-1.21,-1.25,-0.25,-1.0,295,2021.0
2021,1629004,Svi Mykhailiuk,OKC,1301,-0.8,-1.0,-1.8,1.458,1.483,-0.62,-0.78,-1.41,-1.8,-0.8,-1.0,315,2021.0
2021,1629006,Josh Okogie,MIN,1177,-1.7,-1.85,-3.55,1.567,1.56,-1.34,-1.46,-2.8,-3.55,-1.7,-1.85,384,2021.0
2021,1629008,Michael Porter Jr.,DEN,1889,3.06,-0.0,3.05,1.383,1.408,4.09,-0.0,4.09,3.05,3.06,-0.0,31,2021.0
2021,1629010,Jerome Robinson,WAS,293,-2.2,-3.49,-5.69,2.476,2.435,-0.41,-0.65,-1.05,-5.69,-2.2,-3.49,271,2021.0
2021,1629011,Mitchell Robinson,NYK,855,0.46,3.49,3.94,1.507,1.899,0.25,1.9,2.14,3.94,0.46,3.49,68,2021.0
2021,1629012,Collin Sexton,CLE,2068,-1.17,-1.17,-2.34,1.481,1.369,-1.45,-1.45,-2.9,-2.34,-1.17,-1.17,389,2021.0
2021,1629013,Landry Shamet,BRK,1356,-1.27,-1.58,-2.85,1.389,1.453,-1.24,-1.55,-2.79,-2.85,-1.27,-1.58,382,2021.0
2021,1629014,Anfernee Simons,POR,1083,-2.04,-1.63,-3.66,1.757,1.662,-1.47,-1.18,-2.65,-3.66,-2.04,-1.63,374,2021.0
2021,1629018,Gary Trent Jr.,POR,1759,-0.98,-2.12,-3.1,1.387,1.415,-1.15,-2.49,-3.64,-3.1,-0.98,-2.12,403,2021.0
2021,1629020,Jarred Vanderbilt,MIN,1103,0.6,-0.06,0.55,1.496,1.77,0.45,-0.04,0.4,0.55,0.6,-0.06,135,2021.0
2021,1629021,Moritz Wagner,WAS,704,-0.93,-1.35,-2.28,1.686,1.951,-0.41,-0.6,-1.01,-2.28,-0.93,-1.35,269,2021.0
2021,1629022,Lonnie Walker IV,SAS,1495,-2.18,-3.08,-5.26,1.525,1.469,-2.15,-3.03,-5.18,-5.26,-2.18,-3.08,410,2021.0
2021,1629023,P.J. Washington,CHO,1919,-1.16,0.04,-1.12,1.367,1.488,-1.52,0.05,-1.47,-1.12,-1.16,0.04,322,2021.0
2021,1629026,Kenrich Williams,OKC,1421,-0.03,0.25,0.22,1.263,1.448,-0.02,0.21,0.19,0.22,-0.03,0.25,148,2021.0
2021,1629027,Trae Young,ATL,2093,3.66,-1.71,1.95,1.558,1.352,5.16,-2.41,2.75,1.95,3.66,-1.71,53,2021.0
2021,1629028,Deandre Ayton,PHO,2111,0.36,0.98,1.34,1.301,1.515,0.49,1.33,1.82,1.34,0.36,0.98,76,2021.0
2021,1629029,Luka Doncic,DAL,2198,4.52,1.15,5.67,1.672,1.395,6.75,1.72,8.47,5.67,4.52,1.15,10,2021.0
2021,1629035,Carsen Edwards,BOS,269,-2.36,-2.07,-4.43,2.615,2.611,-0.41,-0.36,-0.77,-4.43,-2.36,-2.07,240,2021.0
2021,1629048,Goga Bitadze,IND,542,-0.54,-1.15,-1.68,1.873,2.301,-0.19,-0.41,-0.61,-1.68,-0.54,-1.15,224,2021.0
2021,1629052,Oshae Brissett,IND,505,1.21,-2.03,-0.81,1.943,2.06,0.41,-0.68,-0.27,-0.81,1.21,-2.03,177,2021.0
2021,1629056,Terence Davis,SAC,1032,-0.48,-0.18,-0.66,1.449,1.562,-0.32,-0.12,-0.44,-0.66,-0.48,-0.18,198,2021.0
2021,1629057,Robert Williams III,BOS,973,4.13,1.42,5.55,1.404,1.765,2.57,0.88,3.46,5.55,4.13,1.42,40,2021.0
2021,1629060,Rui Hachimura,WAS,1739,-0.82,-2.56,-3.38,1.331,1.519,-0.9,-2.81,-3.71,-3.38,-0.82,-2.56,404,2021.0
2021,1629067,Isaac Bonga,WAS,409,-0.76,0.22,-0.54,2.09,2.322,-0.2,0.06,-0.14,-0.54,-0.76,0.22,170,2021.0
2021,1629076,Tyler Cook,DET,443,-2.11,-0.39,-2.5,1.882,2.215,-0.64,-0.12,-0.76,-2.5,-2.11,-0.39,238,2021.0
2021,1629103,Kelan Martin,IND,310,-0.46,0.12,-0.34,2.201,2.29,-0.09,0.03,-0.07,-0.34,-0.46,0.12,165,2021.0
2021,1629109,Gary Clark,ORL,625,-1.23,-2.29,-3.52,1.549,1.842,-0.47,-0.88,-1.35,-3.52,-1.23,-2.29,311,2021.0
2021,1629130,Duncan Robinson,MIA,2220,0.69,1.77,2.46,1.206,1.24,0.99,2.53,3.53,2.46,0.69,1.77,39,2021.0
2021,1629134,Kendrick Nunn,MIA,1630,-1.6,0.44,-1.16,1.396,1.325,-1.68,0.46,-1.22,-1.16,-1.6,0.44,296,2021.0
2021,1629139,Yuta Watanabe,TOR,694,-1.47,-0.32,-1.79,1.537,1.678,-0.72,-0.15,-0.87,-1.79,-1.47,-0.32,254,2021.0
2021,1629162,Jordan McLaughlin,MIN,890,-1.82,-0.68,-2.5,1.536,1.571,-1.09,-0.41,-1.49,-2.5,-1.82,-0.68,325,2021.0
2021,1629164,Brandon Goodwin,ATL,597,-3.77,-0.47,-4.24,1.806,1.752,-1.52,-0.19,-1.71,-4.24,-3.77,-0.47,340,2021.0
2021,1629216,Gabe Vincent,MIA,654,-3.58,-1.62,-5.2,1.699,1.733,-1.52,-0.68,-2.2,-5.2,-3.58,-1.62,364,2021.0
2021,1629234,Drew Eubanks,SAS,727,-0.84,-0.04,-0.88,1.585,1.931,-0.4,-0.02,-0.42,-0.88,-0.84,-0.04,195,2021.0
2021,1629308,Juan Toscano-Anderson,GSW,1086,1.3,0.64,1.94,1.313,1.458,0.92,0.45,1.37,1.94,1.3,0.64,94,2021.0
2021,1629599,Amir Coffey,LAC,387,-3.18,0.01,-3.17,2.094,2.178,-0.82,0.0,-0.82,-3.17,-3.18,0.01,249,2021.0
2021,1629610,DaQuan Jeffries,HOU,485,-0.29,-1.84,-2.13,1.885,2.0,-0.09,-0.58,-0.67,-2.13,-0.29,-1.84,228,2021.0
2021,1629611,Terance Mann,LAC,1252,-0.91,-0.24,-1.15,1.377,1.442,-0.76,-0.2,-0.96,-1.15,-0.91,-0.24,265,2021.0
2021,1629622,Max Strus,MIA,497,-1.09,-1.19,-2.28,1.805,1.947,-0.35,-0.38,-0.73,-2.28,-1.09,-1.19,235,2021.0
2021,1629627,Zion Williamson,NOP,2004,5.18,-0.0,5.17,1.693,1.608,6.79,-0.0,6.79,5.17,5.18,-0.0,15,2021.0
2021,1629628,RJ Barrett,NYK,2455,-2.22,-0.31,-2.53,1.558,1.46,-3.47,-0.48,-3.94,-2.53,-2.22,-0.31,406,2021.0
2021,1629629,Cam Reddish,ATL,741,-2.1,-3.31,-5.41,1.693,1.881,-1.05,-1.65,-2.7,-5.41,-2.1,-3.31,379,2021.0
2021,1629630,Ja Morant,MEM,2038,0.54,-0.64,-0.1,1.671,1.415,0.72,-0.85,-0.13,-0.1,0.54,-0.64,169,2021.0
2021,1629631,De'Andre Hunter,ATL,679,-1.98,1.24,-0.74,1.81,1.795,-0.91,0.57,-0.34,-0.74,-1.98,1.24,187,2021.0
2021,1629632,Coby White,CHI,2098,-1.76,-1.77,-3.54,1.57,1.488,-2.73,-2.75,-5.48,-3.54,-1.76,-1.77,412,2021.0
2021,1629633,Jarrett Culver,MIN,487,-2.08,-2.34,-4.42,2.068,2.175,-0.68,-0.76,-1.44,-4.42,-2.08,-2.34,320,2021.0
2021,1629634,Brandon Clarke,MEM,1399,1.41,0.33,1.74,1.308,1.501,1.28,0.3,1.58,1.74,1.41,0.33,86,2021.0
2021,1629635,Sekou Doumbouya,DET,862,-3.88,-3.74,-7.62,2.038,1.991,-2.28,-2.2,-4.48,-7.62,-3.88,-3.74,407,2021.0
2021,1629636,Darius Garland,CLE,1803,-1.88,-1.1,-2.97,1.636,1.451,-2.03,-1.19,-3.22,-2.97,-1.88,-1.1,394,2021.0
2021,1629637,Jaxson Hayes,NOP,960,0.24,0.6,0.84,1.595,2.001,0.15,0.38,0.53,0.84,0.24,0.6,127,2021.0
2021,1629638,Nickeil Alexander-Walker,NOP,975,-1.66,-1.84,-3.5,1.592,1.644,-1.06,-1.17,-2.24,-3.5,-1.66,-1.84,368,2021.0
2021,1629639,Tyler Herro,MIA,1637,-1.95,-0.69,-2.64,1.636,1.498,-2.06,-0.73,-2.79,-2.64,-1.95,-0.69,383,2021.0
2021,1629640,Keldon Johnson,SAS,1961,-1.0,-1.29,-2.29,1.45,1.455,-1.3,-1.67,-2.96,-2.29,-1.0,-1.29,390,2021.0
2021,1629641,Romeo Langford,BOS,277,-1.69,-1.2,-2.89,2.585,2.686,-0.3,-0.21,-0.51,-2.89,-1.69,-1.2,207,2021.0
2021,1629642,Nassir Little,POR,632,-1.21,-2.23,-3.45,1.908,2.076,-0.51,-0.94,-1.46,-3.45,-1.21,-2.23,321,2021.0
2021,1629643,Chuma Okeke,ORL,1120,-1.48,0.64,-0.84,1.423,1.693,-1.01,0.44,-0.57,-0.84,-1.48,0.64,216,2021.0
2021,1629644,KZ Okpala,MIA,440,-2.2,-3.46,-5.66,2.012,2.394,-0.63,-0.98,-1.61,-5.66,-2.2,-3.46,331,2021.0
2021,1629645,Kevin Porter Jr.,HOU,810,-1.85,-3.82,-5.67,2.019,1.896,-0.97,-2.01,-2.99,-5.67,-1.85,-3.82,392,2021.0
2021,1629647,Darius Bazley,OKC,1711,-3.75,-0.94,-4.69,1.401,1.663,-3.84,-0.96,-4.81,-4.69,-3.75,-0.94,408,2021.0
2021,1629650,Moses Brown,OKC,918,-2.0,-1.24,-3.24,1.733,1.936,-1.1,-0.68,-1.78,-3.24,-2.0,-1.24,342,2021.0
2021,1629651,Nic Claxton,BRK,587,-0.47,1.06,0.59,1.87,2.237,-0.2,0.45,0.25,0.59,-0.47,1.06,145,2021.0
2021,1629652,Luguentz Dort,OKC,1537,-2.18,0.13,-2.05,1.406,1.535,-2.01,0.12,-1.89,-2.05,-2.18,0.13,348,2021.0
2021,1629655,Daniel Gafford,WAS,744,2.45,0.52,2.98,1.706,1.984,1.15,0.24,1.4,2.98,2.45,0.52,93,2021.0
2021,1629658,Jaylen Hoard,OKC,309,-1.02,-0.97,-1.99,2.509,2.594,-0.19,-0.18,-0.37,-1.99,-1.02,-0.97,190,2021.0
2021,1629659,Talen Horton-Tucker,LAL,1284,-1.71,0.33,-1.38,1.706,1.663,-1.53,0.3,-1.24,-1.38,-1.71,0.33,299,2021.0
2021,1629660,Ty Jerome,OKC,784,-0.42,-0.01,-0.44,1.776,1.696,-0.2,-0.01,-0.21,-0.44,-0.42,-0.01,172,2021.0
2021,1629661,Cameron Johnson,PHO,1421,-1.37,0.82,-0.55,1.409,1.496,-1.25,0.75,-0.5,-0.55,-1.37,0.82,204,2021.0
2021,1629662,Mfiondu Kabengele,CLE,257,-2.25,-0.98,-3.23,2.314,2.753,-0.35,-0.15,-0.5,-3.23,-2.25,-0.98,205,2021.0
2021,1629667,Jalen McDaniels,CHO,873,-2.17,-1.56,-3.73,1.492,1.657,-1.3,-0.93,-2.23,-3.73,-2.17,-1.56,367,2021.0
2021,1629669,Jaylen Nowell,MIN,733,-1.93,-0.82,-2.75,1.918,1.869,-0.95,-0.4,-1.35,-2.75,-1.93,-0.82,312,2021.0
2021,1629670,Jordan Nwora,MIL,261,-0.52,-1.11,-1.64,2.681,2.671,-0.09,-0.2,-0.29,-1.64,-0.52,-1.11,182,2021.0
2021,1629671,Miye Oni,UTA,492,-1.21,-0.08,-1.28,1.845,1.989,-0.4,-0.03,-0.43,-1.28,-1.21,-0.08,196,2021.0
2021,1629672,Eric Paschall,GSW,686,-1.25,-1.93,-3.18,1.649,1.845,-0.56,-0.86,-1.42,-3.18,-1.25,-1.93,317,2021.0
2021,1629673,Jordan Poole,GSW,960,-2.92,-0.46,-3.38,1.896,1.72,-1.83,-0.29,-2.12,-3.38,-2.92,-0.46,359,2021.0
2021,1629675,Naz Reid,MIN,1322,-0.64,0.29,-0.35,1.537,1.751,-0.57,0.26,-0.31,-0.35,-0.64,0.29,183,2021.0
2021,1629676,Isaiah Roby,OKC,1398,-1.39,-1.79,-3.18,1.43,1.598,-1.16,-1.5,-2.66,-3.18,-1.39,-1.79,375,2021.0
2021,1629677,Luka Samanic,SAS,301,-1.57,-0.89,-2.46,2.591,2.779,-0.31,-0.18,-0.49,-2.46,-1.57,-0.89,201,2021.0
2021,1629680,Matisse Thybulle,PHI,1261,-1.58,1.26,-0.32,1.409,1.48,-1.36,1.09,-0.27,-0.32,-1.58,1.26,178,2021.0
2021,1629684,Grant Williams,BOS,1120,-2.16,-0.68,-2.85,1.467,1.693,-1.55,-0.49,-2.04,-2.85,-2.16,-0.68,355,2021.0
2021,1629685,Dylan Windler,CLE,524,-1.29,-0.9,-2.18,1.729,1.91,-0.4,-0.28,-0.69,-2.18,-1.29,-0.9,233,2021.0
2021,1629713,Justin James,SAC,299,-2.63,-0.52,-3.15,2.318,2.372,-0.51,-0.1,-0.61,-3.15,-2.63,-0.52,225,2021.0
2021,1629717,Armoni Brooks,HOU,518,-1.77,-2.62,-4.39,2.118,2.001,-0.6,-0.88,-1.48,-4.39,-1.77,-2.62,324,2021.0
2021,1629723,John Konchar,MEM,560,0.49,0.32,0.81,1.713,1.847,0.18,0.12,0.3,0.81,0.49,0.32,141,2021.0
2021,1629726,Garrison Mathews,WAS,1002,-0.29,-1.4,-1.69,1.483,1.532,-0.18,-0.89,-1.07,-1.69,-0.29,-1.4,275,2021.0
2021,1629731,Dean Wade,CLE,1187,-2.09,0.21,-1.88,1.316,1.566,-1.49,0.15,-1.34,-1.88,-2.09,0.21,309,2021.0
2021,1629740,Nicolo Melli,DAL,559,-2.01,-0.89,-2.9,1.673,1.979,-0.77,-0.34,-1.1,-2.9,-2.01,-0.89,281,2021.0
2021,1629744,Matt Thomas,TOR,313,-1.85,-0.63,-2.47,2.126,2.231,-0.41,-0.14,-0.54,-2.47,-1.85,-0.63,210,2021.0
2021,1629750,Javonte Green,BOS,457,-1.04,0.07,-0.97,1.777,1.917,-0.3,0.02,-0.28,-0.97,-1.04,0.07,181,2021.0
2021,1630162,Anthony Edwards,MIN,2241,-0.56,-3.03,-3.6,1.743,1.546,-0.85,-4.55,-5.4,-3.6,-0.56,-3.03,411,2021.0
2021,1630163,LaMelo Ball,CHO,1440,0.82,-0.86,-0.03,2.054,1.683,0.81,-0.84,-0.03,-0.03,0.82,-0.86,161,2021.0
2021,1630164,James Wiseman,GSW,810,-2.26,-3.69,-5.96,2.305,2.216,-1.2,-1.95,-3.15,-5.96,-2.26,-3.69,393,2021.0
2021,1630165,Killian Hayes,DET,673,-5.06,-2.41,-7.47,2.099,2.096,-2.33,-1.11,-3.43,-7.47,-5.06,-2.41,399,2021.0
2021,1630166,Deni Avdija,WAS,1233,-0.35,-1.77,-2.12,1.718,1.697,-0.28,-1.37,-1.65,-2.12,-0.35,-1.77,335,2021.0
2021,1630167,Obi Toppin,NYK,690,-1.31,0.37,-0.94,1.795,1.96,-0.58,0.16,-0.41,-0.94,-1.31,0.37,194,2021.0
2021,1630168,Onyeka Okongwu,ATL,560,-1.15,-0.94,-2.1,2.002,2.382,-0.44,-0.36,-0.79,-2.1,-1.15,-0.94,244,2021.0
2021,1630169,Tyrese Haliburton,SAC,1700,1.53,-2.63,-1.1,1.643,1.539,1.68,-2.9,-1.22,-1.1,1.53,-2.63,297,2021.0
2021,1630170,Devin Vassell,SAS,1036,-1.92,-1.58,-3.5,1.817,1.762,-1.31,-1.08,-2.39,-3.5,-1.92,-1.58,369,2021.0
2021,1630171,Isaac Okoro,CLE,2176,-3.63,-1.03,-4.66,1.378,1.478,-4.73,-1.35,-6.08,-4.66,-3.63,-1.03,413,2021.0
2021,1630172,Patrick Williams,CHI,1966,-1.94,-2.33,-4.27,1.505,1.698,-2.82,-3.39,-6.2,-4.27,-1.94,-2.33,414,2021.0
2021,1630173,Precious Achiuwa,MIA,724,-2.08,-1.78,-3.87,1.708,2.085,-0.97,-0.83,-1.81,-3.87,-2.08,-1.78,343,2021.0
2021,1630174,Aaron Nesmith,BOS,639,-1.48,-1.02,-2.5,1.885,1.976,-0.61,-0.42,-1.02,-2.5,-1.48,-1.02,270,2021.0
2021,1630175,Cole Anthony,ORL,1218,-2.31,-2.26,-4.57,1.834,1.669,-1.72,-1.68,-3.4,-4.57,-2.31,-2.26,397,2021.0
2021,1630177,Theo Maledon,OKC,1755,-3.33,-2.92,-6.25,1.821,1.608,-3.5,-3.06,-6.56,-6.25,-3.33,-2.92,415,2021.0
2021,1630178,Tyrese Maxey,PHI,917,-2.3,-1.53,-3.83,2.087,1.807,-1.44,-0.96,-2.4,-3.83,-2.3,-1.53,370,2021.0
2021,1630180,Saddiq Bey,DET,1866,-1.4,-0.16,-1.56,1.397,1.47,-1.79,-0.2,-1.99,-1.56,-1.4,-0.16,353,2021.0
2021,1630181,R.J. Hampton,ORL,872,-2.9,-2.47,-5.37,1.861,1.93,-1.55,-1.32,-2.86,-5.37,-2.9,-2.47,387,2021.0
2021,1630182,Josh Green,DAL,429,-1.62,-1.54,-3.16,2.192,2.364,-0.47,-0.45,-0.92,-3.16,-1.62,-1.54,260,2021.0
2021,1630183,Jaden McDaniels,MIN,1471,-1.15,-1.56,-2.72,1.516,1.721,-1.14,-1.54,-2.68,-2.72,-1.15,-1.56,377,2021.0
2021,1630184,Kira Lewis Jr.,NOP,897,-2.55,-0.27,-2.82,1.96,1.913,-1.5,-0.16,-1.66,-2.82,-2.55,-0.27,336,2021.0
2021,1630185,Nico Mannion,GSW,359,-0.76,-3.28,-4.04,2.726,2.637,-0.18,-0.77,-0.95,-4.04,-0.76,-3.28,262,2021.0
2021,1630191,Isaiah Stewart,DET,1449,-0.19,2.8,2.62,1.503,1.886,-0.18,2.77,2.59,2.62,-0.19,2.8,57,2021.0
2021,1630192,Zeke Nnaji,DEN,372,-2.33,-1.88,-4.21,2.252,2.674,-0.61,-0.5,-1.11,-4.21,-2.33,-1.88,285,2021.0
2021,1630193,Immanuel Quickley,NYK,1208,-0.85,2.09,1.23,1.764,1.597,-0.66,1.6,0.95,1.23,-0.85,2.09,113,2021.0
2021,1630197,Aleksej Pokusevski,OKC,1085,-3.65,-3.96,-7.6,1.749,1.959,-2.37,-2.57,-4.94,-7.6,-3.65,-3.96,409,2021.0
2021,1630198,Isaiah Joe,PHI,360,-0.87,-1.76,-2.62,2.37,2.416,-0.21,-0.43,-0.65,-2.62,-0.87,-1.76,227,2021.0
2021,1630200,Tre Jones,SAS,265,-2.9,-0.51,-3.41,2.673,2.709,-0.51,-0.09,-0.6,-3.41,-2.9,-0.51,221,2021.0
2021,1630201,Malachi Flynn,TOR,920,-2.5,-0.88,-3.37,1.72,1.655,-1.62,-0.57,-2.18,-3.37,-2.5,-0.88,363,2021.0
2021,1630202,Payton Pritchard,BOS,1239,-0.55,0.12,-0.43,1.529,1.472,-0.44,0.1,-0.34,-0.43,-0.55,0.12,188,2021.0
2021,1630205,Lamar Stevens,CLE,477,-1.98,-1.23,-3.21,1.976,2.154,-0.57,-0.35,-0.92,-3.21,-1.98,-1.23,261,2021.0
2021,1630214,Xavier Tillman,MEM,1070,0.04,1.34,1.38,1.429,1.779,0.03,0.93,0.96,1.38,0.04,1.34,112,2021.0
2021,1630217,Desmond Bane,MEM,1494,-0.21,-0.57,-0.78,1.533,1.469,-0.21,-0.55,-0.76,-0.78,-0.21,-0.57,239,2021.0
2021,1630221,Josh Hall,OKC,326,-1.36,-5.22,-6.58,2.555,2.658,-0.27,-1.02,-1.29,-6.58,-1.36,-5.22,305,2021.0
2021,1630222,Mason Jones,HOU,327,-1.07,-2.58,-3.65,2.441,2.41,-0.23,-0.55,-0.78,-3.65,-1.07,-2.58,241,2021.0
2021,1630230,Naji Marshall,NOP,673,-1.22,-1.39,-2.6,1.765,1.801,-0.54,-0.61,-1.15,-2.6,-1.22,-1.39,289,2021.0
2021,1630231,KJ Martin,HOU,1025,-0.76,-1.97,-2.73,1.59,1.892,-0.51,-1.31,-1.82,-2.73,-0.76,-1.97,344,2021.0
2021,1630235,Trent Forrest,UTA,293,-1.19,-1.82,-3.01,2.337,2.52,-0.24,-0.36,-0.6,-3.01,-1.19,-1.82,222,2021.0
2021,1630237,Anthony Lamb,HOU,418,-2.33,-2.25,-4.58,1.961,2.136,-0.63,-0.61,-1.24,-4.58,-2.33,-2.25,300,2021.0
2021,1630240,Saben Lee,DET,758,-1.72,-0.42,-2.14,1.898,1.83,-0.89,-0.22,-1.11,-2.14,-1.72,-0.42,286,2021.0
2021,1630256,Jae'Sean Tate,HOU,2013,0.27,0.03,0.3,1.168,1.28,0.36,0.04,0.4,0.3,0.27,0.03,136,2021.0
2021,1630267,Facundo Campazzo,DEN,1394,-2.4,0.43,-1.97,1.352,1.361,-2.37,0.42,-1.95,-1.97,-2.4,0.43,351,2021.0
2021,1630271,Brodric Thomas,CLE,378,-0.57,-1.86,-2.44,2.141,2.138,-0.13,-0.42,-0.55,-2.44,-0.57,-1.86,214,2021.0
2021,1630273,Freddie Gillespie,TOR,395,-1.72,-0.94,-2.66,1.945,2.314,-0.48,-0.26,-0.74,-2.66,-1.72,-0.94,236,2021.0
2022,2544,LeBron James,LAL,2068,6.28,2.4,8.68,1.833,1.696,7.41,2.83,10.23,8.68,6.28,2.4,5,2022.0
2022,2546,Carmelo Anthony,LAL,1770,-0.86,-1.28,-2.14,1.706,1.856,-0.87,-1.29,-2.16,-2.14,-0.86,-1.28,384,2022.0
2022,2730,Dwight Howard,LAL,963,0.38,0.7,1.09,1.813,2.22,0.21,0.39,0.6,1.09,0.38,0.7,122,2022.0
2022,2738,Andre Iguodala,GSW,590,-1.78,1.58,-0.21,2.13,2.534,-0.6,0.53,-0.07,-0.21,-1.78,1.58,171,2022.0
2022,2772,Trevor Ariza,LAL,445,-1.13,-1.39,-2.52,2.354,2.615,-0.29,-0.35,-0.64,-2.52,-1.13,-1.39,247,2022.0
2022,101108,Chris Paul,PHO,2134,3.73,2.21,5.94,1.608,1.631,4.8,2.83,7.63,5.94,3.73,2.21,12,2022.0
2022,101150,Lou Williams,ATL,769,-1.71,-1.38,-3.1,2.143,2.006,-0.74,-0.59,-1.33,-3.1,-1.71,-1.38,329,2022.0
2022,200746,LaMarcus Aldridge,BRK,1033,0.77,0.65,1.42,1.927,2.176,0.45,0.37,0.82,1.42,0.77,0.65,106,2022.0
2022,200752,Rudy Gay,UTA,1020,-1.01,0.57,-0.44,1.781,1.993,-0.58,0.32,-0.25,-0.44,-1.01,0.57,190,2022.0
2022,200765,Rajon Rondo,CLE,680,-0.9,-0.71,-1.6,2.108,2.088,-0.35,-0.27,-0.62,-1.6,-0.9,-0.71,242,2022.0
2022,200768,Kyle Lowry,MIA,2083,1.8,1.7,3.5,1.497,1.552,2.12,2.01,4.13,3.5,1.8,1.7,29,2022.0
2022,200782,P.J. Tucker,MIA,1948,-0.63,-0.1,-0.73,1.525,1.695,-0.7,-0.1,-0.8,-0.73,-0.63,-0.1,270,2022.0
2022,200794,Paul Millsap,BRK,377,-0.14,0.47,0.33,2.56,3.066,-0.03,0.1,0.07,0.33,-0.14,0.47,159,2022.0
2022,201142,Kevin Durant,BRK,2024,6.45,2.5,8.96,1.528,1.533,7.28,2.82,10.1,8.96,6.45,2.5,6,2022.0
2022,201143,Al Horford,BOS,2001,1.17,2.98,4.15,1.422,1.756,1.33,3.38,4.71,4.15,1.17,2.98,23,2022.0
2022,201144,Mike Conley,UTA,2010,1.81,2.13,3.94,1.471,1.486,2.05,2.41,4.46,3.94,1.81,2.13,25,2022.0
2022,201145,Jeff Green,DEN,1839,-1.01,-0.28,-1.29,1.491,1.722,-1.07,-0.29,-1.36,-1.29,-1.01,-0.28,334,2022.0
2022,201152,Thaddeus Young,TOR,840,0.78,1.06,1.84,1.622,1.917,0.37,0.5,0.86,1.84,0.78,1.06,103,2022.0
2022,201565,Derrick Rose,NYK,626,0.75,1.46,2.21,2.095,1.95,0.27,0.53,0.8,2.21,0.75,1.46,110,2022.0
2022,201566,Russell Westbrook,LAL,2656,-0.19,0.67,0.48,1.47,1.348,-0.29,1.02,0.73,0.48,-0.19,0.67,112,2022.0
2022,201567,Kevin Love,CLE,1652,1.75,1.64,3.39,1.534,1.6,1.64,1.54,3.18,3.39,1.75,1.64,43,2022.0
2022,201568,Danilo Gallinari,ATL,1660,0.98,0.33,1.3,1.436,1.508,0.91,0.3,1.21,1.3,0.98,0.33,86,2022.0
2022,201569,Eric Gordon,HOU,1654,-1.03,-0.29,-1.32,1.423,1.494,-0.95,-0.26,-1.21,-1.32,-1.03,-0.29,316,2022.0
2022,201571,D.J. Augustin,HOU,877,-1.68,-0.4,-2.08,1.811,1.831,-0.82,-0.19,-1.01,-2.08,-1.68,-0.4,292,2022.0
2022,201572,Brook Lopez,MIL,291,0.12,0.84,0.97,2.419,2.925,0.02,0.15,0.17,0.97,0.12,0.84,150,2022.0
2022,201577,Robin Lopez,ORL,599,0.01,0.38,0.4,1.812,2.222,0.0,0.13,0.13,0.4,0.01,0.38,154,2022.0
2022,201580,JaVale McGee,PHO,1162,0.21,0.59,0.8,1.696,1.897,0.15,0.41,0.56,0.8,0.21,0.59,125,2022.0
2022,201586,Serge Ibaka,LAC,864,0.06,0.69,0.75,1.571,1.893,0.03,0.34,0.37,0.75,0.06,0.69,137,2022.0
2022,201587,Nicolas Batum,LAC,1443,1.19,0.85,2.04,1.388,1.652,0.98,0.71,1.69,2.04,1.19,0.85,73,2022.0
2022,201588,George Hill,MIL,1233,-0.24,1.22,0.97,1.639,1.768,-0.18,0.9,0.72,0.97,-0.24,1.22,115,2022.0
2022,201599,DeAndre Jordan,LAL,609,1.11,1.23,2.34,1.769,2.209,0.39,0.43,0.81,2.34,1.11,1.23,109,2022.0
2022,201609,Goran Dragic,BRK,499,-0.59,-1.31,-1.9,2.468,2.327,-0.16,-0.36,-0.53,-1.9,-0.59,-1.31,231,2022.0
2022,201933,Blake Griffin,BRK,946,-2.27,-0.33,-2.61,1.474,1.843,-1.2,-0.18,-1.37,-2.61,-2.27,-0.33,335,2022.0
2022,201935,James Harden,BRK,2395,3.69,1.33,5.02,1.519,1.318,4.93,1.78,6.7,5.02,3.69,1.33,13,2022.0
2022,201937,Ricky Rubio,CLE,961,-1.72,-0.13,-1.85,1.619,1.579,-0.94,-0.07,-1.01,-1.85,-1.72,-0.13,293,2022.0
2022,201939,Stephen Curry,GSW,2163,5.37,3.52,8.89,1.616,1.399,6.6,4.32,10.92,8.89,5.37,3.52,4,2022.0
2022,201942,DeMar DeRozan,CHI,2693,2.28,-0.86,1.42,1.357,1.318,3.5,-1.32,2.18,1.42,2.28,-0.86,61,2022.0
2022,201949,James Johnson,BRK,1154,-1.57,-0.51,-2.08,1.642,1.831,-1.01,-0.33,-1.34,-2.08,-1.57,-0.51,331,2022.0
2022,201950,Jrue Holiday,MIL,2194,2.76,1.97,4.73,1.3,1.294,3.63,2.58,6.2,4.73,2.76,1.97,15,2022.0
2022,201959,Taj Gibson,NYK,908,0.34,1.06,1.4,1.821,2.259,0.18,0.55,0.73,1.4,0.34,1.06,113,2022.0
2022,201961,Wayne Ellington,LAL,796,0.27,-0.37,-0.1,1.803,1.906,0.12,-0.17,-0.04,-0.1,0.27,-0.37,166,2022.0
2022,201976,Patrick Beverley,MIN,1478,0.68,2.17,2.85,1.501,1.518,0.56,1.79,2.36,2.85,0.68,2.17,55,2022.0
2022,201980,Danny Green,PHI,1341,-0.21,0.9,0.69,1.525,1.645,-0.16,0.68,0.52,0.69,-0.21,0.9,128,2022.0
2022,201988,Patty Mills,BRK,2285,-0.64,0.08,-0.56,1.423,1.384,-0.81,0.1,-0.71,-0.56,-0.64,0.08,258,2022.0
2022,202066,Garrett Temple,NOP,1070,-2.24,-1.76,-4.01,1.739,1.836,-1.38,-1.09,-2.47,-4.01,-2.24,-1.76,394,2022.0
2022,202083,Wesley Matthews,MIL,992,-2.25,-0.07,-2.32,1.74,1.876,-1.33,-0.04,-1.37,-2.32,-2.25,-0.07,336,2022.0
2022,202324,Derrick Favors,OKC,641,1.72,1.12,2.84,1.578,1.958,0.62,0.41,1.03,2.84,1.72,1.12,95,2022.0
2022,202326,DeMarcus Cousins,DEN,712,-0.5,-0.28,-0.78,1.819,1.944,-0.21,-0.11,-0.32,-0.78,-0.5,-0.28,197,2022.0
2022,202330,Gordon Hayward,CHO,1530,0.96,0.18,1.14,1.374,1.425,0.87,0.16,1.03,1.14,0.96,0.18,96,2022.0
2022,202331,Paul George,LAC,1075,0.78,4.06,4.85,1.568,1.654,0.49,2.51,3.0,4.85,0.78,4.06,46,2022.0
2022,202339,Eric Bledsoe,LAC,1344,-0.82,-0.27,-1.09,1.575,1.492,-0.63,-0.21,-0.84,-1.09,-0.82,-0.27,278,2022.0
2022,202340,Avery Bradley,LAL,1402,-1.38,-2.98,-4.36,1.338,1.441,-1.11,-2.38,-3.48,-4.36,-1.38,-2.98,419,2022.0
2022,202355,Hassan Whiteside,UTA,1142,2.33,1.25,3.58,1.465,1.747,1.5,0.81,2.31,3.58,2.33,1.25,57,2022.0
2022,202357,Nemanja Bjelica,GSW,1112,0.68,0.37,1.05,1.548,1.833,0.43,0.23,0.66,1.05,0.68,0.37,119,2022.0
2022,202362,Lance Stephenson,IND,792,-1.25,-1.96,-3.22,1.772,1.691,-0.53,-0.83,-1.35,-3.22,-1.25,-1.96,332,2022.0
2022,202397,Ish Smith,WAS,1111,-0.9,-1.83,-2.73,1.58,1.633,-0.53,-1.08,-1.61,-2.73,-0.9,-1.83,353,2022.0
2022,202681,Kyrie Irving,BRK,1075,4.45,0.74,5.19,1.599,1.472,2.67,0.45,3.11,5.19,4.45,0.74,44,2022.0
2022,202683,Enes Freedom,BOS,406,2.12,1.43,3.55,1.835,2.264,0.49,0.33,0.82,3.55,2.12,1.43,107,2022.0
2022,202684,Tristan Thompson,SAC,880,-1.69,-1.32,-3.01,1.415,1.769,-0.81,-0.63,-1.44,-3.01,-1.69,-1.32,339,2022.0
2022,202685,Jonas Valančiūnas,NOP,2248,2.63,2.2,4.83,1.225,1.378,3.4,2.85,6.25,4.83,2.63,2.2,14,2022.0
2022,202687,Bismack Biyombo,PHO,491,-1.95,-0.42,-2.37,1.679,2.108,-0.58,-0.13,-0.7,-2.37,-1.95,-0.42,256,2022.0
2022,202689,Kemba Walker,NYK,932,0.89,1.06,1.95,1.708,1.593,0.47,0.57,1.04,1.95,0.89,1.06,94,2022.0
2022,202691,Klay Thompson,GSW,919,0.56,1.6,2.17,1.629,1.632,0.29,0.84,1.13,2.17,0.56,1.6,91,2022.0
2022,202692,Alec Burks,NYK,2286,-0.38,1.13,0.75,1.228,1.262,-0.49,1.48,0.99,0.75,-0.38,1.13,97,2022.0
2022,202693,Markieff Morris,MIA,287,-1.34,-1.18,-2.52,2.465,2.721,-0.22,-0.19,-0.41,-2.52,-1.34,-1.18,212,2022.0
2022,202694,Marcus Morris Sr.,LAC,1552,-0.04,-0.01,-0.05,1.373,1.559,-0.03,-0.01,-0.04,-0.05,-0.04,-0.01,167,2022.0
2022,202696,Nikola Vucevic,CHI,2405,0.85,3.03,3.88,1.264,1.428,1.17,4.16,5.33,3.88,0.85,3.03,19,2022.0
2022,202699,Tobias Harris,PHI,2514,0.31,1.06,1.37,1.162,1.301,0.44,1.5,1.94,1.37,0.31,1.06,67,2022.0
2022,202704,Reggie Jackson,LAC,2307,-1.28,-0.52,-1.8,1.312,1.282,-1.7,-0.69,-2.39,-1.8,-1.28,-0.52,390,2022.0
2022,202709,Cory Joseph,DET,1558,-1.46,-0.07,-1.53,1.316,1.353,-1.29,-0.06,-1.35,-1.53,-1.46,-0.07,333,2022.0
2022,202710,Jimmy Butler III,MIA,1905,3.41,1.86,5.27,1.375,1.49,3.68,2.01,5.69,5.27,3.41,1.86,16,2022.0
2022,202711,Bojan Bogdanovic,UTA,2105,-0.14,-0.26,-0.41,1.399,1.46,-0.17,-0.31,-0.48,-0.41,-0.14,-0.26,222,2022.0
2022,202722,Davis Bertans,WAS,783,0.31,-0.47,-0.16,1.543,1.732,0.13,-0.2,-0.07,-0.16,0.31,-0.47,172,2022.0
2022,202738,Isaiah Thomas,CHO,328,-1.44,-2.74,-4.18,2.573,2.383,-0.28,-0.53,-0.81,-4.18,-1.44,-2.74,273,2022.0
2022,202954,Brad Wanamaker,IND,321,-2.75,-1.39,-4.13,2.318,2.404,-0.47,-0.24,-0.7,-4.13,-2.75,-1.39,257,2022.0
2022,203076,Anthony Davis,LAL,1394,2.23,2.43,4.65,1.443,1.509,1.77,1.93,3.7,4.65,2.23,2.43,35,2022.0
2022,203078,Bradley Beal,WAS,1407,1.49,0.72,2.21,1.398,1.355,1.11,0.53,1.64,2.21,1.49,0.72,74,2022.0
2022,203081,Damian Lillard,POR,1047,4.59,0.2,4.78,1.746,1.54,2.45,0.11,2.56,4.78,4.59,0.2,53,2022.0
2022,203082,Terrence Ross,ORL,1415,-1.73,-1.89,-3.61,1.366,1.398,-1.38,-1.51,-2.9,-3.61,-1.73,-1.89,403,2022.0
2022,203083,Andre Drummond,PHI,1436,-0.56,0.47,-0.1,1.283,1.498,-0.45,0.38,-0.08,-0.1,-0.56,0.47,174,2022.0
2022,203084,Harrison Barnes,SAC,2560,0.22,-0.51,-0.29,1.135,1.297,0.3,-0.7,-0.4,-0.29,0.22,-0.51,209,2022.0
2022,203085,Austin Rivers,DEN,1443,-0.91,-2.4,-3.31,1.265,1.364,-0.76,-1.98,-2.74,-3.31,-0.91,-2.4,397,2022.0
2022,203087,Jeremy Lamb,IND,902,-0.78,-0.64,-1.42,1.528,1.564,-0.37,-0.31,-0.68,-1.42,-0.78,-0.64,253,2022.0
2022,203090,Maurice Harkless,SAC,831,-1.05,-1.85,-2.9,1.426,1.584,-0.47,-0.84,-1.31,-2.9,-1.05,-1.85,325,2022.0
2022,203095,Evan Fournier,NYK,2309,0.48,-0.31,0.17,1.228,1.234,0.64,-0.41,0.23,0.17,0.48,-0.31,146,2022.0
2022,203107,Tomas Satoransky,NOP,894,-1.21,-1.45,-2.66,1.479,1.585,-0.62,-0.74,-1.37,-2.66,-1.21,-1.45,337,2022.0
2022,203109,Jae Crowder,PHO,1886,-0.5,1.08,0.58,1.212,1.442,-0.57,1.23,0.66,0.58,-0.5,1.08,120,2022.0
2022,203110,Draymond Green,GSW,1304,-0.03,3.17,3.15,1.378,1.571,-0.02,2.35,2.33,3.15,-0.03,3.17,56,2022.0
2022,203114,Khris Middleton,MIL,2117,1.77,1.15,2.92,1.293,1.293,2.24,1.46,3.7,2.92,1.77,1.15,36,2022.0
2022,203115,Will Barton,DEN,2253,-0.84,-0.0,-0.84,1.299,1.301,-1.08,-0.0,-1.09,-0.84,-0.84,-0.0,304,2022.0
2022,203145,Kent Bazemore,LAL,532,-1.42,-1.51,-2.93,1.844,2.022,-0.43,-0.46,-0.89,-2.93,-1.42,-1.51,282,2022.0
2022,203200,Justin Holiday,IND,2005,-1.05,-0.86,-1.9,1.277,1.377,-1.11,-0.91,-2.02,-1.9,-1.05,-0.86,380,2022.0
2022,203210,JaMychal Green,DEN,1067,-1.22,-0.09,-1.3,1.478,1.657,-0.74,-0.05,-0.8,-1.3,-1.22,-0.09,271,2022.0
2022,203457,Nerlens Noel,NYK,561,0.3,0.74,1.04,1.569,1.977,0.1,0.24,0.33,1.04,0.3,0.74,140,2022.0
2022,203458,Alex Len,SAC,607,0.02,-0.05,-0.03,1.533,1.931,0.01,-0.02,-0.01,-0.03,0.02,-0.05,162,2022.0
2022,203463,Ben McLemore,POR,1251,-2.0,-0.85,-2.85,1.428,1.396,-1.28,-0.54,-1.82,-2.85,-2.0,-0.85,366,2022.0
2022,203468,CJ McCollum,POR,2121,1.95,0.39,2.34,1.428,1.267,2.12,0.42,2.54,2.34,1.95,0.39,54,2022.0
2022,203469,Cody Zeller,POR,346,-0.45,-0.1,-0.55,1.932,2.411,-0.08,-0.02,-0.1,-0.55,-0.45,-0.1,177,2022.0
2022,203471,Dennis Schroder,BOS,1793,-1.25,-0.28,-1.53,1.354,1.269,-1.27,-0.28,-1.56,-1.53,-1.25,-0.28,349,2022.0
2022,203473,Dewayne Dedmon,MIA,1043,-0.93,0.17,-0.76,1.558,1.792,-0.55,0.1,-0.45,-0.76,-0.93,0.17,218,2022.0
2022,203476,Gorgui Dieng,ATL,354,0.41,1.16,1.57,2.194,2.594,0.08,0.23,0.31,1.57,0.41,1.16,143,2022.0
2022,203482,Kelly Olynyk,DET,748,1.0,0.15,1.15,1.584,1.861,0.42,0.06,0.48,1.15,1.0,0.15,132,2022.0
2022,203484,Kentavious Caldwell-Pope,WAS,2284,-0.68,-0.75,-1.43,1.138,1.221,-0.83,-0.9,-1.73,-1.43,-0.68,-0.75,362,2022.0
2022,203486,Mason Plumlee,CHO,1769,0.98,1.17,2.15,1.204,1.517,1.02,1.22,2.24,2.15,0.98,1.17,59,2022.0
2022,203488,Mike Muscala,OKC,576,1.99,1.77,3.76,1.613,2.032,0.65,0.58,1.22,3.76,1.99,1.77,85,2022.0
2022,203490,Otto Porter Jr.,GSW,1373,0.76,1.97,2.73,1.239,1.377,0.6,1.54,2.13,2.73,0.76,1.97,62,2022.0
2022,203493,Reggie Bullock Jr.,DAL,1873,-0.97,-0.21,-1.18,1.193,1.325,-1.05,-0.22,-1.27,-1.18,-0.97,-0.21,320,2022.0
2022,203496,Robert Covington,POR,1923,-0.02,0.74,0.72,1.22,1.355,-0.02,0.72,0.71,0.72,-0.02,0.74,117,2022.0
2022,203497,Rudy Gobert,UTA,2076,4.11,3.87,7.98,1.123,1.399,4.8,4.53,9.33,7.98,4.11,3.87,8,2022.0
2022,203500,Steven Adams,MEM,1966,1.66,1.69,3.35,1.129,1.397,1.85,1.88,3.74,3.35,1.66,1.69,34,2022.0
2022,203501,Tim Hardaway Jr.,DAL,1245,-0.46,0.08,-0.38,1.363,1.415,-0.33,0.06,-0.27,-0.38,-0.46,0.08,192,2022.0
2022,203503,Tony Snell,POR,800,-0.75,-0.79,-1.54,1.52,1.64,-0.31,-0.32,-0.63,-1.54,-0.75,-0.79,244,2022.0
2022,203504,Trey Burke,DAL,460,-1.51,-1.44,-2.95,2.136,1.924,-0.4,-0.38,-0.78,-2.95,-1.51,-1.44,266,2022.0
2022,203507,Giannis Antetokounmpo,MIL,2196,8.12,3.72,11.83,1.387,1.312,10.66,4.88,15.54,11.83,8.12,3.72,2,2022.0
2022,203526,Raul Neto,WAS,1322,-0.94,-0.86,-1.8,1.348,1.379,-0.66,-0.6,-1.26,-1.8,-0.94,-0.86,319,2022.0
2022,203552,Seth Curry,PHI,2120,1.18,0.15,1.33,1.27,1.316,1.41,0.18,1.59,1.33,1.18,0.15,75,2022.0
2022,203585,Rodney McGruder,DET,741,-0.68,-0.56,-1.24,1.593,1.68,-0.28,-0.23,-0.52,-1.24,-0.68,-0.56,228,2022.0
2022,203648,Thanasis Antetokounmpo,MIL,463,-1.56,-1.96,-3.51,1.755,2.076,-0.43,-0.54,-0.97,-3.51,-1.56,-1.96,289,2022.0
2022,203897,Zach LaVine,CHI,2301,2.65,0.47,3.12,1.298,1.22,3.48,0.62,4.1,3.12,2.65,0.47,32,2022.0
2022,203901,Elfrid Payton,PHO,527,-2.28,-0.98,-3.27,1.736,1.801,-0.73,-0.31,-1.04,-3.27,-2.28,-0.98,297,2022.0
2022,203903,Jordan Clarkson,UTA,2093,-0.33,0.4,0.07,1.371,1.257,-0.39,0.48,0.08,0.07,-0.33,0.4,157,2022.0
2022,203914,Gary Harris,ORL,1697,-2.5,-0.88,-3.39,1.198,1.292,-2.41,-0.85,-3.26,-3.39,-2.5,-0.88,412,2022.0
2022,203915,Spencer Dinwiddie,WAS,1934,-0.43,1.26,0.83,1.283,1.249,-0.44,1.29,0.85,0.83,-0.43,1.26,104,2022.0
2022,203918,Rodney Hood,MIL,701,-3.4,-2.22,-5.62,1.524,1.693,-1.43,-0.93,-2.36,-5.62,-3.4,-2.22,387,2022.0
2022,203920,Khem Birch,TOR,984,-2.32,-0.29,-2.62,1.331,1.677,-1.28,-0.16,-1.44,-2.62,-2.32,-0.29,340,2022.0
2022,203924,Jerami Grant,DET,1466,-0.6,0.58,-0.02,1.302,1.431,-0.5,0.48,-0.02,-0.02,-0.6,0.58,164,2022.0
2022,203925,Joe Harris,BRK,425,1.55,0.25,1.8,1.895,2.044,0.37,0.06,0.43,1.8,1.55,0.25,134,2022.0
2022,203926,Doug McDermott,SAS,1228,0.41,-1.12,-0.7,1.372,1.464,0.29,-0.78,-0.49,-0.7,0.41,-1.12,223,2022.0
2022,203932,Aaron Gordon,DEN,2364,-0.57,-0.14,-0.71,1.177,1.299,-0.77,-0.2,-0.96,-0.71,-0.57,-0.14,287,2022.0
2022,203935,Marcus Smart,BOS,2262,-0.7,1.11,0.41,1.274,1.206,-0.89,1.42,0.53,0.41,-0.7,1.11,127,2022.0
2022,203937,Kyle Anderson,MEM,1446,-0.28,0.89,0.61,1.277,1.36,-0.23,0.73,0.5,0.61,-0.28,0.89,131,2022.0
2022,203939,Dwight Powell,DAL,1791,1.54,0.46,1.99,1.168,1.472,1.59,0.47,2.06,1.99,1.54,0.46,64,2022.0
2022,203944,Julius Randle,NYK,2492,-0.82,1.82,0.99,1.233,1.282,-1.17,2.6,1.42,0.99,-0.82,1.82,82,2022.0
2022,203952,Andrew Wiggins,GSW,2289,-0.05,0.74,0.69,1.264,1.233,-0.06,0.96,0.9,0.69,-0.05,0.74,100,2022.0
2022,203954,Joel Embiid,PHI,2264,5.09,3.78,8.87,1.339,1.354,6.49,4.81,11.3,8.87,5.09,3.78,3,2022.0
2022,203991,Clint Capela,ATL,2024,1.5,1.13,2.63,1.155,1.383,1.69,1.28,2.97,2.63,1.5,1.13,47,2022.0
2022,203992,Bogdan Bogdanovic,ATL,1817,1.5,1.26,2.76,1.288,1.294,1.52,1.27,2.8,2.76,1.5,1.26,49,2022.0
2022,203994,Jusuf Nurkic,POR,1559,0.66,1.16,1.82,1.272,1.463,0.52,0.93,1.45,1.82,0.66,1.16,80,2022.0
2022,203999,Nikola Jokic,DEN,2468,9.88,3.81,13.69,1.268,1.338,13.98,5.39,19.37,13.69,9.88,3.81,1,2022.0
2022,204001,Kristaps Porzingis,DAL,1463,0.92,1.57,2.49,1.367,1.492,0.77,1.33,2.1,2.49,0.92,1.57,63,2022.0
2022,204060,Joe Ingles,UTA,1107,1.45,1.09,2.54,1.576,1.747,0.9,0.68,1.58,2.54,1.45,1.09,76,2022.0
2022,204456,T.J. McConnell,IND,632,1.14,-0.0,1.14,1.866,1.718,0.38,-0.0,0.38,1.14,1.14,-0.0,135,2022.0
2022,1626145,Tyus Jones,MEM,1539,-0.13,0.3,0.17,1.342,1.329,-0.11,0.26,0.15,0.17,-0.13,0.3,152,2022.0
2022,1626147,Justin Anderson,IND,322,-1.31,-1.86,-3.17,2.074,2.228,-0.22,-0.32,-0.54,-3.17,-1.31,-1.86,234,2022.0
2022,1626149,Montrezl Harrell,WAS,1600,3.35,1.86,5.21,1.248,1.461,2.84,1.58,4.42,5.21,3.35,1.86,26,2022.0
2022,1626153,Delon Wright,ATL,1416,0.73,0.39,1.12,1.308,1.356,0.57,0.31,0.89,1.12,0.73,0.39,101,2022.0
2022,1626156,D'Angelo Russell,MIN,2055,0.89,-0.45,0.44,1.365,1.249,1.02,-0.51,0.51,0.44,0.89,-0.45,129,2022.0
2022,1626157,Karl-Anthony Towns,MIN,2466,4.86,1.18,6.03,1.244,1.338,6.71,1.62,8.33,6.03,4.86,1.18,9,2022.0
2022,1626158,Richaun Holmes,SAC,1035,1.64,0.47,2.11,1.44,1.573,0.92,0.26,1.19,2.11,1.64,0.47,89,2022.0
2022,1626159,Justise Winslow,LAC,756,-2.92,-1.5,-4.42,1.508,1.751,-1.27,-0.65,-1.92,-4.42,-2.92,-1.5,372,2022.0
2022,1626162,Kelly Oubre Jr.,CHO,1947,-1.33,-1.16,-2.49,1.233,1.273,-1.53,-1.33,-2.87,-2.49,-1.33,-1.16,402,2022.0
2022,1626164,Devin Booker,PHO,2298,1.92,1.07,2.98,1.365,1.235,2.65,1.47,4.12,2.98,1.92,1.07,30,2022.0
2022,1626166,Cameron Payne,PHO,1259,-0.21,1.29,1.08,1.454,1.374,-0.16,0.98,0.82,1.08,-0.21,1.29,108,2022.0
2022,1626167,Myles Turner,IND,1242,0.42,1.78,2.2,1.369,1.573,0.27,1.17,1.45,2.2,0.42,1.78,81,2022.0
2022,1626168,Trey Lyles,DET,1507,-0.61,-0.39,-1.0,1.23,1.427,-0.52,-0.34,-0.85,-1.0,-0.61,-0.39,279,2022.0
2022,1626169,Stanley Johnson,LAL,1096,-1.69,-2.2,-3.88,1.378,1.479,-1.05,-1.37,-2.42,-3.88,-1.69,-2.2,392,2022.0
2022,1626171,Bobby Portis,MIL,1998,0.43,0.16,0.59,1.28,1.342,0.51,0.2,0.71,0.59,0.43,0.16,118,2022.0
2022,1626172,Kevon Looney,GSW,1721,0.11,0.49,0.6,1.171,1.455,0.11,0.48,0.59,0.6,0.11,0.49,123,2022.0
2022,1626174,Christian Wood,HOU,2060,1.49,0.78,2.27,1.191,1.334,1.71,0.89,2.59,2.27,1.49,0.78,52,2022.0
2022,1626179,Terry Rozier,CHO,2438,0.86,-0.22,0.64,1.254,1.19,1.24,-0.32,0.92,0.64,0.86,-0.22,99,2022.0
2022,1626181,Norman Powell,POR,1449,0.61,-1.01,-0.4,1.443,1.346,0.45,-0.75,-0.3,-0.4,0.61,-1.01,194,2022.0
2022,1626192,Pat Connaughton,MIL,1659,0.56,0.66,1.22,1.273,1.32,0.56,0.66,1.21,1.22,0.56,0.66,87,2022.0
2022,1626195,Willy Hernangomez,NOP,811,0.5,-0.7,-0.2,1.57,1.748,0.23,-0.33,-0.09,-0.2,0.5,-0.7,175,2022.0
2022,1626196,Josh Richardson,BOS,1585,-1.0,-0.69,-1.69,1.25,1.317,-0.9,-0.62,-1.52,-1.69,-1.0,-0.69,347,2022.0
2022,1626204,Larry Nance Jr.,POR,1031,-0.49,0.44,-0.05,1.396,1.595,-0.26,0.23,-0.03,-0.05,-0.49,0.44,165,2022.0
2022,1626208,Keifer Sykes,IND,561,-1.87,-3.5,-5.37,1.808,1.768,-0.56,-1.04,-1.6,-5.37,-1.87,-3.5,352,2022.0
2022,1626220,Royce O'Neale,UTA,2369,0.7,0.59,1.29,1.146,1.225,0.93,0.79,1.73,1.29,0.7,0.59,72,2022.0
2022,1626224,Cedi Osman,CLE,1449,-1.77,-1.39,-3.16,1.265,1.359,-1.46,-1.14,-2.6,-3.16,-1.77,-1.39,395,2022.0
2022,1627734,Domantas Sabonis,IND,2103,3.53,1.41,4.94,1.226,1.396,3.94,1.57,5.51,4.94,3.53,1.41,18,2022.0
2022,1627736,Malik Beasley,MIN,1915,-0.48,-1.23,-1.71,1.325,1.28,-0.52,-1.32,-1.83,-1.71,-0.48,-1.23,367,2022.0
2022,1627737,Marquese Chriss,DAL,342,-1.22,-0.66,-1.89,2.213,2.382,-0.24,-0.13,-0.37,-1.89,-1.22,-0.66,204,2022.0
2022,1627739,Kris Dunn,POR,327,-1.91,-1.62,-3.54,2.1,2.161,-0.32,-0.27,-0.59,-3.54,-1.91,-1.62,240,2022.0
2022,1627741,Buddy Hield,SAC,2413,-0.04,-0.38,-0.41,1.242,1.224,-0.05,-0.5,-0.54,-0.41,-0.04,-0.38,235,2022.0
2022,1627742,Brandon Ingram,NOP,1860,1.16,0.51,1.67,1.436,1.327,1.24,0.55,1.79,1.67,1.16,0.51,71,2022.0
2022,1627745,Damian Jones,SAC,977,1.77,-0.26,1.51,1.367,1.66,0.94,-0.14,0.8,1.51,1.77,-0.26,111,2022.0
2022,1627747,Caris LeVert,IND,1751,-0.87,-0.22,-1.09,1.288,1.283,-0.81,-0.2,-1.01,-1.09,-0.87,-0.22,294,2022.0
2022,1627749,Dejounte Murray,SAS,2332,1.02,1.05,2.07,1.376,1.219,1.35,1.39,2.74,2.07,1.02,1.05,51,2022.0
2022,1627751,Jakob Poeltl,SAS,1948,2.81,0.81,3.62,1.194,1.4,3.12,0.9,4.02,3.62,2.81,0.81,33,2022.0
2022,1627752,Taurean Prince,MIN,1151,-1.11,-0.94,-2.05,1.299,1.435,-0.71,-0.61,-1.32,-2.05,-1.11,-0.94,327,2022.0
2022,1627759,Jaylen Brown,BOS,2206,1.07,2.37,3.44,1.344,1.257,1.34,2.96,4.3,3.44,1.07,2.37,27,2022.0
2022,1627761,DeAndre' Bembry,BRK,1000,-1.13,-0.22,-1.35,1.344,1.493,-0.63,-0.13,-0.75,-1.35,-1.13,-0.22,260,2022.0
2022,1627763,Malcolm Brogdon,IND,1193,0.9,0.24,1.14,1.544,1.417,0.57,0.15,0.72,1.14,0.9,0.24,116,2022.0
2022,1627777,Georges Niang,PHI,1706,-0.34,0.44,0.1,1.243,1.387,-0.33,0.42,0.09,0.1,-0.34,0.44,155,2022.0
2022,1627780,Gary Payton II,GSW,1218,3.33,1.82,5.15,1.38,1.423,2.3,1.26,3.56,5.15,3.33,1.82,38,2022.0
2022,1627783,Pascal Siakam,TOR,2553,1.28,1.66,2.94,1.218,1.277,1.82,2.36,4.18,2.94,1.28,1.66,28,2022.0
2022,1627788,Furkan Korkmaz,PHI,1390,-1.51,-1.43,-2.94,1.325,1.404,-1.18,-1.12,-2.3,-2.94,-1.51,-1.43,385,2022.0
2022,1627789,Timothe Luwawu-Cabarrot,ATL,659,-3.23,-0.57,-3.81,1.576,1.707,-1.19,-0.21,-1.4,-3.81,-3.23,-0.57,338,2022.0
2022,1627814,Damion Lee,GSW,1232,-0.68,-0.79,-1.47,1.558,1.419,-0.47,-0.55,-1.03,-1.47,-0.68,-0.79,296,2022.0
2022,1627823,Juancho Hernangomez,UTA,447,-1.51,-2.45,-3.95,1.747,2.078,-0.38,-0.62,-1.0,-3.95,-1.51,-2.45,291,2022.0
2022,1627826,Ivica Zubac,LAC,1833,1.45,1.63,3.08,1.259,1.465,1.53,1.72,3.25,3.08,1.45,1.63,42,2022.0
2022,1627827,Dorian Finney-Smith,DAL,2622,0.24,0.96,1.19,1.076,1.276,0.36,1.44,1.8,1.19,0.24,0.96,70,2022.0
2022,1627832,Fred VanVleet,TOR,2414,1.42,2.29,3.71,1.222,1.192,1.91,3.08,5.0,3.71,1.42,2.29,20,2022.0
2022,1627854,Bryn Forbes,SAS,1243,-0.78,-1.06,-1.84,1.357,1.398,-0.55,-0.75,-1.3,-1.84,-0.78,-1.06,323,2022.0
2022,1627863,Danuel House Jr.,UTA,707,-1.34,-0.68,-2.01,1.504,1.668,-0.53,-0.27,-0.8,-2.01,-1.34,-0.68,272,2022.0
2022,1627884,Derrick Jones Jr.,CHI,877,-1.23,-0.9,-2.13,1.521,1.61,-0.62,-0.45,-1.07,-2.13,-1.23,-0.9,301,2022.0
2022,1627936,Alex Caruso,CHI,1128,-1.3,1.16,-0.14,1.372,1.429,-0.84,0.75,-0.09,-0.14,-1.3,1.16,176,2022.0
2022,1628021,David Nwaba,HOU,592,-0.47,0.27,-0.2,1.682,1.793,-0.15,0.09,-0.07,-0.2,-0.47,0.27,173,2022.0
2022,1628365,Markelle Fultz,ORL,356,-0.47,-0.79,-1.26,2.323,2.228,-0.09,-0.16,-0.25,-1.26,-0.47,-0.79,191,2022.0
2022,1628366,Lonzo Ball,CHI,1189,0.47,0.43,0.9,1.456,1.447,0.32,0.29,0.61,0.9,0.47,0.43,121,2022.0
2022,1628367,Josh Jackson,DET,792,-2.24,-2.41,-4.65,1.612,1.661,-1.0,-1.08,-2.08,-4.65,-2.24,-2.41,382,2022.0
2022,1628368,De'Aaron Fox,SAC,2025,0.58,-0.78,-0.2,1.456,1.278,0.64,-0.85,-0.22,-0.2,0.58,-0.78,186,2022.0
2022,1628369,Jayson Tatum,BOS,2692,2.33,2.74,5.08,1.376,1.349,3.56,4.19,7.76,5.08,2.33,2.74,11,2022.0
2022,1628370,Malik Monk,LAL,2120,-0.3,-1.2,-1.5,1.391,1.316,-0.36,-1.45,-1.81,-1.5,-0.3,-1.2,365,2022.0
2022,1628372,Dennis Smith Jr.,POR,614,-3.96,-1.31,-5.27,1.816,1.771,-1.24,-0.41,-1.65,-5.27,-3.96,-1.31,356,2022.0
2022,1628373,Frank Ntilikina,DAL,689,-2.14,-0.82,-2.96,1.688,1.751,-0.85,-0.33,-1.18,-2.96,-2.14,-0.82,314,2022.0
2022,1628374,Lauri Markkanen,CLE,1874,-0.04,0.36,0.33,1.338,1.405,-0.04,0.39,0.35,0.33,-0.04,0.36,139,2022.0
2022,1628378,Donovan Mitchell,UTA,2241,2.44,1.1,3.54,1.392,1.241,3.08,1.39,4.47,3.54,2.44,1.1,24,2022.0
2022,1628379,Luke Kennard,LAC,1895,1.03,-0.69,0.34,1.223,1.283,1.13,-0.75,0.37,0.34,1.03,-0.69,138,2022.0
2022,1628380,Zach Collins,SAS,486,-0.25,-0.12,-0.37,1.849,2.081,-0.07,-0.03,-0.1,-0.37,-0.25,-0.12,178,2022.0
2022,1628381,John Collins,ATL,1646,1.86,1.15,3.01,1.379,1.445,1.71,1.06,2.77,3.01,1.86,1.15,50,2022.0
2022,1628384,OG Anunoby,TOR,1691,0.17,1.04,1.21,1.311,1.436,0.16,0.98,1.14,1.21,0.17,1.04,90,2022.0
2022,1628386,Jarrett Allen,CLE,1794,2.37,1.17,3.54,1.253,1.513,2.41,1.19,3.6,3.54,2.37,1.17,37,2022.0
2022,1628389,Bam Adebayo,MIA,1795,1.63,3.11,4.74,1.317,1.471,1.65,3.17,4.82,4.74,1.63,3.11,22,2022.0
2022,1628392,Isaiah Hartenstein,LAC,1190,2.85,1.6,4.45,1.394,1.669,1.95,1.09,3.04,4.45,2.85,1.6,45,2022.0
2022,1628396,Tony Bradley,CHI,545,0.06,0.1,0.15,1.792,2.072,0.02,0.03,0.05,0.15,0.06,0.1,160,2022.0
2022,1628398,Kyle Kuzma,WAS,2164,-0.82,-0.66,-1.48,1.226,1.321,-0.94,-0.75,-1.69,-1.48,-0.82,-0.66,358,2022.0
2022,1628400,Semi Ojeleye,MIL,398,-1.68,-1.93,-3.6,1.939,2.163,-0.4,-0.46,-0.86,-3.6,-1.68,-1.93,280,2022.0
2022,1628401,Derrick White,SAS,2172,-0.1,1.32,1.22,1.237,1.228,-0.13,1.64,1.51,1.22,-0.1,1.32,78,2022.0
2022,1628402,Frank Jackson,DET,1117,-1.97,-1.68,-3.64,1.671,1.513,-1.24,-1.06,-2.3,-3.64,-1.97,-1.68,386,2022.0
2022,1628404,Josh Hart,NOP,1787,-0.02,0.16,0.14,1.233,1.283,-0.02,0.16,0.14,0.14,-0.02,0.16,153,2022.0
2022,1628408,PJ Dozier,DEN,326,-1.77,-0.86,-2.62,2.06,2.222,-0.33,-0.16,-0.49,-2.62,-1.77,-0.86,224,2022.0
2022,1628415,Dillon Brooks,MEM,889,-2.1,-1.18,-3.27,1.485,1.552,-1.06,-0.59,-1.65,-3.27,-2.1,-1.18,357,2022.0
2022,1628418,Thomas Bryant,WAS,426,2.15,-0.46,1.69,1.903,2.269,0.49,-0.1,0.38,1.69,2.15,-0.46,136,2022.0
2022,1628420,Monté Morris,DEN,2226,0.08,-0.25,-0.17,1.251,1.215,0.1,-0.32,-0.22,-0.17,0.08,-0.25,187,2022.0
2022,1628425,Sterling Brown,DAL,629,-1.04,-1.06,-2.1,1.561,1.734,-0.38,-0.38,-0.76,-2.1,-1.04,-1.06,263,2022.0
2022,1628432,Davon Reed,DEN,651,-0.41,0.38,-0.03,1.617,1.697,-0.15,0.14,-0.01,-0.03,-0.41,0.38,163,2022.0
2022,1628449,Chris Boucher,TOR,1647,0.25,1.86,2.12,1.312,1.416,0.23,1.71,1.94,2.12,0.25,1.86,68,2022.0
2022,1628464,Daniel Theis,HOU,969,-0.12,0.73,0.61,1.337,1.685,-0.06,0.39,0.33,0.61,-0.12,0.73,141,2022.0
2022,1628467,Maxi Kleber,DAL,1465,-0.91,1.1,0.19,1.248,1.485,-0.77,0.93,0.16,0.19,-0.91,1.1,151,2022.0
2022,1628470,Torrey Craig,IND,1569,-0.89,-1.08,-1.97,1.305,1.417,-0.74,-0.9,-1.64,-1.97,-0.89,-1.08,354,2022.0
2022,1628960,Grayson Allen,MIL,1801,0.19,-0.0,0.19,1.261,1.281,0.21,-0.0,0.2,0.19,0.19,-0.0,148,2022.0
2022,1628963,Marvin Bagley III,SAC,1131,-1.94,-0.9,-2.84,1.559,1.688,-1.19,-0.55,-1.74,-2.84,-1.94,-0.9,363,2022.0
2022,1628964,Mo Bamba,ORL,1792,-0.51,1.35,0.84,1.244,1.513,-0.52,1.37,0.85,0.84,-0.51,1.35,105,2022.0
2022,1628966,Keita Bates-Diop,SAS,922,-1.38,-0.75,-2.13,1.397,1.535,-0.72,-0.39,-1.12,-2.13,-1.38,-0.75,308,2022.0
2022,1628969,Mikal Bridges,PHO,2820,1.83,1.02,2.85,1.175,1.204,3.1,1.73,4.83,2.85,1.83,1.02,21,2022.0
2022,1628970,Miles Bridges,CHO,2791,0.21,0.14,0.35,1.328,1.341,0.35,0.22,0.57,0.35,0.21,0.14,124,2022.0
2022,1628971,Bruce Brown,BRK,1753,-0.54,-0.16,-0.7,1.317,1.291,-0.53,-0.16,-0.69,-0.7,-0.54,-0.16,254,2022.0
2022,1628972,Troy Brown Jr.,CHI,1034,-1.42,-1.23,-2.65,1.53,1.633,-0.84,-0.73,-1.57,-2.65,-1.42,-1.23,350,2022.0
2022,1628973,Jalen Brunson,DAL,2535,0.87,1.06,1.93,1.384,1.201,1.27,1.55,2.82,1.93,0.87,1.06,48,2022.0
2022,1628975,Jevon Carter,BRK,878,-0.6,-0.13,-0.73,1.619,1.526,-0.29,-0.07,-0.36,-0.73,-0.6,-0.13,203,2022.0
2022,1628976,Wendell Carter Jr.,ORL,1826,-0.25,1.11,0.86,1.293,1.56,-0.26,1.15,0.89,0.86,-0.25,1.11,102,2022.0
2022,1628977,Hamidou Diallo,DET,1207,-1.36,-0.2,-1.55,1.593,1.497,-0.93,-0.13,-1.06,-1.55,-1.36,-0.2,300,2022.0
2022,1628978,Donte DiVincenzo,SAC,973,-1.04,-0.73,-1.77,1.52,1.514,-0.55,-0.39,-0.93,-1.77,-1.04,-0.73,283,2022.0
2022,1628983,Shai Gilgeous-Alexander,OKC,1904,2.13,0.94,3.07,1.609,1.331,2.29,1.01,3.3,3.07,2.13,0.94,41,2022.0
2022,1628984,Devonte' Graham,NOP,2154,-1.02,0.65,-0.37,1.255,1.222,-1.26,0.8,-0.46,-0.37,-1.02,0.65,220,2022.0
2022,1628988,Aaron Holiday,WAS,1004,-1.72,-1.23,-2.95,1.509,1.486,-0.92,-0.65,-1.57,-2.95,-1.72,-1.23,351,2022.0
2022,1628989,Kevin Huerter,ATL,2173,-0.57,-0.94,-1.5,1.289,1.31,-0.69,-1.14,-1.83,-1.5,-0.57,-0.94,368,2022.0
2022,1628991,Jaren Jackson Jr.,MEM,2115,-0.71,0.27,-0.43,1.417,1.514,-0.85,0.33,-0.52,-0.43,-0.71,0.27,229,2022.0
2022,1628997,Caleb Martin,MIA,1344,-1.07,0.78,-0.29,1.279,1.385,-0.81,0.59,-0.22,-0.29,-1.07,0.78,188,2022.0
2022,1628998,Cody Martin,CHO,1835,-1.34,-0.48,-1.83,1.193,1.288,-1.46,-0.52,-1.98,-1.83,-1.34,-0.48,376,2022.0
2022,1629001,De'Anthony Melton,MEM,1618,-0.15,1.31,1.17,1.457,1.393,-0.13,1.21,1.07,1.17,-0.15,1.31,93,2022.0
2022,1629002,Chimezie Metu,SAC,1241,-1.88,-1.61,-3.5,1.334,1.606,-1.27,-1.09,-2.36,-3.5,-1.88,-1.61,388,2022.0
2022,1629003,Shake Milton,PHI,1146,-1.16,-0.86,-2.01,1.411,1.447,-0.75,-0.55,-1.3,-2.01,-1.16,-0.86,324,2022.0
2022,1629004,Svi Mykhailiuk,TOR,702,-1.57,-1.8,-3.37,1.698,1.727,-0.62,-0.71,-1.32,-3.37,-1.57,-1.8,328,2022.0
2022,1629006,Josh Okogie,MIN,502,-2.23,-1.92,-4.14,1.984,1.975,-0.63,-0.54,-1.17,-4.14,-2.23,-1.92,313,2022.0
2022,1629008,Michael Porter Jr.,DEN,267,1.74,1.58,3.32,2.51,2.556,0.27,0.24,0.51,3.32,1.74,1.58,130,2022.0
2022,1629011,Mitchell Robinson,NYK,1838,2.23,1.68,3.91,1.194,1.505,2.35,1.77,4.12,3.91,2.23,1.68,31,2022.0
2022,1629012,Collin Sexton,CLE,322,-0.89,-1.2,-2.09,2.534,2.343,-0.16,-0.22,-0.38,-2.09,-0.89,-1.2,205,2022.0
2022,1629013,Landry Shamet,PHO,1440,-1.44,-0.03,-1.46,1.331,1.392,-1.25,-0.02,-1.27,-1.46,-1.44,-0.03,321,2022.0
2022,1629014,Anfernee Simons,POR,1668,-0.91,-0.6,-1.51,1.514,1.432,-0.78,-0.51,-1.29,-1.51,-0.91,-0.6,322,2022.0
2022,1629018,Gary Trent Jr.,TOR,2420,-0.3,-1.07,-1.38,1.258,1.284,-0.41,-1.45,-1.86,-1.38,-0.3,-1.07,370,2022.0
2022,1629020,Jarred Vanderbilt,MIN,1861,0.11,-0.03,0.07,1.266,1.497,0.11,-0.04,0.08,0.07,0.11,-0.03,158,2022.0
2022,1629021,Moritz Wagner,ORL,916,0.03,0.35,0.37,1.511,1.748,0.01,0.18,0.19,0.37,0.03,0.35,149,2022.0
2022,1629022,Lonnie Walker IV,SAS,1602,-1.81,-3.06,-4.87,1.45,1.396,-1.65,-2.79,-4.44,-4.87,-1.81,-3.06,427,2022.0
2022,1629023,P.J. Washington,CHO,1721,-0.53,-0.53,-1.06,1.352,1.471,-0.54,-0.54,-1.08,-1.06,-0.53,-0.53,302,2022.0
2022,1629026,Kenrich Williams,OKC,1035,-0.31,0.69,0.38,1.367,1.567,-0.18,0.4,0.22,0.38,-0.31,0.69,147,2022.0
2022,1629027,Trae Young,ATL,2620,3.92,-0.06,3.86,1.445,1.253,5.74,-0.09,5.65,3.86,3.92,-0.06,17,2022.0
2022,1629028,Deandre Ayton,PHO,1711,2.03,1.39,3.42,1.313,1.528,2.1,1.43,3.53,3.42,2.03,1.39,39,2022.0
2022,1629029,Luka Doncic,DAL,2290,4.28,3.09,7.37,1.593,1.329,5.65,4.08,9.73,7.37,4.28,3.09,7,2022.0
2022,1629048,Goga Bitadze,IND,712,-0.06,-1.04,-1.09,1.638,2.013,-0.02,-0.39,-0.41,-1.09,-0.06,-1.04,213,2022.0
2022,1629052,Oshae Brissett,IND,1521,-2.16,-2.14,-4.3,1.346,1.427,-1.74,-1.73,-3.47,-4.3,-2.16,-2.14,418,2022.0
2022,1629056,Terence Davis,SAC,524,-0.31,0.19,-0.13,1.754,1.891,-0.09,0.05,-0.04,-0.13,-0.31,0.19,168,2022.0
2022,1629057,Robert Williams III,BOS,1766,4.99,2.86,7.85,1.174,1.476,5.0,2.87,7.87,7.85,4.99,2.86,10,2022.0
2022,1629060,Rui Hachimura,WAS,916,-0.98,-1.4,-2.38,1.517,1.732,-0.48,-0.68,-1.16,-2.38,-0.98,-1.4,312,2022.0
2022,1629103,Kelan Martin,IND,448,-0.91,-1.86,-2.77,1.882,1.959,-0.22,-0.44,-0.66,-2.77,-0.91,-1.86,250,2022.0
2022,1629109,Gary Clark,NOP,350,-1.17,-0.95,-2.12,1.912,2.274,-0.24,-0.19,-0.43,-2.12,-1.17,-0.95,216,2022.0
2022,1629111,Jock Landale,SAS,576,-0.13,-0.3,-0.44,1.625,1.967,-0.04,-0.1,-0.14,-0.44,-0.13,-0.3,181,2022.0
2022,1629117,Wenyen Gabriel,LAL,353,-2.01,-1.32,-3.33,2.087,2.352,-0.41,-0.27,-0.67,-3.33,-2.01,-1.32,251,2022.0
2022,1629130,Duncan Robinson,MIA,2016,0.39,0.79,1.19,1.223,1.258,0.45,0.91,1.36,1.19,0.39,0.79,83,2022.0
2022,1629139,Yuta Watanabe,TOR,434,-0.46,-0.97,-1.43,1.808,1.974,-0.11,-0.24,-0.35,-1.43,-0.46,-0.97,200,2022.0
2022,1629162,Jordan McLaughlin,MIN,890,-1.12,-0.5,-1.62,1.506,1.539,-0.56,-0.25,-0.81,-1.62,-1.12,-0.5,274,2022.0
2022,1629164,Brandon Goodwin,CLE,485,-2.45,-0.92,-3.37,1.921,1.864,-0.68,-0.25,-0.93,-3.37,-2.45,-0.92,284,2022.0
2022,1629185,Chris Chiozza,GSW,365,-0.95,-1.63,-2.57,2.034,2.077,-0.2,-0.34,-0.53,-2.57,-0.95,-1.63,232,2022.0
2022,1629216,Gabe Vincent,MIA,1550,-1.38,-0.32,-1.7,1.301,1.327,-1.21,-0.28,-1.49,-1.7,-1.38,-0.32,344,2022.0
2022,1629234,Drew Eubanks,POR,1223,-0.57,-0.65,-1.22,1.323,1.612,-0.36,-0.4,-0.76,-1.22,-0.57,-0.65,264,2022.0
2022,1629308,Juan Toscano-Anderson,GSW,974,0.45,0.15,0.59,1.359,1.51,0.25,0.08,0.33,0.59,0.45,0.15,142,2022.0
2022,1629599,Amir Coffey,LAC,1541,-0.35,-0.2,-0.55,1.317,1.37,-0.31,-0.18,-0.49,-0.55,-0.35,-0.2,225,2022.0
2022,1629604,CJ Elleby,POR,1158,-3.14,-3.5,-6.64,1.529,1.648,-1.85,-2.07,-3.93,-6.64,-3.14,-3.5,423,2022.0
2022,1629611,Terance Mann,LAC,2274,-0.53,-0.05,-0.58,1.182,1.238,-0.69,-0.06,-0.76,-0.58,-0.53,-0.05,265,2022.0
2022,1629620,Justin Robinson,MIL,289,-1.44,-4.12,-5.56,2.394,2.357,-0.25,-0.71,-0.96,-5.56,-1.44,-4.12,288,2022.0
2022,1629622,Max Strus,MIA,1546,1.24,0.55,1.79,1.256,1.355,1.09,0.48,1.57,1.79,1.24,0.55,77,2022.0
2022,1629628,RJ Barrett,NYK,2389,-2.22,-1.0,-3.22,1.495,1.401,-3.04,-1.37,-4.41,-3.22,-2.22,-1.0,426,2022.0
2022,1629629,Cam Reddish,ATL,993,-2.64,-2.31,-4.95,1.486,1.652,-1.47,-1.28,-2.75,-4.95,-2.64,-2.31,398,2022.0
2022,1629630,Ja Morant,MEM,1833,1.41,0.54,1.95,1.64,1.389,1.47,0.56,2.03,1.95,1.41,0.54,65,2022.0
2022,1629631,De'Andre Hunter,ATL,1567,-1.87,-1.47,-3.34,1.39,1.379,-1.64,-1.29,-2.93,-3.34,-1.87,-1.47,404,2022.0
2022,1629632,Coby White,CHI,1625,-1.98,-0.89,-2.87,1.583,1.5,-1.84,-0.83,-2.67,-2.87,-1.98,-0.89,396,2022.0
2022,1629633,Jarrett Culver,MEM,324,-2.45,-3.5,-5.96,2.324,2.444,-0.45,-0.64,-1.09,-5.96,-2.45,-3.5,305,2022.0
2022,1629634,Brandon Clarke,MEM,1216,2.72,0.52,3.23,1.328,1.525,1.87,0.36,2.23,3.23,2.72,0.52,60,2022.0
2022,1629636,Darius Garland,CLE,2414,-0.35,0.27,-0.08,1.483,1.316,-0.48,0.37,-0.12,-0.08,-0.35,0.27,179,2022.0
2022,1629637,Jaxson Hayes,NOP,1374,0.81,-0.12,0.7,1.383,1.735,0.64,-0.09,0.55,0.7,0.81,-0.12,126,2022.0
2022,1629638,Nickeil Alexander-Walker,NOP,1431,-2.0,-2.06,-4.06,1.388,1.434,-1.65,-1.7,-3.34,-4.06,-2.0,-2.06,414,2022.0
2022,1629639,Tyler Herro,MIA,2089,-0.38,-0.26,-0.64,1.492,1.366,-0.45,-0.31,-0.75,-0.64,-0.38,-0.26,261,2022.0
2022,1629640,Keldon Johnson,SAS,2380,-0.39,-0.88,-1.27,1.341,1.346,-0.53,-1.19,-1.72,-1.27,-0.39,-0.88,360,2022.0
2022,1629641,Romeo Langford,BOS,766,-1.06,-0.82,-1.89,1.702,1.769,-0.46,-0.36,-0.82,-1.89,-1.06,-0.82,275,2022.0
2022,1629642,Nassir Little,POR,1059,-1.67,-1.06,-2.73,1.552,1.689,-0.91,-0.57,-1.48,-2.73,-1.67,-1.06,343,2022.0
2022,1629643,Chuma Okeke,ORL,1697,-1.58,-0.12,-1.7,1.24,1.476,-1.52,-0.12,-1.64,-1.7,-1.58,-0.12,355,2022.0
2022,1629645,Kevin Porter Jr.,HOU,1885,-0.94,-2.45,-3.39,1.547,1.453,-0.98,-2.56,-3.54,-3.39,-0.94,-2.45,420,2022.0
2022,1629647,Darius Bazley,OKC,1879,-2.74,-1.69,-4.43,1.311,1.556,-2.91,-1.79,-4.7,-4.43,-2.74,-1.69,428,2022.0
2022,1629649,Ignas Brazdeikis,ORL,501,-1.64,-2.56,-4.2,1.91,1.996,-0.47,-0.73,-1.19,-4.2,-1.64,-2.56,315,2022.0
2022,1629650,Moses Brown,CLE,346,-1.96,-0.88,-2.84,2.343,2.618,-0.39,-0.17,-0.56,-2.84,-1.96,-0.88,237,2022.0
2022,1629651,Nic Claxton,BRK,944,1.05,0.82,1.88,1.541,1.844,0.55,0.43,0.99,1.88,1.05,0.82,98,2022.0
2022,1629652,Luguentz Dort,OKC,1634,-2.13,-1.15,-3.29,1.331,1.453,-1.97,-1.07,-3.03,-3.29,-2.13,-1.15,407,2022.0
2022,1629655,Daniel Gafford,WAS,1441,2.49,0.46,2.95,1.367,1.59,1.9,0.35,2.25,2.95,2.49,0.46,58,2022.0
2022,1629656,Quentin Grimes,NYK,772,-0.44,0.64,0.2,1.909,1.838,-0.19,0.28,0.09,0.2,-0.44,0.64,156,2022.0
2022,1629659,Talen Horton-Tucker,LAL,1494,-1.62,-0.78,-2.4,1.57,1.53,-1.38,-0.67,-2.05,-2.4,-1.62,-0.78,381,2022.0
2022,1629660,Ty Jerome,OKC,777,-1.14,-0.48,-1.61,1.732,1.655,-0.5,-0.21,-0.71,-1.61,-1.14,-0.48,259,2022.0
2022,1629661,Cameron Johnson,PHO,1720,0.52,1.32,1.84,1.321,1.402,0.54,1.36,1.9,1.84,0.52,1.32,69,2022.0
2022,1629667,Jalen McDaniels,CHO,891,-1.75,-0.32,-2.07,1.442,1.602,-0.92,-0.17,-1.09,-2.07,-1.75,-0.32,306,2022.0
2022,1629669,Jaylen Nowell,MIN,966,-0.29,-0.31,-0.6,1.691,1.648,-0.16,-0.17,-0.32,-0.6,-0.29,-0.31,198,2022.0
2022,1629670,Jordan Nwora,MIL,1168,-1.66,-3.5,-5.16,1.531,1.525,-1.16,-2.45,-3.6,-5.16,-1.66,-3.5,421,2022.0
2022,1629672,Eric Paschall,UTA,710,-1.45,-0.88,-2.33,1.598,1.787,-0.58,-0.35,-0.93,-2.33,-1.45,-0.88,285,2022.0
2022,1629673,Jordan Poole,GSW,2237,-0.78,0.0,-0.78,1.486,1.348,-0.99,0.01,-0.99,-0.78,-0.78,0.0,290,2022.0
2022,1629675,Naz Reid,MIN,1174,-0.35,0.11,-0.24,1.522,1.734,-0.23,0.07,-0.16,-0.24,-0.35,0.11,182,2022.0
2022,1629676,Isaiah Roby,OKC,923,-0.59,-0.85,-1.44,1.546,1.728,-0.31,-0.45,-0.75,-1.44,-0.59,-0.85,262,2022.0
2022,1629678,Admiral Schofield,ORL,447,-1.1,-3.33,-4.43,1.897,2.147,-0.28,-0.85,-1.12,-4.43,-1.1,-3.33,309,2022.0
2022,1629680,Matisse Thybulle,PHI,1675,-1.16,0.51,-0.65,1.28,1.344,-1.09,0.48,-0.62,-0.65,-1.16,0.51,243,2022.0
2022,1629681,Killian Tillie,MEM,441,-0.66,-1.12,-1.78,1.843,2.302,-0.16,-0.28,-0.45,-1.78,-0.66,-1.12,219,2022.0
2022,1629684,Grant Williams,BOS,1871,-1.13,-0.27,-1.4,1.252,1.445,-1.2,-0.29,-1.49,-1.4,-1.13,-0.27,345,2022.0
2022,1629685,Dylan Windler,CLE,446,-0.78,-0.77,-1.55,1.798,1.986,-0.2,-0.19,-0.39,-1.55,-0.78,-0.77,206,2022.0
2022,1629717,Armoni Brooks,HOU,832,-2.2,-3.09,-5.29,1.745,1.648,-1.01,-1.43,-2.44,-5.29,-2.2,-3.09,393,2022.0
2022,1629723,John Konchar,MEM,1254,1.57,0.55,2.12,1.31,1.412,1.12,0.39,1.51,2.12,1.57,0.55,79,2022.0
2022,1629726,Garrison Mathews,HOU,1673,-0.88,-1.17,-2.05,1.275,1.318,-0.82,-1.08,-1.9,-2.05,-0.88,-1.17,371,2022.0
2022,1629731,Dean Wade,CLE,959,-0.85,-0.31,-1.17,1.369,1.628,-0.46,-0.17,-0.63,-1.17,-0.85,-0.31,245,2022.0
2022,1629744,Matt Thomas,CHI,480,-1.6,-0.63,-2.23,1.794,1.882,-0.44,-0.17,-0.61,-2.23,-1.6,-0.63,241,2022.0
2022,1629750,Javonte Green,CHI,1524,-0.43,-0.46,-0.89,1.233,1.33,-0.37,-0.4,-0.78,-0.89,-0.43,-0.46,267,2022.0
2022,1629833,Keljin Blevins,POR,342,-2.23,-4.81,-7.04,2.055,2.175,-0.39,-0.84,-1.23,-7.04,-2.23,-4.81,318,2022.0
2022,1630162,Anthony Edwards,MIN,2440,-0.43,-0.88,-1.31,1.631,1.447,-0.59,-1.2,-1.79,-1.31,-0.43,-0.88,364,2022.0
2022,1630163,LaMelo Ball,CHO,2376,1.67,-0.25,1.42,1.756,1.439,2.35,-0.35,2.0,1.42,1.67,-0.25,66,2022.0
2022,1630165,Killian Hayes,DET,1626,-3.38,-2.92,-6.3,1.558,1.555,-3.1,-2.68,-5.79,-6.3,-3.38,-2.92,433,2022.0
2022,1630166,Deni Avdija,WAS,1928,-1.07,-0.4,-1.47,1.478,1.46,-1.09,-0.41,-1.5,-1.47,-1.07,-0.4,346,2022.0
2022,1630167,Obi Toppin,NYK,1213,-0.28,0.91,0.63,1.466,1.601,-0.19,0.63,0.44,0.63,-0.28,0.91,133,2022.0
2022,1630168,Onyeka Okongwu,ATL,974,1.62,0.59,2.21,1.599,1.903,0.88,0.32,1.2,2.21,1.62,0.59,88,2022.0
2022,1630169,Tyrese Haliburton,SAC,2607,2.37,-1.43,0.95,1.443,1.352,3.36,-2.02,1.34,0.95,2.37,-1.43,84,2022.0
2022,1630170,Devin Vassell,SAS,1909,-1.12,-0.57,-1.69,1.494,1.449,-1.22,-0.62,-1.84,-1.69,-1.12,-0.57,369,2022.0
2022,1630171,Isaac Okoro,CLE,1961,-3.18,-1.42,-4.61,1.343,1.441,-3.54,-1.58,-5.12,-4.61,-3.18,-1.42,430,2022.0
2022,1630172,Patrick Williams,CHI,422,-2.05,-1.55,-3.6,2.257,2.547,-0.49,-0.37,-0.87,-3.6,-2.05,-1.55,281,2022.0
2022,1630173,Precious Achiuwa,TOR,1721,-2.07,-1.15,-3.22,1.294,1.58,-1.98,-1.11,-3.09,-3.22,-2.07,-1.15,411,2022.0
2022,1630174,Aaron Nesmith,BOS,565,-0.97,-1.47,-2.44,1.888,1.979,-0.31,-0.47,-0.78,-2.44,-0.97,-1.47,268,2022.0
2022,1630175,Cole Anthony,ORL,2039,-1.73,-1.26,-3.0,1.556,1.415,-2.0,-1.46,-3.46,-3.0,-1.73,-1.26,417,2022.0
2022,1630177,Theo Maledon,OKC,890,-2.92,-3.0,-5.93,2.065,1.823,-1.47,-1.51,-2.98,-5.93,-2.92,-3.0,406,2022.0
2022,1630178,Tyrese Maxey,PHI,2630,-0.16,-0.08,-0.24,1.56,1.35,-0.23,-0.12,-0.35,-0.24,-0.16,-0.08,201,2022.0
2022,1630180,Saddiq Bey,DET,2656,-0.99,-1.25,-2.24,1.255,1.321,-1.49,-1.87,-3.36,-2.24,-0.99,-1.25,415,2022.0
2022,1630181,R.J. Hampton,ORL,1333,-2.54,-3.16,-5.7,1.572,1.63,-1.92,-2.39,-4.31,-5.7,-2.54,-3.16,425,2022.0
2022,1630182,Josh Green,DAL,1034,-0.97,-0.72,-1.69,1.561,1.683,-0.58,-0.43,-1.01,-1.69,-0.97,-0.72,295,2022.0
2022,1630183,Jaden McDaniels,MIN,1798,-1.67,-1.37,-3.04,1.384,1.571,-1.68,-1.38,-3.05,-3.04,-1.67,-1.37,408,2022.0
2022,1630184,Kira Lewis Jr.,NOP,317,-2.53,-1.74,-4.27,2.699,2.635,-0.46,-0.32,-0.78,-4.27,-2.53,-1.74,269,2022.0
2022,1630188,Jalen Smith,IND,894,-0.3,-0.68,-0.98,1.704,1.952,-0.14,-0.32,-0.46,-0.98,-0.3,-0.68,221,2022.0
2022,1630190,Elijah Hughes,POR,429,-1.24,-4.3,-5.54,2.013,2.115,-0.27,-0.94,-1.21,-5.54,-1.24,-4.3,317,2022.0
2022,1630191,Isaiah Stewart,DET,1799,-0.93,0.54,-0.39,1.361,1.707,-0.94,0.55,-0.39,-0.39,-0.93,0.54,207,2022.0
2022,1630192,Zeke Nnaji,DEN,661,-1.59,-1.45,-3.04,1.744,2.07,-0.6,-0.55,-1.15,-3.04,-1.59,-1.45,311,2022.0
2022,1630193,Immanuel Quickley,NYK,1777,-0.91,2.0,1.09,1.544,1.398,-0.93,2.04,1.12,1.09,-0.91,2.0,92,2022.0
2022,1630194,Paul Reed,PHI,289,0.12,-0.01,0.12,2.384,2.816,0.02,-0.0,0.02,0.12,0.12,-0.01,161,2022.0
2022,1630197,Aleksej Pokusevski,OKC,1208,-2.76,-1.75,-4.51,1.615,1.809,-1.88,-1.2,-3.08,-4.51,-2.76,-1.75,410,2022.0
2022,1630198,Isaiah Joe,PHI,588,-1.05,-2.08,-3.14,1.895,1.932,-0.35,-0.69,-1.04,-3.14,-1.05,-2.08,298,2022.0
2022,1630200,Tre Jones,SAS,1131,-1.08,0.08,-1.0,1.54,1.561,-0.7,0.05,-0.64,-1.0,-1.08,0.08,248,2022.0
2022,1630201,Malachi Flynn,TOR,532,-2.36,-0.41,-2.76,1.99,1.914,-0.7,-0.12,-0.82,-2.76,-2.36,-0.41,276,2022.0
2022,1630202,Payton Pritchard,BOS,1009,0.77,0.51,1.28,1.573,1.514,0.44,0.29,0.73,1.28,0.77,0.51,114,2022.0
2022,1630205,Lamar Stevens,CLE,1000,-1.9,-1.61,-3.5,1.506,1.642,-1.08,-0.91,-1.99,-3.5,-1.9,-1.61,378,2022.0
2022,1630208,Nick Richards,CHO,357,-1.68,-0.94,-2.62,2.042,2.43,-0.35,-0.2,-0.55,-2.62,-1.68,-0.94,236,2022.0
2022,1630209,Omer Yurtseven,MIA,686,-1.5,-0.11,-1.62,1.664,1.968,-0.58,-0.04,-0.63,-1.62,-1.5,-0.11,246,2022.0
2022,1630214,Xavier Tillman,MEM,674,-1.05,0.62,-0.43,1.59,1.98,-0.4,0.24,-0.16,-0.43,-1.05,0.62,183,2022.0
2022,1630215,Jared Butler,UTA,350,-0.24,-1.27,-1.51,2.632,2.418,-0.05,-0.25,-0.3,-1.51,-0.24,-1.27,195,2022.0
2022,1630217,Desmond Bane,MEM,2231,1.7,1.06,2.76,1.36,1.303,2.15,1.34,3.49,2.76,1.7,1.06,40,2022.0
2022,1630224,Jalen Green,HOU,2121,-2.63,-1.84,-4.47,1.695,1.562,-3.09,-2.16,-5.25,-4.47,-2.63,-1.84,431,2022.0
2022,1630227,Daishen Nix,HOU,254,-1.21,-2.44,-3.64,3.176,3.037,-0.17,-0.34,-0.51,-3.64,-1.21,-2.44,226,2022.0
2022,1630228,Jonathan Kuminga,GSW,1162,-0.77,-0.07,-0.84,1.892,1.922,-0.51,-0.05,-0.56,-0.84,-0.77,-0.07,238,2022.0
2022,1630230,Naji Marshall,NOP,705,-2.45,-1.79,-4.24,1.69,1.725,-0.99,-0.73,-1.72,-4.24,-2.45,-1.79,361,2022.0
2022,1630231,KJ Martin,HOU,1629,-0.16,-2.04,-2.2,1.349,1.605,-0.14,-1.84,-1.98,-2.2,-0.16,-2.04,377,2022.0
2022,1630233,Nathan Knight,MIN,265,-1.14,0.79,-0.35,2.339,2.743,-0.17,0.12,-0.05,-0.35,-1.14,0.79,169,2022.0
2022,1630235,Trent Forrest,UTA,753,-0.61,-0.35,-0.96,1.593,1.718,-0.26,-0.15,-0.41,-0.96,-0.61,-0.35,214,2022.0
2022,1630240,Saben Lee,DET,588,-0.83,-1.24,-2.07,1.984,1.913,-0.28,-0.41,-0.69,-2.07,-0.83,-1.24,255,2022.0
2022,1630245,Ayo Dosunmu,CHI,2104,-0.64,-2.09,-2.73,1.33,1.364,-0.77,-2.52,-3.28,-2.73,-0.64,-2.09,413,2022.0
2022,1630249,Vit Krejci,OKC,662,-1.01,-3.56,-4.57,1.863,1.913,-0.38,-1.33,-1.71,-4.57,-1.01,-3.56,359,2022.0
2022,1630256,Jae'Sean Tate,HOU,2053,-0.59,-0.37,-0.95,1.15,1.259,-0.67,-0.42,-1.08,-0.95,-0.59,-0.37,303,2022.0
2022,1630264,Anthony Gill,WAS,440,-1.2,0.27,-0.92,1.793,2.116,-0.28,0.06,-0.21,-0.92,-1.2,0.27,184,2022.0
2022,1630267,Facundo Campazzo,DEN,1151,-1.77,-0.44,-2.21,1.45,1.46,-1.17,-0.29,-1.46,-2.21,-1.77,-0.44,342,2022.0
2022,1630314,Brandon Williams,POR,635,-3.1,-4.26,-7.36,2.008,1.863,-1.01,-1.38,-2.39,-7.36,-3.1,-4.26,391,2022.0
2022,1630322,Lindy Waters III,OKC,449,-0.48,-0.88,-1.36,1.914,2.002,-0.12,-0.22,-0.35,-1.36,-0.48,-0.88,202,2022.0
2022,1630526,Jeremiah Robinson-Earl,OKC,1073,-1.86,-1.34,-3.2,1.539,1.784,-1.13,-0.81,-1.94,-3.2,-1.86,-1.34,374,2022.0
2022,1630527,Brandon Boston Jr.,LAC,726,-2.6,-2.12,-4.72,1.982,1.963,-1.08,-0.89,-1.97,-4.72,-2.6,-2.12,375,2022.0
2022,1630528,Josh Christopher,HOU,1312,-1.39,-4.12,-5.52,1.763,1.654,-1.01,-3.0,-4.01,-5.52,-1.39,-4.12,424,2022.0
2022,1630529,Herbert Jones,NOP,2330,-1.11,0.5,-0.61,1.209,1.306,-1.48,0.67,-0.82,-0.61,-1.11,0.5,277,2022.0
2022,1630530,Trey Murphy III,NOP,833,-1.77,-0.61,-2.38,1.844,1.813,-0.85,-0.29,-1.14,-2.38,-1.77,-0.61,310,2022.0
2022,1630532,Franz Wagner,ORL,2390,-0.72,0.5,-0.22,1.599,1.467,-0.98,0.68,-0.3,-0.22,-0.72,0.5,196,2022.0
2022,1630533,Ziaire Williams,MEM,1324,-1.85,-2.07,-3.91,1.603,1.667,-1.39,-1.55,-2.94,-3.91,-1.85,-2.07,405,2022.0
2022,1630535,Greg Brown III,POR,621,-0.81,-2.47,-3.28,2.033,2.214,-0.26,-0.78,-1.04,-3.28,-0.81,-2.47,299,2022.0
2022,1630537,Chris Duarte,IND,1523,-0.96,-1.51,-2.47,1.348,1.374,-0.78,-1.22,-2.0,-2.47,-0.96,-1.51,379,2022.0
2022,1630538,Bones Hyland,DEN,1286,0.05,-0.34,-0.29,1.788,1.571,0.04,-0.25,-0.21,-0.29,0.05,-0.34,185,2022.0
2022,1630540,Miles McBride,NYK,365,-0.69,-1.22,-1.9,2.416,2.378,-0.14,-0.26,-0.4,-1.9,-0.69,-1.22,210,2022.0
2022,1630541,Moses Moody,GSW,597,-1.25,-1.53,-2.78,2.167,2.205,-0.42,-0.52,-0.94,-2.78,-1.25,-1.53,286,2022.0
2022,1630543,Isaiah Jackson,IND,532,-0.74,-1.28,-2.01,2.045,2.426,-0.21,-0.36,-0.57,-2.01,-0.74,-1.28,239,2022.0
2022,1630544,Tre Mann,OKC,1347,-1.92,-3.21,-5.12,1.812,1.626,-1.46,-2.44,-3.9,-5.12,-1.92,-3.21,422,2022.0
2022,1630547,James Bouknight,CHO,289,-1.36,-2.58,-3.94,2.771,2.64,-0.23,-0.44,-0.67,-3.94,-1.36,-2.58,252,2022.0
2022,1630549,Day'Ron Sharpe,BRK,373,-1.2,-0.74,-1.94,2.393,2.772,-0.25,-0.15,-0.4,-1.94,-1.2,-0.74,211,2022.0
2022,1630550,JT Thor,CHO,253,-0.71,-1.39,-2.11,2.8,3.29,-0.11,-0.21,-0.32,-2.11,-0.71,-1.39,199,2022.0
2022,1630551,Justin Champagnie,TOR,264,-0.79,-0.09,-0.87,2.713,2.899,-0.12,-0.01,-0.13,-0.87,-0.79,-0.09,180,2022.0
2022,1630553,Keon Johnson,POR,682,-3.66,-4.46,-8.12,2.165,2.108,-1.28,-1.55,-2.83,-8.12,-3.66,-4.46,400,2022.0
2022,1630556,Kessler Edwards,BRK,959,-2.13,-3.17,-5.31,1.564,1.738,-1.14,-1.7,-2.84,-5.31,-2.13,-3.17,401,2022.0
2022,1630557,Corey Kispert,WAS,1742,-0.98,-0.46,-1.44,1.368,1.433,-0.9,-0.43,-1.33,-1.44,-0.98,-0.46,330,2022.0
2022,1630558,Davion Mitchell,SAC,2020,-1.83,-3.02,-4.85,1.291,1.315,-2.0,-3.32,-5.32,-4.85,-1.83,-3.02,432,2022.0
2022,1630559,Austin Reaves,LAL,1401,-0.92,-0.73,-1.65,1.51,1.441,-0.74,-0.58,-1.31,-1.65,-0.92,-0.73,326,2022.0
2022,1630560,Cam Thomas,BRK,1118,-1.63,-2.78,-4.41,1.965,1.725,-1.02,-1.73,-2.75,-4.41,-1.63,-2.78,399,2022.0
2022,1630561,David Duke Jr.,BRK,328,-0.58,-2.21,-2.78,2.46,2.407,-0.11,-0.4,-0.51,-2.78,-0.58,-2.21,227,2022.0
2022,1630563,Joshua Primo,SAS,946,-3.14,-3.16,-6.3,2.131,1.902,-1.69,-1.7,-3.39,-6.3,-3.14,-3.16,416,2022.0
2022,1630567,Scottie Barnes,TOR,2575,0.06,-0.26,-0.19,1.505,1.535,0.09,-0.37,-0.28,-0.19,0.06,-0.26,193,2022.0
2022,1630568,Luka Garza,DET,372,-1.39,-1.09,-2.47,2.258,2.458,-0.29,-0.23,-0.52,-2.47,-1.39,-1.09,230,2022.0
2022,1630570,Trendon Watford,POR,860,-0.94,-1.55,-2.49,1.8,1.903,-0.41,-0.68,-1.09,-2.49,-0.94,-1.55,307,2022.0
2022,1630572,Sandro Mamukelashvili,MIL,393,-0.75,-0.91,-1.66,2.214,2.4,-0.18,-0.21,-0.39,-1.66,-0.75,-0.91,208,2022.0
2022,1630578,Alperen Sengun,HOU,1466,-0.85,-1.72,-2.56,1.728,1.881,-0.69,-1.39,-2.08,-2.56,-0.85,-1.72,383,2022.0
2022,1630579,Jericho Sims,NYK,546,-0.65,0.48,-0.17,1.69,2.129,-0.2,0.15,-0.05,-0.17,-0.65,0.48,170,2022.0
2022,1630581,Josh Giddey,OKC,1681,-1.79,0.19,-1.6,1.734,1.623,-1.7,0.18,-1.52,-1.6,-1.79,0.19,348,2022.0
2022,1630583,Santi Aldama,MEM,338,-0.82,-2.5,-3.32,2.39,2.652,-0.16,-0.48,-0.64,-3.32,-0.82,-2.5,249,2022.0
2022,1630587,Isaiah Livers,DET,384,-0.71,-1.34,-2.04,1.982,2.339,-0.15,-0.29,-0.44,-2.04,-0.71,-1.34,217,2022.0
2022,1630591,Jalen Suggs,ORL,1288,-3.94,-2.51,-6.44,1.859,1.645,-2.87,-1.83,-4.7,-6.44,-3.94,-2.51,429,2022.0
2022,1630595,Cade Cunningham,DET,2076,-1.16,-1.45,-2.61,1.759,1.476,-1.36,-1.7,-3.06,-2.61,-1.16,-1.45,409,2022.0
2022,1630596,Evan Mobley,CLE,2309,-1.27,0.95,-0.32,1.479,1.565,-1.67,1.25,-0.42,-0.32,-1.27,0.95,215,2022.0
2022,1630598,Aaron Wiggins,OKC,1207,-1.86,-0.97,-2.83,1.516,1.497,-1.27,-0.66,-1.93,-2.83,-1.86,-0.97,373,2022.0
2022,1630613,Duane Washington Jr.,IND,951,-1.46,-3.25,-4.72,1.963,1.724,-0.74,-1.64,-2.38,-4.72,-1.46,-3.25,389,2022.0
2022,1630625,Dalano Banton,TOR,675,-2.47,-1.37,-3.84,1.996,1.825,-0.93,-0.52,-1.45,-3.84,-2.47,-1.37,341,2022.0
2022,1630631,Jose Alvarado,NOP,809,0.01,0.58,0.58,1.742,1.663,0.0,0.27,0.27,0.58,0.01,0.58,144,2022.0
2022,1630678,Terry Taylor,IND,697,2.25,-1.54,0.71,1.642,1.953,0.83,-0.57,0.26,0.71,2.25,-1.54,145,2022.0
2022,1630688,Ish Wainright,PHO,342,-0.37,-0.71,-1.07,2.088,2.166,-0.08,-0.15,-0.22,-1.07,-0.37,-0.71,189,2022.0
2022,1630846,Olivier Sarr,OKC,413,-2.12,-0.16,-2.28,1.954,2.443,-0.49,-0.04,-0.53,-2.28,-2.12,-0.16,233,2022.0
2023,2544,LeBron James,LAL,1909,4.77,2.77,7.54,1.863,1.723,5.08,2.95,8.04,7.54,4.77,2.77,10,2023.0
2023,101108,Chris Paul,PHO,1857,2.63,2.39,5.02,1.674,1.699,2.76,2.5,5.26,5.02,2.63,2.39,20,2023.0
2023,200752,Rudy Gay,UTA,805,-1.81,-0.29,-2.1,2.019,2.259,-0.71,-0.11,-0.82,-2.1,-1.81,-0.29,265,2023.0
2023,200768,Kyle Lowry,MIA,1671,0.47,1.49,1.96,1.655,1.716,0.45,1.44,1.89,1.96,0.47,1.49,72,2023.0
2023,200782,P.J. Tucker,PHI,1898,-1.13,-0.74,-1.87,1.553,1.725,-1.27,-0.83,-2.09,-1.87,-1.13,-0.74,361,2023.0
2023,201142,Kevin Durant,BRK,1660,6.09,2.74,8.83,1.668,1.674,5.94,2.67,8.61,8.83,6.09,2.74,7,2023.0
2023,201143,Al Horford,BOS,1908,2.16,2.37,4.53,1.516,1.872,2.31,2.53,4.84,4.53,2.16,2.37,25,2023.0
2023,201144,Mike Conley,UTA,1990,1.86,1.03,2.9,1.551,1.566,1.8,1.0,2.8,2.9,1.86,1.03,57,2023.0
2023,201145,Jeff Green,DEN,1068,-1.69,-0.66,-2.35,1.799,2.077,-1.01,-0.4,-1.41,-2.35,-1.69,-0.66,323,2023.0
2023,201152,Thaddeus Young,TOR,769,1.12,0.8,1.92,1.746,2.063,0.5,0.36,0.86,1.92,1.12,0.8,107,2023.0
2023,201565,Derrick Rose,NYK,346,-0.39,1.33,0.94,2.734,2.544,-0.08,0.27,0.19,0.94,-0.39,1.33,143,2023.0
2023,201566,Russell Westbrook,LAL,2085,-0.55,0.09,-0.46,1.609,1.475,-0.64,0.1,-0.54,-0.46,-0.55,0.09,224,2023.0
2023,201567,Kevin Love,CLE,1205,-0.01,2.35,2.33,1.734,1.81,-0.01,1.55,1.54,2.33,-0.01,2.35,83,2023.0
2023,201569,Eric Gordon,HOU,1961,-0.66,-0.05,-0.72,1.436,1.509,-0.7,-0.06,-0.76,-0.72,-0.66,-0.05,257,2023.0
2023,201572,Brook Lopez,MIL,2331,1.01,2.12,3.13,1.341,1.621,1.36,2.86,4.22,3.13,1.01,2.12,32,2023.0
2023,201577,Robin Lopez,CLE,281,1.14,-0.45,0.69,2.534,3.107,0.18,-0.07,0.11,0.69,1.14,-0.45,152,2023.0
2023,201580,JaVale McGee,DAL,356,-0.25,-0.23,-0.48,2.655,2.97,-0.05,-0.04,-0.09,-0.48,-0.25,-0.23,168,2023.0
2023,201587,Nicolas Batum,LAC,1676,0.89,0.58,1.47,1.404,1.67,0.87,0.57,1.44,1.47,0.89,0.58,86,2023.0
2023,201588,George Hill,MIL,826,-1.83,0.62,-1.22,1.941,2.093,-0.87,0.29,-0.58,-1.22,-1.83,0.62,229,2023.0
2023,201599,DeAndre Jordan,DEN,578,0.84,-0.2,0.64,1.886,2.356,0.27,-0.06,0.21,0.64,0.84,-0.2,142,2023.0
2023,201609,Goran Dragic,CHI,850,-1.22,-2.85,-4.07,2.178,2.053,-0.59,-1.39,-1.98,-4.07,-1.22,-2.85,354,2023.0
2023,201933,Blake Griffin,BOS,565,-1.54,0.2,-1.35,1.814,2.268,-0.49,0.06,-0.43,-1.35,-1.54,0.2,211,2023.0
2023,201935,James Harden,PHI,2110,3.16,1.42,4.58,1.62,1.406,3.93,1.76,5.69,4.58,3.16,1.42,17,2023.0
2023,201937,Ricky Rubio,CLE,540,-2.52,-0.65,-3.17,2.021,1.971,-0.75,-0.19,-0.94,-3.17,-2.52,-0.65,274,2023.0
2023,201939,Stephen Curry,GSW,1924,6.97,2.3,9.26,1.732,1.499,7.54,2.48,10.02,9.26,6.97,2.3,5,2023.0
2023,201942,DeMar DeRozan,CHI,2616,1.54,-0.01,1.54,1.421,1.379,2.31,-0.01,2.3,1.54,1.54,-0.01,63,2023.0
2023,201950,Jrue Holiday,MIL,2162,2.79,2.27,5.06,1.35,1.343,3.49,2.83,6.32,5.06,2.79,2.27,15,2023.0
2023,201959,Taj Gibson,WAS,456,-0.93,0.49,-0.44,2.326,2.886,-0.25,0.13,-0.12,-0.44,-0.93,0.49,171,2023.0
2023,201976,Patrick Beverley,LAL,1794,-0.97,0.96,-0.01,1.505,1.521,-0.97,0.96,-0.01,-0.01,-0.97,0.96,158,2023.0
2023,201988,Patty Mills,BRK,551,-0.44,-1.08,-1.52,2.193,2.134,-0.14,-0.35,-0.49,-1.52,-0.44,-1.08,218,2023.0
2023,202083,Wesley Matthews,MIL,769,-1.94,-1.29,-3.23,1.985,2.14,-0.86,-0.57,-1.43,-3.23,-1.94,-1.29,325,2023.0
2023,202322,John Wall,LAC,740,-1.77,-0.4,-2.17,1.992,1.771,-0.77,-0.17,-0.94,-2.17,-1.77,-0.4,275,2023.0
2023,202330,Gordon Hayward,CHO,1551,-0.22,-0.19,-0.41,1.418,1.471,-0.18,-0.15,-0.34,-0.41,-0.22,-0.19,195,2023.0
2023,202331,Paul George,LAC,1924,1.55,2.5,4.05,1.41,1.487,1.74,2.81,4.56,4.05,1.55,2.5,29,2023.0
2023,202397,Ish Smith,DEN,375,-1.56,-1.89,-3.45,2.384,2.464,-0.33,-0.4,-0.73,-3.45,-1.56,-1.89,256,2023.0
2023,202681,Kyrie Irving,BRK,2178,3.79,1.08,4.87,1.383,1.273,4.85,1.38,6.23,4.87,3.79,1.08,16,2023.0
2023,202685,Jonas Valančiūnas,NOP,1950,1.18,1.52,2.7,1.285,1.446,1.31,1.69,3.0,2.7,1.18,1.52,52,2023.0
2023,202687,Bismack Biyombo,PHO,843,-0.88,-0.36,-1.23,1.427,1.792,-0.42,-0.17,-0.59,-1.23,-0.88,-0.36,231,2023.0
2023,202691,Klay Thompson,GSW,2269,0.35,0.57,0.92,1.355,1.358,0.44,0.73,1.17,0.92,0.35,0.57,95,2023.0
2023,202692,Alec Burks,DET,1077,0.56,0.86,1.41,1.503,1.544,0.31,0.47,0.78,1.41,0.56,0.86,113,2023.0
2023,202693,Markieff Morris,BRK,353,-1.68,-1.21,-2.89,2.362,2.607,-0.35,-0.25,-0.6,-2.89,-1.68,-1.21,234,2023.0
2023,202694,Marcus Morris Sr.,LAC,1803,-0.54,-0.54,-1.08,1.383,1.57,-0.57,-0.57,-1.14,-1.08,-0.54,-0.54,300,2023.0
2023,202695,Kawhi Leonard,LAC,1733,4.94,2.21,7.14,1.465,1.386,5.0,2.24,7.24,7.14,4.94,2.21,12,2023.0
2023,202696,Nikola Vucevic,CHI,2663,1.06,2.11,3.17,1.286,1.452,1.62,3.22,4.84,3.17,1.06,2.11,26,2023.0
2023,202699,Tobias Harris,PHI,2391,0.23,1.04,1.28,1.196,1.34,0.33,1.47,1.8,1.28,0.23,1.04,73,2023.0
2023,202704,Reggie Jackson,LAC,1633,-1.92,-1.1,-3.02,1.457,1.424,-1.84,-1.05,-2.88,-3.02,-1.92,-1.1,388,2023.0
2023,202709,Cory Joseph,DET,1189,-1.35,0.01,-1.34,1.447,1.488,-0.82,0.01,-0.82,-1.34,-1.35,0.01,266,2023.0
2023,202710,Jimmy Butler III,MIA,2088,5.22,1.59,6.81,1.406,1.523,6.29,1.92,8.21,6.81,5.22,1.59,9,2023.0
2023,202711,Bojan Bogdanovic,DET,1845,0.63,-0.38,0.25,1.497,1.562,0.6,-0.36,0.24,0.25,0.63,-0.38,137,2023.0
2023,202722,Davis Bertans,DAL,475,-1.2,-0.19,-1.39,1.87,2.099,-0.31,-0.05,-0.36,-1.39,-1.2,-0.19,199,2023.0
2023,203076,Anthony Davis,LAL,1850,2.82,2.64,5.45,1.369,1.432,2.91,2.73,5.64,5.45,2.82,2.64,19,2023.0
2023,203078,Bradley Beal,WAS,1643,1.55,0.94,2.5,1.364,1.323,1.51,0.92,2.43,2.5,1.55,0.94,60,2023.0
2023,203081,Damian Lillard,POR,2092,4.98,0.26,5.25,1.532,1.352,5.38,0.28,5.66,5.25,4.98,0.26,18,2023.0
2023,203082,Terrence Ross,ORL,1327,-1.74,-1.88,-3.62,1.427,1.461,-1.26,-1.37,-2.63,-3.62,-1.74,-1.88,385,2023.0
2023,203083,Andre Drummond,CHI,855,-0.71,0.7,-0.01,1.497,1.749,-0.35,0.34,-0.01,-0.01,-0.71,0.7,159,2023.0
2023,203084,Harrison Barnes,SAC,2618,-0.0,-0.71,-0.71,1.154,1.319,-0.01,-1.02,-1.03,-0.71,-0.0,-0.71,285,2023.0
2023,203085,Austin Rivers,MIN,1002,-1.88,-1.97,-3.85,1.421,1.532,-1.07,-1.12,-2.2,-3.85,-1.88,-1.97,363,2023.0
2023,203095,Evan Fournier,NYK,440,0.09,-0.92,-0.84,2.008,2.017,0.02,-0.24,-0.22,-0.84,0.09,-0.92,182,2023.0
2023,203109,Jae Crowder,MIL,320,-0.03,1.24,1.21,2.188,2.603,-0.01,0.23,0.22,1.21,-0.03,1.24,139,2023.0
2023,203110,Draymond Green,GSW,2279,0.61,3.3,3.91,1.262,1.438,0.78,4.23,5.01,3.91,0.61,3.3,24,2023.0
2023,203114,Khris Middleton,MIL,790,0.67,0.75,1.41,1.709,1.709,0.3,0.34,0.64,1.41,0.67,0.75,119,2023.0
2023,203115,Will Barton,WAS,961,-1.56,-1.08,-2.64,1.648,1.651,-0.89,-0.62,-1.5,-2.64,-1.56,-1.08,331,2023.0
2023,203200,Justin Holiday,ATL,679,-1.74,-1.84,-3.58,1.777,1.916,-0.67,-0.71,-1.38,-3.58,-1.74,-1.84,319,2023.0
2023,203210,JaMychal Green,GSW,785,-1.02,-0.87,-1.88,1.676,1.88,-0.45,-0.38,-0.83,-1.88,-1.02,-0.87,267,2023.0
2023,203468,CJ McCollum,NOP,2531,0.75,0.86,1.61,1.421,1.261,1.08,1.24,2.32,1.61,0.75,0.86,62,2023.0
2023,203471,Dennis Schroder,LAL,1936,-2.21,-0.56,-2.77,1.349,1.264,-2.39,-0.6,-2.99,-2.77,-2.21,-0.56,390,2023.0
2023,203473,Dewayne Dedmon,MIA,416,0.55,-0.01,0.54,2.206,2.538,0.13,-0.0,0.13,0.54,0.55,-0.01,148,2023.0
2023,203476,Gorgui Dieng,SAS,352,-0.42,0.06,-0.36,2.29,2.708,-0.08,0.01,-0.07,-0.36,-0.42,0.06,165,2023.0
2023,203482,Kelly Olynyk,UTA,1915,1.1,0.09,1.19,1.27,1.492,1.02,0.08,1.1,1.19,1.1,0.09,99,2023.0
2023,203484,Kentavious Caldwell-Pope,DEN,2360,-0.48,-0.68,-1.16,1.145,1.229,-0.63,-0.91,-1.54,-1.16,-0.48,-0.68,335,2023.0
2023,203486,Mason Plumlee,CHO,2062,2.09,0.88,2.98,1.208,1.522,2.3,0.97,3.27,2.98,2.09,0.88,48,2023.0
2023,203488,Mike Muscala,OKC,911,1.23,1.48,2.71,1.429,1.8,0.63,0.75,1.38,2.71,1.23,1.48,88,2023.0
2023,203493,Reggie Bullock Jr.,DAL,2301,-1.44,-0.81,-2.25,1.178,1.309,-1.81,-1.01,-2.82,-2.25,-1.44,-0.81,387,2023.0
2023,203496,Robert Covington,LAC,749,-0.01,1.01,0.99,1.62,1.8,-0.01,0.44,0.44,0.99,-0.01,1.01,127,2023.0
2023,203497,Rudy Gobert,MIN,2127,2.34,3.9,6.24,1.14,1.421,2.84,4.72,7.56,6.24,2.34,3.9,11,2023.0
2023,203500,Steven Adams,MEM,1135,1.2,1.35,2.55,1.302,1.611,0.78,0.88,1.66,2.55,1.2,1.35,77,2023.0
2023,203501,Tim Hardaway Jr.,DAL,2086,-1.17,0.23,-0.94,1.237,1.284,-1.33,0.26,-1.06,-0.94,-1.17,0.23,291,2023.0
2023,203506,Victor Oladipo,MIA,1084,-1.82,-0.29,-2.11,1.53,1.499,-1.14,-0.18,-1.32,-2.11,-1.82,-0.29,316,2023.0
2023,203507,Giannis Antetokounmpo,MIL,2002,5.72,4.5,10.22,1.418,1.341,6.62,5.2,11.82,10.22,5.72,4.5,3,2023.0
2023,203526,Raul Neto,CLE,489,-1.1,-0.37,-1.47,1.876,1.92,-0.29,-0.1,-0.39,-1.47,-1.1,-0.37,206,2023.0
2023,203552,Seth Curry,BRK,1193,0.22,-0.37,-0.15,1.5,1.554,0.16,-0.26,-0.1,-0.15,0.22,-0.37,169,2023.0
2023,203585,Rodney McGruder,DET,505,-0.41,-0.31,-0.72,1.868,1.971,-0.11,-0.08,-0.19,-0.72,-0.41,-0.31,177,2023.0
2023,203897,Zach LaVine,CHI,2717,1.81,1.2,3.01,1.256,1.18,2.82,1.87,4.69,3.01,1.81,1.2,28,2023.0
2023,203903,Jordan Clarkson,UTA,1962,-0.66,-0.44,-1.1,1.417,1.3,-0.63,-0.42,-1.05,-1.1,-0.66,-0.44,289,2023.0
2023,203914,Gary Harris,ORL,1171,-1.12,-0.91,-2.03,1.317,1.42,-0.72,-0.58,-1.3,-2.03,-1.12,-0.91,314,2023.0
2023,203915,Spencer Dinwiddie,DAL,2661,-0.47,1.11,0.64,1.224,1.191,-0.68,1.6,0.92,0.64,-0.47,1.11,104,2023.0
2023,203924,Jerami Grant,POR,2226,-0.45,0.14,-0.31,1.195,1.314,-0.51,0.16,-0.36,-0.31,-0.45,0.14,200,2023.0
2023,203925,Joe Harris,BRK,1501,0.72,0.18,0.9,1.314,1.417,0.63,0.16,0.79,0.9,0.72,0.18,112,2023.0
2023,203926,Doug McDermott,SAS,1273,-0.74,-1.14,-1.88,1.397,1.491,-0.5,-0.77,-1.27,-1.88,-0.74,-1.14,310,2023.0
2023,203932,Aaron Gordon,DEN,2043,0.34,0.52,0.86,1.205,1.33,0.39,0.59,0.98,0.86,0.34,0.52,102,2023.0
2023,203933,T.J. Warren,BRK,668,-0.86,-0.71,-1.57,1.626,1.721,-0.34,-0.28,-0.62,-1.57,-0.86,-0.71,235,2023.0
2023,203935,Marcus Smart,BOS,1944,-0.9,-0.11,-1.02,1.318,1.248,-0.98,-0.12,-1.11,-1.02,-0.9,-0.11,297,2023.0
2023,203937,Kyle Anderson,MIN,1920,0.57,0.69,1.26,1.213,1.292,0.62,0.76,1.38,1.26,0.57,0.69,89,2023.0
2023,203939,Dwight Powell,DAL,1445,1.4,0.7,2.1,1.261,1.589,1.1,0.55,1.65,2.1,1.4,0.7,79,2023.0
2023,203944,Julius Randle,NYK,2705,0.82,1.76,2.57,1.221,1.269,1.31,2.8,4.11,2.57,0.82,1.76,35,2023.0
2023,203952,Andrew Wiggins,GSW,1195,-0.1,0.44,0.33,1.457,1.421,-0.07,0.29,0.22,0.33,-0.1,0.44,140,2023.0
2023,203954,Joel Embiid,PHI,2263,6.14,3.89,10.03,1.345,1.359,8.18,5.18,13.36,10.03,6.14,3.89,2,2023.0
2023,203967,Dario Šarić,PHO,795,-0.85,0.21,-0.64,1.458,1.767,-0.38,0.09,-0.29,-0.64,-0.85,0.21,186,2023.0
2023,203991,Clint Capela,ATL,1686,1.97,0.96,2.93,1.205,1.444,1.88,0.92,2.8,2.93,1.97,0.96,58,2023.0
2023,203992,Bogdan Bogdanovic,ATL,1480,1.38,0.89,2.27,1.377,1.383,1.16,0.75,1.91,2.27,1.38,0.89,70,2023.0
2023,203994,Jusuf Nurkic,POR,1387,0.5,1.32,1.81,1.314,1.511,0.36,0.94,1.3,1.81,0.5,1.32,90,2023.0
2023,203999,Nikola Jokic,DEN,2311,11.76,3.62,15.38,1.278,1.348,15.26,4.7,19.96,15.38,11.76,3.62,1,2023.0
2023,204001,Kristaps Porzingis,WAS,2086,2.15,1.95,4.1,1.26,1.375,2.66,2.41,5.07,4.1,2.15,1.95,23,2023.0
2023,204060,Joe Ingles,MIL,1009,1.29,0.61,1.9,1.701,1.886,0.75,0.36,1.11,1.9,1.29,0.61,97,2023.0
2023,204456,T.J. McConnell,IND,1494,1.4,-0.06,1.34,1.484,1.366,1.15,-0.05,1.1,1.34,1.4,-0.06,100,2023.0
2023,1626145,Tyus Jones,MEM,1921,-0.06,0.42,0.36,1.262,1.251,-0.06,0.46,0.4,0.36,-0.06,0.42,128,2023.0
2023,1626149,Montrezl Harrell,PHI,664,1.89,1.71,3.6,1.62,1.896,0.74,0.67,1.41,3.6,1.89,1.71,87,2023.0
2023,1626153,Delon Wright,WAS,1162,1.08,1.05,2.13,1.404,1.456,0.74,0.72,1.47,2.13,1.08,1.05,85,2023.0
2023,1626156,D'Angelo Russell,MIN,2275,1.09,-0.17,0.91,1.322,1.21,1.41,-0.23,1.18,0.91,1.09,-0.17,94,2023.0
2023,1626157,Karl-Anthony Towns,MIN,932,3.31,1.71,5.02,1.558,1.676,1.76,0.91,2.67,5.02,3.31,1.71,59,2023.0
2023,1626158,Richaun Holmes,SAC,333,0.99,-0.19,0.8,2.159,2.359,0.18,-0.03,0.15,0.8,0.99,-0.19,146,2023.0
2023,1626159,Justise Winslow,POR,772,-3.1,-1.38,-4.48,1.48,1.718,-1.24,-0.55,-1.79,-4.48,-3.1,-1.38,346,2023.0
2023,1626162,Kelly Oubre Jr.,CHO,1516,-1.34,-1.77,-3.12,1.298,1.339,-1.08,-1.43,-2.52,-3.12,-1.34,-1.77,378,2023.0
2023,1626164,Devin Booker,PHO,1799,2.65,1.23,3.88,1.416,1.281,2.69,1.24,3.93,3.88,2.65,1.23,36,2023.0
2023,1626166,Cameron Payne,PHO,937,-0.53,0.08,-0.45,1.585,1.497,-0.28,0.04,-0.24,-0.45,-0.53,0.08,184,2023.0
2023,1626167,Myles Turner,IND,1797,1.75,1.62,3.38,1.239,1.424,1.73,1.6,3.34,3.38,1.75,1.62,47,2023.0
2023,1626168,Trey Lyles,SAC,1237,-0.57,-0.16,-0.72,1.287,1.493,-0.39,-0.11,-0.49,-0.72,-0.57,-0.16,219,2023.0
2023,1626169,Stanley Johnson,SAS,441,-1.67,-1.4,-3.07,1.836,1.97,-0.39,-0.33,-0.72,-3.07,-1.67,-1.4,254,2023.0
2023,1626171,Bobby Portis,MIL,1784,0.58,0.5,1.08,1.305,1.368,0.6,0.52,1.12,1.08,0.58,0.5,96,2023.0
2023,1626172,Kevon Looney,GSW,1947,1.73,1.2,2.93,1.127,1.4,1.9,1.31,3.21,2.93,1.73,1.2,50,2023.0
2023,1626174,Christian Wood,DAL,1673,0.98,0.4,1.38,1.239,1.388,0.9,0.36,1.26,1.38,0.98,0.4,93,2023.0
2023,1626179,Terry Rozier,CHO,2186,-0.06,-0.03,-0.09,1.285,1.219,-0.07,-0.04,-0.11,-0.09,-0.06,-0.03,170,2023.0
2023,1626181,Norman Powell,LAC,1532,0.12,-1.18,-1.06,1.442,1.344,0.11,-1.06,-0.95,-1.06,0.12,-1.18,277,2023.0
2023,1626192,Pat Connaughton,MIL,1435,-0.34,0.26,-0.09,1.344,1.394,-0.28,0.21,-0.07,-0.09,-0.34,0.26,166,2023.0
2023,1626195,Willy Hernangomez,NOP,440,0.51,-0.55,-0.04,1.947,2.169,0.13,-0.14,-0.01,-0.04,0.51,-0.55,160,2023.0
2023,1626196,Josh Richardson,SAS,1481,-0.83,-0.57,-1.4,1.286,1.355,-0.65,-0.45,-1.11,-1.4,-0.83,-0.57,298,2023.0
2023,1626204,Larry Nance Jr.,NOP,1271,0.38,0.58,0.96,1.346,1.538,0.27,0.42,0.69,0.96,0.38,0.58,118,2023.0
2023,1626220,Royce O'Neale,BRK,2359,-0.37,0.45,0.09,1.161,1.242,-0.51,0.63,0.12,0.09,-0.37,0.45,151,2023.0
2023,1626224,Cedi Osman,CLE,1493,-1.27,-0.75,-2.02,1.251,1.344,-1.03,-0.61,-1.65,-2.02,-1.27,-0.75,341,2023.0
2023,1627732,Ben Simmons,BRK,1104,-0.06,1.26,1.19,1.396,1.429,-0.04,0.82,0.77,1.19,-0.06,1.26,114,2023.0
2023,1627734,Domantas Sabonis,SAC,2713,5.04,1.27,6.31,1.156,1.317,7.56,1.9,9.46,6.31,5.04,1.27,6,2023.0
2023,1627736,Malik Beasley,UTA,2054,-0.64,-2.0,-2.63,1.291,1.246,-0.63,-1.99,-2.62,-2.63,-0.64,-2.0,384,2023.0
2023,1627739,Kris Dunn,UTA,563,0.62,-0.26,0.36,1.716,1.766,0.17,-0.07,0.1,0.36,0.62,-0.26,154,2023.0
2023,1627741,Buddy Hield,IND,2449,0.85,-0.06,0.78,1.264,1.246,1.14,-0.08,1.06,0.78,0.85,-0.06,101,2023.0
2023,1627742,Brandon Ingram,NOP,1473,0.8,1.11,1.92,1.483,1.371,0.67,0.94,1.61,1.92,0.8,1.11,81,2023.0
2023,1627745,Damian Jones,UTA,463,1.72,-0.06,1.65,1.746,2.119,0.39,-0.01,0.37,1.65,1.72,-0.06,129,2023.0
2023,1627747,Caris LeVert,CLE,2159,-1.11,-0.33,-1.44,1.239,1.234,-1.32,-0.39,-1.7,-1.44,-1.11,-0.33,344,2023.0
2023,1627749,Dejounte Murray,ATL,2666,0.64,0.47,1.11,1.327,1.176,0.97,0.72,1.69,1.11,0.64,0.47,76,2023.0
2023,1627750,Jamal Murray,DEN,2118,1.09,0.15,1.25,1.357,1.242,1.3,0.18,1.48,1.25,1.09,0.15,84,2023.0
2023,1627751,Jakob Poeltl,SAS,1900,2.74,0.48,3.22,1.195,1.401,2.78,0.49,3.27,3.22,2.74,0.48,49,2023.0
2023,1627752,Taurean Prince,MIN,1157,-0.27,-1.97,-2.23,1.303,1.439,-0.18,-1.3,-1.47,-2.23,-0.27,-1.97,328,2023.0
2023,1627759,Jaylen Brown,BOS,2390,0.72,2.12,2.84,1.308,1.223,0.96,2.84,3.8,2.84,0.72,2.12,40,2023.0
2023,1627763,Malcolm Brogdon,BOS,1712,1.43,0.85,2.27,1.443,1.324,1.37,0.81,2.18,2.27,1.43,0.85,67,2023.0
2023,1627777,Georges Niang,PHI,1472,-0.3,0.07,-0.23,1.302,1.453,-0.26,0.06,-0.2,-0.23,-0.3,0.07,179,2023.0
2023,1627780,Gary Payton II,POR,363,3.52,1.46,4.98,2.106,2.172,0.66,0.27,0.93,4.98,3.52,1.46,103,2023.0
2023,1627783,Pascal Siakam,TOR,2637,1.57,1.36,2.93,1.217,1.275,2.41,2.09,4.51,2.93,1.57,1.36,30,2023.0
2023,1627788,Furkan Korkmaz,PHI,334,-1.88,-1.73,-3.61,2.077,2.2,-0.37,-0.34,-0.71,-3.61,-1.88,-1.73,251,2023.0
2023,1627814,Damion Lee,PHO,1457,-0.82,-0.52,-1.34,1.525,1.388,-0.67,-0.43,-1.1,-1.34,-0.82,-0.52,295,2023.0
2023,1627823,Juancho Hernangomez,TOR,593,-1.11,-2.29,-3.4,1.57,1.868,-0.38,-0.79,-1.18,-3.4,-1.11,-2.29,302,2023.0
2023,1627826,Ivica Zubac,LAC,2150,0.72,1.73,2.44,1.195,1.39,0.9,2.17,3.07,2.44,0.72,1.73,51,2023.0
2023,1627827,Dorian Finney-Smith,DAL,1964,-1.22,0.49,-0.73,1.15,1.363,-1.3,0.53,-0.78,-0.73,-1.22,0.49,258,2023.0
2023,1627832,Fred VanVleet,TOR,2488,1.13,1.85,2.98,1.221,1.19,1.64,2.69,4.33,2.98,1.13,1.85,31,2023.0
2023,1627854,Bryn Forbes,MIN,271,0.07,-2.19,-2.12,2.326,2.397,0.01,-0.34,-0.33,-2.12,0.07,-2.19,192,2023.0
2023,1627863,Danuel House Jr.,PHI,792,-2.29,-0.95,-3.24,1.469,1.628,-1.07,-0.45,-1.51,-3.24,-2.29,-0.95,332,2023.0
2023,1627884,Derrick Jones Jr.,CHI,867,-1.48,-1.07,-2.55,1.496,1.583,-0.74,-0.53,-1.27,-2.55,-1.48,-1.07,311,2023.0
2023,1627936,Alex Caruso,CHI,1530,-0.95,1.86,0.91,1.275,1.328,-0.83,1.63,0.8,0.91,-0.95,1.86,111,2023.0
2023,1628365,Markelle Fultz,ORL,1740,0.08,0.6,0.68,1.376,1.32,0.07,0.57,0.64,0.68,0.08,0.6,120,2023.0
2023,1628368,De'Aaron Fox,SAC,2402,1.52,-0.29,1.22,1.381,1.213,2.01,-0.39,1.62,1.22,1.52,-0.29,80,2023.0
2023,1628369,Jayson Tatum,BOS,2704,2.79,2.84,5.63,1.338,1.312,4.23,4.3,8.52,5.63,2.79,2.84,8,2023.0
2023,1628370,Malik Monk,SAC,1703,0.21,-0.68,-0.47,1.416,1.339,0.19,-0.64,-0.45,-0.47,0.21,-0.68,213,2023.0
2023,1628372,Dennis Smith Jr.,CHO,1365,-2.97,-0.09,-3.05,1.403,1.368,-2.15,-0.06,-2.22,-3.05,-2.97,-0.09,365,2023.0
2023,1628373,Frank Ntilikina,DAL,620,-2.11,-2.01,-4.12,1.702,1.765,-0.71,-0.68,-1.39,-4.12,-2.11,-2.01,320,2023.0
2023,1628374,Lauri Markkanen,UTA,2235,1.82,0.91,2.73,1.266,1.329,1.97,0.99,2.96,2.73,1.82,0.91,53,2023.0
2023,1628378,Donovan Mitchell,CLE,2374,3.53,2.04,5.56,1.361,1.213,4.58,2.64,7.22,5.56,3.53,2.04,13,2023.0
2023,1628379,Luke Kennard,LAC,1291,2.0,0.2,2.19,1.32,1.385,1.51,0.15,1.66,2.19,2.0,0.2,78,2023.0
2023,1628380,Zach Collins,SAS,1397,0.63,0.05,0.68,1.307,1.472,0.47,0.04,0.5,0.68,0.63,0.05,124,2023.0
2023,1628381,John Collins,ATL,2114,0.1,0.62,0.72,1.282,1.344,0.12,0.75,0.87,0.72,0.1,0.62,106,2023.0
2023,1628384,OG Anunoby,TOR,2359,-0.34,0.57,0.23,1.201,1.316,-0.47,0.78,0.31,0.23,-0.34,0.57,134,2023.0
2023,1628386,Jarrett Allen,CLE,2159,1.78,1.45,3.23,1.173,1.417,2.11,1.71,3.82,3.23,1.78,1.45,38,2023.0
2023,1628389,Bam Adebayo,MIA,2514,0.65,2.6,3.24,1.209,1.35,0.94,3.77,4.71,3.24,0.65,2.6,27,2023.0
2023,1628392,Isaiah Hartenstein,NYK,1585,0.61,1.45,2.06,1.263,1.512,0.57,1.35,1.93,2.06,0.61,1.45,68,2023.0
2023,1628398,Kyle Kuzma,WAS,2173,-0.79,-0.69,-1.49,1.22,1.315,-1.02,-0.89,-1.91,-1.49,-0.79,-0.69,352,2023.0
2023,1628401,Derrick White,BOS,2293,0.49,1.73,2.22,1.23,1.22,0.63,2.22,2.85,2.22,0.49,1.73,56,2023.0
2023,1628404,Josh Hart,POR,2445,0.69,0.58,1.27,1.155,1.201,0.87,0.73,1.6,1.27,0.69,0.58,82,2023.0
2023,1628410,Edmond Sumner,BRK,720,-1.37,-1.75,-3.12,1.686,1.635,-0.58,-0.74,-1.32,-3.12,-1.37,-1.75,317,2023.0
2023,1628415,Dillon Brooks,MEM,2199,-1.81,-1.5,-3.31,1.184,1.237,-2.28,-1.89,-4.18,-3.31,-1.81,-1.5,407,2023.0
2023,1628418,Thomas Bryant,LAL,1050,1.65,-0.65,1.0,1.381,1.646,0.97,-0.38,0.59,1.0,1.65,-0.65,122,2023.0
2023,1628420,Monté Morris,WAS,1677,0.49,-0.25,0.24,1.32,1.282,0.48,-0.24,0.24,0.24,0.49,-0.25,138,2023.0
2023,1628427,Vlatko Čančar,DEN,873,-0.71,-1.56,-2.26,1.408,1.675,-0.35,-0.76,-1.11,-2.26,-0.71,-1.56,299,2023.0
2023,1628432,Davon Reed,DEN,331,-0.85,-1.44,-2.29,2.07,2.172,-0.16,-0.27,-0.43,-2.29,-0.85,-1.44,212,2023.0
2023,1628436,Luke Kornet,BOS,774,-0.1,1.72,1.62,1.408,1.774,-0.04,0.75,0.7,1.62,-0.1,1.72,117,2023.0
2023,1628449,Chris Boucher,TOR,1479,-0.27,1.21,0.94,1.372,1.481,-0.23,1.04,0.81,0.94,-0.27,1.21,108,2023.0
2023,1628467,Maxi Kleber,DAL,872,-1.65,0.92,-0.74,1.477,1.758,-0.79,0.44,-0.35,-0.74,-1.65,0.92,197,2023.0
2023,1628470,Torrey Craig,PHO,1900,-0.77,-0.78,-1.55,1.295,1.406,-0.83,-0.83,-1.66,-1.55,-0.77,-0.78,342,2023.0
2023,1628960,Grayson Allen,MIL,1956,0.06,0.13,0.2,1.235,1.254,0.07,0.15,0.22,0.2,0.06,0.13,141,2023.0
2023,1628962,Udoka Azubuike,UTA,347,-0.8,0.59,-0.21,2.018,2.526,-0.13,0.1,-0.04,-0.21,-0.8,0.59,164,2023.0
2023,1628963,Marvin Bagley III,DET,934,-1.55,-0.2,-1.75,1.59,1.722,-0.74,-0.1,-0.84,-1.75,-1.55,-0.2,268,2023.0
2023,1628964,Mo Bamba,ORL,764,-0.46,1.58,1.12,1.519,1.849,-0.19,0.66,0.47,1.12,-0.46,1.58,126,2023.0
2023,1628966,Keita Bates-Diop,SAS,1428,-0.76,-0.18,-0.94,1.236,1.358,-0.58,-0.13,-0.72,-0.94,-0.76,-0.18,255,2023.0
2023,1628969,Mikal Bridges,PHO,2907,1.29,0.89,2.17,1.155,1.184,2.11,1.46,3.56,2.17,1.29,0.89,43,2023.0
2023,1628971,Bruce Brown,DEN,2267,-0.6,-0.04,-0.64,1.235,1.211,-0.77,-0.05,-0.81,-0.64,-0.6,-0.04,263,2023.0
2023,1628972,Troy Brown Jr.,LAL,1826,-1.15,-1.01,-2.16,1.284,1.37,-1.17,-1.03,-2.2,-2.16,-1.15,-1.01,364,2023.0
2023,1628973,Jalen Brunson,NYK,2341,2.13,0.92,3.05,1.386,1.204,2.94,1.27,4.21,3.05,2.13,0.92,33,2023.0
2023,1628975,Jevon Carter,MIL,1776,-0.66,0.44,-0.23,1.343,1.266,-0.68,0.45,-0.23,-0.23,-0.66,0.44,183,2023.0
2023,1628976,Wendell Carter Jr.,ORL,1671,0.35,1.07,1.43,1.274,1.536,0.32,0.98,1.3,1.43,0.35,1.07,91,2023.0
2023,1628977,Hamidou Diallo,DET,960,-0.57,-0.21,-0.78,1.651,1.552,-0.28,-0.1,-0.38,-0.78,-0.57,-0.21,203,2023.0
2023,1628978,Donte DiVincenzo,GSW,1871,-0.42,-0.57,-0.99,1.275,1.27,-0.44,-0.6,-1.04,-0.99,-0.42,-0.57,286,2023.0
2023,1628981,Bruno Fernando,HOU,398,-1.3,0.92,-0.38,1.99,2.329,-0.28,0.2,-0.08,-0.38,-1.3,0.92,167,2023.0
2023,1628983,Shai Gilgeous-Alexander,OKC,2366,4.37,1.04,5.41,1.5,1.241,5.8,1.38,7.18,5.41,4.37,1.04,14,2023.0
2023,1628984,Devonte' Graham,NOP,1306,-0.93,0.7,-0.23,1.397,1.361,-0.69,0.52,-0.17,-0.23,-0.93,0.7,174,2023.0
2023,1628988,Aaron Holiday,ATL,825,-1.73,-1.56,-3.29,1.58,1.556,-0.81,-0.73,-1.54,-3.29,-1.73,-1.56,336,2023.0
2023,1628989,Kevin Huerter,SAC,2169,0.77,-0.47,0.31,1.254,1.274,0.93,-0.56,0.37,0.31,0.77,-0.47,130,2023.0
2023,1628991,Jaren Jackson Jr.,MEM,1782,0.1,1.63,1.72,1.417,1.515,0.1,1.66,1.76,1.72,0.1,1.63,74,2023.0
2023,1628995,Kevin Knox II,DET,917,-1.34,-2.21,-3.55,1.63,1.633,-0.63,-1.04,-1.67,-3.55,-1.34,-2.21,343,2023.0
2023,1628997,Caleb Martin,MIA,2020,-1.25,0.36,-0.89,1.162,1.258,-1.46,0.41,-1.04,-0.89,-1.25,0.36,287,2023.0
2023,1629001,De'Anthony Melton,PHI,2101,-0.23,0.83,0.6,1.341,1.282,-0.29,1.03,0.74,0.6,-0.23,0.83,116,2023.0
2023,1629002,Chimezie Metu,SAC,676,-1.43,-0.7,-2.12,1.566,1.885,-0.53,-0.26,-0.79,-2.12,-1.43,-0.7,261,2023.0
2023,1629003,Shake Milton,PHI,1531,-1.74,-0.71,-2.46,1.296,1.328,-1.57,-0.64,-2.22,-2.46,-1.74,-0.71,366,2023.0
2023,1629004,Svi Mykhailiuk,CHO,460,-2.46,-0.72,-3.19,1.93,1.964,-0.6,-0.18,-0.78,-3.19,-2.46,-0.72,259,2023.0
2023,1629006,Josh Okogie,PHO,1325,-2.67,-0.01,-2.68,1.428,1.421,-1.99,-0.01,-2.0,-2.68,-2.67,-0.01,356,2023.0
2023,1629008,Michael Porter Jr.,DEN,1781,1.63,0.8,2.43,1.316,1.34,1.63,0.8,2.43,2.43,1.63,0.8,61,2023.0
2023,1629011,Mitchell Robinson,NYK,1584,1.62,1.45,3.07,1.201,1.513,1.51,1.36,2.87,3.07,1.62,1.45,54,2023.0
2023,1629012,Collin Sexton,UTA,1120,-0.79,-0.64,-1.43,1.607,1.485,-0.43,-0.35,-0.78,-1.43,-0.79,-0.64,260,2023.0
2023,1629013,Landry Shamet,PHO,793,-1.65,0.27,-1.38,1.54,1.611,-0.74,0.12,-0.62,-1.38,-1.65,0.27,236,2023.0
2023,1629014,Anfernee Simons,POR,2162,-0.27,-0.02,-0.3,1.386,1.311,-0.3,-0.03,-0.33,-0.3,-0.27,-0.02,193,2023.0
2023,1629018,Gary Trent Jr.,TOR,2106,-0.56,-0.91,-1.47,1.256,1.281,-0.69,-1.11,-1.81,-1.47,-0.56,-0.91,347,2023.0
2023,1629020,Jarred Vanderbilt,UTA,1838,0.29,-0.31,-0.01,1.226,1.45,0.26,-0.27,-0.01,-0.01,0.29,-0.31,161,2023.0
2023,1629021,Moritz Wagner,ORL,1084,0.07,0.78,0.85,1.41,1.632,0.04,0.46,0.5,0.85,0.07,0.78,125,2023.0
2023,1629022,Lonnie Walker IV,LAL,1252,-1.89,-1.83,-3.72,1.498,1.442,-1.32,-1.28,-2.6,-3.72,-1.89,-1.83,383,2023.0
2023,1629023,P.J. Washington,CHO,2341,-0.45,-0.76,-1.21,1.236,1.345,-0.56,-0.95,-1.51,-1.21,-0.45,-0.76,333,2023.0
2023,1629026,Kenrich Williams,OKC,1192,0.29,1.04,1.33,1.32,1.514,0.19,0.7,0.89,1.33,0.29,1.04,105,2023.0
2023,1629027,Trae Young,ATL,2467,3.29,-0.32,2.97,1.42,1.232,4.61,-0.45,4.16,2.97,3.29,-0.32,34,2023.0
2023,1629028,Deandre Ayton,PHO,1998,1.56,1.56,3.12,1.236,1.439,1.76,1.75,3.51,3.12,1.56,1.56,45,2023.0
2023,1629029,Luka Doncic,DAL,2306,6.18,1.81,7.99,1.537,1.282,7.77,2.27,10.04,7.99,6.18,1.81,4,2023.0
2023,1629033,Theo Pinson,DAL,311,-1.41,-1.43,-2.84,2.127,2.227,-0.24,-0.24,-0.48,-2.84,-1.41,-1.43,217,2023.0
2023,1629048,Goga Bitadze,ORL,448,0.3,0.07,0.37,1.863,2.289,0.07,0.02,0.09,0.37,0.3,0.07,155,2023.0
2023,1629052,Oshae Brissett,IND,1076,-2.29,-1.96,-4.26,1.431,1.517,-1.36,-1.16,-2.52,-4.26,-2.29,-1.96,379,2023.0
2023,1629056,Terence Davis,SAC,811,-0.55,-0.77,-1.32,1.483,1.6,-0.25,-0.35,-0.59,-1.32,-0.55,-0.77,232,2023.0
2023,1629057,Robert Williams III,BOS,811,4.46,3.31,7.77,1.414,1.778,2.03,1.5,3.53,7.77,4.46,3.31,44,2023.0
2023,1629060,Rui Hachimura,LAL,1420,-0.65,-0.85,-1.5,1.31,1.496,-0.52,-0.67,-1.19,-1.5,-0.65,-0.85,304,2023.0
2023,1629111,Jock Landale,PHO,960,-0.48,-0.21,-0.69,1.373,1.662,-0.26,-0.12,-0.38,-0.69,-0.48,-0.21,204,2023.0
2023,1629117,Wenyen Gabriel,LAL,976,0.15,-0.72,-0.57,1.437,1.62,0.08,-0.39,-0.31,-0.57,0.15,-0.72,189,2023.0
2023,1629130,Duncan Robinson,MIA,679,-0.88,-0.55,-1.43,1.643,1.69,-0.34,-0.21,-0.56,-1.43,-0.88,-0.55,225,2023.0
2023,1629134,Kendrick Nunn,LAL,940,-0.71,-1.46,-2.17,1.584,1.505,-0.37,-0.76,-1.14,-2.17,-0.71,-1.46,301,2023.0
2023,1629139,Yuta Watanabe,BRK,903,0.09,-0.48,-0.39,1.415,1.545,0.05,-0.25,-0.21,-0.39,0.09,-0.48,180,2023.0
2023,1629162,Jordan McLaughlin,MIN,658,-1.17,-0.02,-1.19,1.637,1.674,-0.44,-0.01,-0.45,-1.19,-1.17,-0.02,214,2023.0
2023,1629216,Gabe Vincent,MIA,1690,-1.59,-0.99,-2.58,1.26,1.285,-1.55,-0.97,-2.52,-2.58,-1.59,-0.99,380,2023.0
2023,1629234,Drew Eubanks,POR,1563,0.16,-0.42,-0.26,1.221,1.487,0.13,-0.34,-0.21,-0.26,0.16,-0.42,181,2023.0
2023,1629308,Juan Toscano-Anderson,UTA,678,0.19,-0.26,-0.06,1.541,1.712,0.06,-0.08,-0.02,-0.06,0.19,-0.26,163,2023.0
2023,1629312,Haywood Highsmith,MIA,923,-2.12,-1.34,-3.45,1.381,1.534,-1.13,-0.71,-1.84,-3.45,-2.12,-1.34,350,2023.0
2023,1629599,Amir Coffey,LAC,595,-0.47,-1.39,-1.86,1.703,1.772,-0.16,-0.48,-0.65,-1.86,-0.47,-1.39,242,2023.0
2023,1629611,Terance Mann,LAC,1844,-0.21,0.04,-0.17,1.217,1.274,-0.22,0.04,-0.18,-0.17,-0.21,0.04,175,2023.0
2023,1629614,Andrew Nembhard,IND,2038,-1.41,-2.24,-3.65,1.288,1.326,-1.59,-2.51,-4.1,-3.65,-1.41,-2.24,406,2023.0
2023,1629622,Max Strus,MIA,2166,-0.76,0.31,-0.45,1.155,1.246,-0.95,0.39,-0.57,-0.45,-0.76,0.31,227,2023.0
2023,1629626,Bol Bol,ORL,1479,-0.28,-0.53,-0.81,1.41,1.523,-0.23,-0.43,-0.66,-0.81,-0.28,-0.53,244,2023.0
2023,1629627,Zion Williamson,NOP,908,4.99,1.56,6.55,1.892,1.797,2.58,0.8,3.39,6.55,4.99,1.56,46,2023.0
2023,1629628,RJ Barrett,NYK,2427,-2.22,-0.97,-3.2,1.431,1.342,-3.18,-1.39,-4.57,-3.2,-2.22,-0.97,409,2023.0
2023,1629629,Cam Reddish,POR,969,-2.43,-2.15,-4.59,1.446,1.607,-1.22,-1.08,-2.29,-4.59,-2.43,-2.15,369,2023.0
2023,1629630,Ja Morant,MEM,1935,1.87,1.58,3.44,1.566,1.327,2.07,1.75,3.82,3.44,1.87,1.58,39,2023.0
2023,1629631,De'Andre Hunter,ATL,2113,-1.98,-1.09,-3.08,1.278,1.268,-2.38,-1.31,-3.69,-3.08,-1.98,-1.09,397,2023.0
2023,1629632,Coby White,CHI,1673,-0.88,-0.25,-1.13,1.51,1.431,-0.85,-0.23,-1.08,-1.13,-0.88,-0.25,292,2023.0
2023,1629634,Brandon Clarke,MEM,1075,2.4,1.26,3.66,1.357,1.557,1.48,0.77,2.25,3.66,2.4,1.26,65,2023.0
2023,1629636,Darius Garland,CLE,2402,0.84,1.34,2.18,1.434,1.272,1.1,1.76,2.86,2.18,0.84,1.34,55,2023.0
2023,1629637,Jaxson Hayes,NOP,586,0.44,-0.05,0.39,1.714,2.15,0.15,-0.02,0.13,0.39,0.44,-0.05,149,2023.0
2023,1629638,Nickeil Alexander-Walker,UTA,869,-1.44,-0.93,-2.37,1.548,1.598,-0.61,-0.39,-1.0,-2.37,-1.44,-0.93,280,2023.0
2023,1629639,Tyler Herro,MIA,2233,-0.27,0.4,0.13,1.423,1.303,-0.35,0.51,0.16,0.13,-0.27,0.4,145,2023.0
2023,1629640,Keldon Johnson,SAS,2028,-0.98,-1.36,-2.34,1.335,1.341,-1.06,-1.47,-2.53,-2.34,-0.98,-1.36,381,2023.0
2023,1629641,Romeo Langford,SAS,830,-3.38,-0.81,-4.19,1.604,1.666,-1.5,-0.36,-1.86,-4.19,-3.38,-0.81,351,2023.0
2023,1629642,Nassir Little,POR,964,-1.13,-2.31,-3.45,1.531,1.666,-0.56,-1.15,-1.72,-3.45,-1.13,-2.31,345,2023.0
2023,1629643,Chuma Okeke,ORL,513,-1.74,-0.73,-2.47,1.715,2.041,-0.49,-0.21,-0.69,-2.47,-1.74,-0.73,246,2023.0
2023,1629645,Kevin Porter Jr.,HOU,2007,-0.41,-0.52,-0.93,1.467,1.377,-0.44,-0.56,-1.01,-0.93,-0.41,-0.52,282,2023.0
2023,1629646,Charles Bassey,SAS,474,0.09,-0.12,-0.03,1.954,2.32,0.02,-0.03,-0.01,-0.03,0.09,-0.12,162,2023.0
2023,1629647,Darius Bazley,OKC,591,-2.67,-1.59,-4.27,1.74,2.065,-0.89,-0.53,-1.42,-4.27,-2.67,-1.59,324,2023.0
2023,1629650,Moses Brown,LAC,284,-2.2,0.48,-1.73,2.452,2.74,-0.37,0.08,-0.29,-1.73,-2.2,0.48,187,2023.0
2023,1629651,Nic Claxton,BRK,2226,2.07,1.84,3.92,1.211,1.448,2.71,2.41,5.12,3.92,2.07,1.84,21,2023.0
2023,1629652,Luguentz Dort,OKC,2259,-2.33,-0.84,-3.17,1.203,1.313,-2.95,-1.06,-4.02,-3.17,-2.33,-0.84,404,2023.0
2023,1629655,Daniel Gafford,WAS,1589,2.72,1.07,3.79,1.3,1.512,2.56,1.01,3.57,3.79,2.72,1.07,42,2023.0
2023,1629656,Quentin Grimes,NYK,2100,-0.09,0.21,0.12,1.417,1.365,-0.11,0.26,0.15,0.12,-0.09,0.21,147,2023.0
2023,1629659,Talen Horton-Tucker,UTA,1296,-1.68,-0.66,-2.34,1.561,1.521,-1.05,-0.42,-1.47,-2.34,-1.68,-0.66,329,2023.0
2023,1629660,Ty Jerome,GSW,808,-0.95,0.13,-0.82,1.677,1.602,-0.43,0.06,-0.37,-0.82,-0.95,0.13,201,2023.0
2023,1629661,Cameron Johnson,BRK,1162,0.98,1.81,2.79,1.436,1.524,0.67,1.23,1.91,2.79,0.98,1.81,71,2023.0
2023,1629667,Jalen McDaniels,CHO,1862,-1.08,-0.95,-2.03,1.17,1.3,-1.07,-0.94,-2.01,-2.03,-1.08,-0.95,358,2023.0
2023,1629669,Jaylen Nowell,MIN,1221,-0.57,-1.55,-2.12,1.531,1.492,-0.4,-1.08,-1.47,-2.12,-0.57,-1.55,330,2023.0
2023,1629670,Jordan Nwora,IND,1168,-1.69,-2.99,-4.67,1.489,1.483,-1.08,-1.92,-3.0,-4.67,-1.69,-2.99,391,2023.0
2023,1629673,Jordan Poole,GSW,2435,-0.43,0.04,-0.39,1.414,1.282,-0.59,0.06,-0.53,-0.39,-0.43,0.04,223,2023.0
2023,1629675,Naz Reid,MIN,1232,0.42,0.11,0.53,1.451,1.654,0.3,0.08,0.37,0.53,0.42,0.11,131,2023.0
2023,1629676,Isaiah Roby,SAS,453,-0.38,-1.93,-2.31,1.911,2.136,-0.09,-0.47,-0.56,-2.31,-0.38,-1.93,226,2023.0
2023,1629678,Admiral Schofield,ORL,444,-2.37,-0.95,-3.32,1.863,2.109,-0.58,-0.23,-0.81,-3.32,-2.37,-0.95,264,2023.0
2023,1629680,Matisse Thybulle,POR,1178,-1.31,0.29,-1.02,1.367,1.436,-0.8,0.18,-0.62,-1.02,-1.31,0.29,237,2023.0
2023,1629684,Grant Williams,BOS,2002,-0.56,-0.51,-1.06,1.201,1.386,-0.62,-0.57,-1.19,-1.06,-0.56,-0.51,305,2023.0
2023,1629723,John Konchar,MEM,1468,-0.04,0.42,0.38,1.244,1.341,-0.04,0.36,0.32,0.38,-0.04,0.42,133,2023.0
2023,1629726,Garrison Mathews,HOU,680,-1.48,-0.36,-1.85,1.618,1.672,-0.54,-0.13,-0.68,-1.85,-1.48,-0.36,245,2023.0
2023,1629731,Dean Wade,CLE,863,-0.74,-0.12,-0.85,1.395,1.66,-0.35,-0.05,-0.4,-0.85,-0.74,-0.12,208,2023.0
2023,1629750,Javonte Green,CHI,480,-0.1,0.33,0.23,1.774,1.913,-0.03,0.09,0.06,0.23,-0.1,0.33,156,2023.0
2023,1630162,Anthony Edwards,MIN,2799,-0.17,-0.09,-0.26,1.522,1.35,-0.27,-0.14,-0.41,-0.26,-0.17,-0.09,210,2023.0
2023,1630163,LaMelo Ball,CHO,1246,1.11,0.11,1.22,1.933,1.584,0.74,0.07,0.81,1.22,1.11,0.11,109,2023.0
2023,1630164,James Wiseman,DET,858,-2.6,-1.85,-4.45,2.056,1.976,-1.14,-0.81,-1.96,-4.45,-2.6,-1.85,353,2023.0
2023,1630165,Killian Hayes,DET,2093,-3.37,-2.93,-6.3,1.41,1.408,-3.62,-3.15,-6.77,-6.3,-3.37,-2.93,415,2023.0
2023,1630166,Deni Avdija,WAS,1968,-1.37,-0.73,-2.1,1.413,1.396,-1.6,-0.86,-2.45,-2.1,-1.37,-0.73,376,2023.0
2023,1630167,Obi Toppin,NYK,1014,-0.97,0.43,-0.53,1.498,1.635,-0.58,0.26,-0.32,-0.53,-0.97,0.43,190,2023.0
2023,1630168,Onyeka Okongwu,ATL,1845,1.56,0.61,2.17,1.308,1.557,1.64,0.64,2.28,2.17,1.56,0.61,64,2023.0
2023,1630169,Tyrese Haliburton,IND,1849,4.19,-0.52,3.67,1.479,1.386,4.27,-0.53,3.73,3.67,4.19,-0.52,41,2023.0
2023,1630170,Devin Vassell,SAS,1160,-0.65,-0.81,-1.46,1.615,1.566,-0.4,-0.5,-0.9,-1.46,-0.65,-0.81,271,2023.0
2023,1630171,Isaac Okoro,CLE,1625,-2.21,-1.03,-3.24,1.343,1.44,-1.96,-0.92,-2.88,-3.24,-2.21,-1.03,389,2023.0
2023,1630172,Patrick Williams,CHI,2299,-1.29,-1.7,-2.99,1.326,1.496,-1.7,-2.23,-3.94,-2.99,-1.29,-1.7,401,2023.0
2023,1630173,Precious Achiuwa,TOR,1122,-2.34,-1.07,-3.41,1.389,1.696,-1.53,-0.7,-2.23,-3.41,-2.34,-1.07,367,2023.0
2023,1630174,Aaron Nesmith,IND,1792,-2.13,-1.11,-3.24,1.312,1.376,-2.1,-1.09,-3.2,-3.24,-2.13,-1.11,394,2023.0
2023,1630175,Cole Anthony,ORL,1520,-1.32,0.61,-0.71,1.592,1.448,-1.1,0.51,-0.59,-0.71,-1.32,0.61,233,2023.0
2023,1630177,Theo Maledon,CHO,819,-2.82,-2.69,-5.51,2.023,1.786,-1.23,-1.17,-2.4,-5.51,-2.82,-2.69,372,2023.0
2023,1630178,Tyrese Maxey,PHI,1971,0.18,0.14,0.32,1.58,1.368,0.21,0.16,0.37,0.32,0.18,0.14,132,2023.0
2023,1630180,Saddiq Bey,DET,2084,-0.77,-1.4,-2.16,1.267,1.334,-0.82,-1.49,-2.31,-2.16,-0.77,-1.4,370,2023.0
2023,1630181,R.J. Hampton,DET,728,-2.11,-3.39,-5.49,1.788,1.854,-0.79,-1.26,-2.05,-5.49,-2.11,-3.39,359,2023.0
2023,1630182,Josh Green,DAL,1481,-1.0,-0.29,-1.3,1.365,1.472,-0.81,-0.24,-1.05,-1.3,-1.0,-0.29,290,2023.0
2023,1630183,Jaden McDaniels,MIN,2368,-1.26,-0.66,-1.91,1.258,1.428,-1.69,-0.88,-2.58,-1.91,-1.26,-0.66,382,2023.0
2023,1630188,Jalen Smith,IND,1275,-1.08,-0.98,-2.05,1.482,1.697,-0.76,-0.68,-1.44,-2.05,-1.08,-0.98,326,2023.0
2023,1630191,Isaiah Stewart,DET,1382,-1.59,0.61,-0.98,1.381,1.732,-1.13,0.43,-0.7,-0.98,-1.59,0.61,248,2023.0
2023,1630192,Zeke Nnaji,DEN,715,-2.18,-1.03,-3.21,1.632,1.937,-0.88,-0.41,-1.29,-3.21,-2.18,-1.03,313,2023.0
2023,1630193,Immanuel Quickley,NYK,2289,-0.21,1.86,1.65,1.418,1.284,-0.29,2.52,2.23,1.65,-0.21,1.86,66,2023.0
2023,1630194,Paul Reed,PHI,720,0.43,-0.17,0.26,1.64,1.937,0.18,-0.07,0.11,0.26,0.43,-0.17,153,2023.0
2023,1630197,Aleksej Pokusevski,OKC,692,-2.25,-1.48,-3.73,1.821,2.039,-0.87,-0.58,-1.45,-3.73,-2.25,-1.48,327,2023.0
2023,1630198,Isaiah Joe,OKC,1346,0.89,0.58,1.47,1.428,1.455,0.67,0.44,1.11,1.47,0.89,0.58,98,2023.0
2023,1630200,Tre Jones,SAS,1943,-1.4,-0.53,-1.93,1.308,1.325,-1.46,-0.55,-2.0,-1.93,-1.4,-0.53,357,2023.0
2023,1630201,Malachi Flynn,TOR,675,-2.29,-1.82,-4.11,1.782,1.715,-0.9,-0.72,-1.62,-4.11,-2.29,-1.82,337,2023.0
2023,1630202,Payton Pritchard,BOS,614,-0.24,-0.17,-0.41,1.803,1.735,-0.08,-0.06,-0.14,-0.41,-0.24,-0.17,173,2023.0
2023,1630205,Lamar Stevens,CLE,1112,-2.46,-1.56,-4.01,1.432,1.562,-1.49,-0.95,-2.44,-4.01,-2.46,-1.56,375,2023.0
2023,1630208,Nick Richards,CHO,1176,-0.34,-0.59,-0.92,1.341,1.596,-0.21,-0.37,-0.58,-0.92,-0.34,-0.59,230,2023.0
2023,1630214,Xavier Tillman,MEM,1163,0.26,0.19,0.45,1.312,1.634,0.17,0.13,0.3,0.45,0.26,0.19,135,2023.0
2023,1630217,Desmond Bane,MEM,1818,2.22,1.53,3.75,1.378,1.321,2.31,1.59,3.91,3.75,2.22,1.53,37,2023.0
2023,1630224,Jalen Green,HOU,2568,-2.2,-1.45,-3.64,1.556,1.434,-3.04,-2.0,-5.04,-3.64,-2.2,-1.45,411,2023.0
2023,1630227,Daishen Nix,HOU,901,-3.61,-4.07,-7.68,1.899,1.816,-1.75,-1.98,-3.73,-7.68,-3.61,-4.07,398,2023.0
2023,1630228,Jonathan Kuminga,GSW,1377,-0.82,-0.88,-1.7,1.722,1.749,-0.63,-0.68,-1.31,-1.7,-0.82,-0.88,315,2023.0
2023,1630230,Naji Marshall,NOP,1702,-2.18,-1.92,-4.1,1.299,1.326,-2.12,-1.86,-3.97,-4.1,-2.18,-1.92,403,2023.0
2023,1630231,KJ Martin,HOU,2257,-0.38,-1.12,-1.5,1.211,1.441,-0.47,-1.36,-1.83,-1.5,-0.38,-1.12,349,2023.0
2023,1630233,Nathan Knight,MIN,282,-1.23,-0.39,-1.62,2.233,2.619,-0.2,-0.06,-0.26,-1.62,-1.23,-0.39,185,2023.0
2023,1630235,Trent Forrest,ATL,260,-0.69,-1.27,-1.96,2.307,2.488,-0.1,-0.19,-0.29,-1.96,-0.69,-1.27,188,2023.0
2023,1630237,Anthony Lamb,GSW,1173,-0.4,-0.21,-0.61,1.333,1.452,-0.27,-0.14,-0.4,-0.61,-0.4,-0.21,209,2023.0
2023,1630240,Saben Lee,PHO,357,-1.08,-0.87,-1.95,2.308,2.225,-0.22,-0.18,-0.39,-1.95,-1.08,-0.87,207,2023.0
2023,1630245,Ayo Dosunmu,CHI,2056,-1.01,-1.78,-2.79,1.29,1.324,-1.19,-2.09,-3.29,-2.79,-1.01,-1.78,395,2023.0
2023,1630256,Jae'Sean Tate,HOU,682,-0.95,-0.38,-1.33,1.535,1.681,-0.35,-0.14,-0.49,-1.33,-0.95,-0.38,220,2023.0
2023,1630264,Anthony Gill,WAS,606,-1.84,-0.15,-1.99,1.63,1.924,-0.66,-0.05,-0.71,-1.99,-1.84,-0.15,252,2023.0
2023,1630284,Kevon Harris,ORL,453,-0.88,-1.72,-2.6,2.157,1.955,-0.22,-0.43,-0.64,-2.6,-0.88,-1.72,241,2023.0
2023,1630322,Lindy Waters III,OKC,513,-0.23,0.84,0.61,1.786,1.868,-0.07,0.24,0.18,0.61,-0.23,0.84,144,2023.0
2023,1630346,Matt Ryan,MIN,289,-0.75,-1.47,-2.22,2.364,2.357,-0.12,-0.24,-0.37,-2.22,-0.75,-1.47,202,2023.0
2023,1630526,Jeremiah Robinson-Earl,OKC,807,-2.29,-0.71,-3.0,1.608,1.863,-1.04,-0.32,-1.36,-3.0,-2.29,-0.71,318,2023.0
2023,1630528,Josh Christopher,HOU,786,-1.8,-3.72,-5.52,1.949,1.828,-0.76,-1.58,-2.34,-5.52,-1.8,-3.72,371,2023.0
2023,1630529,Herbert Jones,NOP,1894,-1.11,0.81,-0.3,1.225,1.322,-1.2,0.88,-0.32,-0.3,-1.11,0.81,191,2023.0
2023,1630530,Trey Murphy III,NOP,2344,0.54,0.04,0.57,1.373,1.35,0.72,0.05,0.76,0.57,0.54,0.04,115,2023.0
2023,1630532,Franz Wagner,ORL,2582,-0.32,0.89,0.57,1.507,1.382,-0.45,1.26,0.81,0.57,-0.32,0.89,110,2023.0
2023,1630533,Ziaire Williams,MEM,546,-1.56,-2.92,-4.48,2.007,2.087,-0.49,-0.91,-1.4,-4.48,-1.56,-2.92,322,2023.0
2023,1630534,Ochai Agbaji,UTA,1190,-2.22,0.33,-1.89,1.484,1.555,-1.28,0.19,-1.09,-1.89,-2.22,0.33,294,2023.0
2023,1630537,Chris Duarte,IND,881,-1.89,-2.39,-4.28,1.53,1.56,-0.92,-1.16,-2.08,-4.28,-1.89,-2.39,360,2023.0
2023,1630538,Bones Hyland,DEN,1070,-0.64,-1.05,-1.69,1.803,1.585,-0.38,-0.63,-1.02,-1.69,-0.64,-1.05,284,2023.0
2023,1630539,Kai Jones,CHO,529,-0.64,-2.48,-3.12,1.789,2.229,-0.18,-0.7,-0.88,-3.12,-0.64,-2.48,270,2023.0
2023,1630540,Miles McBride,NYK,740,-2.88,-0.58,-3.46,1.799,1.771,-1.26,-0.25,-1.51,-3.46,-2.88,-0.58,334,2023.0
2023,1630541,Moses Moody,GSW,794,-1.17,-0.96,-2.13,1.875,1.908,-0.52,-0.43,-0.95,-2.13,-1.17,-0.96,278,2023.0
2023,1630543,Isaiah Jackson,IND,1013,-0.94,-0.87,-1.81,1.586,1.881,-0.53,-0.48,-1.01,-1.81,-0.94,-0.87,283,2023.0
2023,1630544,Tre Mann,OKC,1155,-2.09,-3.28,-5.36,1.801,1.616,-1.35,-2.12,-3.47,-5.36,-2.09,-3.28,396,2023.0
2023,1630547,James Bouknight,CHO,496,-1.19,-3.6,-4.79,2.156,2.053,-0.31,-0.95,-1.27,-4.79,-1.19,-3.6,312,2023.0
2023,1630549,Day'Ron Sharpe,BRK,541,-1.12,-1.54,-2.67,1.988,2.303,-0.36,-0.49,-0.85,-2.67,-1.12,-1.54,269,2023.0
2023,1630550,JT Thor,CHO,957,-2.85,-2.53,-5.38,1.642,1.93,-1.45,-1.29,-2.74,-5.38,-2.85,-2.53,386,2023.0
2023,1630552,Jalen Johnson,ATL,1013,-1.21,-0.36,-1.57,1.719,1.71,-0.7,-0.21,-0.91,-1.57,-1.21,-0.36,272,2023.0
2023,1630553,Keon Johnson,POR,399,-3.83,-4.96,-8.79,2.496,2.43,-0.79,-1.02,-1.81,-8.79,-3.83,-4.96,348,2023.0
2023,1630556,Kessler Edwards,SAC,374,-2.22,-2.59,-4.81,2.077,2.308,-0.46,-0.54,-1.0,-4.81,-2.22,-2.59,281,2023.0
2023,1630557,Corey Kispert,WAS,2031,-0.31,-0.47,-0.78,1.28,1.34,-0.38,-0.56,-0.94,-0.78,-0.31,-0.47,276,2023.0
2023,1630558,Davion Mitchell,SAC,1434,-2.18,-1.72,-3.9,1.354,1.38,-1.73,-1.37,-3.09,-3.9,-2.18,-1.72,392,2023.0
2023,1630559,Austin Reaves,LAL,1790,0.95,0.33,1.28,1.388,1.325,0.95,0.33,1.28,1.28,0.95,0.33,92,2023.0
2023,1630560,Cam Thomas,BRK,915,-1.78,-2.42,-4.2,1.988,1.744,-0.96,-1.3,-2.26,-4.2,-1.78,-2.42,368,2023.0
2023,1630567,Scottie Barnes,TOR,2650,-0.8,0.4,-0.4,1.43,1.459,-1.23,0.61,-0.62,-0.4,-0.8,0.4,238,2023.0
2023,1630570,Trendon Watford,POR,1165,-0.52,-1.02,-1.53,1.584,1.675,-0.31,-0.61,-0.92,-1.53,-0.52,-1.02,273,2023.0
2023,1630572,Sandro Mamukelashvili,SAS,643,-2.18,-1.32,-3.5,1.789,1.938,-0.75,-0.45,-1.2,-3.5,-2.18,-1.32,307,2023.0
2023,1630573,Sam Hauser,BOS,1246,1.68,1.08,2.76,1.387,1.515,1.17,0.75,1.93,2.76,1.68,1.08,69,2023.0
2023,1630577,Julian Champagnie,SAS,307,-1.58,-0.53,-2.11,2.476,2.601,-0.26,-0.09,-0.35,-2.11,-1.58,-0.53,198,2023.0
2023,1630578,Alperen Sengun,HOU,2147,0.69,-0.17,0.52,1.513,1.646,0.8,-0.2,0.6,0.52,0.69,-0.17,121,2023.0
2023,1630579,Jericho Sims,NYK,791,-0.94,0.53,-0.41,1.451,1.828,-0.44,0.25,-0.19,-0.41,-0.94,0.53,178,2023.0
2023,1630581,Josh Giddey,OKC,2339,-0.87,0.15,-0.73,1.542,1.443,-1.15,0.19,-0.96,-0.73,-0.87,0.15,279,2023.0
2023,1630583,Santi Aldama,MEM,1654,-0.72,0.36,-0.36,1.385,1.536,-0.68,0.34,-0.34,-0.36,-0.72,0.36,196,2023.0
2023,1630586,Usman Garuba,HOU,938,-0.67,-0.61,-1.28,1.791,1.941,-0.34,-0.31,-0.65,-1.28,-0.67,-0.61,243,2023.0
2023,1630587,Isaiah Livers,DET,1156,-1.29,-0.72,-2.0,1.336,1.577,-0.76,-0.42,-1.19,-2.0,-1.29,-0.72,306,2023.0
2023,1630591,Jalen Suggs,ORL,1226,-2.34,-1.26,-3.6,1.798,1.591,-1.57,-0.84,-2.41,-3.6,-2.34,-1.26,373,2023.0
2023,1630593,McKinley Wright IV,DAL,340,-1.45,-0.95,-2.41,2.244,2.207,-0.27,-0.18,-0.45,-2.41,-1.45,-0.95,215,2023.0
2023,1630595,Cade Cunningham,DET,403,-1.27,-1.22,-2.48,2.727,2.289,-0.26,-0.25,-0.51,-2.48,-1.27,-1.22,222,2023.0
2023,1630596,Evan Mobley,CLE,2655,-0.82,2.0,1.18,1.378,1.458,-1.19,2.9,1.71,1.18,-0.82,2.0,75,2023.0
2023,1630598,Aaron Wiggins,OKC,1286,-1.48,-0.77,-2.25,1.45,1.432,-1.07,-0.56,-1.62,-2.25,-1.48,-0.77,338,2023.0
2023,1630613,Duane Washington Jr.,PHO,384,-2.0,-2.97,-4.97,2.575,2.262,-0.43,-0.64,-1.08,-4.97,-2.0,-2.97,293,2023.0
2023,1630625,Dalano Banton,TOR,269,-2.41,-1.22,-3.63,2.731,2.497,-0.38,-0.19,-0.57,-3.63,-2.41,-1.22,228,2023.0
2023,1630631,Jose Alvarado,NOP,1245,-1.07,-0.05,-1.12,1.498,1.43,-0.76,-0.04,-0.8,-1.12,-1.07,-0.05,262,2023.0
2023,1630647,Eugene Omoruyi,DET,629,-1.86,-1.78,-3.64,1.765,1.756,-0.6,-0.57,-1.18,-3.64,-1.86,-1.78,303,2023.0
2023,1630678,Terry Taylor,IND,259,1.74,-0.84,0.9,2.306,2.744,0.25,-0.12,0.13,0.9,1.74,-0.84,150,2023.0
2023,1630688,Ish Wainright,PHO,907,-1.99,0.77,-1.22,1.487,1.542,-1.02,0.4,-0.62,-1.22,-1.99,0.77,239,2023.0
2023,1630692,Jordan Goodwin,WAS,1071,-0.74,0.56,-0.19,1.469,1.489,-0.47,0.35,-0.12,-0.19,-0.74,0.56,172,2023.0
2023,1630699,MarJon Beauchamp,MIL,676,-2.45,-3.05,-5.51,1.915,1.861,-0.96,-1.19,-2.15,-5.51,-2.45,-3.05,362,2023.0
2023,1630700,Dyson Daniels,NOP,999,-1.97,-0.13,-2.1,1.856,1.872,-1.12,-0.08,-1.2,-2.1,-1.97,-0.13,308,2023.0
2023,1630702,Jaden Hardy,DAL,684,-0.89,-1.91,-2.79,2.13,2.002,-0.33,-0.71,-1.04,-2.79,-0.89,-1.91,288,2023.0
2023,1631093,Jaden Ivey,DET,2246,-1.87,-2.64,-4.51,1.574,1.469,-2.15,-3.05,-5.2,-4.51,-1.87,-2.64,412,2023.0
2023,1631094,Paolo Banchero,ORL,2377,-1.65,-1.33,-2.98,1.623,1.557,-2.14,-1.73,-3.87,-2.98,-1.65,-1.33,399,2023.0
2023,1631095,Jabari Smith Jr.,HOU,2435,-2.28,-2.02,-4.31,1.437,1.63,-2.99,-2.65,-5.65,-4.31,-2.28,-2.02,413,2023.0
2023,1631097,Bennedict Mathurin,IND,2162,-2.83,-2.6,-5.43,1.507,1.495,-3.36,-3.09,-6.46,-5.43,-2.83,-2.6,414,2023.0
2023,1631098,Johnny Davis,WAS,402,-1.38,-3.75,-5.12,2.344,2.423,-0.33,-0.89,-1.22,-5.12,-1.38,-3.75,309,2023.0
2023,1631099,Keegan Murray,SAC,2353,0.02,-1.54,-1.52,1.242,1.43,0.02,-2.01,-1.98,-1.52,0.02,-1.54,355,2023.0
2023,1631100,AJ Griffin,ATL,1366,-0.17,-0.43,-0.59,1.658,1.739,-0.13,-0.33,-0.46,-0.59,-0.17,-0.43,216,2023.0
2023,1631101,Shaedon Sharpe,POR,1738,-1.67,-2.85,-4.52,1.729,1.628,-1.5,-2.56,-4.06,-4.52,-1.67,-2.85,405,2023.0
2023,1631102,TyTy Washington Jr.,HOU,417,-1.61,-1.54,-3.15,2.347,2.259,-0.36,-0.35,-0.71,-3.15,-1.61,-1.54,253,2023.0
2023,1631103,Malaki Branham,SAS,1512,-1.71,-4.06,-5.77,1.762,1.68,-1.38,-3.28,-4.66,-5.77,-1.71,-4.06,410,2023.0
2023,1631104,Blake Wesley,SAS,651,-5.36,-6.01,-11.37,2.089,2.141,-1.86,-2.09,-3.96,-11.37,-5.36,-6.01,402,2023.0
2023,1631105,Jalen Duren,DET,1631,0.06,-0.03,0.03,1.527,1.835,0.05,-0.02,0.02,0.03,0.06,-0.03,157,2023.0
2023,1631106,Tari Eason,HOU,1736,-1.92,-0.66,-2.58,1.44,1.583,-1.8,-0.62,-2.42,-2.58,-1.92,-0.66,374,2023.0
2023,1631108,Max Christie,LAL,486,-0.72,-1.6,-2.32,2.279,2.373,-0.2,-0.44,-0.63,-2.32,-0.72,-1.6,240,2023.0
2023,1631109,Mark Williams,CHO,806,0.52,0.74,1.25,1.766,2.015,0.22,0.32,0.54,1.25,0.52,0.74,123,2023.0
2023,1631110,Jeremy Sochan,SAS,1446,-2.39,-3.05,-5.43,1.647,1.818,-1.84,-2.35,-4.2,-5.43,-2.39,-3.05,408,2023.0
2023,1631113,Kennedy Chandler,MEM,270,-0.72,-1.44,-2.15,2.828,2.814,-0.11,-0.22,-0.33,-2.15,-0.72,-1.44,194,2023.0
2023,1631114,Jalen Williams,OKC,2241,0.21,0.02,0.23,1.526,1.404,0.26,0.03,0.29,0.23,0.21,0.02,136,2023.0
2023,1631115,Orlando Robinson,MIA,417,-1.09,-0.48,-1.57,2.071,2.434,-0.26,-0.12,-0.38,-1.57,-1.09,-0.48,205,2023.0
2023,1631117,Walker Kessler,UTA,1709,4.23,1.94,6.17,1.333,1.648,3.51,1.61,5.12,6.17,4.23,1.94,22,2023.0
2023,1631119,Jaylin Williams,OKC,907,-1.1,-1.06,-2.16,1.696,1.961,-0.56,-0.54,-1.1,-2.16,-1.1,-1.06,296,2023.0
2023,1631121,Bryce McGowens,CHO,771,-3.2,-4.34,-7.54,2.079,1.925,-1.31,-1.78,-3.09,-7.54,-3.2,-4.34,393,2023.0
2023,1631128,Christian Braun,DEN,1159,-1.28,-0.86,-2.14,1.576,1.631,-0.84,-0.56,-1.39,-2.14,-1.28,-0.86,321,2023.0
2023,1631132,Christian Koloko,TOR,788,-1.22,0.16,-1.06,1.546,1.948,-0.56,0.08,-0.49,-1.06,-1.22,0.16,221,2023.0
2023,1631133,Jabari Walker,POR,594,-1.13,-4.19,-5.32,2.0,2.121,-0.35,-1.28,-1.63,-5.32,-1.13,-4.19,339,2023.0
2023,1631172,Ousmane Dieng,OKC,544,-0.74,-1.55,-2.28,2.092,2.531,-0.22,-0.47,-0.7,-2.28,-0.74,-1.55,249,2023.0
2023,1631216,Caleb Houstan,ORL,805,-0.9,-2.81,-3.71,1.727,1.918,-0.4,-1.24,-1.63,-3.71,-0.9,-2.81,340,2023.0
2023,1631222,Jake LaRavia,MEM,403,-0.77,-2.26,-3.02,2.136,2.475,-0.18,-0.52,-0.7,-3.02,-0.77,-2.26,250,2023.0
2023,1631223,David Roddy,MEM,1234,-2.23,-3.29,-5.52,1.508,1.718,-1.57,-2.33,-3.9,-5.52,-2.23,-3.29,400,2023.0
2023,1631230,Dominick Barlow,SAS,390,-2.21,-1.08,-3.29,2.41,2.605,-0.46,-0.22,-0.69,-3.29,-2.21,-1.08,247,2023.0
2023,1631260,AJ Green,MIL,343,-0.74,-0.17,-0.9,2.132,2.284,-0.15,-0.03,-0.18,-0.9,-0.74,-0.17,176,2023.0
2023,1631323,Simone Fontecchio,UTA,749,-2.78,-4.01,-6.79,1.529,1.63,-1.01,-1.46,-2.47,-6.79,-2.78,-4.01,377,2023.0
2024,2544,LeBron James,LAL,2480,5.35,1.83,7.18,1.772,1.639,8.16,2.79,10.95,7.18,5.35,1.83,6,2024.0
2024,101108,Chris Paul,GSW,1479,0.33,2.6,2.93,1.762,1.787,0.29,2.3,2.59,2.93,0.33,2.6,56,2024.0
2024,200768,Kyle Lowry,MIA,1665,-0.78,1.74,0.97,1.677,1.739,-0.79,1.78,0.99,0.97,-0.78,1.74,103,2024.0
2024,200782,P.J. Tucker,LAC,475,-1.56,0.38,-1.18,2.326,2.584,-0.45,0.11,-0.34,-1.18,-1.56,0.38,204,2024.0
2024,201142,Kevin Durant,PHO,2730,3.99,1.69,5.68,1.593,1.599,6.54,2.77,9.3,5.68,3.99,1.69,9,2024.0
2024,201143,Al Horford,BOS,1717,2.17,1.75,3.92,1.57,1.939,2.29,1.84,4.14,3.92,2.17,1.75,37,2024.0
2024,201144,Mike Conley,MIN,2201,0.83,1.55,2.38,1.605,1.622,1.09,2.05,3.14,2.38,0.83,1.55,46,2024.0
2024,201145,Jeff Green,HOU,1250,-2.55,-0.79,-3.34,1.745,2.016,-1.91,-0.59,-2.5,-3.34,-2.55,-0.79,379,2024.0
2024,201152,Thaddeus Young,TOR,428,-0.21,0.07,-0.14,2.255,2.664,-0.05,0.02,-0.03,-0.14,-0.21,0.07,170,2024.0
2024,201565,Derrick Rose,MEM,393,-1.56,0.79,-0.77,2.735,2.545,-0.37,0.19,-0.18,-0.77,-1.56,0.79,185,2024.0
2024,201566,Russell Westbrook,LAC,1451,-0.22,-1.4,-1.62,1.832,1.68,-0.2,-1.23,-1.43,-1.62,-0.22,-1.4,318,2024.0
2024,201567,Kevin Love,MIA,902,0.43,1.97,2.4,1.98,2.066,0.24,1.09,1.33,2.4,0.43,1.97,91,2024.0
2024,201568,Danilo Gallinari,WAS,643,-0.74,-0.2,-0.94,2.067,2.171,-0.25,-0.07,-0.32,-0.94,-0.74,-0.2,201,2024.0
2024,201569,Eric Gordon,PHO,1841,-0.78,-0.83,-1.61,1.531,1.608,-0.86,-0.91,-1.78,-1.61,-0.78,-0.83,342,2024.0
2024,201572,Brook Lopez,MIL,2376,0.12,2.5,2.63,1.406,1.699,0.18,3.59,3.76,2.63,0.12,2.5,41,2024.0
2024,201580,JaVale McGee,SAC,320,0.07,-0.33,-0.26,2.926,3.272,0.01,-0.06,-0.05,-0.26,0.07,-0.33,172,2024.0
2024,201587,Nicolas Batum,PHI,1507,0.21,0.36,0.56,1.513,1.8,0.2,0.34,0.53,0.56,0.21,0.36,129,2024.0
2024,201599,DeAndre Jordan,DEN,385,-1.65,-0.57,-2.22,2.306,2.88,-0.38,-0.13,-0.51,-2.22,-1.65,-0.57,221,2024.0
2024,201935,James Harden,LAC,2407,2.06,1.29,3.35,1.655,1.436,3.02,1.88,4.9,3.35,2.06,1.29,31,2024.0
2024,201939,Stephen Curry,GSW,2371,5.97,1.1,7.08,1.749,1.515,8.47,1.57,10.04,7.08,5.97,1.1,7,2024.0
2024,201942,DeMar DeRozan,CHI,2900,1.33,-0.1,1.22,1.462,1.42,2.27,-0.18,2.09,1.22,1.33,-0.1,70,2024.0
2024,201950,Jrue Holiday,BOS,2220,2.12,1.66,3.78,1.399,1.392,2.89,2.27,5.16,3.78,2.12,1.66,30,2024.0
2024,201976,Patrick Beverley,PHI,1437,-2.42,1.37,-1.05,1.665,1.684,-2.2,1.25,-0.95,-1.05,-2.42,1.37,284,2024.0
2024,201988,Patty Mills,MIA,402,-0.45,-1.64,-2.09,2.592,2.523,-0.11,-0.41,-0.52,-2.09,-0.45,-1.64,223,2024.0
2024,202066,Garrett Temple,TOR,280,-3.46,-2.0,-5.45,2.982,3.149,-0.51,-0.3,-0.81,-5.45,-3.46,-2.0,262,2024.0
2024,202083,Wesley Matthews,ATL,392,-1.91,-0.95,-2.85,2.551,2.752,-0.45,-0.23,-0.68,-2.85,-1.91,-0.95,239,2024.0
2024,202330,Gordon Hayward,CHO,1197,-0.57,-0.81,-1.38,1.575,1.634,-0.37,-0.53,-0.9,-1.38,-0.57,-0.81,278,2024.0
2024,202331,Paul George,LAC,2436,1.71,2.56,4.27,1.403,1.48,2.52,3.79,6.31,4.27,1.71,2.56,23,2024.0
2024,202397,Ish Smith,CHO,717,-2.68,-2.92,-5.6,1.986,2.052,-1.05,-1.15,-2.2,-5.6,-2.68,-2.92,367,2024.0
2024,202681,Kyrie Irving,DAL,1983,3.63,1.67,5.3,1.448,1.333,4.47,2.06,6.52,5.3,3.63,1.67,20,2024.0
2024,202684,Tristan Thompson,CLE,538,-0.99,-1.09,-2.08,1.772,2.215,-0.32,-0.35,-0.68,-2.08,-0.99,-1.09,240,2024.0
2024,202685,Jonas Valančiūnas,NOP,1874,0.72,1.31,2.03,1.332,1.499,0.82,1.48,2.29,2.03,0.72,1.31,63,2024.0
2024,202687,Bismack Biyombo,MEM,762,-0.67,0.03,-0.64,1.515,1.902,-0.31,0.01,-0.29,-0.64,-0.67,0.03,198,2024.0
2024,202691,Klay Thompson,GSW,2231,0.0,-1.25,-1.25,1.416,1.419,0.0,-1.67,-1.67,-1.25,0.0,-1.25,332,2024.0
2024,202692,Alec Burks,DET,1176,-0.7,0.46,-0.24,1.519,1.56,-0.52,0.34,-0.17,-0.24,-0.7,0.46,182,2024.0
2024,202694,Marcus Morris Sr.,PHI,812,-1.42,-0.88,-2.31,1.786,2.028,-0.73,-0.45,-1.18,-2.31,-1.42,-0.88,302,2024.0
2024,202695,Kawhi Leonard,LAC,2256,3.6,2.32,5.92,1.437,1.36,4.94,3.18,8.11,5.92,3.6,2.32,12,2024.0
2024,202696,Nikola Vucevic,CHI,2561,-0.57,1.3,0.74,1.348,1.523,-0.86,1.97,1.11,0.74,-0.57,1.3,97,2024.0
2024,202699,Tobias Harris,PHI,2324,-0.99,1.14,0.15,1.236,1.385,-1.46,1.67,0.21,0.15,-0.99,1.14,149,2024.0
2024,202704,Reggie Jackson,DEN,1786,-3.19,-0.29,-3.48,1.488,1.454,-3.39,-0.31,-3.7,-3.48,-3.19,-0.29,410,2024.0
2024,202709,Cory Joseph,GSW,289,-0.65,-0.28,-0.93,2.441,2.509,-0.11,-0.05,-0.16,-0.93,-0.65,-0.28,179,2024.0
2024,202710,Jimmy Butler III,MIA,1991,3.39,2.2,5.59,1.486,1.61,4.14,2.68,6.82,5.59,3.39,2.2,19,2024.0
2024,202711,Bojan Bogdanovic,DET,1470,0.51,-1.67,-1.15,1.65,1.722,0.47,-1.54,-1.07,-1.15,0.51,-1.67,295,2024.0
2024,202722,Davis Bertans,CHO,651,-1.81,0.07,-1.75,1.72,1.93,-0.65,0.02,-0.62,-1.75,-1.81,0.07,232,2024.0
2024,203076,Anthony Davis,LAL,2660,2.86,2.98,5.84,1.305,1.365,4.68,4.88,9.56,5.84,2.86,2.98,8,2024.0
2024,203078,Bradley Beal,PHO,1719,0.12,0.52,0.64,1.378,1.337,0.12,0.54,0.66,0.64,0.12,0.52,122,2024.0
2024,203081,Damian Lillard,MIL,2478,3.87,-0.24,3.63,1.547,1.364,5.79,-0.36,5.42,3.63,3.87,-0.24,25,2024.0
2024,203083,Andre Drummond,CHI,1324,-0.36,1.78,1.42,1.352,1.579,-0.28,1.39,1.11,1.42,-0.36,1.78,98,2024.0
2024,203084,Harrison Barnes,SAC,2316,-1.01,-1.24,-2.25,1.212,1.386,-1.41,-1.74,-3.15,-2.25,-1.01,-1.24,396,2024.0
2024,203095,Evan Fournier,DET,578,-2.72,-0.77,-3.49,1.869,1.878,-0.99,-0.28,-1.27,-3.49,-2.72,-0.77,306,2024.0
2024,203109,Jae Crowder,MIL,1085,-0.95,-0.07,-1.02,1.495,1.778,-0.62,-0.05,-0.67,-1.02,-0.95,-0.07,238,2024.0
2024,203110,Draymond Green,GSW,1452,1.31,2.8,4.12,1.446,1.649,1.14,2.43,3.58,4.12,1.31,2.8,43,2024.0
2024,203114,Khris Middleton,MIL,1473,0.81,-0.06,0.74,1.489,1.489,0.72,-0.06,0.66,0.74,0.81,-0.06,123,2024.0
2024,203200,Justin Holiday,DEN,837,-2.8,-0.92,-3.72,1.74,1.876,-1.39,-0.46,-1.85,-3.72,-2.8,-0.92,348,2024.0
2024,203458,Alex Len,SAC,430,-1.0,1.67,0.67,1.794,2.261,-0.26,0.43,0.18,0.67,-1.0,1.67,153,2024.0
2024,203468,CJ McCollum,NOP,2122,0.83,-0.08,0.76,1.519,1.348,1.06,-0.1,0.97,0.76,0.83,-0.08,106,2024.0
2024,203469,Cody Zeller,NOP,298,-0.53,-1.18,-1.71,2.153,2.686,-0.1,-0.21,-0.31,-1.71,-0.53,-1.18,200,2024.0
2024,203471,Dennis Schroder,TOR,2428,-2.85,0.26,-2.59,1.318,1.235,-3.67,0.34,-3.33,-2.59,-2.85,0.26,399,2024.0
2024,203482,Kelly Olynyk,UTA,1729,2.09,-0.54,1.55,1.343,1.579,1.97,-0.51,1.47,1.55,2.09,-0.54,87,2024.0
2024,203484,Kentavious Caldwell-Pope,DEN,2384,-0.71,-0.26,-0.97,1.166,1.252,-1.0,-0.37,-1.37,-0.97,-0.71,-0.26,315,2024.0
2024,203486,Mason Plumlee,LAC,642,1.98,0.56,2.54,1.722,2.17,0.77,0.22,0.99,2.54,1.98,0.56,104,2024.0
2024,203488,Mike Muscala,WAS,579,0.44,0.09,0.53,1.713,2.159,0.14,0.03,0.16,0.53,0.44,0.09,155,2024.0
2024,203493,Reggie Bullock Jr.,HOU,402,-2.17,-0.66,-2.83,2.02,2.244,-0.52,-0.16,-0.68,-2.83,-2.17,-0.66,241,2024.0
2024,203496,Robert Covington,PHI,479,0.13,2.03,2.16,1.969,2.188,0.04,0.61,0.65,2.16,0.13,2.03,124,2024.0
2024,203497,Rudy Gobert,MIN,2579,0.11,4.7,4.81,1.132,1.411,0.17,7.27,7.44,4.81,0.11,4.7,14,2024.0
2024,203501,Tim Hardaway Jr.,DAL,2100,-1.9,-0.79,-2.68,1.27,1.318,-2.47,-1.02,-3.49,-2.68,-1.9,-0.79,404,2024.0
2024,203507,Giannis Antetokounmpo,MIL,2527,6.76,2.62,9.38,1.375,1.3,10.29,4.0,14.29,9.38,6.76,2.62,2,2024.0
2024,203552,Seth Curry,DAL,622,-1.71,0.15,-1.55,1.906,1.974,-0.66,0.06,-0.6,-1.55,-1.71,0.15,228,2024.0
2024,203897,Zach LaVine,CHI,873,0.41,1.25,1.66,1.644,1.545,0.21,0.64,0.85,1.66,0.41,1.25,115,2024.0
2024,203903,Jordan Clarkson,UTA,1619,-1.17,-1.44,-2.62,1.518,1.393,-1.04,-1.28,-2.31,-2.62,-1.17,-1.44,372,2024.0
2024,203914,Gary Harris,ORL,1277,-0.51,-0.62,-1.13,1.304,1.406,-0.39,-0.47,-0.86,-1.13,-0.51,-0.62,269,2024.0
2024,203915,Spencer Dinwiddie,BRK,2112,-0.97,1.15,0.18,1.303,1.268,-1.2,1.42,0.22,0.18,-0.97,1.15,146,2024.0
2024,203924,Jerami Grant,POR,1817,-1.01,0.32,-0.69,1.26,1.386,-1.06,0.34,-0.73,-0.69,-1.01,0.32,245,2024.0
2024,203926,Doug McDermott,SAS,893,-0.41,-2.89,-3.31,1.597,1.704,-0.22,-1.51,-1.73,-3.31,-0.41,-2.89,335,2024.0
2024,203932,Aaron Gordon,DEN,2290,-0.16,0.91,0.75,1.184,1.307,-0.22,1.24,1.03,0.75,-0.16,0.91,100,2024.0
2024,203935,Marcus Smart,MEM,600,-0.73,0.57,-0.16,1.848,1.749,-0.26,0.21,-0.06,-0.16,-0.73,0.57,174,2024.0
2024,203937,Kyle Anderson,MIN,1743,-1.27,1.58,0.31,1.264,1.346,-1.33,1.65,0.32,0.31,-1.27,1.58,138,2024.0
2024,203939,Dwight Powell,DAL,831,1.01,1.27,2.28,1.521,1.916,0.52,0.65,1.17,2.28,1.01,1.27,94,2024.0
2024,203944,Julius Randle,NYK,1615,0.71,1.37,2.08,1.368,1.422,0.79,1.53,2.32,2.08,0.71,1.37,62,2024.0
2024,203952,Andrew Wiggins,GSW,1893,-1.45,-0.33,-1.78,1.312,1.28,-1.64,-0.37,-2.01,-1.78,-1.45,-0.33,358,2024.0
2024,203954,Joel Embiid,PHI,1268,6.44,4.61,11.05,1.548,1.565,5.16,3.69,8.84,11.05,6.44,4.61,10,2024.0
2024,203957,Danté Exum,DAL,1056,1.84,0.43,2.27,1.513,1.446,1.21,0.28,1.49,2.27,1.84,0.43,86,2024.0
2024,203967,Dario Šarić,GSW,1055,-0.39,0.07,-0.32,1.357,1.644,-0.25,0.05,-0.2,-0.32,-0.39,0.07,187,2024.0
2024,203991,Clint Capela,ATL,1839,2.03,0.31,2.35,1.198,1.434,2.27,0.35,2.62,2.35,2.03,0.31,54,2024.0
2024,203992,Bogdan Bogdanovic,ATL,2311,1.33,0.83,2.17,1.288,1.295,1.87,1.16,3.04,2.17,1.33,0.83,48,2024.0
2024,203994,Jusuf Nurkic,PHO,2046,0.65,2.17,2.82,1.22,1.403,0.79,2.67,3.46,2.82,0.65,2.17,44,2024.0
2024,203995,Vasilije Micić,CHO,1161,-1.64,-1.43,-3.07,1.404,1.456,-1.04,-0.91,-1.95,-3.07,-1.64,-1.43,353,2024.0
2024,203999,Nikola Jokic,DEN,2719,10.65,4.86,15.51,1.248,1.316,17.25,7.87,25.13,15.51,10.65,4.86,1,2024.0
2024,204001,Kristaps Porzingis,BOS,1671,2.63,1.83,4.46,1.325,1.446,2.71,1.88,4.59,4.46,2.63,1.83,32,2024.0
2024,204060,Joe Ingles,ORL,1153,0.49,0.06,0.55,1.731,1.919,0.34,0.04,0.38,0.55,0.49,0.06,136,2024.0
2024,204456,T.J. McConnell,IND,1279,2.87,-0.31,2.56,1.586,1.459,2.18,-0.24,1.95,2.56,2.87,-0.31,72,2024.0
2024,1626145,Tyus Jones,WAS,1892,1.52,-1.95,-0.43,1.261,1.249,1.54,-1.97,-0.44,-0.43,1.52,-1.95,210,2024.0
2024,1626153,Delon Wright,WAS,732,0.05,2.26,2.31,1.655,1.717,0.02,0.88,0.9,2.31,0.05,2.26,109,2024.0
2024,1626156,D'Angelo Russell,LAL,2446,2.03,-0.99,1.04,1.299,1.189,3.05,-1.49,1.57,1.04,2.03,-0.99,82,2024.0
2024,1626157,Karl-Anthony Towns,MIN,1991,2.74,1.73,4.47,1.295,1.394,3.27,2.07,5.34,4.47,2.74,1.73,26,2024.0
2024,1626158,Richaun Holmes,WAS,544,-0.97,-0.44,-1.42,1.829,1.998,-0.28,-0.13,-0.41,-1.42,-0.97,-0.44,209,2024.0
2024,1626162,Kelly Oubre Jr.,PHI,2038,-1.42,-1.38,-2.79,1.222,1.261,-1.82,-1.77,-3.6,-2.79,-1.42,-1.38,408,2024.0
2024,1626164,Devin Booker,PHO,2343,4.32,0.61,4.93,1.338,1.211,6.07,0.86,6.93,4.93,4.32,0.61,18,2024.0
2024,1626166,Cameron Payne,MIL,1284,-1.11,0.0,-1.11,1.471,1.39,-0.86,0.0,-0.86,-1.11,-1.11,0.0,270,2024.0
2024,1626167,Myles Turner,IND,2064,2.38,1.31,3.68,1.199,1.378,2.92,1.6,4.52,3.68,2.38,1.31,34,2024.0
2024,1626168,Trey Lyles,SAC,1126,0.01,0.29,0.3,1.325,1.537,0.01,0.19,0.2,0.3,0.01,0.29,150,2024.0
2024,1626171,Bobby Portis,MIL,1927,-0.18,-0.55,-0.73,1.289,1.352,-0.21,-0.64,-0.85,-0.73,-0.18,-0.55,266,2024.0
2024,1626172,Kevon Looney,GSW,1167,1.6,1.46,3.06,1.267,1.573,1.12,1.02,2.14,3.06,1.6,1.46,68,2024.0
2024,1626174,Christian Wood,LAL,869,-1.03,0.52,-0.5,1.479,1.656,-0.55,0.28,-0.27,-0.5,-1.03,0.52,196,2024.0
2024,1626179,Terry Rozier,CHO,2014,0.21,0.08,0.29,1.322,1.254,0.23,0.09,0.32,0.29,0.21,0.08,139,2024.0
2024,1626181,Norman Powell,LAC,1896,0.01,-1.54,-1.53,1.404,1.309,0.01,-1.78,-1.76,-1.53,0.01,-1.54,340,2024.0
2024,1626192,Pat Connaughton,MIL,1629,-1.65,-0.71,-2.36,1.341,1.391,-1.62,-0.7,-2.32,-2.36,-1.65,-0.71,373,2024.0
2024,1626196,Josh Richardson,MIA,1067,-1.62,0.0,-1.62,1.428,1.505,-1.06,0.0,-1.06,-1.62,-1.62,0.0,294,2024.0
2024,1626204,Larry Nance Jr.,NOP,1179,0.33,1.1,1.43,1.411,1.613,0.24,0.78,1.02,1.43,0.33,1.1,101,2024.0
2024,1626220,Royce O'Neale,BRK,1894,-0.77,0.75,-0.02,1.236,1.322,-0.85,0.82,-0.02,-0.02,-0.77,0.75,169,2024.0
2024,1626224,Cedi Osman,SAS,1231,-0.71,-1.39,-2.1,1.318,1.416,-0.52,-1.0,-1.52,-2.1,-0.71,-1.39,323,2024.0
2024,1627732,Ben Simmons,BRK,351,-0.05,0.42,0.37,2.052,2.1,-0.01,0.09,0.08,0.37,-0.05,0.42,159,2024.0
2024,1627734,Domantas Sabonis,SAC,2828,4.87,2.51,7.38,1.144,1.302,8.31,4.29,12.59,7.38,4.87,2.51,4,2024.0
2024,1627736,Malik Beasley,MIL,2326,-0.96,-1.61,-2.56,1.255,1.212,-1.34,-2.25,-3.59,-2.56,-0.96,-1.61,407,2024.0
2024,1627739,Kris Dunn,UTA,1229,1.62,-1.2,0.42,1.366,1.406,1.09,-0.81,0.28,0.42,1.62,-1.2,141,2024.0
2024,1627741,Buddy Hield,IND,2126,0.66,-0.5,0.15,1.335,1.315,0.83,-0.64,0.2,0.15,0.66,-0.5,151,2024.0
2024,1627742,Brandon Ingram,NOP,2031,0.04,1.24,1.28,1.365,1.262,0.05,1.51,1.57,1.28,0.04,1.24,83,2024.0
2024,1627745,Damian Jones,CLE,266,0.17,-0.13,0.04,2.183,2.651,0.03,-0.02,0.01,0.04,0.17,-0.13,164,2024.0
2024,1627747,Caris LeVert,CLE,1906,-1.85,0.34,-1.52,1.286,1.281,-2.13,0.39,-1.74,-1.52,-1.85,0.34,337,2024.0
2024,1627749,Dejounte Murray,ATL,2715,1.76,-0.74,1.02,1.318,1.168,2.9,-1.22,1.68,1.02,1.76,-0.74,79,2024.0
2024,1627750,Jamal Murray,DEN,1832,1.33,0.59,1.92,1.38,1.263,1.45,0.64,2.09,1.92,1.33,0.59,71,2024.0
2024,1627751,Jakob Poeltl,TOR,1301,2.83,0.94,3.77,1.309,1.536,1.95,0.65,2.6,3.77,2.83,0.94,55,2024.0
2024,1627752,Taurean Prince,LAL,2069,0.15,-3.63,-3.48,1.152,1.273,0.19,-4.62,-4.43,-3.48,0.15,-3.63,413,2024.0
2024,1627759,Jaylen Brown,BOS,2310,0.0,0.32,0.32,1.311,1.226,0.01,0.45,0.46,0.32,0.0,0.32,133,2024.0
2024,1627763,Malcolm Brogdon,POR,1115,0.16,1.23,1.4,1.649,1.514,0.11,0.8,0.9,1.4,0.16,1.23,110,2024.0
2024,1627777,Georges Niang,CLE,1798,-1.02,-1.19,-2.21,1.269,1.417,-1.1,-1.29,-2.4,-2.21,-1.02,-1.19,376,2024.0
2024,1627780,Gary Payton II,GSW,672,2.32,1.67,4.0,1.729,1.784,0.93,0.67,1.61,4.0,2.32,1.67,81,2024.0
2024,1627783,Pascal Siakam,TOR,2607,2.17,1.01,3.18,1.234,1.293,3.0,1.4,4.4,3.18,2.17,1.01,36,2024.0
2024,1627788,Furkan Korkmaz,PHI,279,-1.92,-2.3,-4.21,2.207,2.339,-0.34,-0.41,-0.74,-4.21,-1.92,-2.3,250,2024.0
2024,1627826,Ivica Zubac,LAC,1774,-0.24,2.35,2.11,1.227,1.428,-0.26,2.54,2.28,2.11,-0.24,2.35,64,2024.0
2024,1627827,Dorian Finney-Smith,BRK,1899,-2.68,1.14,-1.54,1.182,1.401,-2.97,1.26,-1.71,-1.54,-2.68,1.14,333,2024.0
2024,1627832,Fred VanVleet,HOU,2622,1.8,2.87,4.67,1.225,1.194,2.84,4.5,7.34,4.67,1.8,2.87,15,2024.0
2024,1627863,Danuel House Jr.,PHI,497,-1.86,-0.2,-2.06,1.757,1.947,-0.58,-0.06,-0.65,-2.06,-1.86,-0.2,236,2024.0
2024,1627884,Derrick Jones Jr.,DAL,1744,-1.8,-0.61,-2.42,1.231,1.303,-1.95,-0.66,-2.61,-2.42,-1.8,-0.61,384,2024.0
2024,1627936,Alex Caruso,CHI,1972,-0.65,3.17,2.52,1.222,1.272,-0.75,3.68,2.93,2.52,-0.65,3.17,52,2024.0
2024,1628365,Markelle Fultz,ORL,896,-1.21,0.13,-1.09,1.601,1.536,-0.65,0.07,-0.58,-1.09,-1.21,0.13,226,2024.0
2024,1628368,De'Aaron Fox,SAC,2544,2.3,-0.2,2.09,1.351,1.186,3.53,-0.31,3.21,2.09,2.3,-0.2,45,2024.0
2024,1628369,Jayson Tatum,BOS,2601,2.58,1.93,4.51,1.319,1.294,4.13,3.09,7.21,4.51,2.58,1.93,17,2024.0
2024,1628370,Malik Monk,SAC,1782,0.27,-0.95,-0.68,1.374,1.3,0.29,-1.03,-0.73,-0.68,0.27,-0.95,246,2024.0
2024,1628371,Jonathan Isaac,ORL,888,0.96,4.36,5.33,1.448,1.645,0.51,2.31,2.82,5.33,0.96,4.36,53,2024.0
2024,1628372,Dennis Smith Jr.,BRK,1047,-2.83,1.54,-1.29,1.487,1.45,-1.73,0.94,-0.79,-1.29,-2.83,1.54,259,2024.0
2024,1628374,Lauri Markkanen,UTA,1774,3.78,0.38,4.16,1.311,1.376,3.66,0.37,4.03,4.16,3.78,0.38,38,2024.0
2024,1628378,Donovan Mitchell,CLE,1905,3.44,2.92,6.37,1.414,1.26,3.96,3.36,7.32,6.37,3.44,2.92,16,2024.0
2024,1628379,Luke Kennard,MEM,976,1.52,0.2,1.72,1.418,1.488,0.9,0.12,1.01,1.72,1.52,0.2,102,2024.0
2024,1628380,Zach Collins,SAS,1501,-0.25,0.4,0.15,1.269,1.429,-0.22,0.35,0.13,0.15,-0.25,0.4,158,2024.0
2024,1628381,John Collins,UTA,1873,0.22,-0.35,-0.13,1.298,1.36,0.22,-0.35,-0.13,-0.13,0.22,-0.35,177,2024.0
2024,1628384,OG Anunoby,TOR,1664,-0.61,1.48,0.86,1.273,1.395,-0.54,1.3,0.76,0.86,-0.61,1.48,118,2024.0
2024,1628386,Jarrett Allen,CLE,2383,1.41,2.55,3.97,1.129,1.363,2.03,3.67,5.7,3.97,1.41,2.55,24,2024.0
2024,1628389,Bam Adebayo,MIA,2358,-1.05,4.13,3.08,1.208,1.349,-1.51,5.97,4.45,3.08,-1.05,4.13,35,2024.0
2024,1628392,Isaiah Hartenstein,NYK,1876,2.04,1.97,4.02,1.193,1.428,2.64,2.55,5.19,4.02,2.04,1.97,29,2024.0
2024,1628398,Kyle Kuzma,WAS,2274,-0.96,-1.57,-2.53,1.215,1.309,-1.17,-1.9,-3.07,-2.53,-0.96,-1.57,393,2024.0
2024,1628401,Derrick White,BOS,2349,1.51,2.15,3.66,1.24,1.23,2.18,3.11,5.3,3.66,1.51,2.15,27,2024.0
2024,1628404,Josh Hart,NYK,2659,-0.17,1.82,1.66,1.143,1.189,-0.3,3.34,3.04,1.66,-0.17,1.82,49,2024.0
2024,1628415,Dillon Brooks,HOU,2175,-1.06,-0.57,-1.64,1.192,1.245,-1.38,-0.75,-2.13,-1.64,-1.06,-0.57,364,2024.0
2024,1628418,Thomas Bryant,MIA,410,1.38,-0.64,0.74,1.869,2.228,0.35,-0.16,0.19,0.74,1.38,-0.64,152,2024.0
2024,1628420,Monté Morris,MIN,451,0.59,-0.05,0.54,1.971,1.915,0.16,-0.01,0.15,0.54,0.59,-0.05,157,2024.0
2024,1628426,Sasha Vezenkov,SAC,498,-1.01,-0.54,-1.55,1.827,1.996,-0.3,-0.16,-0.47,-1.55,-1.01,-0.54,215,2024.0
2024,1628436,Luke Kornet,BOS,953,2.02,1.28,3.31,1.327,1.672,1.19,0.75,1.94,3.31,2.02,1.28,73,2024.0
2024,1628449,Chris Boucher,TOR,700,-1.12,1.62,0.5,1.746,1.884,-0.42,0.6,0.18,0.5,-1.12,1.62,154,2024.0
2024,1628464,Daniel Theis,LAC,971,-0.96,-0.06,-1.02,1.402,1.766,-0.57,-0.04,-0.6,-1.02,-0.96,-0.06,229,2024.0
2024,1628467,Maxi Kleber,DAL,840,-2.71,1.04,-1.67,1.547,1.84,-1.41,0.54,-0.87,-1.67,-2.71,1.04,273,2024.0
2024,1628470,Torrey Craig,CHI,1048,-2.15,-1.29,-3.44,1.56,1.694,-1.33,-0.8,-2.13,-3.44,-2.15,-1.29,365,2024.0
2024,1628960,Grayson Allen,PHO,2431,0.37,-0.07,0.3,1.189,1.208,0.54,-0.1,0.44,0.3,0.37,-0.07,134,2024.0
2024,1628963,Marvin Bagley III,WAS,1042,-0.52,0.54,0.03,1.499,1.623,-0.29,0.3,0.01,0.03,-0.52,0.54,165,2024.0
2024,1628964,Mo Bamba,PHI,736,-1.4,1.93,0.53,1.507,1.833,-0.65,0.9,0.25,0.53,-1.4,1.93,142,2024.0
2024,1628966,Keita Bates-Diop,PHO,609,-1.5,-0.2,-1.7,1.596,1.754,-0.55,-0.07,-0.62,-1.7,-1.5,-0.2,233,2024.0
2024,1628969,Mikal Bridges,BRK,2807,-0.01,1.09,1.08,1.157,1.185,-0.02,1.78,1.76,1.08,-0.01,1.09,78,2024.0
2024,1628970,Miles Bridges,CHO,2490,0.46,0.24,0.7,1.29,1.303,0.63,0.33,0.96,0.7,0.46,0.24,108,2024.0
2024,1628971,Bruce Brown,IND,1841,-1.02,-1.67,-2.69,1.282,1.257,-1.12,-1.83,-2.95,-2.69,-1.02,-1.67,391,2024.0
2024,1628972,Troy Brown Jr.,DET,824,-1.54,-1.55,-3.09,1.538,1.641,-0.8,-0.8,-1.6,-3.09,-1.54,-1.55,328,2024.0
2024,1628973,Jalen Brunson,NYK,2685,3.04,1.53,4.57,1.348,1.17,5.62,2.82,8.44,4.57,3.04,1.53,11,2024.0
2024,1628975,Jevon Carter,CHI,986,-2.58,1.13,-1.45,1.565,1.475,-1.5,0.65,-0.84,-1.45,-2.58,1.13,264,2024.0
2024,1628976,Wendell Carter Jr.,ORL,1394,0.14,2.01,2.15,1.293,1.559,0.12,1.67,1.79,2.15,0.14,2.01,76,2024.0
2024,1628978,Donte DiVincenzo,NYK,2321,0.5,0.04,0.54,1.217,1.213,0.79,0.06,0.86,0.54,0.5,0.04,114,2024.0
2024,1628981,Bruno Fernando,ATL,659,-1.76,0.27,-1.49,1.625,1.901,-0.7,0.11,-0.6,-1.49,-1.76,0.27,230,2024.0
2024,1628983,Shai Gilgeous-Alexander,OKC,2512,6.3,1.22,7.53,1.454,1.203,9.97,1.94,11.91,7.53,6.3,1.22,5,2024.0
2024,1628984,Devonte' Graham,SAS,293,-1.11,0.11,-1.0,2.329,2.269,-0.19,0.02,-0.17,-1.0,-1.11,0.11,183,2024.0
2024,1628988,Aaron Holiday,HOU,1204,-1.35,0.72,-0.62,1.412,1.39,-0.97,0.52,-0.45,-0.62,-1.35,0.72,212,2024.0
2024,1628989,Kevin Huerter,SAC,1527,0.92,-0.33,0.59,1.324,1.345,0.85,-0.3,0.54,0.59,0.92,-0.33,128,2024.0
2024,1628991,Jaren Jackson Jr.,MEM,2089,-0.53,2.22,1.7,1.334,1.426,-0.66,2.8,2.14,1.7,-0.53,2.22,69,2024.0
2024,1628995,Kevin Knox II,DET,549,-0.9,-2.68,-3.58,1.875,1.879,-0.31,-0.93,-1.24,-3.58,-0.9,-2.68,305,2024.0
2024,1628997,Caleb Martin,MIA,1710,-1.85,1.1,-0.76,1.209,1.308,-1.94,1.15,-0.79,-0.76,-1.85,1.1,260,2024.0
2024,1628998,Cody Martin,CHO,731,-1.55,-0.58,-2.14,1.528,1.65,-0.62,-0.23,-0.86,-2.14,-1.55,-0.58,271,2024.0
2024,1629001,De'Anthony Melton,PHI,1004,-0.32,-0.03,-0.35,1.569,1.501,-0.21,-0.02,-0.22,-0.35,-0.32,-0.03,191,2024.0
2024,1629002,Chimezie Metu,PHO,828,-1.58,-0.71,-2.29,1.449,1.744,-0.78,-0.35,-1.14,-2.29,-1.58,-0.71,299,2024.0
2024,1629003,Shake Milton,MIN,559,-1.58,-1.46,-3.05,1.738,1.781,-0.53,-0.49,-1.02,-3.05,-1.58,-1.46,291,2024.0
2024,1629004,Svi Mykhailiuk,BOS,390,-2.02,0.69,-1.33,2.03,2.065,-0.49,0.17,-0.32,-1.33,-2.02,0.69,202,2024.0
2024,1629006,Josh Okogie,PHO,949,-2.59,0.89,-1.7,1.532,1.525,-1.48,0.51,-0.97,-1.7,-2.59,0.89,285,2024.0
2024,1629007,Jontay Porter,TOR,346,0.23,-0.02,0.21,2.077,2.371,0.04,-0.0,0.04,0.21,0.23,-0.02,163,2024.0
2024,1629008,Michael Porter Jr.,DEN,2552,-0.06,0.65,0.59,1.202,1.224,-0.09,0.98,0.89,0.59,-0.06,0.65,111,2024.0
2024,1629011,Mitchell Robinson,NYK,763,0.9,1.72,2.62,1.438,1.812,0.47,0.9,1.38,2.62,0.9,1.72,89,2024.0
2024,1629012,Collin Sexton,UTA,2018,1.93,-1.42,0.51,1.37,1.266,2.13,-1.56,0.56,0.51,1.93,-1.42,127,2024.0
2024,1629013,Landry Shamet,WAS,723,-1.97,-0.0,-1.97,1.567,1.639,-0.76,-0.0,-0.76,-1.97,-1.97,-0.0,254,2024.0
2024,1629014,Anfernee Simons,POR,1575,0.26,0.01,0.27,1.441,1.363,0.24,0.01,0.25,0.27,0.26,0.01,143,2024.0
2024,1629018,Gary Trent Jr.,TOR,1958,-0.72,-1.2,-1.92,1.248,1.274,-0.75,-1.24,-1.99,-1.92,-0.72,-1.2,356,2024.0
2024,1629020,Jarred Vanderbilt,LAL,577,0.45,-0.57,-0.13,1.654,1.957,0.16,-0.2,-0.04,-0.13,0.45,-0.57,171,2024.0
2024,1629021,Moritz Wagner,ORL,1389,1.42,0.61,2.03,1.305,1.511,1.17,0.5,1.68,2.03,1.42,0.61,80,2024.0
2024,1629022,Lonnie Walker IV,BRK,973,-1.12,-1.42,-2.54,1.573,1.514,-0.64,-0.81,-1.44,-2.54,-1.12,-1.42,319,2024.0
2024,1629023,P.J. Washington,CHO,2161,-0.59,-0.87,-1.46,1.23,1.338,-0.7,-1.03,-1.73,-1.46,-0.59,-0.87,336,2024.0
2024,1629026,Kenrich Williams,OKC,1013,-1.04,2.29,1.26,1.398,1.603,-0.66,1.46,0.8,1.26,-1.04,2.29,117,2024.0
2024,1629027,Trae Young,ATL,1850,4.82,-2.74,2.08,1.471,1.276,5.41,-3.08,2.33,2.08,4.82,-2.74,61,2024.0
2024,1629028,Deandre Ayton,POR,1782,0.4,2.51,2.91,1.24,1.444,0.41,2.59,3.0,2.91,0.4,2.51,51,2024.0
2024,1629029,Luka Doncic,DAL,2587,6.39,2.24,8.63,1.465,1.222,10.25,3.59,13.84,8.63,6.39,2.24,3,2024.0
2024,1629048,Goga Bitadze,ORL,917,1.15,1.69,2.84,1.422,1.747,0.63,0.92,1.55,2.84,1.15,1.69,84,2024.0
2024,1629052,Oshae Brissett,BOS,603,-2.46,-1.06,-3.52,1.68,1.782,-0.91,-0.39,-1.31,-3.52,-2.46,-1.06,312,2024.0
2024,1629060,Rui Hachimura,LAL,1804,-0.8,0.0,-0.8,1.216,1.388,-0.89,0.0,-0.89,-0.8,-0.8,0.0,277,2024.0
2024,1629111,Jock Landale,HOU,737,0.27,0.93,1.21,1.495,1.81,0.12,0.41,0.53,1.21,0.27,0.93,130,2024.0
2024,1629130,Duncan Robinson,MIA,1848,-1.44,0.04,-1.4,1.266,1.303,-1.63,0.05,-1.58,-1.4,-1.44,0.04,327,2024.0
2024,1629139,Yuta Watanabe,PHO,437,-0.6,-2.35,-2.95,1.834,2.002,-0.16,-0.62,-0.77,-2.95,-0.6,-2.35,258,2024.0
2024,1629162,Jordan McLaughlin,MIN,612,0.29,1.46,1.75,1.671,1.709,0.11,0.54,0.64,1.75,0.29,1.46,125,2024.0
2024,1629234,Drew Eubanks,PHO,1121,-1.31,-0.39,-1.7,1.311,1.597,-0.88,-0.26,-1.14,-1.7,-1.31,-0.39,300,2024.0
2024,1629312,Haywood Highsmith,MIA,1323,-2.56,0.4,-2.16,1.246,1.384,-2.08,0.33,-1.75,-2.16,-2.56,0.4,339,2024.0
2024,1629599,Amir Coffey,LAC,1416,-0.77,-2.22,-2.99,1.301,1.353,-0.67,-1.91,-2.57,-2.99,-0.77,-2.22,383,2024.0
2024,1629611,Terance Mann,LAC,1815,-1.59,0.43,-1.16,1.216,1.273,-1.75,0.48,-1.28,-1.16,-1.59,0.43,308,2024.0
2024,1629614,Andrew Nembhard,IND,1669,-1.64,-0.81,-2.44,1.307,1.345,-1.62,-0.8,-2.42,-2.44,-1.64,-0.81,377,2024.0
2024,1629622,Max Strus,CLE,2171,-1.19,0.31,-0.88,1.15,1.24,-1.56,0.4,-1.16,-0.88,-1.19,0.31,301,2024.0
2024,1629626,Bol Bol,PHO,451,-0.97,0.8,-0.17,1.98,2.14,-0.26,0.22,-0.05,-0.17,-0.97,0.8,173,2024.0
2024,1629627,Zion Williamson,NOP,2126,2.91,1.21,4.12,1.482,1.408,3.73,1.55,5.27,4.12,2.91,1.21,28,2024.0
2024,1629628,RJ Barrett,TOR,1783,-1.48,-1.79,-3.28,1.469,1.377,-1.4,-1.7,-3.1,-3.28,-1.48,-1.79,395,2024.0
2024,1629629,Cam Reddish,LAL,968,-3.35,-2.78,-6.14,1.407,1.563,-2.0,-1.66,-3.65,-6.14,-3.35,-2.78,409,2024.0
2024,1629630,Ja Morant,MEM,312,3.58,1.57,5.15,2.698,2.285,0.68,0.3,0.97,5.15,3.58,1.57,107,2024.0
2024,1629631,De'Andre Hunter,ATL,1643,-1.52,-1.04,-2.55,1.33,1.32,-1.51,-1.03,-2.55,-2.55,-1.52,-1.04,381,2024.0
2024,1629632,Coby White,CHI,2842,-0.75,0.74,-0.0,1.318,1.249,-1.25,1.25,-0.01,-0.0,-0.75,0.74,168,2024.0
2024,1629636,Darius Garland,CLE,1837,0.08,1.9,1.98,1.47,1.304,0.09,2.11,2.19,1.98,0.08,1.9,66,2024.0
2024,1629637,Jaxson Hayes,LAL,857,-0.47,-0.43,-0.9,1.462,1.834,-0.25,-0.23,-0.47,-0.9,-0.47,-0.43,216,2024.0
2024,1629638,Nickeil Alexander-Walker,MIN,1890,-1.32,0.68,-0.64,1.243,1.283,-1.49,0.77,-0.73,-0.64,-1.32,0.68,247,2024.0
2024,1629639,Tyler Herro,MIA,1368,-0.48,1.32,0.84,1.54,1.41,-0.4,1.11,0.71,0.84,-0.48,1.32,120,2024.0
2024,1629640,Keldon Johnson,SAS,1994,-0.42,-1.36,-1.78,1.303,1.309,-0.49,-1.59,-2.09,-1.78,-0.42,-1.36,361,2024.0
2024,1629642,Nassir Little,PHO,438,-1.84,-2.05,-3.88,1.928,2.098,-0.48,-0.54,-1.02,-3.88,-1.84,-2.05,292,2024.0
2024,1629643,Chuma Okeke,ORL,398,-3.51,-0.59,-4.1,1.848,2.199,-0.83,-0.14,-0.97,-4.1,-3.51,-0.59,286,2024.0
2024,1629651,Nic Claxton,BRK,2081,0.04,1.93,1.96,1.193,1.427,0.05,2.34,2.38,1.96,0.04,1.93,59,2024.0
2024,1629652,Luguentz Dort,OKC,2233,-1.51,-0.94,-2.44,1.172,1.28,-2.12,-1.32,-3.44,-2.44,-1.51,-0.94,402,2024.0
2024,1629655,Daniel Gafford,WAS,1785,2.46,1.38,3.84,1.241,1.443,2.35,1.31,3.66,3.84,2.46,1.38,42,2024.0
2024,1629656,Quentin Grimes,NYK,1004,-2.02,0.55,-1.47,1.635,1.575,-1.4,0.38,-1.02,-1.47,-2.02,0.55,293,2024.0
2024,1629659,Talen Horton-Tucker,UTA,990,-1.99,-0.71,-2.69,1.622,1.581,-1.08,-0.38,-1.46,-2.69,-1.99,-0.71,320,2024.0
2024,1629661,Cameron Johnson,BRK,1576,0.62,1.31,1.92,1.326,1.407,0.57,1.2,1.77,1.92,0.62,1.31,77,2024.0
2024,1629667,Jalen McDaniels,TOR,507,-1.41,-1.57,-2.97,1.684,1.871,-0.38,-0.42,-0.8,-2.97,-1.41,-1.57,261,2024.0
2024,1629670,Jordan Nwora,TOR,688,-1.71,-3.91,-5.62,1.711,1.704,-0.62,-1.43,-2.05,-5.62,-1.71,-3.91,359,2024.0
2024,1629673,Jordan Poole,WAS,2333,-0.93,-1.74,-2.67,1.386,1.257,-1.16,-2.17,-3.33,-2.67,-0.93,-1.74,400,2024.0
2024,1629674,Neemias Queta,BOS,325,0.13,1.44,1.57,2.04,2.522,0.03,0.29,0.31,1.57,0.13,1.44,140,2024.0
2024,1629675,Naz Reid,MIN,1944,-0.77,1.3,0.52,1.269,1.447,-0.9,1.51,0.61,0.52,-0.77,1.3,126,2024.0
2024,1629677,Luka Samanic,UTA,393,-0.91,-2.25,-3.15,2.102,2.255,-0.19,-0.48,-0.68,-3.15,-0.91,-2.25,242,2024.0
2024,1629680,Matisse Thybulle,POR,1466,-1.66,0.78,-0.88,1.277,1.342,-1.41,0.66,-0.75,-0.88,-1.66,0.78,251,2024.0
2024,1629684,Grant Williams,DAL,2102,-1.91,-0.33,-2.24,1.166,1.345,-2.49,-0.43,-2.92,-2.24,-1.91,-0.33,390,2024.0
2024,1629723,John Konchar,MEM,1148,-1.04,0.5,-0.55,1.319,1.422,-0.72,0.34,-0.38,-0.55,-1.04,0.5,207,2024.0
2024,1629726,Garrison Mathews,ATL,974,-0.92,-1.25,-2.16,1.441,1.489,-0.54,-0.74,-1.28,-2.16,-0.92,-1.25,309,2024.0
2024,1629731,Dean Wade,CLE,1077,-1.3,2.33,1.03,1.302,1.55,-0.84,1.52,0.67,1.03,-1.3,2.33,121,2024.0
2024,1630162,Anthony Edwards,MIN,2738,0.89,1.87,2.76,1.466,1.301,1.46,3.07,4.53,2.76,0.89,1.87,33,2024.0
2024,1630163,LaMelo Ball,CHO,685,3.57,-1.2,2.37,2.216,1.816,1.34,-0.45,0.89,2.37,3.57,-1.2,112,2024.0
2024,1630164,James Wiseman,DET,1076,-2.43,-1.42,-3.86,1.848,1.776,-1.65,-0.97,-2.61,-3.86,-2.43,-1.42,385,2024.0
2024,1630165,Killian Hayes,DET,973,-3.06,-2.09,-5.15,1.631,1.628,-1.87,-1.28,-3.15,-5.15,-3.06,-2.09,397,2024.0
2024,1630166,Deni Avdija,WAS,2203,-0.31,-0.4,-0.7,1.335,1.319,-0.36,-0.47,-0.83,-0.7,-0.31,-0.4,263,2024.0
2024,1630167,Obi Toppin,IND,1721,1.87,-0.09,1.78,1.285,1.402,1.91,-0.09,1.82,1.78,1.87,-0.09,75,2024.0
2024,1630168,Onyeka Okongwu,ATL,1351,1.99,-0.34,1.65,1.358,1.616,1.63,-0.28,1.35,1.65,1.99,-0.34,90,2024.0
2024,1630169,Tyrese Haliburton,IND,2208,6.23,-1.32,4.91,1.379,1.292,8.17,-1.73,6.44,4.91,6.23,-1.32,22,2024.0
2024,1630170,Devin Vassell,SAS,2226,0.18,-0.34,-0.16,1.344,1.304,0.24,-0.45,-0.21,-0.16,0.18,-0.34,189,2024.0
2024,1630171,Isaac Okoro,CLE,1858,-1.76,0.45,-1.31,1.26,1.351,-1.97,0.5,-1.47,-1.31,-1.76,0.45,321,2024.0
2024,1630172,Patrick Williams,CHI,1169,-1.58,-1.02,-2.61,1.483,1.673,-1.09,-0.7,-1.79,-2.61,-1.58,-1.02,343,2024.0
2024,1630173,Precious Achiuwa,NYK,1594,-3.31,0.15,-3.17,1.237,1.51,-3.64,0.16,-3.48,-3.17,-3.31,0.15,403,2024.0
2024,1630174,Aaron Nesmith,IND,1961,-0.19,-0.74,-0.93,1.253,1.313,-0.22,-0.86,-1.09,-0.93,-0.19,-0.74,297,2024.0
2024,1630175,Cole Anthony,ORL,1770,-1.44,1.0,-0.44,1.486,1.352,-1.51,1.05,-0.46,-0.44,-1.44,1.0,214,2024.0
2024,1630178,Tyrese Maxey,PHI,2582,0.94,0.58,1.52,1.451,1.256,1.53,0.95,2.48,1.52,0.94,0.58,58,2024.0
2024,1630180,Saddiq Bey,ATL,1996,-0.2,-2.13,-2.33,1.243,1.308,-0.24,-2.58,-2.82,-2.33,-0.2,-2.13,389,2024.0
2024,1630182,Josh Green,DAL,1479,-1.22,-1.15,-2.36,1.319,1.422,-1.12,-1.05,-2.17,-2.36,-1.22,-1.15,366,2024.0
2024,1630183,Jaden McDaniels,MIN,2095,-1.66,-0.69,-2.34,1.244,1.412,-2.08,-0.87,-2.95,-2.34,-1.66,-0.69,392,2024.0
2024,1630184,Kira Lewis Jr.,NOP,262,-1.78,-1.06,-2.84,2.677,2.613,-0.28,-0.17,-0.45,-2.84,-1.78,-1.06,213,2024.0
2024,1630188,Jalen Smith,IND,1037,1.37,-1.01,0.36,1.513,1.734,0.84,-0.62,0.22,0.36,1.37,-1.01,147,2024.0
2024,1630191,Isaiah Stewart,DET,1376,-1.55,1.45,-0.1,1.327,1.665,-1.34,1.26,-0.09,-0.1,-1.55,1.45,176,2024.0
2024,1630192,Zeke Nnaji,DEN,546,-2.56,-0.89,-3.45,1.728,2.051,-0.83,-0.29,-1.12,-3.45,-2.56,-0.89,298,2024.0
2024,1630193,Immanuel Quickley,TOR,1952,-0.42,2.71,2.3,1.423,1.288,-0.43,2.81,2.38,2.3,-0.42,2.71,60,2024.0
2024,1630194,Paul Reed,PHI,1585,0.34,0.84,1.17,1.28,1.512,0.34,0.84,1.17,1.17,0.34,0.84,95,2024.0
2024,1630197,Aleksej Pokusevski,CHO,386,-2.39,-0.54,-2.92,2.158,2.417,-0.51,-0.11,-0.62,-2.92,-2.39,-0.54,234,2024.0
2024,1630198,Isaiah Joe,OKC,1421,0.57,1.47,2.05,1.37,1.397,0.51,1.32,1.83,2.05,0.57,1.47,74,2024.0
2024,1630200,Tre Jones,SAS,2106,0.59,0.31,0.9,1.252,1.269,0.73,0.38,1.11,0.9,0.59,0.31,99,2024.0
2024,1630201,Malachi Flynn,TOR,855,-2.61,-1.58,-4.2,1.619,1.558,-1.19,-0.72,-1.9,-4.2,-2.61,-1.58,352,2024.0
2024,1630202,Payton Pritchard,BOS,1772,-0.31,0.54,0.22,1.322,1.272,-0.34,0.58,0.24,0.22,-0.31,0.54,144,2024.0
2024,1630204,Ashton Hagans,POR,304,-1.02,0.2,-0.82,2.291,2.309,-0.18,0.03,-0.14,-0.82,-1.02,0.2,178,2024.0
2024,1630205,Lamar Stevens,MEM,533,-3.62,0.49,-3.13,1.787,1.948,-1.17,0.16,-1.01,-3.13,-3.62,0.49,290,2024.0
2024,1630208,Nick Richards,CHO,1715,-0.78,0.39,-0.4,1.209,1.438,-0.74,0.36,-0.37,-0.4,-0.78,0.39,205,2024.0
2024,1630209,Omer Yurtseven,UTA,531,-1.91,-1.09,-3.0,1.733,2.049,-0.56,-0.32,-0.87,-3.0,-1.91,-1.09,274,2024.0
2024,1630214,Xavier Tillman,MEM,968,-1.93,0.72,-1.21,1.354,1.685,-1.13,0.42,-0.71,-1.21,-1.93,0.72,244,2024.0
2024,1630215,Jared Butler,WAS,548,-0.5,-0.24,-0.75,2.062,1.894,-0.15,-0.07,-0.22,-0.75,-0.5,-0.24,192,2024.0
2024,1630217,Desmond Bane,MEM,1404,2.7,1.88,4.58,1.433,1.373,2.29,1.6,3.88,4.58,2.7,1.88,39,2024.0
2024,1630219,Skylar Mays,POR,422,-1.22,-1.89,-3.12,2.028,1.963,-0.3,-0.46,-0.76,-3.12,-1.22,-1.89,255,2024.0
2024,1630224,Jalen Green,HOU,2549,-0.29,-2.03,-2.31,1.488,1.371,-0.44,-3.1,-3.53,-2.31,-0.29,-2.03,405,2024.0
2024,1630228,Jonathan Kuminga,GSW,1897,-1.28,-0.07,-1.35,1.529,1.553,-1.45,-0.08,-1.53,-1.35,-1.28,-0.07,324,2024.0
2024,1630230,Naji Marshall,NOP,1227,-1.7,-0.3,-2.0,1.389,1.417,-1.26,-0.22,-1.48,-2.0,-1.7,-0.3,322,2024.0
2024,1630231,KJ Martin,PHI,718,0.03,-2.64,-2.61,1.571,1.868,0.01,-1.2,-1.18,-2.61,0.03,-2.64,303,2024.0
2024,1630235,Trent Forrest,ATL,399,-2.53,-1.06,-3.59,1.902,2.052,-0.61,-0.26,-0.87,-3.59,-2.53,-1.06,275,2024.0
2024,1630241,Sam Merrill,CLE,1039,-0.67,0.3,-0.37,1.39,1.462,-0.42,0.19,-0.23,-0.37,-0.67,0.3,193,2024.0
2024,1630245,Ayo Dosunmu,CHI,2157,-1.87,-0.2,-2.06,1.243,1.276,-2.37,-0.25,-2.62,-2.06,-1.87,-0.2,386,2024.0
2024,1630249,Vit Krejci,ATL,514,-2.51,-1.67,-4.18,1.888,1.938,-0.78,-0.52,-1.3,-4.18,-2.51,-1.67,310,2024.0
2024,1630256,Jae'Sean Tate,HOU,979,-1.01,0.27,-0.74,1.377,1.508,-0.6,0.16,-0.44,-0.74,-1.01,0.27,211,2024.0
2024,1630264,Anthony Gill,WAS,452,-0.46,-0.42,-0.88,1.862,2.198,-0.11,-0.1,-0.21,-0.88,-0.46,-0.42,190,2024.0
2024,1630322,Lindy Waters III,OKC,267,-0.2,0.62,0.42,2.277,2.382,-0.03,0.11,0.07,0.42,-0.2,0.62,161,2024.0
2024,1630346,Matt Ryan,NOP,374,-0.77,-0.55,-1.31,2.105,2.099,-0.17,-0.12,-0.3,-1.31,-0.77,-0.55,199,2024.0
2024,1630526,Jeremiah Robinson-Earl,NOP,293,-2.56,-0.68,-3.24,2.25,2.607,-0.45,-0.12,-0.57,-3.24,-2.56,-0.68,224,2024.0
2024,1630527,Brandon Boston Jr.,LAC,330,-3.64,-3.43,-7.07,2.425,2.401,-0.73,-0.69,-1.42,-7.07,-3.64,-3.43,317,2024.0
2024,1630529,Herbert Jones,NOP,2263,-0.76,1.88,1.12,1.159,1.251,-1.04,2.57,1.53,1.12,-0.76,1.88,85,2024.0
2024,1630530,Trey Murphy III,NOP,1652,0.07,0.76,0.82,1.424,1.4,0.07,0.75,0.82,0.82,0.07,0.76,116,2024.0
2024,1630531,Jaden Springer,PHI,485,-0.96,-1.99,-2.95,2.111,2.134,-0.29,-0.61,-0.9,-2.95,-0.96,-1.99,279,2024.0
2024,1630532,Franz Wagner,ORL,2317,0.09,2.1,2.19,1.475,1.353,0.12,2.9,3.02,2.19,0.09,2.1,50,2024.0
2024,1630533,Ziaire Williams,MEM,1028,-3.05,-2.71,-5.77,1.573,1.635,-1.9,-1.69,-3.58,-5.77,-3.05,-2.71,406,2024.0
2024,1630534,Ochai Agbaji,UTA,1584,-1.66,-2.25,-3.91,1.335,1.4,-1.44,-1.95,-3.39,-3.91,-1.66,-2.25,401,2024.0
2024,1630537,Chris Duarte,SAC,687,-3.09,-1.37,-4.46,1.635,1.667,-1.28,-0.57,-1.85,-4.46,-3.09,-1.37,349,2024.0
2024,1630538,Bones Hyland,LAC,533,-1.45,-1.18,-2.63,2.177,1.913,-0.47,-0.38,-0.85,-2.63,-1.45,-1.18,267,2024.0
2024,1630540,Miles McBride,NYK,1323,-2.89,1.87,-1.02,1.47,1.447,-2.64,1.7,-0.93,-1.02,-2.89,1.87,281,2024.0
2024,1630541,Moses Moody,GSW,1113,-1.82,-0.17,-1.99,1.621,1.649,-1.21,-0.11,-1.32,-1.99,-1.82,-0.17,313,2024.0
2024,1630543,Isaiah Jackson,IND,739,0.67,-0.54,0.13,1.676,1.988,0.29,-0.24,0.06,0.13,0.67,-0.54,162,2024.0
2024,1630544,Tre Mann,CHO,961,-2.77,-0.64,-3.41,1.821,1.634,-1.46,-0.34,-1.8,-3.41,-2.77,-0.64,344,2024.0
2024,1630548,Johnny Juzang,UTA,363,-3.2,0.67,-2.53,2.277,2.312,-0.63,0.13,-0.5,-2.53,-3.2,0.67,219,2024.0
2024,1630549,Day'Ron Sharpe,BRK,909,0.48,0.49,0.97,1.61,1.864,0.26,0.26,0.51,0.97,0.48,0.49,131,2024.0
2024,1630550,JT Thor,CHO,751,-3.16,-0.6,-3.76,1.689,1.985,-1.3,-0.25,-1.55,-3.76,-3.16,-0.6,326,2024.0
2024,1630552,Jalen Johnson,ATL,1812,-0.42,-0.42,-0.84,1.428,1.421,-0.46,-0.46,-0.93,-0.84,-0.42,-0.42,282,2024.0
2024,1630556,Kessler Edwards,SAC,263,-2.62,-1.44,-4.06,2.315,2.572,-0.42,-0.23,-0.64,-4.06,-2.62,-1.44,235,2024.0
2024,1630557,Corey Kispert,WAS,2073,-0.66,-1.26,-1.92,1.24,1.298,-0.73,-1.39,-2.12,-1.92,-0.66,-1.26,363,2024.0
2024,1630558,Davion Mitchell,SAC,1048,-3.58,0.09,-3.49,1.44,1.468,-2.27,0.06,-2.21,-3.49,-3.58,0.09,368,2024.0
2024,1630559,Austin Reaves,LAL,2596,0.75,-0.44,0.31,1.266,1.209,1.19,-0.7,0.49,0.31,0.75,-0.44,132,2024.0
2024,1630560,Cam Thomas,BRK,2039,-1.34,-2.1,-3.44,1.564,1.373,-1.59,-2.5,-4.09,-3.44,-1.34,-2.1,412,2024.0
2024,1630567,Scottie Barnes,TOR,2025,0.09,0.84,0.93,1.443,1.472,0.1,0.9,0.99,0.93,0.09,0.84,105,2024.0
2024,1630570,Trendon Watford,BRK,819,-0.85,-0.71,-1.56,1.695,1.792,-0.41,-0.34,-0.75,-1.56,-0.85,-0.71,252,2024.0
2024,1630572,Sandro Mamukelashvili,SAS,434,-1.94,0.65,-1.29,2.003,2.171,-0.49,0.16,-0.33,-1.29,-1.94,0.65,203,2024.0
2024,1630573,Sam Hauser,BOS,1705,0.99,1.38,2.37,1.27,1.388,1.04,1.45,2.49,2.37,0.99,1.38,57,2024.0
2024,1630577,Julian Champagnie,SAS,1456,-0.7,-1.42,-2.11,1.421,1.493,-0.6,-1.21,-1.8,-2.11,-0.7,-1.42,345,2024.0
2024,1630578,Alperen Sengun,HOU,2022,1.72,1.41,3.13,1.462,1.591,2.08,1.71,3.79,3.13,1.72,1.41,40,2024.0
2024,1630579,Jericho Sims,NYK,569,-2.01,1.06,-0.95,1.587,2.0,-0.79,0.42,-0.37,-0.95,-2.01,1.06,206,2024.0
2024,1630581,Josh Giddey,OKC,2000,-0.43,-0.05,-0.48,1.517,1.421,-0.54,-0.07,-0.61,-0.48,-0.43,-0.05,231,2024.0
2024,1630583,Santi Aldama,MEM,1556,-1.62,0.48,-1.14,1.356,1.505,-1.53,0.45,-1.07,-1.14,-1.62,0.48,296,2024.0
2024,1630587,Isaiah Livers,DET,460,-0.99,-2.46,-3.45,1.763,2.081,-0.29,-0.71,-1.0,-3.45,-0.99,-2.46,289,2024.0
2024,1630590,Scotty Pippen Jr.,MEM,508,0.0,0.72,0.72,2.029,1.946,0.0,0.22,0.22,0.72,0.0,0.72,148,2024.0
2024,1630591,Jalen Suggs,ORL,2008,-1.06,0.83,-0.23,1.541,1.363,-1.27,0.99,-0.28,-0.23,-1.06,0.83,197,2024.0
2024,1630592,Jalen Wilson,BRK,635,-2.06,0.52,-1.54,1.72,1.946,-0.77,0.19,-0.57,-1.54,-2.06,0.52,225,2024.0
2024,1630595,Cade Cunningham,DET,2017,-0.51,0.31,-0.2,1.622,1.362,-0.64,0.4,-0.25,-0.2,-0.51,0.31,194,2024.0
2024,1630596,Evan Mobley,CLE,1481,-1.05,2.36,1.31,1.49,1.576,-0.93,2.11,1.17,1.31,-1.05,2.36,96,2024.0
2024,1630598,Aaron Wiggins,OKC,1212,-0.74,-0.26,-1.0,1.443,1.425,-0.57,-0.2,-0.76,-1.0,-0.74,-0.26,256,2024.0
2024,1630625,Dalano Banton,POR,1023,-3.02,-0.03,-3.05,1.65,1.508,-1.79,-0.02,-1.8,-3.05,-3.02,-0.03,346,2024.0
2024,1630631,Jose Alvarado,NOP,986,-0.64,1.04,0.4,1.565,1.493,-0.38,0.62,0.24,0.4,-0.64,1.04,145,2024.0
2024,1630639,A.J. Lawson,DAL,291,-0.24,-2.6,-2.84,2.465,2.441,-0.04,-0.47,-0.51,-2.84,-0.24,-2.6,222,2024.0
2024,1630647,Eugene Omoruyi,WAS,372,-2.35,-1.87,-4.23,2.114,2.103,-0.47,-0.37,-0.84,-4.23,-2.35,-1.87,265,2024.0
2024,1630649,Stanley Umude,DET,283,-0.79,-0.1,-0.89,2.319,2.402,-0.14,-0.02,-0.16,-0.89,-0.79,-0.1,180,2024.0
2024,1630692,Jordan Goodwin,PHO,1000,-3.24,1.07,-2.17,1.468,1.487,-1.95,0.64,-1.3,-2.17,-3.24,1.07,311,2024.0
2024,1630699,MarJon Beauchamp,MIL,565,-2.55,-2.93,-5.49,1.968,1.912,-0.87,-1.0,-1.87,-5.49,-2.55,-2.93,350,2024.0
2024,1630700,Dyson Daniels,NOP,1311,-1.87,1.01,-0.86,1.639,1.654,-1.47,0.79,-0.68,-0.86,-1.87,1.01,243,2024.0
2024,1630702,Jaden Hardy,DAL,967,-1.71,-3.42,-5.12,1.826,1.716,-1.02,-2.05,-3.07,-5.12,-1.71,-3.42,394,2024.0
2024,1630703,Scoot Henderson,POR,1759,-3.23,-3.46,-6.69,1.731,1.607,-3.29,-3.52,-6.81,-6.69,-3.23,-3.46,423,2024.0
2024,1631093,Jaden Ivey,DET,2148,-1.25,-2.59,-3.83,1.516,1.415,-1.69,-3.5,-5.19,-3.83,-1.25,-2.59,418,2024.0
2024,1631094,Paolo Banchero,ORL,2772,-1.11,0.27,-0.84,1.509,1.448,-1.83,0.44,-1.39,-0.84,-1.11,0.27,316,2024.0
2024,1631095,Jabari Smith Jr.,HOU,2395,-2.0,0.46,-1.54,1.371,1.555,-2.87,0.67,-2.21,-1.54,-2.0,0.46,369,2024.0
2024,1631096,Chet Holmgren,OKC,2382,2.28,3.09,5.37,1.36,1.542,3.42,4.63,8.05,5.37,2.28,3.09,13,2024.0
2024,1631097,Bennedict Mathurin,IND,1521,-2.03,-2.87,-4.91,1.551,1.539,-1.84,-2.6,-4.43,-4.91,-2.03,-2.87,414,2024.0
2024,1631098,Johnny Davis,WAS,609,-1.82,-4.17,-6.0,1.924,1.988,-0.59,-1.36,-1.95,-6.0,-1.82,-4.17,354,2024.0
2024,1631099,Keegan Murray,SAC,2506,-0.67,-0.5,-1.17,1.187,1.366,-1.01,-0.76,-1.77,-1.17,-0.67,-0.5,341,2024.0
2024,1631101,Shaedon Sharpe,POR,1052,-1.72,-2.49,-4.21,1.863,1.754,-1.05,-1.52,-2.56,-4.21,-1.72,-2.49,382,2024.0
2024,1631103,Malaki Branham,SAS,1576,-1.94,-4.71,-6.65,1.659,1.582,-1.79,-4.35,-6.14,-6.65,-1.94,-4.71,421,2024.0
2024,1631104,Blake Wesley,SAS,840,-3.98,-2.63,-6.61,1.829,1.874,-1.96,-1.3,-3.26,-6.61,-3.98,-2.63,398,2024.0
2024,1631105,Jalen Duren,DET,1719,0.18,1.0,1.19,1.435,1.724,0.2,1.09,1.28,1.19,0.18,1.0,93,2024.0
2024,1631106,Tari Eason,HOU,457,-1.37,1.39,0.02,2.061,2.266,-0.38,0.38,0.0,0.02,-1.37,1.39,167,2024.0
2024,1631107,Nikola Jovic,MIA,878,-0.07,0.69,0.62,1.781,1.98,-0.04,0.37,0.33,0.62,-0.07,0.69,137,2024.0
2024,1631108,Max Christie,LAL,927,-1.9,-2.19,-4.09,1.747,1.819,-1.08,-1.25,-2.33,-4.09,-1.9,-2.19,374,2024.0
2024,1631109,Mark Williams,CHO,505,1.24,1.4,2.63,1.987,2.267,0.34,0.39,0.73,2.63,1.24,1.4,119,2024.0
2024,1631110,Jeremy Sochan,SAS,2190,-2.04,-1.7,-3.74,1.432,1.581,-2.62,-2.18,-4.8,-3.74,-2.04,-1.7,417,2024.0
2024,1631114,Jalen Williams,OKC,2221,1.38,0.15,1.53,1.467,1.35,1.93,0.22,2.15,1.53,1.38,0.15,67,2024.0
2024,1631115,Orlando Robinson,MIA,291,-1.46,0.55,-0.91,2.308,2.713,-0.26,0.1,-0.16,-0.91,-1.46,0.55,181,2024.0
2024,1631116,Patrick Baldwin Jr.,WAS,503,-1.08,-2.16,-3.24,2.029,2.149,-0.29,-0.58,-0.87,-3.24,-1.08,-2.16,276,2024.0
2024,1631117,Walker Kessler,UTA,1447,2.45,1.46,3.91,1.33,1.645,1.94,1.16,3.09,3.91,2.45,1.46,47,2024.0
2024,1631119,Jaylin Williams,OKC,882,-1.34,0.45,-0.9,1.633,1.888,-0.75,0.25,-0.5,-0.9,-1.34,0.45,220,2024.0
2024,1631121,Bryce McGowens,CHO,876,-4.61,-1.21,-5.82,1.908,1.767,-2.22,-0.58,-2.79,-5.82,-4.61,-1.21,388,2024.0
2024,1631124,Julian Strawther,DEN,519,-2.99,-3.8,-6.78,2.076,2.104,-0.92,-1.17,-2.1,-6.78,-2.99,-3.8,362,2024.0
2024,1631128,Christian Braun,DEN,1626,-2.82,0.78,-2.04,1.392,1.44,-2.73,0.75,-1.98,-2.04,-2.82,0.78,355,2024.0
2024,1631133,Jabari Walker,POR,1673,-2.79,-1.25,-4.04,1.42,1.506,-2.7,-1.21,-3.91,-4.04,-2.79,-1.25,411,2024.0
2024,1631165,Keon Ellis,SAC,957,0.34,1.96,2.29,1.451,1.553,0.19,1.13,1.32,2.29,0.34,1.96,92,2024.0
2024,1631170,Jaime Jaquez Jr.,MIA,2076,-1.36,0.37,-1.0,1.357,1.381,-1.74,0.47,-1.27,-1.0,-1.36,0.37,307,2024.0
2024,1631172,Ousmane Dieng,OKC,355,-1.47,-1.44,-2.91,2.335,2.826,-0.33,-0.32,-0.65,-2.91,-1.47,-1.44,237,2024.0
2024,1631200,Kris Murray,POR,1313,-3.08,-0.25,-3.32,1.36,1.479,-2.34,-0.19,-2.52,-3.32,-3.08,-0.25,380,2024.0
2024,1631204,Marcus Sasser,DET,1306,-1.2,-2.1,-3.31,1.515,1.452,-0.99,-1.73,-2.72,-3.31,-1.2,-2.1,387,2024.0
2024,1631207,Dalen Terry,CHI,669,-0.71,-0.31,-1.02,1.843,1.926,-0.28,-0.12,-0.4,-1.02,-0.71,-0.31,208,2024.0
2024,1631212,Peyton Watson,DEN,1441,-3.29,0.4,-2.89,1.432,1.559,-2.82,0.34,-2.48,-2.89,-3.29,0.4,378,2024.0
2024,1631216,Caleb Houstan,ORL,792,-2.44,-0.99,-3.43,1.657,1.842,-1.15,-0.47,-1.62,-3.43,-2.44,-0.99,330,2024.0
2024,1631218,Trayce Jackson-Davis,GSW,1110,2.08,0.06,2.14,1.426,1.701,1.38,0.04,1.42,2.14,2.08,0.06,88,2024.0
2024,1631222,Jake LaRavia,MEM,768,-2.68,-0.89,-3.57,1.633,1.893,-1.24,-0.41,-1.66,-3.57,-2.68,-0.89,331,2024.0
2024,1631223,David Roddy,MEM,1140,-3.03,-3.91,-6.94,1.479,1.684,-2.09,-2.69,-4.78,-6.94,-3.03,-3.91,416,2024.0
2024,1631230,Dominick Barlow,SAS,416,-1.17,-1.22,-2.39,2.234,2.416,-0.29,-0.3,-0.58,-2.39,-1.17,-1.22,227,2024.0
2024,1631241,Javon Freeman-Liberty,TOR,400,-1.93,-2.06,-3.99,2.119,2.071,-0.41,-0.44,-0.85,-3.99,-1.93,-2.06,268,2024.0
2024,1631246,Vince Williams Jr.,MEM,1397,-1.22,-0.35,-1.56,1.412,1.442,-1.03,-0.29,-1.32,-1.56,-1.22,-0.35,314,2024.0
2024,1631260,AJ Green,MIL,582,-1.29,0.79,-0.5,1.701,1.822,-0.45,0.28,-0.18,-0.5,-1.29,0.79,186,2024.0
2024,1631303,Justin Minaya,POR,379,-2.06,-0.16,-2.22,1.942,2.157,-0.45,-0.03,-0.49,-2.22,-2.06,-0.16,218,2024.0
2024,1631311,Lester Quinones,GSW,381,-2.41,-0.86,-3.27,2.251,2.191,-0.55,-0.2,-0.75,-3.27,-2.41,-0.86,253,2024.0
2024,1631323,Simone Fontecchio,UTA,1597,-0.94,-1.64,-2.58,1.246,1.328,-0.82,-1.43,-2.25,-2.58,-0.94,-1.64,370,2024.0
2024,1631367,Jacob Gilyard,MEM,688,-1.79,-1.09,-2.88,1.61,1.67,-0.74,-0.45,-1.2,-2.88,-1.79,-1.09,304,2024.0
2024,1641705,Victor Wembanyama,SAS,2080,0.52,4.77,5.29,1.584,1.657,0.63,5.81,6.45,5.29,0.52,4.77,21,2024.0
2024,1641706,Brandon Miller,CHO,2342,-1.9,-2.42,-4.32,1.486,1.406,-2.44,-3.1,-5.54,-4.32,-1.9,-2.42,419,2024.0
2024,1641707,Taylor Hendricks,UTA,851,-1.09,-0.99,-2.08,1.682,1.999,-0.51,-0.46,-0.97,-2.08,-1.09,-0.99,287,2024.0
2024,1641708,Amen Thompson,HOU,1347,-0.04,1.14,1.11,1.513,1.585,-0.03,0.92,0.89,1.11,-0.04,1.14,113,2024.0
2024,1641709,Ausar Thompson,DET,1525,-1.9,0.24,-1.67,1.493,1.538,-1.83,0.23,-1.6,-1.67,-1.9,0.24,329,2024.0
2024,1641710,Anthony Black,ORL,1134,-1.84,-1.56,-3.4,1.779,1.701,-1.24,-1.05,-2.29,-3.4,-1.84,-1.56,371,2024.0
2024,1641711,Gradey Dick,TOR,1232,-2.39,-4.72,-7.11,1.714,1.681,-1.56,-3.08,-4.64,-7.11,-2.39,-4.72,415,2024.0
2024,1641712,Rayan Rupert,POR,613,-1.64,-2.67,-4.32,2.134,2.185,-0.58,-0.95,-1.53,-4.32,-1.64,-2.67,325,2024.0
2024,1641713,GG Jackson,MEM,1186,-1.62,-1.0,-2.62,1.78,1.912,-1.16,-0.71,-1.88,-2.62,-1.62,-1.0,351,2024.0
2024,1641715,Cam Whitmore,HOU,826,0.22,-0.74,-0.52,2.04,2.002,0.11,-0.37,-0.26,-0.52,0.22,-0.74,195,2024.0
2024,1641716,Jarace Walker,IND,315,1.23,-1.17,0.06,2.538,2.857,0.23,-0.22,0.01,0.06,1.23,-1.17,166,2024.0
2024,1641717,Cason Wallace,OKC,1649,-0.36,-0.59,-0.95,1.465,1.566,-0.37,-0.62,-0.99,-0.95,-0.36,-0.59,288,2024.0
2024,1641718,Keyonte George,UTA,1971,-2.16,-3.13,-5.28,1.635,1.492,-2.32,-3.37,-5.69,-5.28,-2.16,-3.13,420,2024.0
2024,1641722,Jordan Hawkins,NOP,1092,-1.55,-2.03,-3.58,1.691,1.658,-1.02,-1.33,-2.35,-3.58,-1.55,-2.03,375,2024.0
2024,1641726,Dereck Lively II,DAL,1260,2.1,0.71,2.82,1.688,1.953,1.64,0.56,2.2,2.82,2.1,0.71,65,2024.0
2024,1641729,Brice Sensabaugh,UTA,556,-1.9,-3.81,-5.72,2.16,2.171,-0.58,-1.16,-1.74,-5.72,-1.9,-3.81,338,2024.0
2024,1641730,Noah Clowney,BRK,358,-1.76,0.79,-0.97,2.587,2.855,-0.37,0.17,-0.2,-0.97,-1.76,0.79,188,2024.0
2024,1641731,Bilal Coulibaly,WAS,1703,-3.14,-3.79,-6.93,1.584,1.652,-2.85,-3.45,-6.3,-6.93,-3.14,-3.79,422,2024.0
2024,1641733,Nick Smith Jr.,CHO,688,-3.35,-1.42,-4.77,2.139,2.102,-1.26,-0.53,-1.8,-4.77,-3.35,-1.42,347,2024.0
2024,1641738,Kobe Brown,LAC,376,-1.36,-2.69,-4.05,1.971,2.294,-0.31,-0.61,-0.93,-4.05,-1.36,-2.69,283,2024.0
2024,1641739,Toumani Camara,POR,1743,-2.46,0.41,-2.05,1.266,1.467,-2.48,0.41,-2.07,-2.05,-2.46,0.41,360,2024.0
2024,1641741,Ricky Council IV,PHI,281,0.54,-0.09,0.45,2.546,2.59,0.1,-0.02,0.08,0.45,0.54,-0.09,160,2024.0
2024,1641748,Andre Jackson Jr.,MIL,549,-2.11,-3.09,-5.2,1.836,1.98,-0.7,-1.02,-1.72,-5.2,-2.11,-3.09,334,2024.0
2024,1641763,Julian Phillips,CHI,310,-0.92,-1.73,-2.65,2.466,2.713,-0.17,-0.32,-0.48,-2.65,-0.92,-1.73,217,2024.0
2024,1641764,Brandin Podziemski,GSW,1879,-0.41,0.8,0.39,1.51,1.522,-0.46,0.9,0.44,0.39,-0.41,0.8,135,2024.0
2024,1641765,Olivier-Maxence Prosper,DAL,331,-1.73,-1.79,-3.53,2.356,2.675,-0.36,-0.37,-0.73,-3.53,-1.73,-1.79,248,2024.0
2024,1641767,Ben Sheppard,IND,791,-1.46,-2.77,-4.23,1.624,1.751,-0.69,-1.3,-1.99,-4.23,-1.46,-2.77,357,2024.0
2024,1641778,Leaky Black,CHO,252,-1.36,0.11,-1.26,2.292,2.547,-0.19,0.01,-0.17,-1.26,-1.36,0.11,184,2024.0
2024,1641787,Tosan Evbuomwan,DET,368,-2.18,-1.08,-3.27,2.255,2.323,-0.51,-0.25,-0.76,-3.27,-2.18,-1.08,257,2024.0
2024,1641854,Craig Porter Jr.,CLE,626,-0.54,0.97,0.43,1.819,1.808,-0.21,0.37,0.16,0.43,-0.54,0.97,156,2024.0
2024,1641871,Duop Reath,POR,1199,-0.18,0.08,-0.09,1.308,1.562,-0.12,0.06,-0.07,-0.09,-0.18,0.08,175,2024.0
2024,1641877,Nathan Mensah,CHO,294,-2.12,-3.23,-5.34,2.043,2.575,-0.34,-0.52,-0.86,-5.34,-2.12,-3.23,272,2024.0
2024,1641931,Onuralp Bitim,CHI,261,-2.39,-2.35,-4.73,2.401,2.484,-0.37,-0.36,-0.73,-4.73,-2.39,-2.35,249,2024.0
2024,1641998,Trey Jemison III,MEM,543,-1.68,-1.06,-2.74,1.654,2.075,-0.55,-0.35,-0.9,-2.74,-1.68,-1.06,280,2024.0
2025,2544,LeBron James,LAL,2409,3.86,1.05,4.91,1.781,1.648,4.78,1.3,6.08,4.91,3.86,1.05,11,2025.0
2025,101108,Chris Paul,SAS,2251,0.81,1.81,2.62,1.611,1.635,1.2,2.67,3.87,2.62,0.81,1.81,37,2025.0
2025,200768,Kyle Lowry,PHI,639,-2.13,2.02,-0.11,2.198,2.28,-0.81,0.77,-0.04,-0.11,-2.13,2.02,183,2025.0
2025,201142,Kevin Durant,PHO,2210,3.68,1.04,4.72,1.746,1.753,4.6,1.3,5.89,4.72,3.68,1.04,13,2025.0
2025,201143,Al Horford,BOS,1646,1.11,1.86,2.97,1.584,1.957,1.09,1.82,2.91,2.97,1.11,1.86,51,2025.0
2025,201144,Mike Conley,MIN,1752,-0.18,1.59,1.4,1.703,1.72,-0.19,1.65,1.46,1.4,-0.18,1.59,90,2025.0
2025,201145,Jeff Green,HOU,380,-2.59,-1.54,-4.13,2.582,2.982,-0.6,-0.36,-0.95,-4.13,-2.59,-1.54,297,2025.0
2025,201566,Russell Westbrook,DEN,2063,0.81,-3.31,-2.5,1.791,1.642,0.99,-4.05,-3.06,-2.5,0.81,-3.31,394,2025.0
2025,201569,Eric Gordon,PHI,746,-0.87,-0.54,-1.41,2.057,2.161,-0.39,-0.24,-0.62,-1.41,-0.87,-0.54,258,2025.0
2025,201572,Brook Lopez,MIL,2512,-0.5,2.71,2.21,1.47,1.777,-0.72,3.91,3.18,2.21,-0.5,2.71,47,2025.0
2025,201587,Nicolas Batum,LAC,1315,-0.12,1.2,1.08,1.652,1.966,-0.09,0.89,0.8,1.08,-0.12,1.2,119,2025.0
2025,201599,DeAndre Jordan,DEN,708,-1.6,1.46,-0.14,1.956,2.442,-0.67,0.61,-0.06,-0.14,-1.6,1.46,190,2025.0
2025,201935,James Harden,LAC,2713,1.51,2.13,3.64,1.706,1.48,2.3,3.25,5.55,3.64,1.51,2.13,17,2025.0
2025,201939,Stephen Curry,GSW,2176,7.02,-0.44,6.57,1.877,1.625,8.64,-0.55,8.09,6.57,7.02,-0.44,6,2025.0
2025,201942,DeMar DeRozan,SAC,2711,-0.77,0.82,0.04,1.555,1.51,-1.29,1.36,0.07,0.04,-0.77,0.82,171,2025.0
2025,201950,Jrue Holiday,BOS,1862,0.27,1.52,1.78,1.517,1.51,0.29,1.68,1.97,1.78,0.27,1.52,76,2025.0
2025,201959,Taj Gibson,CHO,390,-2.01,-0.53,-2.54,2.469,3.063,-0.49,-0.13,-0.62,-2.54,-2.01,-0.53,259,2025.0
2025,201988,Patty Mills,UTA,304,-1.39,-1.46,-2.85,3.058,2.977,-0.25,-0.27,-0.52,-2.85,-1.39,-1.46,244,2025.0
2025,202331,Paul George,PHI,1311,-0.06,2.67,2.61,1.679,1.771,-0.05,2.08,2.03,2.61,-0.06,2.67,75,2025.0
2025,202681,Kyrie Irving,DAL,1789,3.17,1.69,4.86,1.531,1.41,3.55,1.89,5.44,4.86,3.17,1.69,18,2025.0
2025,202684,Tristan Thompson,CLE,305,-2.11,-0.97,-3.08,2.295,2.869,-0.38,-0.17,-0.55,-3.08,-2.11,-0.97,250,2025.0
2025,202685,Jonas Valančiūnas,WAS,1484,0.88,0.66,1.54,1.453,1.635,0.82,0.62,1.44,1.54,0.88,0.66,92,2025.0
2025,202687,Bismack Biyombo,SAS,522,-1.44,-0.29,-1.73,1.783,2.24,-0.49,-0.1,-0.59,-1.73,-1.44,-0.29,257,2025.0
2025,202691,Klay Thompson,DAL,1973,-0.37,-1.65,-2.02,1.519,1.522,-0.46,-2.04,-2.5,-2.02,-0.37,-1.65,377,2025.0
2025,202692,Alec Burks,MIA,850,-0.26,0.05,-0.21,1.737,1.784,-0.15,0.03,-0.12,-0.21,-0.26,0.05,202,2025.0
2025,202695,Kawhi Leonard,LAC,1173,2.83,3.21,6.04,1.736,1.642,1.86,2.12,3.98,6.04,2.83,3.21,36,2025.0
2025,202696,Nikola Vucevic,CHI,2253,1.21,0.44,1.64,1.444,1.631,1.53,0.55,2.08,1.64,1.21,0.44,74,2025.0
2025,202699,Tobias Harris,DET,2224,0.18,1.61,1.79,1.29,1.445,0.25,2.26,2.51,1.79,0.18,1.61,58,2025.0
2025,202704,Reggie Jackson,PHI,384,-3.66,-0.06,-3.72,2.498,2.442,-0.84,-0.01,-0.85,-3.72,-3.66,-0.06,288,2025.0
2025,202709,Cory Joseph,ORL,590,-0.73,0.24,-0.49,1.936,1.99,-0.26,0.09,-0.17,-0.49,-0.73,0.24,207,2025.0
2025,202710,Jimmy Butler III,GSW,1688,2.98,1.99,4.96,1.619,1.754,2.84,1.9,4.74,4.96,2.98,1.99,28,2025.0
2025,203076,Anthony Davis,LAL,1694,2.47,3.48,5.95,1.464,1.532,2.15,3.03,5.18,5.95,2.47,3.48,21,2025.0
2025,203078,Bradley Beal,PHO,1681,-0.95,-0.7,-1.65,1.424,1.381,-0.9,-0.67,-1.57,-1.65,-0.95,-0.7,334,2025.0
2025,203081,Damian Lillard,MIL,2050,3.65,-0.25,3.41,1.678,1.48,4.3,-0.29,4.01,3.41,3.65,-0.25,34,2025.0
2025,203083,Andre Drummond,PHI,748,-1.85,0.33,-1.52,1.638,1.913,-0.82,0.15,-0.68,-1.52,-1.85,0.33,272,2025.0
2025,203084,Harrison Barnes,SAS,2210,0.47,-0.43,0.04,1.266,1.447,0.69,-0.62,0.06,0.04,0.47,-0.43,172,2025.0
2025,203110,Draymond Green,GSW,1952,0.14,2.94,3.09,1.418,1.617,0.16,3.25,3.41,3.09,0.14,2.94,44,2025.0
2025,203114,Khris Middleton,MIL,833,0.67,-0.77,-0.09,1.813,1.813,0.32,-0.37,-0.05,-0.09,0.67,-0.77,185,2025.0
2025,203458,Alex Len,SAC,361,-1.33,0.19,-1.13,1.974,2.487,-0.3,0.04,-0.25,-1.13,-1.33,0.19,215,2025.0
2025,203468,CJ McCollum,NOP,1803,0.69,-0.98,-0.29,1.636,1.451,0.7,-1.0,-0.3,-0.29,0.69,-0.98,222,2025.0
2025,203471,Dennis Schroder,BRK,2043,-1.72,0.34,-1.38,1.4,1.312,-2.01,0.4,-1.61,-1.38,-1.72,0.34,338,2025.0
2025,203482,Kelly Olynyk,NOP,877,1.75,-0.13,1.62,1.67,1.963,0.87,-0.07,0.8,1.62,1.75,-0.13,120,2025.0
2025,203484,Kentavious Caldwell-Pope,ORL,2279,-2.13,1.77,-0.36,1.209,1.298,-2.88,2.4,-0.48,-0.36,-2.13,1.77,238,2025.0
2025,203486,Mason Plumlee,PHO,1273,1.39,-0.08,1.3,1.47,1.852,1.0,-0.06,0.94,1.3,1.39,-0.08,112,2025.0
2025,203497,Rudy Gobert,MIN,2371,-0.88,4.4,3.52,1.189,1.482,-1.24,6.19,4.95,3.52,-0.88,4.4,24,2025.0
2025,203500,Steven Adams,HOU,774,1.97,2.58,4.55,1.529,1.893,0.92,1.21,2.13,4.55,1.97,2.58,71,2025.0
2025,203501,Tim Hardaway Jr.,DET,2106,-1.3,-0.75,-2.05,1.314,1.364,-1.73,-0.99,-2.72,-2.05,-1.3,-0.75,389,2025.0
2025,203507,Giannis Antetokounmpo,MIL,2247,6.12,3.21,9.34,1.433,1.355,7.9,4.15,12.05,9.34,6.12,3.21,3,2025.0
2025,203552,Seth Curry,CHO,1014,-2.05,0.49,-1.57,1.711,1.773,-1.31,0.31,-1.0,-1.57,-2.05,0.49,299,2025.0
2025,203897,Zach LaVine,CHI,2537,0.95,-0.05,0.9,1.291,1.213,1.35,-0.07,1.28,0.9,0.95,-0.05,95,2025.0
2025,203901,Elfrid Payton,NOP,494,-2.09,-2.12,-4.21,1.844,1.913,-0.59,-0.59,-1.18,-4.21,-2.09,-2.12,312,2025.0
2025,203903,Jordan Clarkson,UTA,935,-1.07,-2.09,-3.16,1.814,1.664,-0.61,-1.18,-1.78,-3.16,-1.07,-2.09,348,2025.0
2025,203914,Gary Harris,ORL,689,0.35,-0.48,-0.14,1.595,1.72,0.14,-0.2,-0.06,-0.14,0.35,-0.48,191,2025.0
2025,203915,Spencer Dinwiddie,DAL,2094,-1.27,0.17,-1.1,1.342,1.306,-1.67,0.22,-1.45,-1.1,-1.27,0.17,329,2025.0
2025,203924,Jerami Grant,POR,1484,-2.03,-0.18,-2.21,1.346,1.48,-1.81,-0.16,-1.97,-2.21,-2.03,-0.18,358,2025.0
2025,203926,Doug McDermott,SAC,314,-0.65,-2.99,-3.64,2.415,2.577,-0.13,-0.58,-0.71,-3.64,-0.65,-2.99,275,2025.0
2025,203932,Aaron Gordon,DEN,1380,0.48,1.04,1.52,1.337,1.476,0.39,0.85,1.24,1.52,0.48,1.04,96,2025.0
2025,203935,Marcus Smart,MEM,657,-0.55,0.32,-0.22,1.828,1.73,-0.21,0.12,-0.09,-0.22,-0.55,0.32,198,2025.0
2025,203937,Kyle Anderson,GSW,983,-1.85,2.09,0.24,1.503,1.6,-1.03,1.16,0.14,0.24,-1.85,2.09,167,2025.0
2025,203939,Dwight Powell,DAL,537,1.41,1.36,2.78,1.832,2.309,0.47,0.46,0.93,2.78,1.41,1.36,113,2025.0
2025,203944,Julius Randle,MIN,2173,0.51,0.26,0.77,1.312,1.364,0.66,0.34,1.0,0.77,0.51,0.26,106,2025.0
2025,203952,Andrew Wiggins,GSW,1822,-1.9,0.45,-1.45,1.339,1.306,-1.96,0.46,-1.5,-1.45,-1.9,0.45,331,2025.0
2025,203954,Joel Embiid,PHI,550,4.05,4.56,8.61,2.043,2.065,1.32,1.49,2.81,8.61,4.05,4.56,52,2025.0
2025,203957,Danté Exum,DAL,367,1.71,-0.89,0.82,2.194,2.098,0.39,-0.2,0.19,0.82,1.71,-0.89,165,2025.0
2025,203991,Clint Capela,ATL,1153,0.67,0.46,1.13,1.367,1.637,0.52,0.35,0.87,1.13,0.67,0.46,117,2025.0
2025,203992,Bogdan Bogdanovic,LAC,1316,0.24,0.98,1.22,1.508,1.515,0.18,0.73,0.9,1.22,0.24,0.98,115,2025.0
2025,203994,Jusuf Nurkic,PHO,1034,0.59,2.3,2.89,1.467,1.687,0.35,1.34,1.69,2.89,0.59,2.3,81,2025.0
2025,203995,Vasilije Micić,CHO,747,-3.03,-0.73,-3.76,1.645,1.705,-1.43,-0.35,-1.77,-3.76,-3.03,-0.73,346,2025.0
2025,203999,Nikola Jokic,DEN,2477,12.58,3.33,15.91,1.283,1.354,18.46,4.89,23.35,15.91,12.58,3.33,1,2025.0
2025,204001,Kristaps Porzingis,BOS,1199,2.67,1.12,3.79,1.455,1.588,1.9,0.8,2.7,3.79,2.67,1.12,56,2025.0
2025,204456,T.J. McConnell,IND,1390,1.89,-0.73,1.16,1.607,1.48,1.56,-0.6,0.95,1.16,1.89,-0.73,110,2025.0
2025,1626145,Tyus Jones,PHO,2152,0.04,-2.16,-2.12,1.234,1.223,0.05,-2.63,-2.58,-2.12,0.04,-2.16,382,2025.0
2025,1626153,Delon Wright,MIL,632,-1.5,2.57,1.06,1.799,1.866,-0.55,0.93,0.39,1.06,-1.5,2.57,148,2025.0
2025,1626156,D'Angelo Russell,LAL,1458,1.37,-0.69,0.68,1.454,1.33,1.03,-0.52,0.51,0.68,1.37,-0.69,137,2025.0
2025,1626157,Karl-Anthony Towns,NYK,2485,3.24,0.88,4.12,1.258,1.353,4.75,1.29,6.04,4.12,3.24,0.88,12,2025.0
2025,1626158,Richaun Holmes,WAS,526,-1.39,0.72,-0.67,1.903,2.079,-0.46,0.24,-0.22,-0.67,-1.39,0.72,213,2025.0
2025,1626162,Kelly Oubre Jr.,PHI,2058,-2.2,-1.35,-3.56,1.235,1.274,-2.69,-1.66,-4.35,-3.56,-2.2,-1.35,420,2025.0
2025,1626164,Devin Booker,PHO,2766,2.19,-0.09,2.1,1.306,1.181,3.43,-0.15,3.28,2.1,2.19,-0.09,45,2025.0
2025,1626166,Cameron Payne,NYK,1070,0.26,0.32,0.58,1.576,1.489,0.17,0.2,0.37,0.58,0.26,0.32,150,2025.0
2025,1626167,Myles Turner,IND,2110,1.17,1.34,2.51,1.199,1.378,1.47,1.67,3.14,2.51,1.17,1.34,48,2025.0
2025,1626168,Trey Lyles,SAC,1323,-1.24,0.46,-0.78,1.286,1.492,-1.01,0.37,-0.63,-0.78,-1.24,0.46,263,2025.0
2025,1626171,Bobby Portis,MIL,1231,-0.8,-0.0,-0.8,1.449,1.52,-0.56,-0.0,-0.57,-0.8,-0.8,-0.0,254,2025.0
2025,1626172,Kevon Looney,GSW,1091,0.45,2.02,2.46,1.295,1.609,0.28,1.25,1.52,2.46,0.45,2.02,89,2025.0
2025,1626179,Terry Rozier,MIA,1588,-1.23,-0.98,-2.22,1.42,1.347,-1.34,-1.08,-2.42,-2.22,-1.23,-0.98,374,2025.0
2025,1626181,Norman Powell,LAC,1929,1.1,0.33,1.43,1.438,1.341,1.19,0.36,1.55,1.43,1.1,0.33,87,2025.0
2025,1626192,Pat Connaughton,MIL,606,-2.1,-0.91,-3.01,1.844,1.912,-0.73,-0.32,-1.05,-3.01,-2.1,-0.91,300,2025.0
2025,1626204,Larry Nance Jr.,ATL,447,0.52,0.96,1.48,2.0,2.285,0.15,0.29,0.44,1.48,0.52,0.96,143,2025.0
2025,1626220,Royce O'Neale,PHO,1792,-1.02,0.57,-0.45,1.286,1.376,-1.03,0.57,-0.46,-0.45,-1.02,0.57,236,2025.0
2025,1627732,Ben Simmons,BRK,1091,-0.57,0.41,-0.16,1.401,1.433,-0.35,0.25,-0.1,-0.16,-0.57,0.41,199,2025.0
2025,1627734,Domantas Sabonis,SAC,2395,4.73,1.94,6.67,1.182,1.345,6.97,2.87,9.84,6.67,4.73,1.94,4,2025.0
2025,1627736,Malik Beasley,DET,2214,-0.03,-0.27,-0.3,1.272,1.228,-0.05,-0.37,-0.42,-0.3,-0.03,-0.27,231,2025.0
2025,1627739,Kris Dunn,LAC,1758,0.14,0.9,1.04,1.279,1.317,0.14,0.89,1.03,1.04,0.14,0.9,103,2025.0
2025,1627741,Buddy Hield,GSW,1822,-0.49,0.1,-0.4,1.426,1.405,-0.51,0.1,-0.41,-0.4,-0.49,0.1,229,2025.0
2025,1627742,Brandon Ingram,NOP,606,-0.98,1.64,0.66,1.893,1.749,-0.34,0.56,0.23,0.66,-0.98,1.64,159,2025.0
2025,1627747,Caris LeVert,CLE,1535,-0.66,0.08,-0.57,1.376,1.371,-0.59,0.07,-0.52,-0.57,-0.66,0.08,245,2025.0
2025,1627749,Dejounte Murray,NOP,1002,0.35,-1.5,-1.15,1.656,1.468,0.2,-0.85,-0.65,-1.15,0.35,-1.5,267,2025.0
2025,1627750,Jamal Murray,DEN,2390,1.67,-0.57,1.09,1.305,1.194,2.36,-0.81,1.55,1.09,1.67,-0.57,88,2025.0
2025,1627751,Jakob Poeltl,TOR,1648,2.92,1.8,4.72,1.253,1.469,2.81,1.73,4.54,4.72,2.92,1.8,29,2025.0
2025,1627752,Taurean Prince,MIL,2129,-0.66,-3.5,-4.15,1.169,1.292,-0.8,-4.27,-5.08,-4.15,-0.66,-3.5,424,2025.0
2025,1627759,Jaylen Brown,BOS,2133,0.35,-0.95,-0.61,1.336,1.25,0.44,-1.2,-0.77,-0.61,0.35,-0.95,280,2025.0
2025,1627763,Malcolm Brogdon,WAS,560,-0.78,1.15,0.38,2.12,1.946,-0.27,0.41,0.13,0.38,-0.78,1.15,168,2025.0
2025,1627777,Georges Niang,CLE,1652,-0.69,-1.95,-2.64,1.33,1.484,-0.67,-1.89,-2.56,-2.64,-0.69,-1.95,379,2025.0
2025,1627780,Gary Payton II,GSW,907,1.4,0.6,2.0,1.628,1.679,0.72,0.31,1.03,2.0,1.4,0.6,104,2025.0
2025,1627783,Pascal Siakam,IND,2465,0.96,2.3,3.26,1.272,1.333,1.41,3.36,4.77,3.26,0.96,2.3,27,2025.0
2025,1627824,Guerschon Yabusele,PHI,1865,-0.17,-0.22,-0.4,1.189,1.43,-0.19,-0.25,-0.44,-0.4,-0.17,-0.22,235,2025.0
2025,1627826,Ivica Zubac,LAC,2586,0.47,3.27,3.74,1.136,1.322,0.68,4.75,5.43,3.74,0.47,3.27,19,2025.0
2025,1627827,Dorian Finney-Smith,LAL,1791,-1.31,1.96,0.65,1.23,1.458,-1.2,1.8,0.6,0.65,-1.31,1.96,131,2025.0
2025,1627832,Fred VanVleet,HOU,2045,0.52,2.73,3.25,1.308,1.276,0.64,3.39,4.03,3.25,0.52,2.73,33,2025.0
2025,1627884,Derrick Jones Jr.,LAC,1831,-1.14,0.0,-1.13,1.213,1.284,-1.17,0.0,-1.17,-1.13,-1.14,0.0,311,2025.0
2025,1627936,Alex Caruso,OKC,1019,-0.24,4.36,4.11,1.464,1.525,-0.15,2.64,2.49,4.11,-0.24,4.36,59,2025.0
2025,1628366,Lonzo Ball,CHI,761,0.83,1.28,2.1,1.599,1.589,0.35,0.55,0.9,2.1,0.83,1.28,116,2025.0
2025,1628368,De'Aaron Fox,SAC,2184,2.21,-0.97,1.24,1.383,1.214,2.98,-1.31,1.67,1.24,2.21,-0.97,83,2025.0
2025,1628369,Jayson Tatum,BOS,2551,2.18,1.64,3.82,1.308,1.282,3.3,2.49,5.78,3.82,2.18,1.64,15,2025.0
2025,1628370,Malik Monk,SAC,2004,0.06,-1.64,-1.58,1.324,1.253,0.07,-2.02,-1.95,-1.58,0.06,-1.64,354,2025.0
2025,1628371,Jonathan Isaac,ORL,1055,-1.74,3.64,1.9,1.371,1.559,-1.09,2.28,1.19,1.9,-1.74,3.64,98,2025.0
2025,1628374,Lauri Markkanen,UTA,1443,3.03,0.18,3.2,1.368,1.436,2.63,0.15,2.79,3.2,3.03,0.18,53,2025.0
2025,1628378,Donovan Mitchell,CLE,2144,2.81,2.02,4.84,1.387,1.236,3.55,2.55,6.1,4.84,2.81,2.02,10,2025.0
2025,1628379,Luke Kennard,MEM,1434,2.44,-1.8,0.63,1.286,1.349,2.05,-1.51,0.53,0.63,2.44,-1.8,135,2025.0
2025,1628380,Zach Collins,CHI,952,-0.54,1.72,1.18,1.426,1.605,-0.29,0.92,0.63,1.18,-0.54,1.72,129,2025.0
2025,1628381,John Collins,UTA,1174,1.3,0.33,1.63,1.445,1.514,0.92,0.23,1.15,1.63,1.3,0.33,99,2025.0
2025,1628384,OG Anunoby,NYK,2675,-0.68,1.46,0.78,1.156,1.266,-1.07,2.3,1.23,0.78,-0.68,1.46,97,2025.0
2025,1628386,Jarrett Allen,CLE,2256,2.7,1.38,4.08,1.126,1.36,3.58,1.83,5.42,4.08,2.7,1.38,20,2025.0
2025,1628389,Bam Adebayo,MIA,2635,-1.84,4.23,2.39,1.179,1.318,-3.33,7.66,4.33,2.39,-1.84,4.23,32,2025.0
2025,1628392,Isaiah Hartenstein,OKC,1595,0.94,3.28,4.21,1.221,1.462,0.89,3.11,4.0,4.21,0.94,3.28,35,2025.0
2025,1628398,Kyle Kuzma,MIL,1904,-1.59,-2.07,-3.66,1.274,1.372,-1.73,-2.26,-4.0,-3.66,-1.59,-2.07,418,2025.0
2025,1628401,Derrick White,BOS,2533,1.88,1.95,3.84,1.248,1.239,2.83,2.94,5.77,3.84,1.88,1.95,16,2025.0
2025,1628404,Josh Hart,NYK,2862,0.28,1.35,1.62,1.143,1.189,0.47,2.28,2.74,1.62,0.28,1.35,54,2025.0
2025,1628415,Dillon Brooks,HOU,2290,-2.38,0.87,-1.52,1.195,1.248,-3.31,1.2,-2.11,-1.52,-2.38,0.87,365,2025.0
2025,1628418,Thomas Bryant,IND,935,0.1,-0.24,-0.14,1.404,1.675,0.06,-0.14,-0.08,-0.14,0.1,-0.24,195,2025.0
2025,1628420,Monté Morris,PHO,560,0.47,0.55,1.02,1.845,1.792,0.15,0.17,0.32,1.02,0.47,0.55,153,2025.0
2025,1628436,Luke Kornet,BOS,1329,1.61,2.43,4.04,1.227,1.546,1.27,1.92,3.19,4.04,1.61,2.43,46,2025.0
2025,1628449,Chris Boucher,TOR,840,0.25,1.85,2.1,1.705,1.84,0.12,0.91,1.03,2.1,0.25,1.85,105,2025.0
2025,1628464,Daniel Theis,NOP,633,-0.6,-1.13,-1.73,1.661,2.093,-0.21,-0.41,-0.62,-1.73,-0.6,-1.13,260,2025.0
2025,1628467,Maxi Kleber,DAL,636,-1.27,0.3,-0.97,1.763,2.097,-0.5,0.12,-0.39,-0.97,-1.27,0.3,228,2025.0
2025,1628470,Torrey Craig,BOS,312,-2.77,-0.7,-3.47,2.492,2.706,-0.51,-0.13,-0.64,-3.47,-2.77,-0.7,266,2025.0
2025,1628960,Grayson Allen,PHO,1497,0.82,-0.78,0.05,1.331,1.352,0.7,-0.66,0.04,0.05,0.82,-0.78,175,2025.0
2025,1628963,Marvin Bagley III,WAS,252,0.62,0.48,1.11,2.443,2.645,0.1,0.08,0.18,1.11,0.62,0.48,166,2025.0
2025,1628964,Mo Bamba,LAC,403,-1.93,1.51,-0.42,1.843,2.243,-0.44,0.34,-0.1,-0.42,-1.93,1.51,200,2025.0
2025,1628969,Mikal Bridges,NYK,3003,-0.11,0.63,0.52,1.149,1.178,-0.2,1.12,0.92,0.52,-0.11,0.63,114,2025.0
2025,1628970,Miles Bridges,CHO,1977,-0.14,1.51,1.37,1.331,1.345,-0.17,1.88,1.7,1.37,-0.14,1.51,80,2025.0
2025,1628971,Bruce Brown,NOP,918,-2.34,-1.94,-4.28,1.536,1.506,-1.22,-1.01,-2.22,-4.28,-2.34,-1.94,370,2025.0
2025,1628973,Jalen Brunson,NYK,2272,3.21,0.52,3.73,1.394,1.21,4.31,0.7,5.01,3.73,3.21,0.52,23,2025.0
2025,1628975,Jevon Carter,CHI,306,-1.6,1.47,-0.13,2.394,2.257,-0.28,0.25,-0.02,-0.13,-1.6,1.47,182,2025.0
2025,1628976,Wendell Carter Jr.,ORL,1740,-1.77,2.25,0.49,1.203,1.451,-1.82,2.33,0.5,0.49,-1.77,2.25,139,2025.0
2025,1628978,Donte DiVincenzo,MIN,1565,0.81,0.36,1.17,1.326,1.321,0.75,0.34,1.08,1.17,0.81,0.36,101,2025.0
2025,1628983,Shai Gilgeous-Alexander,OKC,2558,8.57,1.93,10.51,1.432,1.185,13.05,2.94,15.99,10.51,8.57,1.93,2,2025.0
2025,1628988,Aaron Holiday,HOU,759,-0.78,1.47,0.68,1.622,1.597,-0.36,0.67,0.31,0.68,-0.78,1.47,154,2025.0
2025,1628989,Kevin Huerter,SAC,1675,0.36,-0.55,-0.2,1.28,1.301,0.37,-0.57,-0.2,-0.2,0.36,-0.55,210,2025.0
2025,1628991,Jaren Jackson Jr.,MEM,2160,1.52,1.92,3.44,1.299,1.388,1.92,2.43,4.35,3.44,1.52,1.92,31,2025.0
2025,1628997,Caleb Martin,PHI,1177,-3.18,0.86,-2.32,1.34,1.451,-2.22,0.6,-1.62,-2.32,-3.18,0.86,340,2025.0
2025,1628998,Cody Martin,CHO,1116,-1.97,0.44,-1.53,1.363,1.472,-1.39,0.31,-1.08,-1.53,-1.97,0.44,304,2025.0
2025,1629003,Shake Milton,BRK,826,-1.88,-0.39,-2.27,1.533,1.571,-0.88,-0.19,-1.07,-2.27,-1.88,-0.39,303,2025.0
2025,1629004,Svi Mykhailiuk,UTA,733,-0.0,-0.4,-0.41,1.614,1.641,-0.0,-0.18,-0.18,-0.41,-0.0,-0.4,208,2025.0
2025,1629006,Josh Okogie,PHO,599,-1.57,2.29,0.72,1.754,1.746,-0.53,0.78,0.25,0.72,-1.57,2.29,156,2025.0
2025,1629008,Michael Porter Jr.,DEN,2526,0.32,-0.76,-0.44,1.19,1.212,0.47,-1.13,-0.66,-0.44,0.32,-0.76,269,2025.0
2025,1629011,Mitchell Robinson,NYK,284,-0.03,2.17,2.14,2.047,2.579,-0.0,0.36,0.36,2.14,-0.03,2.17,151,2025.0
2025,1629012,Collin Sexton,UTA,1715,1.5,-1.58,-0.08,1.4,1.294,1.55,-1.63,-0.08,-0.08,1.5,-1.58,196,2025.0
2025,1629013,Landry Shamet,NYK,735,-0.91,0.27,-0.64,1.552,1.624,-0.39,0.12,-0.28,-0.64,-0.91,0.27,220,2025.0
2025,1629014,Anfernee Simons,POR,2224,-0.02,-0.15,-0.18,1.314,1.243,-0.03,-0.21,-0.24,-0.18,-0.02,-0.15,214,2025.0
2025,1629018,Gary Trent Jr.,MIL,1830,-0.83,-2.08,-2.91,1.251,1.276,-0.87,-2.18,-3.05,-2.91,-0.83,-2.08,392,2025.0
2025,1629020,Jarred Vanderbilt,LAL,557,0.18,-0.72,-0.54,1.641,1.942,0.05,-0.21,-0.16,-0.54,0.18,-0.72,206,2025.0
2025,1629021,Moritz Wagner,ORL,551,1.3,0.42,1.72,1.719,1.989,0.42,0.14,0.56,1.72,1.3,0.42,133,2025.0
2025,1629022,Lonnie Walker IV,PHI,466,-1.18,-1.89,-3.07,1.984,1.911,-0.33,-0.52,-0.85,-3.07,-1.18,-1.89,289,2025.0
2025,1629023,P.J. Washington,DAL,1833,-0.87,-0.36,-1.23,1.255,1.366,-1.0,-0.41,-1.41,-1.23,-0.87,-0.36,327,2025.0
2025,1629026,Kenrich Williams,OKC,1104,-0.65,2.72,2.07,1.393,1.597,-0.43,1.79,1.36,2.07,-0.65,2.72,93,2025.0
2025,1629027,Trae Young,ATL,2604,4.74,-3.83,0.9,1.362,1.181,8.21,-6.64,1.57,0.9,4.74,-3.83,85,2025.0
2025,1629028,Deandre Ayton,POR,1173,-1.13,1.46,0.33,1.355,1.578,-0.79,1.03,0.23,0.33,-1.13,1.46,160,2025.0
2025,1629029,Luka Doncic,LAL,1741,5.65,3.14,8.79,1.55,1.293,5.05,2.81,7.86,8.79,5.65,3.14,7,2025.0
2025,1629048,Goga Bitadze,ORL,1428,0.61,3.53,4.15,1.236,1.519,0.52,2.99,3.51,4.15,0.61,3.53,42,2025.0
2025,1629057,Robert Williams III,POR,328,0.32,2.91,3.23,1.927,2.422,0.06,0.57,0.64,3.23,0.32,2.91,127,2025.0
2025,1629060,Rui Hachimura,LAL,1842,-1.05,1.31,0.27,1.196,1.365,-0.99,1.24,0.25,0.27,-1.05,1.31,157,2025.0
2025,1629111,Jock Landale,HOU,489,0.6,0.2,0.8,1.745,2.112,0.18,0.06,0.24,0.8,0.6,0.2,158,2025.0
2025,1629130,Duncan Robinson,MIA,1761,-1.38,0.39,-0.99,1.305,1.343,-1.67,0.48,-1.19,-0.99,-1.38,0.39,313,2025.0
2025,1629162,Jordan McLaughlin,SAC,294,0.77,1.87,2.63,2.216,2.266,0.14,0.34,0.48,2.63,0.77,1.87,140,2025.0
2025,1629216,Gabe Vincent,LAL,1481,-3.02,-0.14,-3.17,1.299,1.325,-2.3,-0.11,-2.41,-3.17,-3.02,-0.14,373,2025.0
2025,1629234,Drew Eubanks,UTA,718,-1.16,-0.09,-1.25,1.492,1.818,-0.5,-0.04,-0.54,-1.25,-1.16,-0.09,248,2025.0
2025,1629312,Haywood Highsmith,MIA,1764,-2.27,0.87,-1.4,1.169,1.299,-2.76,1.06,-1.7,-1.4,-2.27,0.87,341,2025.0
2025,1629599,Amir Coffey,LAC,1684,-2.35,-1.76,-4.12,1.244,1.294,-2.22,-1.67,-3.89,-4.12,-2.35,-1.76,416,2025.0
2025,1629610,DaQuan Jeffries,CHO,1035,-2.13,-2.56,-4.69,1.38,1.463,-1.39,-1.67,-3.06,-4.69,-2.13,-2.56,395,2025.0
2025,1629611,Terance Mann,LAC,1390,-1.01,-1.23,-2.24,1.298,1.359,-0.79,-0.96,-1.75,-2.24,-1.01,-1.23,343,2025.0
2025,1629614,Andrew Nembhard,IND,1834,-1.75,-0.05,-1.8,1.255,1.292,-1.9,-0.06,-1.96,-1.8,-1.75,-0.05,357,2025.0
2025,1629618,Jalen Pickett,DEN,658,-1.84,1.84,-0.0,1.609,1.712,-0.72,0.72,-0.0,-0.0,-1.84,1.84,180,2025.0
2025,1629622,Max Strus,CLE,1249,-0.85,0.29,-0.55,1.308,1.411,-0.62,0.21,-0.41,-0.55,-0.85,0.29,230,2025.0
2025,1629626,Bol Bol,PHO,431,-1.12,-0.25,-1.37,1.974,2.133,-0.27,-0.06,-0.33,-1.37,-1.12,-0.25,223,2025.0
2025,1629627,Zion Williamson,NOP,844,4.31,0.69,5.0,1.817,1.727,2.06,0.33,2.39,5.0,4.31,0.69,67,2025.0
2025,1629628,RJ Barrett,TOR,1821,0.42,-1.57,-1.14,1.423,1.333,0.45,-1.66,-1.22,-1.14,0.42,-1.57,315,2025.0
2025,1629629,Cam Reddish,LAL,588,-2.94,-3.32,-6.26,1.617,1.797,-0.89,-1.0,-1.89,-6.26,-2.94,-3.32,352,2025.0
2025,1629630,Ja Morant,MEM,1485,2.88,1.2,4.08,1.583,1.341,2.51,1.04,3.55,4.08,2.88,1.2,40,2025.0
2025,1629631,De'Andre Hunter,ATL,1664,0.75,-1.82,-1.08,1.321,1.311,0.83,-2.02,-1.19,-1.08,0.75,-1.82,314,2025.0
2025,1629632,Coby White,CHI,2390,0.75,0.04,0.79,1.32,1.251,1.01,0.05,1.06,0.79,0.75,0.04,102,2025.0
2025,1629634,Brandon Clarke,MEM,1161,2.33,0.76,3.09,1.328,1.524,1.59,0.52,2.1,3.09,2.33,0.76,73,2025.0
2025,1629636,Darius Garland,CLE,2262,1.62,-0.3,1.32,1.382,1.226,2.15,-0.39,1.76,1.32,1.62,-0.3,79,2025.0
2025,1629637,Jaxson Hayes,LAL,1100,-1.16,0.58,-0.58,1.322,1.659,-0.66,0.33,-0.33,-0.58,-1.16,0.58,224,2025.0
2025,1629638,Nickeil Alexander-Walker,MIN,2007,-0.68,0.62,-0.06,1.213,1.252,-0.81,0.74,-0.07,-0.06,-0.68,0.62,193,2025.0
2025,1629639,Tyler Herro,MIA,2670,1.31,0.61,1.92,1.314,1.203,2.41,1.11,3.52,1.92,1.31,0.61,41,2025.0
2025,1629640,Keldon Johnson,SAS,1738,-0.8,-1.58,-2.38,1.315,1.32,-0.91,-1.79,-2.7,-2.38,-0.8,-1.58,387,2025.0
2025,1629645,Kevin Porter Jr.,LAC,1438,-1.65,0.68,-0.96,1.484,1.393,-1.33,0.55,-0.78,-0.96,-1.65,0.68,282,2025.0
2025,1629646,Charles Bassey,SAS,353,-0.75,-1.35,-2.1,2.055,2.441,-0.17,-0.31,-0.49,-2.1,-0.75,-1.35,241,2025.0
2025,1629651,Nic Claxton,BRK,1882,-1.85,2.75,0.91,1.193,1.427,-1.98,2.95,0.97,0.91,-1.85,2.75,108,2025.0
2025,1629652,Luguentz Dort,OKC,2059,-0.93,-0.29,-1.22,1.167,1.274,-1.14,-0.36,-1.5,-1.22,-0.93,-0.29,332,2025.0
2025,1629655,Daniel Gafford,DAL,1201,3.19,0.98,4.16,1.348,1.568,2.39,0.73,3.13,4.16,3.19,0.98,49,2025.0
2025,1629656,Quentin Grimes,DAL,1975,-1.25,-0.77,-2.02,1.348,1.298,-1.54,-0.95,-2.49,-2.02,-1.25,-0.77,376,2025.0
2025,1629659,Talen Horton-Tucker,CHI,693,-0.72,-1.47,-2.19,1.762,1.717,-0.28,-0.57,-0.85,-2.19,-0.72,-1.47,290,2025.0
2025,1629660,Ty Jerome,CLE,1356,3.25,-0.37,2.88,1.426,1.362,2.59,-0.3,2.29,2.88,3.25,-0.37,69,2025.0
2025,1629661,Cameron Johnson,BRK,1784,1.53,1.55,3.08,1.295,1.374,1.56,1.57,3.13,3.08,1.53,1.55,50,2025.0
2025,1629673,Jordan Poole,WAS,1950,-0.48,-1.65,-2.13,1.406,1.275,-0.59,-2.02,-2.61,-2.13,-0.48,-1.65,383,2025.0
2025,1629674,Neemias Queta,BOS,844,-0.53,1.18,0.65,1.42,1.756,-0.27,0.59,0.33,0.65,-0.53,1.18,152,2025.0
2025,1629675,Naz Reid,MIN,2160,0.08,1.64,1.71,1.218,1.388,0.1,2.1,2.2,1.71,0.08,1.64,70,2025.0
2025,1629680,Matisse Thybulle,POR,306,-1.28,1.59,0.31,2.135,2.242,-0.24,0.29,0.06,0.31,-1.28,1.59,173,2025.0
2025,1629684,Grant Williams,CHO,464,-1.11,-0.46,-1.57,1.776,2.049,-0.32,-0.14,-0.46,-1.57,-1.11,-0.46,237,2025.0
2025,1629723,John Konchar,MEM,539,-1.33,0.67,-0.67,1.68,1.812,-0.42,0.21,-0.21,-0.67,-1.33,0.67,211,2025.0
2025,1629726,Garrison Mathews,ATL,781,-1.5,-1.04,-2.54,1.547,1.599,-0.78,-0.54,-1.32,-2.54,-1.5,-1.04,319,2025.0
2025,1629731,Dean Wade,CLE,1205,-0.4,1.74,1.34,1.269,1.509,-0.28,1.23,0.95,1.34,-0.4,1.74,111,2025.0
2025,1629750,Javonte Green,NOP,1239,-0.9,-0.22,-1.11,1.378,1.487,-0.63,-0.15,-0.78,-1.11,-0.9,-0.22,283,2025.0
2025,1630162,Anthony Edwards,MIN,2828,1.85,1.6,3.45,1.409,1.25,3.11,2.68,5.79,3.45,1.85,1.6,14,2025.0
2025,1630163,LaMelo Ball,CHO,1464,3.62,-0.96,2.66,1.722,1.411,3.34,-0.89,2.45,2.66,3.62,-0.96,61,2025.0
2025,1630166,Deni Avdija,POR,2109,1.85,0.09,1.93,1.31,1.294,2.34,0.11,2.45,1.93,1.85,0.09,62,2025.0
2025,1630167,Obi Toppin,IND,1521,2.27,-2.03,0.24,1.305,1.424,2.05,-1.83,0.22,0.24,2.27,-2.03,161,2025.0
2025,1630168,Onyeka Okongwu,ATL,1997,3.07,-0.47,2.6,1.209,1.439,4.08,-0.63,3.45,2.6,3.07,-0.47,43,2025.0
2025,1630169,Tyrese Haliburton,IND,2385,6.89,-1.03,5.86,1.322,1.239,9.74,-1.46,8.29,5.86,6.89,-1.03,5,2025.0
2025,1630170,Devin Vassell,SAS,1946,-0.31,-1.77,-2.07,1.343,1.302,-0.39,-2.25,-2.64,-2.07,-0.31,-1.77,385,2025.0
2025,1630171,Isaac Okoro,CLE,1019,-1.58,1.44,-0.14,1.422,1.525,-0.95,0.87,-0.08,-0.14,-1.58,1.44,197,2025.0
2025,1630172,Patrick Williams,CHI,1536,-1.24,-1.48,-2.72,1.338,1.509,-1.07,-1.28,-2.35,-2.72,-1.24,-1.48,372,2025.0
2025,1630173,Precious Achiuwa,NYK,1143,-3.26,-0.89,-4.15,1.318,1.608,-2.2,-0.6,-2.8,-4.15,-3.26,-0.89,390,2025.0
2025,1630174,Aaron Nesmith,IND,1089,0.92,-0.89,0.03,1.413,1.482,0.59,-0.58,0.02,0.03,0.92,-0.89,177,2025.0
2025,1630175,Cole Anthony,ORL,1202,-1.56,1.56,-0.0,1.586,1.443,-1.11,1.11,-0.0,-0.0,-1.56,1.56,181,2025.0
2025,1630178,Tyrese Maxey,PHI,1931,1.92,0.17,2.09,1.491,1.291,2.21,0.19,2.4,2.09,1.92,0.17,65,2025.0
2025,1630182,Josh Green,CHO,1845,-2.05,-1.11,-3.17,1.221,1.316,-2.39,-1.29,-3.68,-3.17,-2.05,-1.11,409,2025.0
2025,1630183,Jaden McDaniels,MIN,2586,-2.2,0.52,-1.68,1.164,1.321,-3.37,0.8,-2.57,-1.68,-2.2,0.52,380,2025.0
2025,1630188,Jalen Smith,CHI,935,2.09,-1.11,0.98,1.517,1.737,1.1,-0.59,0.51,0.98,2.09,-1.11,138,2025.0
2025,1630191,Isaiah Stewart,DET,1406,-1.44,2.11,0.67,1.275,1.6,-1.27,1.86,0.59,0.67,-1.44,2.11,132,2025.0
2025,1630192,Zeke Nnaji,DEN,611,-3.22,0.51,-2.71,1.616,1.918,-1.17,0.19,-0.98,-2.71,-3.22,0.51,298,2025.0
2025,1630193,Immanuel Quickley,TOR,906,-0.14,1.99,1.85,1.691,1.531,-0.07,1.05,0.98,1.85,-0.14,1.99,107,2025.0
2025,1630194,Paul Reed,DET,427,0.64,1.98,2.62,1.88,2.221,0.17,0.53,0.71,2.62,0.64,1.98,125,2025.0
2025,1630198,Isaiah Joe,OKC,1568,1.35,1.25,2.61,1.312,1.337,1.26,1.17,2.43,2.61,1.35,1.25,63,2025.0
2025,1630200,Tre Jones,CHI,887,1.44,-0.17,1.27,1.52,1.541,0.72,-0.08,0.64,1.27,1.44,-0.17,128,2025.0
2025,1630202,Payton Pritchard,BOS,2220,0.01,1.61,1.62,1.258,1.21,0.01,2.12,2.13,1.62,0.01,1.61,72,2025.0
2025,1630208,Nick Richards,PHO,1237,-1.14,-0.65,-1.79,1.302,1.549,-0.8,-0.45,-1.25,-1.79,-1.14,-0.65,316,2025.0
2025,1630215,Jared Butler,PHI,1017,-0.86,-0.25,-1.11,1.644,1.51,-0.52,-0.15,-0.67,-1.11,-0.86,-0.25,270,2025.0
2025,1630217,Desmond Bane,MEM,2143,3.5,0.6,4.1,1.29,1.236,4.39,0.76,5.14,4.1,3.5,0.6,22,2025.0
2025,1630224,Jalen Green,HOU,2595,-0.0,-2.12,-2.12,1.424,1.313,-0.0,-3.33,-3.33,-2.12,-0.0,-2.12,404,2025.0
2025,1630228,Jonathan Kuminga,GSW,1074,-1.6,0.65,-0.95,1.686,1.712,-0.97,0.39,-0.58,-0.95,-1.6,0.65,256,2025.0
2025,1630230,Naji Marshall,DAL,1879,-1.11,0.17,-0.93,1.251,1.277,-1.3,0.2,-1.1,-0.93,-1.11,0.17,306,2025.0
2025,1630231,KJ Martin,PHI,887,-1.16,-1.87,-3.03,1.43,1.701,-0.61,-0.99,-1.6,-3.03,-1.16,-1.87,337,2025.0
2025,1630241,Sam Merrill,CLE,1361,-1.32,1.57,0.25,1.299,1.366,-1.06,1.26,0.2,0.25,-1.32,1.57,163,2025.0
2025,1630243,Trevelin Queen,ORL,398,-1.16,-0.32,-1.48,2.0,2.02,-0.27,-0.08,-0.35,-1.48,-1.16,-0.32,226,2025.0
2025,1630245,Ayo Dosunmu,CHI,1345,-1.78,-0.92,-2.7,1.352,1.387,-1.35,-0.7,-2.05,-2.7,-1.78,-0.92,360,2025.0
2025,1630249,Vit Krejci,ATL,1133,0.12,-0.09,0.04,1.428,1.466,0.09,-0.07,0.03,0.04,0.12,-0.09,176,2025.0
2025,1630256,Jae'Sean Tate,HOU,555,-1.37,1.43,0.06,1.674,1.834,-0.46,0.48,0.02,0.06,-1.37,1.43,178,2025.0
2025,1630264,Anthony Gill,WAS,375,-2.42,1.31,-1.11,2.07,2.444,-0.57,0.31,-0.26,-1.11,-2.42,1.31,216,2025.0
2025,1630288,Jeff Dowtin Jr.,PHI,619,0.03,0.26,0.29,1.761,1.702,0.01,0.09,0.11,0.29,0.03,0.26,169,2025.0
2025,1630314,Brandon Williams,DAL,479,0.32,-0.5,-0.18,2.043,1.896,0.1,-0.15,-0.05,-0.18,0.32,-0.5,186,2025.0
2025,1630322,Lindy Waters III,GSW,762,-2.63,0.58,-2.05,1.534,1.605,-1.13,0.25,-0.89,-2.05,-2.63,0.58,294,2025.0
2025,1630526,Jeremiah Robinson-Earl,NOP,1217,-2.13,-1.55,-3.68,1.342,1.555,-1.47,-1.07,-2.54,-3.68,-2.13,-1.55,378,2025.0
2025,1630527,Brandon Boston Jr.,NOP,991,-1.98,-1.23,-3.21,1.596,1.58,-1.11,-0.69,-1.8,-3.21,-1.98,-1.23,350,2025.0
2025,1630529,Herbert Jones,NOP,654,-0.89,2.85,1.96,1.585,1.712,-0.33,1.06,0.73,1.96,-0.89,2.85,123,2025.0
2025,1630530,Trey Murphy III,NOP,1833,0.26,0.34,0.6,1.354,1.332,0.27,0.35,0.62,0.6,0.26,0.34,130,2025.0
2025,1630531,Jaden Springer,UTA,330,-1.06,-1.5,-2.56,2.351,2.377,-0.21,-0.3,-0.51,-2.56,-1.06,-1.5,243,2025.0
2025,1630532,Franz Wagner,ORL,2010,0.71,3.41,4.13,1.464,1.343,0.85,4.07,4.93,4.13,0.71,3.41,25,2025.0
2025,1630533,Ziaire Williams,BRK,1509,-3.89,-1.18,-5.08,1.376,1.43,-3.35,-1.02,-4.37,-5.08,-3.89,-1.18,421,2025.0
2025,1630534,Ochai Agbaji,TOR,1702,-1.07,-0.06,-1.13,1.278,1.34,-1.06,-0.06,-1.12,-1.13,-1.07,-0.06,308,2025.0
2025,1630539,Kai Jones,DAL,460,0.02,0.97,0.99,1.769,2.204,0.01,0.28,0.29,0.99,0.02,0.97,155,2025.0
2025,1630540,Miles McBride,NYK,1544,-1.75,2.22,0.47,1.377,1.356,-1.59,2.03,0.43,0.47,-1.75,2.22,145,2025.0
2025,1630541,Moses Moody,GSW,1608,-2.54,0.5,-2.04,1.419,1.444,-2.31,0.45,-1.86,-2.04,-2.54,0.5,351,2025.0
2025,1630544,Tre Mann,CHO,306,-2.36,-0.21,-2.57,2.638,2.368,-0.46,-0.04,-0.5,-2.57,-2.36,-0.21,242,2025.0
2025,1630545,Terrence Shannon Jr.,MIN,319,-1.02,-0.49,-1.52,2.255,2.287,-0.19,-0.09,-0.29,-1.52,-1.02,-0.49,221,2025.0
2025,1630548,Johnny Juzang,UTA,1236,-2.44,-1.19,-3.62,1.465,1.487,-1.82,-0.88,-2.7,-3.62,-2.44,-1.19,388,2025.0
2025,1630549,Day'Ron Sharpe,BRK,904,0.24,3.05,3.29,1.558,1.804,0.12,1.57,1.69,3.29,0.24,3.05,82,2025.0
2025,1630551,Justin Champagnie,WAS,1305,1.03,-1.37,-0.33,1.387,1.482,0.85,-1.12,-0.27,-0.33,1.03,-1.37,219,2025.0
2025,1630552,Jalen Johnson,ATL,1215,0.84,0.12,0.95,1.517,1.509,0.68,0.1,0.77,0.95,0.84,0.12,122,2025.0
2025,1630553,Keon Johnson,BRK,1936,-3.48,-1.46,-4.94,1.425,1.387,-3.84,-1.61,-5.45,-4.94,-3.48,-1.46,427,2025.0
2025,1630556,Kessler Edwards,DAL,613,-1.36,-2.19,-3.54,1.627,1.808,-0.52,-0.84,-1.36,-3.54,-1.36,-2.19,322,2025.0
2025,1630557,Corey Kispert,WAS,1600,-0.94,-1.38,-2.32,1.284,1.344,-0.94,-1.38,-2.33,-2.32,-0.94,-1.38,371,2025.0
2025,1630558,Davion Mitchell,TOR,1946,-1.69,1.36,-0.33,1.224,1.247,-1.92,1.54,-0.38,-0.33,-1.69,1.36,227,2025.0
2025,1630559,Austin Reaves,LAL,2538,1.65,-0.41,1.24,1.256,1.198,2.15,-0.54,1.61,1.24,1.65,-0.41,84,2025.0
2025,1630560,Cam Thomas,BRK,774,0.23,-1.92,-1.69,1.941,1.703,0.1,-0.85,-0.75,-1.69,0.23,-1.92,279,2025.0
2025,1630567,Scottie Barnes,TOR,2089,0.15,1.81,1.96,1.386,1.413,0.19,2.21,2.4,1.96,0.15,1.81,66,2025.0
2025,1630570,Trendon Watford,BRK,897,-1.76,0.92,-0.84,1.604,1.695,-0.9,0.47,-0.43,-0.84,-1.76,0.92,233,2025.0
2025,1630572,Sandro Mamukelashvili,SAS,660,0.22,0.87,1.1,1.69,1.831,0.1,0.38,0.47,1.1,0.22,0.87,141,2025.0
2025,1630573,Sam Hauser,BOS,1502,0.28,1.18,1.47,1.302,1.422,0.25,1.06,1.31,1.47,0.28,1.18,94,2025.0
2025,1630577,Julian Champagnie,SAS,1878,-0.57,-1.18,-1.75,1.297,1.362,-0.7,-1.45,-2.15,-1.75,-0.57,-1.18,367,2025.0
2025,1630578,Alperen Sengun,HOU,2308,2.26,2.76,5.02,1.368,1.489,3.16,3.87,7.02,5.02,2.26,2.76,9,2025.0
2025,1630579,Jericho Sims,NYK,593,-2.7,1.14,-1.55,1.545,1.947,-0.95,0.4,-0.54,-1.55,-2.7,1.14,249,2025.0
2025,1630581,Josh Giddey,CHI,2094,1.02,-1.43,-0.41,1.444,1.352,1.2,-1.68,-0.48,-0.41,1.02,-1.43,239,2025.0
2025,1630583,Santi Aldama,MEM,1613,0.17,-0.22,-0.06,1.308,1.452,0.16,-0.21,-0.05,-0.06,0.17,-0.22,187,2025.0
2025,1630590,Scotty Pippen Jr.,MEM,1630,0.16,-0.22,-0.07,1.396,1.339,0.15,-0.21,-0.06,-0.07,0.16,-0.22,192,2025.0
2025,1630591,Jalen Suggs,ORL,981,-0.66,1.41,0.75,1.774,1.569,-0.38,0.82,0.44,0.75,-0.66,1.41,144,2025.0
2025,1630592,Jalen Wilson,BRK,1992,-3.7,0.89,-2.8,1.226,1.387,-4.2,1.02,-3.18,-2.8,-3.7,0.89,401,2025.0
2025,1630595,Cade Cunningham,DET,2389,1.44,1.48,2.92,1.518,1.274,2.16,2.23,4.39,2.92,1.44,1.48,30,2025.0
2025,1630596,Evan Mobley,CLE,2100,0.67,2.23,2.89,1.334,1.411,0.82,2.75,3.57,2.89,0.67,2.23,39,2025.0
2025,1630598,Aaron Wiggins,OKC,1718,1.2,-0.57,0.64,1.31,1.294,1.23,-0.58,0.65,0.64,1.2,-0.57,126,2025.0
2025,1630611,Gui Santos,GSW,698,-0.41,-0.25,-0.66,1.663,1.952,-0.16,-0.1,-0.26,-0.66,-0.41,-0.25,217,2025.0
2025,1630625,Dalano Banton,POR,1067,-2.15,-0.31,-2.46,1.597,1.46,-1.38,-0.2,-1.57,-2.46,-2.15,-0.31,335,2025.0
2025,1630631,Jose Alvarado,NOP,1356,-1.76,0.85,-0.91,1.419,1.354,-1.35,0.65,-0.7,-0.91,-1.76,0.85,273,2025.0
2025,1630639,A.J. Lawson,TOR,483,-0.77,-2.04,-2.8,1.967,1.948,-0.22,-0.58,-0.79,-2.8,-0.77,-2.04,284,2025.0
2025,1630643,Jay Huff,MEM,726,2.16,-0.45,1.71,1.565,1.819,0.92,-0.19,0.73,1.71,2.16,-0.45,124,2025.0
2025,1630658,Colin Castleton,TOR,416,-2.35,-1.48,-3.83,1.845,2.289,-0.57,-0.36,-0.93,-3.83,-2.35,-1.48,295,2025.0
2025,1630692,Jordan Goodwin,LAL,537,-3.76,1.52,-2.24,1.772,1.796,-1.04,0.42,-0.62,-2.24,-3.76,1.52,261,2025.0
2025,1630695,Micah Potter,UTA,696,-1.18,-0.41,-1.6,1.464,1.844,-0.5,-0.17,-0.67,-1.6,-1.18,-0.41,271,2025.0
2025,1630700,Dyson Daniels,ATL,2523,-0.75,1.23,0.48,1.362,1.374,-1.26,2.06,0.81,0.48,-0.75,1.23,118,2025.0
2025,1630702,Jaden Hardy,DAL,891,-2.01,-3.31,-5.31,1.797,1.688,-1.12,-1.84,-2.96,-5.31,-2.01,-3.31,391,2025.0
2025,1630703,Scoot Henderson,POR,1704,-1.22,-2.51,-3.73,1.657,1.539,-1.25,-2.56,-3.81,-3.73,-1.22,-2.51,413,2025.0
2025,1630811,Keaton Wallace,ATL,485,-1.58,0.52,-1.05,1.908,1.887,-0.51,0.17,-0.34,-1.05,-1.58,0.52,225,2025.0
2025,1631093,Jaden Ivey,DET,862,-1.61,-2.44,-4.05,1.827,1.705,-0.88,-1.32,-2.2,-4.05,-1.61,-2.44,369,2025.0
2025,1631094,Paolo Banchero,ORL,1554,-1.11,1.12,0.02,1.624,1.558,-1.02,1.04,0.01,0.02,-1.11,1.12,179,2025.0
2025,1631095,Jabari Smith Jr.,HOU,1643,-1.57,-0.01,-1.57,1.413,1.602,-1.56,-0.01,-1.57,-1.57,-1.57,-0.01,336,2025.0
2025,1631096,Chet Holmgren,OKC,878,1.72,2.89,4.62,1.661,1.884,0.9,1.51,2.41,4.62,1.72,2.89,64,2025.0
2025,1631097,Bennedict Mathurin,IND,2110,-2.3,-2.21,-4.51,1.388,1.377,-2.88,-2.77,-5.65,-4.51,-2.3,-2.21,430,2025.0
2025,1631099,Keegan Murray,SAC,2559,-1.58,-0.06,-1.63,1.15,1.324,-2.48,-0.09,-2.57,-1.63,-1.58,-0.06,381,2025.0
2025,1631101,Shaedon Sharpe,POR,2198,-0.94,-1.58,-2.52,1.496,1.409,-1.24,-2.08,-3.33,-2.52,-0.94,-1.58,405,2025.0
2025,1631103,Malaki Branham,SAS,404,-2.15,-4.6,-6.75,2.422,2.31,-0.57,-1.22,-1.79,-6.75,-2.15,-4.6,349,2025.0
2025,1631104,Blake Wesley,SAS,626,-2.67,-2.56,-5.24,1.922,1.97,-1.1,-1.05,-2.15,-5.24,-2.67,-2.56,368,2025.0
2025,1631105,Jalen Duren,DET,1977,1.91,0.09,2.0,1.33,1.598,2.38,0.11,2.49,2.0,1.91,0.09,60,2025.0
2025,1631106,Tari Eason,HOU,1369,0.39,1.49,1.88,1.412,1.552,0.32,1.24,1.56,1.88,0.39,1.49,86,2025.0
2025,1631107,Nikola Jovic,MIA,1138,-0.35,1.06,0.71,1.579,1.755,-0.27,0.83,0.56,0.71,-0.35,1.06,134,2025.0
2025,1631108,Max Christie,LAL,2100,-1.83,-1.04,-2.86,1.365,1.421,-1.97,-1.12,-3.09,-2.86,-1.83,-1.04,398,2025.0
2025,1631109,Mark Williams,CHO,1173,1.57,1.04,2.61,1.469,1.676,1.16,0.77,1.93,2.61,1.57,1.04,77,2025.0
2025,1631110,Jeremy Sochan,SAS,1325,-1.8,-0.64,-2.44,1.528,1.687,-1.56,-0.56,-2.12,-2.44,-1.8,-0.64,366,2025.0
2025,1631111,Wendell Moore Jr.,CHO,475,-2.33,-2.46,-4.8,1.906,2.015,-0.7,-0.74,-1.44,-4.8,-2.33,-2.46,328,2025.0
2025,1631114,Jalen Williams,OKC,2210,0.23,0.09,0.31,1.419,1.305,0.3,0.11,0.41,0.31,0.23,0.09,146,2025.0
2025,1631115,Orlando Robinson,TOR,748,-3.17,-0.01,-3.17,1.584,1.861,-1.38,-0.0,-1.39,-3.17,-3.17,-0.01,326,2025.0
2025,1631117,Walker Kessler,UTA,1690,2.08,1.68,3.76,1.239,1.533,2.12,1.71,3.83,3.76,2.08,1.68,38,2025.0
2025,1631119,Jaylin Williams,OKC,755,-0.05,1.21,1.15,1.646,1.903,-0.02,0.54,0.52,1.15,-0.05,1.21,136,2025.0
2025,1631124,Julian Strawther,DEN,1367,-3.45,-2.87,-6.32,1.481,1.501,-2.8,-2.32,-5.12,-6.32,-3.45,-2.87,425,2025.0
2025,1631128,Christian Braun,DEN,2592,-0.5,0.13,-0.36,1.226,1.268,-0.77,0.21,-0.56,-0.36,-0.5,0.13,251,2025.0
2025,1631132,Christian Koloko,LAL,331,-1.85,1.22,-0.63,1.987,2.504,-0.31,0.21,-0.11,-0.63,-1.85,1.22,201,2025.0
2025,1631133,Jabari Walker,POR,712,-0.84,-0.69,-1.53,1.725,1.83,-0.36,-0.29,-0.65,-1.53,-0.84,-0.69,268,2025.0
2025,1631157,Ryan Rollins,MIL,800,0.39,0.46,0.85,1.784,1.727,0.18,0.21,0.39,0.85,0.39,0.46,149,2025.0
2025,1631165,Keon Ellis,SAC,1874,0.46,1.88,2.35,1.202,1.286,0.54,2.17,2.71,2.35,0.46,1.88,55,2025.0
2025,1631169,Josh Minott,MIN,254,0.93,0.46,1.39,2.572,2.701,0.14,0.07,0.21,1.39,0.93,0.46,162,2025.0
2025,1631170,Jaime Jaquez Jr.,MIA,1344,-1.54,-0.31,-1.85,1.444,1.471,-1.43,-0.28,-1.71,-1.85,-1.54,-0.31,342,2025.0
2025,1631172,Ousmane Dieng,OKC,395,-2.67,0.03,-2.64,2.139,2.589,-0.63,0.01,-0.62,-2.64,-2.67,0.03,262,2025.0
2025,1631200,Kris Murray,POR,989,-2.6,0.04,-2.56,1.428,1.554,-1.54,0.02,-1.52,-2.56,-2.6,0.04,333,2025.0
2025,1631204,Marcus Sasser,DET,790,-1.46,-0.19,-1.66,1.7,1.629,-0.73,-0.1,-0.83,-1.66,-1.46,-0.19,286,2025.0
2025,1631207,Dalen Terry,CHI,976,-1.6,-1.6,-3.2,1.573,1.643,-0.88,-0.88,-1.76,-3.2,-1.6,-1.6,345,2025.0
2025,1631209,Isaiah Wong,CHO,253,-1.1,1.66,0.55,2.596,2.517,-0.18,0.26,0.09,0.55,-1.1,1.66,170,2025.0
2025,1631212,Peyton Watson,DEN,1626,-3.56,0.4,-3.16,1.337,1.455,-3.43,0.38,-3.05,-3.16,-3.56,0.4,393,2025.0
2025,1631213,Tyrese Martin,BRK,1301,-2.46,-1.15,-3.61,1.395,1.399,-1.82,-0.85,-2.67,-3.61,-2.46,-1.15,386,2025.0
2025,1631216,Caleb Houstan,ORL,769,-3.31,-0.23,-3.53,1.606,1.785,-1.51,-0.1,-1.61,-3.53,-3.31,-0.23,339,2025.0
2025,1631217,Moussa Diabate,CHO,1176,-1.66,1.73,0.07,1.35,1.675,-1.23,1.28,0.05,0.07,-1.66,1.73,174,2025.0
2025,1631218,Trayce Jackson-Davis,GSW,939,-0.05,-0.24,-0.29,1.455,1.735,-0.03,-0.13,-0.15,-0.29,-0.05,-0.24,204,2025.0
2025,1631221,Collin Gillespie,PHO,444,0.38,-0.53,-0.14,1.999,1.95,0.1,-0.13,-0.04,-0.14,0.38,-0.53,184,2025.0
2025,1631222,Jake LaRavia,MEM,1298,-0.75,-0.32,-1.07,1.357,1.573,-0.57,-0.24,-0.82,-1.07,-0.75,-0.32,285,2025.0
2025,1631223,David Roddy,ATL,406,-3.59,-2.86,-6.45,2.01,2.289,-0.97,-0.77,-1.75,-6.45,-3.59,-2.86,344,2025.0
2025,1631230,Dominick Barlow,ATL,359,-0.8,-1.37,-2.17,2.26,2.443,-0.19,-0.33,-0.52,-2.17,-0.8,-1.37,246,2025.0
2025,1631232,Keion Brooks Jr.,NOP,340,-2.71,-1.86,-4.58,2.142,2.252,-0.52,-0.36,-0.88,-4.58,-2.71,-1.86,291,2025.0
2025,1631243,Mouhamed Gueye,ATL,514,-0.02,1.34,1.32,1.899,2.17,-0.01,0.46,0.45,1.32,-0.02,1.34,142,2025.0
2025,1631245,Quenton Jackson,IND,369,-1.09,-1.11,-2.19,2.12,2.068,-0.24,-0.24,-0.48,-2.19,-1.09,-1.11,240,2025.0
2025,1631246,Vince Williams Jr.,MEM,491,-0.88,-0.6,-1.48,1.895,1.936,-0.25,-0.17,-0.43,-1.48,-0.88,-0.6,234,2025.0
2025,1631248,Baylor Scheierman,BOS,373,-2.71,0.15,-2.56,2.048,2.149,-0.6,0.03,-0.57,-2.56,-2.71,0.15,255,2025.0
2025,1631255,Karlo Matkovic,NOP,779,-0.64,0.54,-0.11,1.596,1.82,-0.28,0.24,-0.05,-0.11,-0.64,0.54,188,2025.0
2025,1631260,AJ Green,MIL,1613,-0.6,1.78,1.19,1.24,1.329,-0.55,1.65,1.1,1.19,-0.6,1.78,100,2025.0
2025,1631288,Jamal Cain,NOP,486,-1.49,-0.78,-2.27,1.828,1.924,-0.41,-0.22,-0.63,-2.27,-1.49,-0.78,264,2025.0
2025,1631323,Simone Fontecchio,DET,1230,-0.44,-2.08,-2.51,1.345,1.434,-0.34,-1.61,-1.95,-2.51,-0.44,-2.08,355,2025.0
2025,1641705,Victor Wembanyama,SAS,1484,1.8,6.12,7.92,1.627,1.702,1.75,5.94,7.69,7.92,1.8,6.12,8,2025.0
2025,1641706,Brandon Miller,CHO,892,-2.08,-0.33,-2.41,1.802,1.705,-1.17,-0.18,-1.36,-2.41,-2.08,-0.33,323,2025.0
2025,1641708,Amen Thompson,HOU,2146,1.08,2.71,3.79,1.311,1.373,1.4,3.53,4.93,3.79,1.08,2.71,26,2025.0
2025,1641709,Ausar Thompson,DET,1290,-0.39,0.88,0.5,1.494,1.538,-0.31,0.72,0.4,0.5,-0.39,0.88,147,2025.0
2025,1641710,Anthony Black,ORL,1854,-3.31,0.04,-3.27,1.509,1.443,-3.64,0.04,-3.6,-3.27,-3.31,0.04,406,2025.0
2025,1641711,Gradey Dick,TOR,1553,-1.11,-3.27,-4.38,1.546,1.516,-1.0,-2.96,-3.97,-4.38,-1.11,-3.27,417,2025.0
2025,1641712,Rayan Rupert,POR,419,-1.43,-2.78,-4.21,2.329,2.385,-0.36,-0.7,-1.06,-4.21,-1.43,-2.78,302,2025.0
2025,1641713,GG Jackson,MEM,445,-2.4,-1.95,-4.35,2.324,2.496,-0.62,-0.51,-1.13,-4.35,-2.4,-1.95,310,2025.0
2025,1641715,Cam Whitmore,HOU,783,0.21,-1.69,-1.48,1.972,1.935,0.1,-0.8,-0.7,-1.48,0.21,-1.69,274,2025.0
2025,1641716,Jarace Walker,IND,1166,-0.83,-2.09,-2.91,1.549,1.744,-0.57,-1.44,-2.01,-2.91,-0.83,-2.09,359,2025.0
2025,1641717,Cason Wallace,OKC,1834,-1.1,-0.06,-1.17,1.367,1.461,-1.2,-0.07,-1.27,-1.17,-1.1,-0.06,318,2025.0
2025,1641718,Keyonte George,UTA,2012,-2.54,-2.84,-5.38,1.555,1.419,-3.08,-3.44,-6.52,-5.38,-2.54,-2.84,434,2025.0
2025,1641720,Jalen Hood-Schifino,PHI,295,-1.91,-5.66,-7.57,2.427,2.617,-0.34,-0.99,-1.33,-7.57,-1.91,-5.66,320,2025.0
2025,1641721,Maxwell Lewis,BRK,307,-2.56,-2.46,-5.01,2.383,2.497,-0.45,-0.43,-0.88,-5.01,-2.56,-2.46,292,2025.0
2025,1641722,Jordan Hawkins,NOP,1327,-3.66,-2.32,-5.97,1.542,1.512,-2.75,-1.74,-4.49,-5.97,-3.66,-2.32,422,2025.0
2025,1641724,Jett Howard,ORL,660,-3.59,-3.12,-6.71,1.899,1.954,-1.41,-1.22,-2.63,-6.71,-3.59,-3.12,384,2025.0
2025,1641726,Dereck Lively II,DAL,828,3.06,2.06,5.13,1.808,2.092,1.59,1.07,2.66,5.13,3.06,2.06,57,2025.0
2025,1641729,Brice Sensabaugh,UTA,1378,0.42,-2.77,-2.35,1.568,1.576,0.35,-2.3,-1.95,-2.35,0.42,-2.77,356,2025.0
2025,1641730,Noah Clowney,BRK,1024,-4.42,-0.82,-5.24,1.715,1.893,-2.58,-0.48,-3.06,-5.24,-4.42,-0.82,396,2025.0
2025,1641731,Bilal Coulibaly,WAS,1909,-2.72,-3.19,-5.91,1.47,1.532,-3.26,-3.82,-7.08,-5.91,-2.72,-3.19,435,2025.0
2025,1641732,Colby Jones,WAS,508,-1.98,-0.96,-2.94,1.923,2.035,-0.63,-0.31,-0.94,-2.94,-1.98,-0.96,296,2025.0
2025,1641733,Nick Smith Jr.,CHO,1359,-3.8,-2.66,-6.47,1.669,1.639,-3.26,-2.28,-5.54,-6.47,-3.8,-2.66,429,2025.0
2025,1641736,Reece Beekman,BRK,464,-2.15,-2.03,-4.18,1.958,2.012,-0.57,-0.54,-1.11,-4.18,-2.15,-2.03,307,2025.0
2025,1641737,Adem Bona,PHI,893,-1.39,-0.07,-1.46,1.589,1.952,-0.74,-0.04,-0.77,-1.46,-1.39,-0.07,281,2025.0
2025,1641739,Toumani Camara,POR,2480,-1.02,1.68,0.65,1.149,1.331,-1.52,2.5,0.97,0.65,-1.02,1.68,109,2025.0
2025,1641740,Jaylen Clark,MIN,503,0.0,-0.65,-0.65,1.83,1.973,0.0,-0.19,-0.19,-0.65,0.0,-0.65,209,2025.0
2025,1641741,Ricky Council IV,PHI,1234,-2.44,-2.03,-4.47,1.478,1.503,-1.79,-1.49,-3.28,-4.47,-2.44,-2.03,403,2025.0
2025,1641744,Zach Edey,MEM,1386,2.1,-0.29,1.81,1.383,1.662,1.7,-0.24,1.46,1.81,2.1,-0.29,91,2025.0
2025,1641748,Andre Jackson Jr.,MIL,975,-2.26,-3.2,-5.46,1.472,1.588,-1.26,-1.79,-3.06,-5.46,-2.26,-3.2,397,2025.0
2025,1641757,Jordan Miller,LAC,414,-1.44,-2.34,-3.77,1.966,2.043,-0.33,-0.54,-0.88,-3.77,-1.44,-2.34,293,2025.0
2025,1641763,Julian Phillips,CHI,1120,-1.66,-0.48,-2.14,1.512,1.663,-1.05,-0.3,-1.35,-2.14,-1.66,-0.48,321,2025.0
2025,1641764,Brandin Podziemski,GSW,1654,-0.62,2.51,1.89,1.483,1.494,-0.58,2.35,1.77,1.89,-0.62,2.51,78,2025.0
2025,1641765,Olivier-Maxence Prosper,DAL,565,-2.73,-1.41,-4.14,1.848,2.098,-0.96,-0.5,-1.46,-4.14,-2.73,-1.41,330,2025.0
2025,1641767,Ben Sheppard,IND,1187,-1.26,-2.24,-3.5,1.394,1.503,-0.89,-1.57,-2.46,-3.5,-1.26,-2.24,375,2025.0
2025,1641774,Tristan Vukcevic,WAS,485,-0.1,-0.39,-0.49,2.191,2.396,-0.03,-0.12,-0.15,-0.49,-0.1,-0.39,205,2025.0
2025,1641775,Jordan Walsh,BOS,385,-1.9,-1.78,-3.69,2.218,2.638,-0.43,-0.41,-0.84,-3.69,-1.9,-1.78,287,2025.0
2025,1641783,Tristan da Silva,ORL,1631,-3.4,-0.56,-3.97,1.309,1.404,-3.3,-0.54,-3.84,-3.97,-3.4,-0.56,414,2025.0
2025,1641787,Tosan Evbuomwan,BRK,666,-3.13,0.19,-2.94,1.755,1.807,-1.19,0.07,-1.12,-2.94,-3.13,0.19,309,2025.0
2025,1641794,Dillon Jones,OKC,533,-1.64,-0.66,-2.3,1.782,1.952,-0.52,-0.21,-0.73,-2.3,-1.64,-0.66,276,2025.0
2025,1641796,Pelle Larsson,MIA,771,-2.0,-0.59,-2.59,1.624,1.705,-1.06,-0.31,-1.37,-2.59,-2.0,-0.59,324,2025.0
2025,1641810,Antonio Reeves,NOP,654,-1.51,-1.33,-2.84,1.746,1.751,-0.56,-0.49,-1.05,-2.84,-1.51,-1.33,301,2025.0
2025,1641816,Hunter Tyson,DEN,407,-2.72,-0.32,-3.04,1.943,2.225,-0.66,-0.08,-0.73,-3.04,-2.72,-0.32,277,2025.0
2025,1641824,Matas Buzelis,CHI,1494,-0.22,-2.24,-2.45,1.565,1.618,-0.18,-1.88,-2.06,-2.45,-0.22,-2.24,361,2025.0
2025,1641842,Ronald Holland II,DET,1267,-2.89,0.47,-2.43,1.372,1.4,-2.31,0.37,-1.94,-2.43,-2.89,0.47,353,2025.0
2025,1641854,Craig Porter Jr.,CLE,490,-1.25,-0.54,-1.79,1.93,1.918,-0.36,-0.16,-0.52,-1.79,-1.25,-0.54,247,2025.0
2025,1641871,Duop Reath,POR,451,0.55,-0.8,-0.25,1.8,2.149,0.15,-0.22,-0.07,-0.25,0.55,-0.8,194,2025.0
2025,1641878,Damion Baugh,CHO,352,-2.01,-2.87,-4.89,2.204,2.199,-0.45,-0.64,-1.08,-4.89,-2.01,-2.87,305,2025.0
2025,1641998,Trey Jemison III,LAL,382,-2.3,-0.54,-2.84,1.848,2.318,-0.45,-0.11,-0.56,-2.84,-2.3,-0.54,252,2025.0
2025,1642258,Zaccharie Risacher,ATL,1836,-1.45,-3.45,-4.9,1.607,1.625,-1.77,-4.21,-5.99,-4.9,-1.45,-3.45,432,2025.0
2025,1642259,Alex Sarr,WAS,1791,-2.28,-1.02,-3.3,1.608,1.797,-2.57,-1.14,-3.71,-3.3,-2.28,-1.02,410,2025.0
2025,1642261,Dalton Knecht,LAL,1471,-2.62,0.27,-2.35,1.388,1.439,-1.98,0.21,-1.77,-2.35,-2.62,0.27,347,2025.0
2025,1642262,Cody Williams,UTA,1009,-6.0,-4.12,-10.11,1.655,1.775,-3.65,-2.51,-6.15,-10.11,-6.0,-4.12,433,2025.0
2025,1642263,Reed Sheppard,HOU,639,-2.12,-3.26,-5.38,2.081,2.027,-0.82,-1.26,-2.08,-5.38,-2.12,-3.26,362,2025.0
2025,1642264,Stephon Castle,SAS,2116,-0.7,-3.45,-4.15,1.639,1.471,-0.96,-4.78,-5.75,-4.15,-0.7,-3.45,431,2025.0
2025,1642265,Rob Dillingham,MIN,489,-1.25,-3.06,-4.32,2.404,2.228,-0.36,-0.89,-1.25,-4.32,-1.25,-3.06,317,2025.0
2025,1642266,Ja'Kobe Walter,TOR,1081,-1.27,-2.02,-3.29,1.725,1.741,-0.8,-1.28,-2.08,-3.29,-1.27,-2.02,363,2025.0
2025,1642267,Bub Carrington,WAS,2439,-1.45,-1.07,-2.52,1.514,1.507,-2.22,-1.63,-3.85,-2.52,-1.45,-1.07,415,2025.0
2025,1642268,Isaiah Collier,UTA,1796,-1.4,-3.59,-4.99,1.579,1.521,-1.51,-3.89,-5.4,-4.99,-1.4,-3.59,426,2025.0
2025,1642269,Devin Carter,SAC,379,-0.44,-0.15,-0.58,2.312,2.25,-0.1,-0.03,-0.14,-0.58,-0.44,-0.15,203,2025.0
2025,1642270,Donovan Clingan,POR,1298,-0.07,3.14,3.07,1.498,1.842,-0.05,2.44,2.39,3.07,-0.07,3.14,68,2025.0
2025,1642271,Kyle Filipowski,UTA,1482,-0.35,-1.19,-1.53,1.452,1.703,-0.31,-1.06,-1.37,-1.53,-0.35,-1.19,325,2025.0
2025,1642272,Jared McCain,PHI,573,0.26,0.34,0.6,2.25,2.126,0.09,0.11,0.2,0.6,0.26,0.34,164,2025.0
2025,1642273,Kyshawn George,WAS,1763,-1.77,-1.49,-3.26,1.425,1.473,-1.96,-1.65,-3.61,-3.26,-1.77,-1.49,407,2025.0
2025,1642274,Yves Missi,NOP,1945,-3.27,-1.74,-5.01,1.367,1.679,-3.6,-1.91,-5.51,-5.01,-3.27,-1.74,428,2025.0
2025,1642275,Tidjane Salaun,CHO,1190,-5.27,-0.92,-6.19,1.663,1.91,-3.95,-0.69,-4.64,-6.19,-5.27,-0.92,423,2025.0
2025,1642276,Kel'el Ware,MIA,1416,-0.65,1.46,0.81,1.514,1.803,-0.63,1.42,0.79,0.81,-0.65,1.46,121,2025.0
2025,1642277,Johnny Furphy,IND,370,-1.13,-0.77,-1.89,2.346,2.502,-0.25,-0.17,-0.42,-1.89,-1.13,-0.77,232,2025.0
2025,1642278,Tyler Kolek,NYK,279,-0.64,-0.92,-1.55,2.471,2.459,-0.11,-0.15,-0.26,-1.55,-0.64,-0.92,218,2025.0
2025,1642281,Jaylon Tyson,CLE,439,-2.04,-0.12,-2.16,2.112,2.149,-0.53,-0.03,-0.56,-2.16,-2.04,-0.12,253,2025.0
2025,1642345,Oso Ighodaro,PHO,1024,-2.46,1.38,-1.08,1.459,1.735,-1.43,0.8,-0.63,-1.08,-2.46,1.38,265,2025.0
2025,1642346,Ryan Dunn,PHO,1389,-3.87,-0.1,-3.97,1.43,1.51,-3.04,-0.08,-3.12,-3.97,-3.87,-0.1,399,2025.0
2025,1642347,Jamal Shead,TOR,1445,-2.85,-1.46,-4.32,1.517,1.466,-2.41,-1.24,-3.64,-4.32,-2.85,-1.46,408,2025.0
2025,1642348,Justin Edwards,PHI,1143,-1.39,-4.67,-6.06,1.57,1.654,-0.95,-3.17,-4.11,-6.06,-1.39,-4.67,419,2025.0
2025,1642349,Ajay Mitchell,OKC,582,-2.22,2.06,-0.16,1.882,1.939,-0.77,0.71,-0.05,-0.16,-2.22,2.06,189,2025.0
2025,1642354,KJ Simpson,CHO,809,-4.8,-2.46,-7.26,1.791,1.721,-2.45,-1.25,-3.71,-7.26,-4.8,-2.46,411,2025.0
2025,1642358,AJ Johnson,WAS,624,-5.18,-2.78,-7.96,2.165,2.065,-2.03,-1.09,-3.12,-7.96,-5.18,-2.78,400,2025.0
2025,1642366,Quinten Post,GSW,664,-0.95,0.39,-0.56,1.7,1.865,-0.36,0.15,-0.21,-0.56,-0.95,0.39,212,2025.0
2025,1642367,Jonathan Mogbo,TOR,1246,-3.81,-1.42,-5.22,1.38,1.589,-2.77,-1.03,-3.8,-5.22,-3.81,-1.42,412,2025.0
2025,1642377,Jaylen Wells,MEM,2019,-0.48,-2.29,-2.77,1.386,1.432,-0.57,-2.7,-3.27,-2.77,-0.48,-2.29,402,2025.0
2025,1642403,Isaac Jones,SAC,277,-2.05,-2.24,-4.29,2.285,2.595,-0.35,-0.38,-0.73,-4.29,-2.05,-2.24,278,2025.0
2025,1642419,Jamison Battle,TOR,1009,-1.33,-2.2,-3.53,1.482,1.588,-0.78,-1.3,-2.08,-3.53,-1.33,-2.2,364,2025.0
2026,2544,LeBron James,LAL,2415,1.92,1.71,3.63,1.78,1.647,2.31,2.06,4.37,3.63,1.92,1.71,28,2026.0
2026,201142,Kevin Durant,HOU,2761,3.16,1.05,4.2,1.7,1.706,4.76,1.58,6.33,4.2,3.16,1.05,11,2026.0
2026,201143,Al Horford,GSW,919,0.6,1.41,2.01,1.845,2.279,0.33,0.76,1.09,2.01,0.6,1.41,106,2026.0
2026,201144,Mike Conley,MIN,1128,-1.35,1.56,0.21,1.896,1.915,-0.81,0.94,0.13,0.21,-1.35,1.56,172,2026.0
2026,201566,Russell Westbrook,SAC,1781,-0.27,-2.48,-2.75,1.869,1.714,-0.26,-2.44,-2.7,-2.75,-0.27,-2.48,412,2026.0
2026,201567,Kevin Love,UTA,583,1.78,-0.29,1.49,2.439,2.545,0.67,-0.11,0.56,1.49,1.78,-0.29,131,2026.0
2026,201572,Brook Lopez,LAC,1600,-1.35,2.22,0.88,1.629,1.97,-1.27,2.09,0.82,0.88,-1.35,2.22,116,2026.0
2026,201587,Nicolas Batum,LAC,1250,-0.73,0.74,0.01,1.695,2.016,-0.54,0.55,0.01,0.01,-0.73,0.74,186,2026.0
2026,201935,James Harden,LAC,3040,1.23,0.67,1.9,1.769,1.534,2.2,1.19,3.4,1.9,1.23,0.67,41,2026.0
2026,201939,Stephen Curry,GSW,1248,6.85,-0.83,6.02,2.154,1.865,5.04,-0.61,4.43,6.02,6.85,-0.83,26,2026.0
2026,201942,DeMar DeRozan,SAC,2304,0.06,-0.08,-0.02,1.69,1.641,0.08,-0.1,-0.03,-0.02,0.06,-0.08,191,2026.0
2026,201950,Jrue Holiday,POR,1664,1.11,0.88,1.99,1.635,1.627,1.02,0.81,1.84,1.99,1.11,0.88,77,2026.0
2026,202331,Paul George,PHI,1503,-0.14,2.47,2.33,1.708,1.802,-0.11,1.86,1.76,2.33,-0.14,2.47,80,2026.0
2026,202685,Jonas Valančiūnas,DEN,856,0.93,1.1,2.04,1.758,1.977,0.44,0.52,0.95,2.04,0.93,1.1,110,2026.0
2026,202691,Klay Thompson,DAL,1441,-0.65,-1.25,-1.9,1.713,1.717,-0.59,-1.15,-1.74,-1.9,-0.65,-1.25,364,2026.0
2026,202695,Kawhi Leonard,LAC,2051,4.18,3.22,7.4,1.596,1.51,5.04,3.89,8.92,7.4,4.18,3.22,5,2026.0
2026,202696,Nikola Vucevic,CHI,1870,0.76,0.58,1.34,1.577,1.781,0.72,0.54,1.26,1.34,0.76,0.58,95,2026.0
2026,202699,Tobias Harris,DET,2044,0.18,1.47,1.65,1.366,1.53,0.19,1.57,1.77,1.65,0.18,1.47,79,2026.0
2026,202710,Jimmy Butler III,GSW,1123,2.98,2.32,5.31,1.891,2.049,1.98,1.54,3.51,5.31,2.98,2.32,38,2026.0
2026,203076,Anthony Davis,DAL,615,1.62,3.62,5.24,2.021,2.114,0.63,1.42,2.06,5.24,1.62,3.62,69,2026.0
2026,203083,Andre Drummond,PHI,1334,-1.86,0.3,-1.56,1.437,1.678,-1.25,0.2,-1.05,-1.56,-1.86,0.3,319,2026.0
2026,203084,Harrison Barnes,SAS,2067,0.28,-0.5,-0.23,1.336,1.526,0.28,-0.51,-0.23,-0.23,0.28,-0.5,226,2026.0
2026,203110,Draymond Green,GSW,1847,-1.26,1.63,0.36,1.509,1.72,-1.38,1.77,0.4,0.36,-1.26,1.63,144,2026.0
2026,203114,Khris Middleton,WAS,1383,0.08,-1.91,-1.82,1.649,1.649,0.07,-1.59,-1.52,-1.82,0.08,-1.91,356,2026.0
2026,203468,CJ McCollum,ATL,2383,1.12,0.41,1.53,1.621,1.439,1.44,0.52,1.96,1.53,1.12,0.41,72,2026.0
2026,203471,Dennis Schroder,SAC,1883,-3.03,0.14,-2.89,1.474,1.381,-3.15,0.15,-3.01,-2.89,-3.03,0.14,415,2026.0
2026,203482,Kelly Olynyk,SAS,373,0.63,0.23,0.86,2.359,2.772,0.12,0.04,0.16,0.86,0.63,0.23,169,2026.0
2026,203484,Kentavious Caldwell-Pope,MEM,994,-3.06,1.24,-1.82,1.522,1.635,-1.82,0.74,-1.08,-1.82,-3.06,1.24,322,2026.0
2026,203497,Rudy Gobert,MIN,2681,-0.68,4.49,3.8,1.212,1.511,-0.97,6.4,5.43,3.8,-0.68,4.49,15,2026.0
2026,203500,Steven Adams,HOU,691,0.03,3.12,3.16,1.642,2.033,0.01,1.18,1.19,3.16,0.03,3.12,99,2026.0
2026,203501,Tim Hardaway Jr.,DEN,2197,-1.33,-1.22,-2.55,1.357,1.409,-1.6,-1.46,-3.06,-2.55,-1.33,-1.22,417,2026.0
2026,203507,Giannis Antetokounmpo,MIL,1023,7.16,2.83,9.99,1.773,1.677,4.31,1.7,6.01,9.99,7.16,2.83,12,2026.0
2026,203897,Zach LaVine,SAC,1195,0.58,-0.66,-0.08,1.554,1.46,0.38,-0.43,-0.05,-0.08,0.58,-0.66,193,2026.0
2026,203903,Jordan Clarkson,NYK,1369,-1.86,-1.07,-2.93,1.703,1.563,-1.35,-0.77,-2.12,-2.93,-1.86,-1.07,390,2026.0
2026,203914,Gary Harris,MIL,655,-2.06,0.29,-1.78,1.668,1.799,-0.79,0.11,-0.68,-1.78,-2.06,0.29,273,2026.0
2026,203924,Jerami Grant,POR,1736,-0.77,-1.23,-2.01,1.336,1.468,-0.74,-1.18,-1.93,-2.01,-0.77,-1.23,380,2026.0
2026,203926,Doug McDermott,SAC,412,-2.01,-2.15,-4.17,2.272,2.425,-0.46,-0.49,-0.95,-4.17,-2.01,-2.15,309,2026.0
2026,203932,Aaron Gordon,DEN,1035,-0.06,1.03,0.96,1.473,1.626,-0.04,0.58,0.55,0.96,-0.06,1.03,133,2026.0
2026,203935,Marcus Smart,LAL,2064,-1.82,1.83,0.01,1.383,1.309,-1.88,1.88,0.01,0.01,-1.82,1.83,187,2026.0
2026,203937,Kyle Anderson,MIN,876,-2.07,1.75,-0.32,1.609,1.714,-0.96,0.81,-0.15,-0.32,-2.07,1.75,211,2026.0
2026,203939,Dwight Powell,DAL,878,-0.27,0.62,0.35,1.631,2.055,-0.15,0.35,0.2,0.35,-0.27,0.62,163,2026.0
2026,203944,Julius Randle,MIN,2939,0.84,-0.51,0.32,1.28,1.33,1.31,-0.8,0.51,0.32,0.84,-0.51,135,2026.0
2026,203952,Andrew Wiggins,MIA,1991,-0.21,0.23,0.02,1.342,1.309,-0.25,0.27,0.02,0.02,-0.21,0.23,183,2026.0
2026,203954,Joel Embiid,PHI,1396,3.44,3.17,6.62,1.586,1.603,2.42,2.23,4.65,6.62,3.44,3.17,24,2026.0
2026,203991,Clint Capela,HOU,883,-1.01,1.14,0.13,1.517,1.817,-0.49,0.55,0.06,0.13,-1.01,1.14,180,2026.0
2026,203992,Bogdan Bogdanovic,LAC,429,-0.36,0.99,0.63,2.247,2.257,-0.09,0.25,0.16,0.63,-0.36,0.99,170,2026.0
2026,203994,Jusuf Nurkic,UTA,1059,0.9,1.97,2.87,1.498,1.723,0.61,1.34,1.95,2.87,0.9,1.97,73,2026.0
2026,203999,Nikola Jokic,DEN,2419,12.34,2.74,15.07,1.315,1.387,16.32,3.62,19.94,15.07,12.34,2.74,1,2026.0
2026,204001,Kristaps Porzingis,GSW,736,2.04,0.65,2.69,1.714,1.871,0.89,0.28,1.17,2.69,2.04,0.65,101,2026.0
2026,204456,T.J. McConnell,IND,910,1.9,-0.81,1.09,1.879,1.729,0.97,-0.41,0.56,1.09,1.9,-0.81,132,2026.0
2026,1626145,Tyus Jones,ORL,927,-1.21,-2.38,-3.59,1.535,1.521,-0.66,-1.31,-1.97,-3.59,-1.21,-2.38,382,2026.0
2026,1626156,D'Angelo Russell,DAL,437,1.09,-0.65,0.44,2.144,1.962,0.3,-0.18,0.12,0.44,1.09,-0.65,173,2026.0
2026,1626157,Karl-Anthony Towns,NYK,2641,2.92,1.84,4.76,1.27,1.366,4.08,2.57,6.65,4.76,2.92,1.84,9,2026.0
2026,1626162,Kelly Oubre Jr.,PHI,1910,-1.96,-1.5,-3.46,1.279,1.32,-1.88,-1.44,-3.32,-3.46,-1.96,-1.5,423,2026.0
2026,1626164,Devin Booker,PHO,2190,1.75,0.63,2.37,1.378,1.246,2.24,0.8,3.04,2.37,1.75,0.63,50,2026.0
2026,1626166,Cameron Payne,PHI,349,-0.54,-0.17,-0.7,2.377,2.246,-0.09,-0.03,-0.12,-0.7,-0.54,-0.17,201,2026.0
2026,1626167,Myles Turner,MIL,1841,-0.4,0.69,0.29,1.248,1.434,-0.43,0.74,0.31,0.29,-0.4,0.69,156,2026.0
2026,1626171,Bobby Portis,MIL,1525,-0.72,-0.14,-0.86,1.402,1.471,-0.65,-0.12,-0.77,-0.86,-0.72,-0.14,285,2026.0
2026,1626172,Kevon Looney,NOP,302,-0.47,2.14,1.67,2.05,2.546,-0.08,0.37,0.29,1.67,-0.47,2.14,158,2026.0
2026,1626181,Norman Powell,MIA,1672,2.69,-0.05,2.63,1.535,1.431,2.68,-0.05,2.62,2.63,2.69,-0.05,56,2026.0
2026,1626192,Pat Connaughton,CHO,272,-2.69,0.11,-2.58,2.61,2.707,-0.44,0.02,-0.42,-2.58,-2.69,0.11,247,2026.0
2026,1626204,Larry Nance Jr.,CLE,432,-0.88,0.13,-0.75,2.109,2.411,-0.2,0.03,-0.17,-0.75,-0.88,0.13,218,2026.0
2026,1626220,Royce O'Neale,PHO,2233,-0.41,0.29,-0.12,1.274,1.362,-0.53,0.38,-0.15,-0.12,-0.41,0.29,212,2026.0
2026,1627734,Domantas Sabonis,SAC,552,3.28,2.04,5.31,1.775,2.021,1.0,0.62,1.62,5.31,3.28,2.04,84,2026.0
2026,1627739,Kris Dunn,LAC,2228,-1.58,1.24,-0.34,1.254,1.29,-2.07,1.62,-0.45,-0.34,-1.58,1.24,251,2026.0
2026,1627741,Buddy Hield,GSW,782,-0.76,-0.65,-1.41,1.858,1.83,-0.35,-0.3,-0.65,-1.41,-0.76,-0.65,269,2026.0
2026,1627742,Brandon Ingram,TOR,2699,-1.0,0.92,-0.08,1.296,1.198,-1.43,1.31,-0.12,-0.08,-1.0,0.92,202,2026.0
2026,1627747,Caris LeVert,DET,1300,-1.37,0.5,-0.87,1.473,1.468,-0.94,0.34,-0.59,-0.87,-1.37,0.5,264,2026.0
2026,1627749,Dejounte Murray,NOP,392,1.12,-1.91,-0.8,2.307,2.045,0.25,-0.43,-0.18,-0.8,1.12,-1.91,220,2026.0
2026,1627750,Jamal Murray,DEN,2882,2.67,-0.61,2.07,1.269,1.162,4.21,-0.96,3.26,2.07,2.67,-0.61,43,2026.0
2026,1627751,Jakob Poeltl,TOR,1260,2.72,1.83,4.55,1.364,1.6,1.82,1.22,3.04,4.55,2.72,1.83,51,2026.0
2026,1627752,Taurean Prince,MIL,591,-0.18,-2.47,-2.65,1.703,1.882,-0.06,-0.86,-0.92,-2.65,-0.18,-2.47,303,2026.0
2026,1627759,Jaylen Brown,BOS,2620,0.31,-0.19,0.11,1.303,1.219,0.43,-0.27,0.16,0.11,0.31,-0.19,171,2026.0
2026,1627780,Gary Payton II,GSW,1068,1.24,0.26,1.5,1.617,1.668,0.78,0.16,0.95,1.5,1.24,0.26,111,2026.0
2026,1627783,Pascal Siakam,IND,1962,1.22,1.92,3.15,1.366,1.431,1.34,2.11,3.46,3.15,1.22,1.92,39,2026.0
2026,1627824,Guerschon Yabusele,CHI,970,-1.34,-1.33,-2.67,1.429,1.719,-0.65,-0.65,-1.3,-2.67,-1.34,-1.33,333,2026.0
2026,1627826,Ivica Zubac,LAC,1424,-0.15,2.78,2.63,1.291,1.501,-0.13,2.33,2.2,2.63,-0.15,2.78,66,2026.0
2026,1627827,Dorian Finney-Smith,HOU,647,-1.35,1.03,-0.32,1.689,2.002,-0.48,0.36,-0.11,-0.32,-1.35,1.03,200,2026.0
2026,1627884,Derrick Jones Jr.,LAC,1231,-0.64,0.51,-0.13,1.338,1.416,-0.46,0.37,-0.09,-0.13,-0.64,0.51,198,2026.0
2026,1627936,Alex Caruso,OKC,1128,-0.29,4.48,4.19,1.464,1.524,-0.19,2.94,2.74,4.19,-0.29,4.48,54,2026.0
2026,1628366,Lonzo Ball,CLE,721,-0.54,0.45,-0.09,1.634,1.624,-0.21,0.17,-0.04,-0.09,-0.54,0.45,192,2026.0
2026,1628368,De'Aaron Fox,SAS,2580,2.26,0.55,2.81,1.347,1.183,2.88,0.7,3.58,2.81,2.26,0.55,37,2026.0
2026,1628369,Jayson Tatum,BOS,712,1.61,1.81,3.42,1.791,1.756,0.61,0.69,1.3,3.42,1.61,1.81,94,2026.0
2026,1628370,Malik Monk,SAC,1302,0.21,-1.23,-1.02,1.455,1.376,0.15,-0.88,-0.73,-1.02,0.21,-1.23,280,2026.0
2026,1628371,Jonathan Isaac,ORL,453,-2.14,3.06,0.92,1.819,2.068,-0.57,0.82,0.25,0.92,-2.14,3.06,160,2026.0
2026,1628374,Lauri Markkanen,UTA,1407,3.22,0.29,3.51,1.382,1.451,2.91,0.26,3.17,3.51,3.22,0.29,48,2026.0
2026,1628378,Donovan Mitchell,CLE,2936,3.95,0.99,4.94,1.329,1.184,6.21,1.55,7.76,4.94,3.95,0.99,6,2026.0
2026,1628379,Luke Kennard,LAL,1879,1.87,-1.4,0.47,1.225,1.285,1.75,-1.31,0.44,0.47,1.87,-1.4,141,2026.0
2026,1628381,John Collins,LAC,1828,-0.02,-0.04,-0.06,1.305,1.367,-0.02,-0.04,-0.06,-0.06,-0.02,-0.04,195,2026.0
2026,1628384,OG Anunoby,NYK,2504,0.14,2.13,2.27,1.174,1.286,0.19,2.82,3.0,2.27,0.14,2.13,52,2026.0
2026,1628386,Jarrett Allen,CLE,2016,2.77,1.21,3.98,1.146,1.384,2.99,1.3,4.3,3.98,2.77,1.21,30,2026.0
2026,1628389,Bam Adebayo,MIA,2268,-0.28,3.63,3.35,1.216,1.359,-0.37,4.91,4.53,3.35,-0.28,3.63,25,2026.0
2026,1628392,Isaiah Hartenstein,OKC,1418,0.94,3.67,4.62,1.25,1.497,0.78,3.03,3.8,4.62,0.94,3.67,33,2026.0
2026,1628396,Tony Bradley,IND,480,-2.22,-0.18,-2.4,1.817,2.1,-0.6,-0.05,-0.65,-2.4,-2.22,-0.18,270,2026.0
2026,1628398,Kyle Kuzma,MIL,1738,-2.16,-2.16,-4.32,1.325,1.428,-2.21,-2.21,-4.42,-4.32,-2.16,-2.16,436,2026.0
2026,1628401,Derrick White,BOS,2819,0.54,3.3,3.84,1.26,1.251,0.82,4.97,5.79,3.84,0.54,3.3,13,2026.0
2026,1628404,Josh Hart,NYK,2378,-0.13,1.33,1.2,1.204,1.253,-0.16,1.67,1.51,1.2,-0.13,1.33,89,2026.0
2026,1628415,Dillon Brooks,PHO,1769,-1.29,-0.89,-2.18,1.284,1.342,-1.34,-0.92,-2.26,-2.18,-1.29,-0.89,394,2026.0
2026,1628418,Thomas Bryant,CLE,721,-0.76,0.05,-0.71,1.529,1.823,-0.29,0.02,-0.27,-0.71,-0.76,0.05,233,2026.0
2026,1628436,Luke Kornet,SAS,1567,1.86,2.57,4.44,1.203,1.516,1.44,1.99,3.43,4.44,1.86,2.57,40,2026.0
2026,1628467,Maxi Kleber,LAL,430,-0.62,-0.12,-0.74,2.125,2.528,-0.13,-0.03,-0.16,-0.74,-0.62,-0.12,217,2026.0
2026,1628960,Grayson Allen,PHO,1423,0.89,-0.16,0.73,1.375,1.396,0.74,-0.13,0.61,0.73,0.89,-0.16,125,2026.0
2026,1628963,Marvin Bagley III,WAS,1166,1.86,-0.14,1.72,1.406,1.523,1.31,-0.1,1.21,1.72,1.86,-0.14,98,2026.0
2026,1628969,Mikal Bridges,NYK,3026,-0.17,1.06,0.89,1.162,1.191,-0.27,1.69,1.42,0.89,-0.17,1.06,90,2026.0
2026,1628970,Miles Bridges,CHO,2293,-0.36,1.13,0.77,1.288,1.301,-0.49,1.54,1.05,0.77,-0.36,1.13,107,2026.0
2026,1628971,Bruce Brown,DEN,2036,-3.21,-2.11,-5.32,1.276,1.251,-3.57,-2.35,-5.92,-5.32,-3.21,-2.11,444,2026.0
2026,1628973,Jalen Brunson,NYK,2959,2.84,0.34,3.18,1.349,1.171,4.44,0.53,4.98,3.18,2.84,0.34,21,2026.0
2026,1628975,Jevon Carter,CHI,585,-1.78,0.1,-1.67,1.91,1.801,-0.52,0.03,-0.49,-1.67,-1.78,0.1,254,2026.0
2026,1628976,Wendell Carter Jr.,ORL,2319,-0.94,1.47,0.53,1.122,1.353,-1.29,2.02,0.73,0.53,-0.94,1.47,118,2026.0
2026,1628978,Donte DiVincenzo,MIN,2529,1.43,0.68,2.11,1.218,1.214,1.93,0.91,2.84,2.11,1.43,0.68,53,2026.0
2026,1628983,Shai Gilgeous-Alexander,OKC,2480,8.92,2.3,11.22,1.434,1.186,12.86,3.32,16.17,11.22,8.92,2.3,2,2026.0
2026,1628988,Aaron Holiday,HOU,792,-0.79,1.73,0.94,1.621,1.595,-0.34,0.75,0.41,0.94,-0.79,1.73,142,2026.0
2026,1628989,Kevin Huerter,CHI,1527,-0.09,0.31,0.22,1.302,1.323,-0.07,0.24,0.17,0.22,-0.09,0.31,167,2026.0
2026,1628991,Jaren Jackson Jr.,MEM,1314,0.56,1.82,2.38,1.433,1.532,0.44,1.43,1.87,2.38,0.56,1.82,76,2026.0
2026,1628997,Caleb Martin,DAL,817,-3.42,0.53,-2.9,1.52,1.645,-1.78,0.27,-1.51,-2.9,-3.42,0.53,354,2026.0
2026,1629001,De'Anthony Melton,GSW,1064,-0.76,-0.84,-1.59,1.519,1.452,-0.48,-0.53,-1.0,-1.59,-0.76,-0.84,315,2026.0
2026,1629004,Svi Mykhailiuk,UTA,1114,0.79,-0.03,0.76,1.43,1.454,0.57,-0.02,0.54,0.76,0.79,-0.03,134,2026.0
2026,1629006,Josh Okogie,HOU,1412,-2.7,0.84,-1.86,1.355,1.348,-2.08,0.64,-1.44,-1.86,-2.7,0.84,347,2026.0
2026,1629008,Michael Porter Jr.,BRK,1617,0.83,-0.22,0.61,1.295,1.319,0.79,-0.21,0.58,0.61,0.83,-0.22,128,2026.0
2026,1629011,Mitchell Robinson,NYK,1338,1.16,2.49,3.65,1.205,1.518,0.82,1.76,2.58,3.65,1.16,2.49,58,2026.0
2026,1629012,Collin Sexton,CHO,1563,1.28,-1.07,0.21,1.424,1.316,1.19,-1.0,0.2,0.21,1.28,-1.07,164,2026.0
2026,1629013,Landry Shamet,NYK,1335,-1.09,1.36,0.27,1.313,1.373,-0.77,0.96,0.19,0.27,-1.09,1.36,166,2026.0
2026,1629014,Anfernee Simons,BOS,1305,-0.73,-0.6,-1.33,1.46,1.381,-0.51,-0.42,-0.93,-1.33,-0.73,-0.6,305,2026.0
2026,1629018,Gary Trent Jr.,MIL,1309,-0.82,-3.52,-4.33,1.346,1.374,-0.63,-2.71,-3.34,-4.33,-0.82,-3.52,425,2026.0
2026,1629020,Jarred Vanderbilt,LAL,1122,-1.64,-0.05,-1.69,1.3,1.539,-0.92,-0.03,-0.94,-1.69,-1.64,-0.05,306,2026.0
2026,1629021,Moritz Wagner,ORL,314,1.12,0.11,1.23,2.139,2.476,0.21,0.02,0.23,1.23,1.12,0.11,161,2026.0
2026,1629023,P.J. Washington,DAL,1620,-1.88,-0.48,-2.35,1.285,1.398,-1.94,-0.49,-2.43,-2.35,-1.88,-0.48,406,2026.0
2026,1629026,Kenrich Williams,OKC,434,-0.61,1.95,1.35,1.947,2.232,-0.15,0.49,0.34,1.35,-0.61,1.95,152,2026.0
2026,1629027,Trae Young,ATL,374,4.54,-4.13,0.41,2.362,2.049,0.91,-0.83,0.08,0.41,4.54,-4.13,177,2026.0
2026,1629028,Deandre Ayton,LAL,2178,-1.64,0.48,-1.16,1.171,1.364,-1.78,0.52,-1.25,-1.16,-1.64,0.48,330,2026.0
2026,1629029,Luka Doncic,LAL,2229,6.43,2.07,8.5,1.456,1.215,7.14,2.29,9.44,8.5,6.43,2.07,4,2026.0
2026,1629048,Goga Bitadze,ORL,962,0.89,2.63,3.52,1.357,1.668,0.51,1.5,2.01,3.52,0.89,2.63,70,2026.0
2026,1629057,Robert Williams III,POR,1063,1.81,3.7,5.51,1.289,1.621,1.06,2.18,3.24,5.51,1.81,3.7,44,2026.0
2026,1629060,Rui Hachimura,LAL,2203,-0.76,0.37,-0.39,1.149,1.311,-0.84,0.4,-0.43,-0.39,-0.76,0.37,250,2026.0
2026,1629111,Jock Landale,MEM,1361,0.71,-0.72,-0.02,1.296,1.569,0.57,-0.59,-0.01,-0.02,0.71,-0.72,189,2026.0
2026,1629130,Duncan Robinson,DET,2344,0.33,1.05,1.38,1.268,1.304,0.4,1.3,1.7,1.38,0.33,1.05,83,2026.0
2026,1629162,Jordan McLaughlin,SAS,297,-0.71,1.56,0.85,2.234,2.284,-0.1,0.23,0.12,0.85,-0.71,1.56,174,2026.0
2026,1629216,Gabe Vincent,LAL,939,-1.97,-2.05,-4.02,1.485,1.515,-0.92,-0.96,-1.88,-4.02,-1.97,-2.05,374,2026.0
2026,1629234,Drew Eubanks,SAC,526,-2.19,-0.52,-2.71,1.667,2.031,-0.63,-0.15,-0.79,-2.71,-2.19,-0.52,288,2026.0
2026,1629599,Amir Coffey,MIL,465,-2.39,-1.04,-3.43,1.838,1.912,-0.65,-0.29,-0.94,-3.43,-2.39,-1.04,307,2026.0
2026,1629611,Terance Mann,BRK,1522,-1.51,-0.76,-2.28,1.286,1.346,-1.35,-0.68,-2.03,-2.28,-1.51,-0.76,385,2026.0
2026,1629614,Andrew Nembhard,IND,1708,-1.46,0.44,-1.02,1.259,1.295,-1.4,0.42,-0.98,-1.02,-1.46,0.44,313,2026.0
2026,1629618,Jalen Pickett,DEN,764,-2.05,2.03,-0.02,1.513,1.61,-0.86,0.85,-0.01,-0.02,-2.05,2.03,190,2026.0
2026,1629622,Max Strus,CLE,732,-0.74,0.14,-0.6,1.548,1.67,-0.29,0.06,-0.23,-0.6,-0.74,0.14,227,2026.0
2026,1629627,Zion Williamson,NOP,1775,3.83,0.48,4.3,1.466,1.393,3.86,0.48,4.34,4.3,3.83,0.48,29,2026.0
2026,1629628,RJ Barrett,TOR,1954,1.37,-1.04,0.32,1.374,1.288,1.41,-1.08,0.33,0.32,1.37,-1.04,154,2026.0
2026,1629630,Ja Morant,MEM,498,1.24,-0.03,1.21,2.179,1.846,0.37,-0.01,0.36,1.21,1.24,-0.03,150,2026.0
2026,1629631,De'Andre Hunter,CLE,1146,0.47,-2.53,-2.06,1.455,1.443,0.29,-1.55,-1.26,-2.06,0.47,-2.53,331,2026.0
2026,1629632,Coby White,CHI,1155,0.81,-0.11,0.69,1.523,1.443,0.47,-0.07,0.4,0.69,0.81,-0.11,145,2026.0
2026,1629636,Darius Garland,CLE,1325,1.83,-0.86,0.96,1.535,1.362,1.3,-0.61,0.68,0.96,1.83,-0.86,122,2026.0
2026,1629637,Jaxson Hayes,LAL,1314,-0.02,1.47,1.45,1.236,1.551,-0.01,0.96,0.95,1.45,-0.02,1.47,112,2026.0
2026,1629638,Nickeil Alexander-Walker,ATL,2721,0.79,0.07,0.86,1.142,1.179,1.15,0.1,1.26,0.86,0.79,0.07,96,2026.0
2026,1629639,Tyler Herro,MIA,996,1.67,-0.13,1.54,1.623,1.486,0.99,-0.08,0.91,1.54,1.67,-0.13,113,2026.0
2026,1629640,Keldon Johnson,SAS,1999,-0.74,-0.61,-1.35,1.261,1.266,-0.73,-0.6,-1.33,-1.35,-0.74,-0.61,335,2026.0
2026,1629645,Kevin Porter Jr.,MIL,1208,-1.23,1.89,0.66,1.519,1.426,-0.87,1.34,0.47,0.66,-1.23,1.89,137,2026.0
2026,1629651,Nic Claxton,BRK,1899,-1.77,2.08,0.32,1.176,1.407,-1.97,2.32,0.35,0.32,-1.77,2.08,151,2026.0
2026,1629652,Luguentz Dort,OKC,1974,-1.82,-1.09,-2.92,1.162,1.269,-2.09,-1.26,-3.35,-2.92,-1.82,-1.09,426,2026.0
2026,1629655,Daniel Gafford,DAL,1121,2.13,1.38,3.51,1.367,1.59,1.52,0.99,2.51,3.51,2.13,1.38,59,2026.0
2026,1629656,Quentin Grimes,PHI,2371,-1.73,-0.4,-2.13,1.275,1.228,-2.07,-0.48,-2.54,-2.13,-1.73,-0.4,410,2026.0
2026,1629660,Ty Jerome,MEM,341,5.03,0.35,5.38,2.256,2.155,1.03,0.07,1.1,5.38,5.03,0.35,104,2026.0
2026,1629661,Cameron Johnson,DEN,1823,0.91,0.4,1.32,1.305,1.385,0.91,0.4,1.31,1.32,0.91,0.4,93,2026.0
2026,1629673,Jordan Poole,NOP,903,-0.27,-2.41,-2.68,1.686,1.529,-0.14,-1.23,-1.37,-2.68,-0.27,-2.41,338,2026.0
2026,1629674,Neemias Queta,BOS,2012,0.25,3.17,3.42,1.125,1.391,0.27,3.41,3.68,3.42,0.25,3.17,35,2026.0
2026,1629675,Naz Reid,MIN,2263,-0.19,1.98,1.78,1.193,1.359,-0.23,2.38,2.15,1.78,-0.19,1.98,67,2026.0
2026,1629680,Matisse Thybulle,POR,496,-1.39,2.6,1.21,1.778,1.867,-0.38,0.71,0.33,1.21,-1.39,2.6,155,2026.0
2026,1629684,Grant Williams,CHO,528,-0.63,-0.01,-0.64,1.687,1.946,-0.2,-0.0,-0.2,-0.64,-0.63,-0.01,222,2026.0
2026,1629723,John Konchar,UTA,972,-1.28,0.26,-1.02,1.405,1.515,-0.8,0.16,-0.64,-1.02,-1.28,0.26,267,2026.0
2026,1629731,Dean Wade,CLE,1676,-0.72,1.59,0.87,1.185,1.41,-0.65,1.43,0.78,0.87,-0.72,1.59,117,2026.0
2026,1629750,Javonte Green,DET,1463,-0.32,0.97,0.65,1.369,1.476,-0.25,0.75,0.5,0.65,-0.32,0.97,136,2026.0
2026,1630162,Anthony Edwards,MIN,2400,2.75,1.29,4.05,1.409,1.25,3.52,1.65,5.17,4.05,2.75,1.29,17,2026.0
2026,1630163,LaMelo Ball,CHO,1903,4.42,-0.13,4.28,1.58,1.295,5.01,-0.15,4.86,4.28,4.42,-0.13,23,2026.0
2026,1630165,Killian Hayes,SAC,362,-2.66,-2.67,-5.33,2.157,2.153,-0.53,-0.53,-1.07,-5.33,-2.66,-2.67,321,2026.0
2026,1630166,Deni Avdija,POR,2306,2.21,0.32,2.52,1.262,1.247,2.81,0.4,3.22,2.52,2.21,0.32,45,2026.0
2026,1630167,Obi Toppin,IND,396,3.52,-1.79,1.73,1.985,2.167,0.78,-0.4,0.38,1.73,3.52,-1.79,147,2026.0
2026,1630168,Onyeka Okongwu,ATL,2421,2.26,-0.52,1.74,1.142,1.359,2.95,-0.68,2.27,1.74,2.26,-0.52,61,2026.0
2026,1630170,Devin Vassell,SAS,2505,0.38,-0.36,0.02,1.254,1.216,0.46,-0.44,0.02,0.02,0.38,-0.36,184,2026.0
2026,1630171,Isaac Okoro,CHI,1652,-1.51,-0.58,-2.1,1.232,1.321,-1.26,-0.49,-1.74,-2.1,-1.51,-0.58,365,2026.0
2026,1630172,Patrick Williams,CHI,1515,-2.11,-2.83,-4.94,1.305,1.473,-1.61,-2.16,-3.77,-4.94,-2.11,-2.83,431,2026.0
2026,1630173,Precious Achiuwa,SAC,1621,-2.25,-0.34,-2.59,1.193,1.456,-2.01,-0.31,-2.32,-2.59,-2.25,-0.34,396,2026.0
2026,1630174,Aaron Nesmith,IND,1271,0.98,-1.26,-0.28,1.34,1.404,0.7,-0.89,-0.2,-0.28,0.98,-1.26,223,2026.0
2026,1630175,Cole Anthony,MIL,492,-2.29,0.84,-1.46,2.063,1.877,-0.66,0.24,-0.42,-1.46,-2.29,0.84,248,2026.0
2026,1630178,Tyrese Maxey,PHI,3027,2.63,0.73,3.36,1.348,1.167,4.0,1.11,5.11,3.36,2.63,0.73,19,2026.0
2026,1630180,Saddiq Bey,NOP,2175,0.5,-1.61,-1.11,1.183,1.245,0.62,-1.99,-1.37,-1.11,0.5,-1.61,339,2026.0
2026,1630182,Josh Green,CHO,719,-2.57,0.15,-2.41,1.542,1.663,-1.1,0.07,-1.03,-2.41,-2.57,0.15,317,2026.0
2026,1630183,Jaden McDaniels,MIN,2635,-1.6,0.6,-1.01,1.137,1.291,-2.25,0.84,-1.41,-1.01,-1.6,0.6,342,2026.0
2026,1630188,Jalen Smith,CHI,1111,2.89,-0.42,2.47,1.415,1.621,1.61,-0.23,1.38,2.47,2.89,-0.42,91,2026.0
2026,1630191,Isaiah Stewart,DET,1417,-1.71,1.74,0.03,1.238,1.553,-1.27,1.3,0.02,0.03,-1.71,1.74,185,2026.0
2026,1630192,Zeke Nnaji,DEN,594,-2.35,-1.24,-3.6,1.599,1.898,-0.77,-0.4,-1.17,-3.6,-2.35,-1.24,325,2026.0
2026,1630193,Immanuel Quickley,TOR,2191,0.51,0.89,1.4,1.346,1.218,0.59,1.03,1.62,1.4,0.51,0.89,85,2026.0
2026,1630194,Paul Reed,DET,912,2.28,2.45,4.73,1.434,1.694,1.09,1.17,2.26,4.73,2.28,2.45,63,2026.0
2026,1630198,Isaiah Joe,OKC,1399,1.22,1.54,2.76,1.331,1.357,1.0,1.25,2.25,2.76,1.22,1.54,64,2026.0
2026,1630200,Tre Jones,CHI,1735,1.41,-0.15,1.26,1.261,1.278,1.23,-0.13,1.1,1.26,1.41,-0.15,105,2026.0
2026,1630202,Payton Pritchard,BOS,2693,0.61,2.08,2.69,1.221,1.174,0.88,3.0,3.88,2.69,0.61,2.08,31,2026.0
2026,1630208,Nick Richards,CHI,658,-2.14,-2.33,-4.46,1.579,1.879,-0.71,-0.77,-1.48,-4.46,-2.14,-2.33,350,2026.0
2026,1630217,Desmond Bane,ORL,2709,3.42,0.79,4.21,1.232,1.18,5.48,1.27,6.75,4.21,3.42,0.79,8,2026.0
2026,1630224,Jalen Green,PHO,938,-0.08,-0.83,-0.9,1.742,1.606,-0.04,-0.45,-0.5,-0.9,-0.08,-0.83,256,2026.0
2026,1630228,Jonathan Kuminga,ATL,953,-1.65,1.67,0.02,1.685,1.712,-0.84,0.86,0.01,0.02,-1.65,1.67,188,2026.0
2026,1630230,Naji Marshall,DAL,2078,-0.04,-0.05,-0.1,1.231,1.256,-0.06,-0.07,-0.13,-0.1,-0.04,-0.05,204,2026.0
2026,1630241,Sam Merrill,CLE,1683,-0.49,0.89,0.41,1.251,1.316,-0.44,0.81,0.37,0.41,-0.49,0.89,148,2026.0
2026,1630245,Ayo Dosunmu,CHI,2093,-0.61,-1.19,-1.8,1.21,1.242,-0.65,-1.25,-1.9,-1.8,-0.61,-1.19,377,2026.0
2026,1630249,Vit Krejci,ATL,1348,-0.56,-0.15,-0.71,1.337,1.373,-0.4,-0.11,-0.51,-0.71,-0.56,-0.15,258,2026.0
2026,1630256,Jae'Sean Tate,HOU,412,-2.15,0.59,-1.56,1.907,2.089,-0.48,0.13,-0.35,-1.56,-2.15,0.59,238,2026.0
2026,1630264,Anthony Gill,WAS,864,0.48,-0.74,-0.26,1.61,1.9,0.25,-0.38,-0.13,-0.26,0.48,-0.74,205,2026.0
2026,1630311,Pat Spencer,GSW,1177,-1.86,-1.49,-3.35,1.511,1.422,-1.29,-1.04,-2.32,-3.35,-1.86,-1.49,397,2026.0
2026,1630314,Brandon Williams,DAL,1527,-0.23,-1.32,-1.54,1.418,1.315,-0.22,-1.28,-1.5,-1.54,-0.23,-1.32,353,2026.0
2026,1630322,Lindy Waters III,SAS,285,-3.01,0.17,-2.85,2.216,2.318,-0.43,0.02,-0.4,-2.85,-3.01,0.17,244,2026.0
2026,1630526,Jeremiah Robinson-Earl,IND,347,-1.05,-3.23,-4.28,2.002,2.32,-0.2,-0.63,-0.83,-4.28,-1.05,-3.23,291,2026.0
2026,1630529,Herbert Jones,NOP,1632,-1.87,1.62,-0.25,1.219,1.316,-1.73,1.5,-0.23,-0.25,-1.87,1.62,228,2026.0
2026,1630530,Trey Murphy III,NOP,2271,0.95,0.59,1.54,1.272,1.25,1.22,0.77,1.99,1.54,0.95,0.59,71,2026.0
2026,1630532,Franz Wagner,ORL,1051,1.24,3.07,4.31,1.664,1.527,0.77,1.91,2.68,4.31,1.24,3.07,55,2026.0
2026,1630533,Ziaire Williams,BRK,1266,-3.28,-0.0,-3.29,1.397,1.452,-2.44,-0.0,-2.44,-3.29,-3.28,-0.0,407,2026.0
2026,1630534,Ochai Agbaji,TOR,931,-1.88,-0.55,-2.43,1.464,1.534,-0.93,-0.27,-1.2,-2.43,-1.88,-0.55,327,2026.0
2026,1630536,Sharife Cooper,WAS,644,-0.32,-2.04,-2.36,1.853,1.742,-0.13,-0.79,-0.92,-2.36,-0.32,-2.04,304,2026.0
2026,1630538,Bones Hyland,MIN,1250,0.13,0.26,0.4,1.592,1.399,0.09,0.18,0.26,0.4,0.13,0.26,159,2026.0
2026,1630540,Miles McBride,NYK,1317,-0.05,2.36,2.31,1.402,1.381,-0.04,1.65,1.61,2.31,-0.05,2.36,86,2026.0
2026,1630541,Moses Moody,GSW,1486,-1.74,1.33,-0.42,1.396,1.421,-1.53,1.16,-0.36,-0.42,-1.74,1.33,240,2026.0
2026,1630543,Isaiah Jackson,IND,884,1.25,-0.1,1.14,1.489,1.767,0.62,-0.05,0.57,1.14,1.25,-0.1,129,2026.0
2026,1630544,Tre Mann,CHO,600,-3.38,-1.87,-5.25,1.989,1.785,-1.21,-0.67,-1.88,-5.25,-3.38,-1.87,375,2026.0
2026,1630545,Terrence Shannon Jr.,MIN,719,-1.3,-2.5,-3.8,1.639,1.663,-0.5,-0.96,-1.45,-3.8,-1.3,-2.5,348,2026.0
2026,1630549,Day'Ron Sharpe,BRK,1137,0.7,4.28,4.98,1.419,1.644,0.47,2.86,3.32,4.98,0.7,4.28,42,2026.0
2026,1630551,Justin Champagnie,WAS,1296,0.87,-0.44,0.43,1.351,1.444,0.68,-0.34,0.34,0.43,0.87,-0.44,153,2026.0
2026,1630552,Jalen Johnson,ATL,2772,1.69,0.76,2.45,1.238,1.232,2.51,1.14,3.65,2.45,1.69,0.76,36,2026.0
2026,1630557,Corey Kispert,ATL,1112,-1.53,-0.99,-2.52,1.39,1.455,-0.91,-0.59,-1.51,-2.52,-1.53,-0.99,355,2026.0
2026,1630558,Davion Mitchell,MIA,1900,0.25,0.6,0.85,1.225,1.248,0.29,0.68,0.97,0.85,0.25,0.6,108,2026.0
2026,1630559,Austin Reaves,LAL,1938,1.74,0.04,1.79,1.316,1.256,1.68,0.04,1.73,1.79,1.74,0.04,82,2026.0
2026,1630560,Cam Thomas,BRK,848,-0.78,-2.14,-2.92,1.835,1.61,-0.39,-1.07,-1.46,-2.92,-0.78,-2.14,349,2026.0
2026,1630567,Scottie Barnes,TOR,2857,0.8,2.59,3.39,1.275,1.3,1.21,3.91,5.12,3.39,0.8,2.59,18,2026.0
2026,1630568,Luka Garza,BOS,1146,2.37,0.78,3.15,1.453,1.581,1.45,0.48,1.93,3.15,2.37,0.78,75,2026.0
2026,1630570,Trendon Watford,PHI,852,-2.4,0.73,-1.68,1.596,1.687,-1.03,0.31,-0.72,-1.68,-2.4,0.73,279,2026.0
2026,1630572,Sandro Mamukelashvili,TOR,1805,1.74,1.62,3.36,1.265,1.371,1.66,1.55,3.21,3.36,1.74,1.62,46,2026.0
2026,1630573,Sam Hauser,BOS,2035,-0.05,0.95,0.89,1.224,1.337,-0.06,1.03,0.97,0.89,-0.05,0.95,109,2026.0
2026,1630574,Ariel Hukporti,NYK,534,-2.12,-0.32,-2.43,1.703,2.146,-0.6,-0.09,-0.69,-2.43,-2.12,-0.32,274,2026.0
2026,1630577,Julian Champagnie,SAS,2666,0.62,-0.08,0.54,1.181,1.24,0.81,-0.11,0.71,0.54,0.62,-0.08,119,2026.0
2026,1630578,Alperen Sengun,HOU,2540,1.28,2.37,3.65,1.3,1.414,1.77,3.28,5.06,3.65,1.28,2.37,20,2026.0
2026,1630579,Jericho Sims,MIL,1251,-3.0,0.36,-2.65,1.226,1.545,-2.21,0.26,-1.95,-2.65,-3.0,0.36,381,2026.0
2026,1630581,Josh Giddey,CHI,1682,1.86,-0.49,1.37,1.46,1.367,1.57,-0.42,1.16,1.37,1.86,-0.49,103,2026.0
2026,1630583,Santi Aldama,MEM,1061,0.77,-0.15,0.62,1.426,1.582,0.49,-0.09,0.4,0.62,0.77,-0.15,146,2026.0
2026,1630587,Isaiah Livers,PHO,313,-0.91,-3.84,-4.75,2.015,2.379,-0.17,-0.7,-0.87,-4.75,-0.91,-3.84,297,2026.0
2026,1630591,Jalen Suggs,ORL,1726,0.24,1.85,2.08,1.494,1.322,0.24,1.89,2.13,2.08,0.24,1.85,68,2026.0
2026,1630592,Jalen Wilson,BRK,819,-3.23,-0.59,-3.82,1.509,1.708,-1.55,-0.29,-1.84,-3.82,-3.23,-0.59,373,2026.0
2026,1630595,Cade Cunningham,DET,2595,1.71,2.43,4.14,1.455,1.221,2.33,3.3,5.63,4.14,1.71,2.43,14,2026.0
2026,1630596,Evan Mobley,CLE,2666,0.46,2.2,2.67,1.243,1.315,0.66,3.15,3.81,2.67,0.46,2.2,32,2026.0
2026,1630598,Aaron Wiggins,OKC,1256,-0.18,-0.06,-0.24,1.406,1.389,-0.13,-0.04,-0.17,-0.24,-0.18,-0.06,219,2026.0
2026,1630604,E.J. Liddell,BRK,336,-0.84,-1.3,-2.14,2.022,2.35,-0.17,-0.26,-0.42,-2.14,-0.84,-1.3,249,2026.0
2026,1630611,Gui Santos,GSW,1332,0.25,0.64,0.89,1.331,1.562,0.2,0.5,0.7,0.89,0.25,0.64,120,2026.0
2026,1630619,Moussa Cisse,DAL,498,-0.13,-0.28,-0.41,1.838,1.876,-0.04,-0.09,-0.13,-0.41,-0.13,-0.28,206,2026.0
2026,1630623,Tyson Etienne,BRK,372,-2.45,-1.84,-4.29,2.134,2.061,-0.53,-0.4,-0.94,-4.29,-2.45,-1.84,308,2026.0
2026,1630631,Jose Alvarado,NOP,1413,-1.4,1.78,0.38,1.398,1.335,-1.12,1.43,0.31,0.38,-1.4,1.78,157,2026.0
2026,1630639,A.J. Lawson,TOR,255,-0.64,-1.54,-2.19,2.482,2.458,-0.09,-0.21,-0.3,-2.19,-0.64,-1.54,235,2026.0
2026,1630643,Jay Huff,IND,1663,-0.24,0.72,0.48,1.241,1.442,-0.22,0.67,0.45,0.48,-0.24,0.72,140,2026.0
2026,1630679,Ethan Thompson,IND,608,-0.86,-1.0,-1.86,1.712,1.747,-0.29,-0.34,-0.63,-1.86,-0.86,-1.0,266,2026.0
2026,1630692,Jordan Goodwin,PHO,1466,-2.07,2.14,0.07,1.305,1.323,-1.78,1.83,0.06,0.07,-2.07,2.14,181,2026.0
2026,1630695,Micah Potter,IND,860,0.38,0.08,0.46,1.363,1.717,0.18,0.04,0.22,0.46,0.38,0.08,162,2026.0
2026,1630696,Dru Smith,MIA,1048,-1.05,0.66,-0.39,1.385,1.464,-0.66,0.41,-0.24,-0.39,-1.05,0.66,230,2026.0
2026,1630700,Dyson Daniels,ATL,2613,0.73,1.12,1.85,1.3,1.311,1.02,1.58,2.6,1.85,0.73,1.12,57,2026.0
2026,1630702,Jaden Hardy,WAS,851,-0.94,-3.19,-4.13,1.76,1.654,-0.48,-1.64,-2.12,-4.13,-0.94,-3.19,391,2026.0
2026,1630703,Scoot Henderson,POR,856,-1.92,-1.81,-3.73,1.897,1.762,-0.91,-0.86,-1.77,-3.73,-1.92,-1.81,369,2026.0
2026,1630811,Keaton Wallace,ATL,554,-2.62,0.1,-2.52,1.797,1.776,-0.78,0.03,-0.75,-2.52,-2.62,0.1,282,2026.0
2026,1631093,Jaden Ivey,DET,635,-1.17,-1.96,-3.13,1.948,1.818,-0.39,-0.65,-1.04,-3.13,-1.17,-1.96,318,2026.0
2026,1631094,Paolo Banchero,ORL,2443,-0.52,1.63,1.11,1.43,1.372,-0.75,2.36,1.61,1.11,-0.52,1.63,87,2026.0
2026,1631095,Jabari Smith Jr.,HOU,2842,-1.93,1.38,-0.55,1.221,1.385,-2.99,2.15,-0.85,-0.55,-1.93,1.38,296,2026.0
2026,1631096,Chet Holmgren,OKC,2272,1.39,3.86,5.25,1.272,1.443,1.83,5.1,6.93,5.25,1.39,3.86,7,2026.0
2026,1631097,Bennedict Mathurin,IND,1537,-2.25,-1.6,-3.86,1.435,1.424,-1.94,-1.38,-3.32,-3.86,-2.25,-1.6,424,2026.0
2026,1631099,Keegan Murray,SAC,701,-1.37,0.06,-1.3,1.559,1.795,-0.53,0.03,-0.5,-1.3,-1.37,0.06,257,2026.0
2026,1631101,Shaedon Sharpe,POR,1503,-0.66,-1.04,-1.7,1.558,1.467,-0.55,-0.86,-1.41,-1.7,-0.66,-1.04,343,2026.0
2026,1631104,Blake Wesley,POR,346,-2.38,-2.6,-4.98,2.299,2.356,-0.46,-0.5,-0.95,-4.98,-2.38,-2.6,310,2026.0
2026,1631105,Jalen Duren,DET,2306,2.84,0.8,3.64,1.24,1.49,3.44,0.96,4.41,3.64,2.84,0.8,27,2026.0
2026,1631106,Tari Eason,HOU,1671,-0.82,1.44,0.62,1.31,1.44,-0.75,1.32,0.57,0.62,-0.82,1.44,130,2026.0
2026,1631107,Nikola Jovic,MIA,746,-1.64,0.19,-1.45,1.718,1.91,-0.73,0.09,-0.64,-1.45,-1.64,0.19,268,2026.0
2026,1631108,Max Christie,DAL,2140,-1.5,-0.8,-2.3,1.306,1.36,-2.04,-1.09,-3.14,-2.3,-1.5,-0.8,421,2026.0
2026,1631109,Mark Williams,PHO,1441,1.26,0.81,2.07,1.356,1.547,1.06,0.68,1.74,2.07,1.26,0.81,81,2026.0
2026,1631110,Jeremy Sochan,SAS,462,-2.34,-1.8,-4.14,2.045,2.257,-0.53,-0.41,-0.95,-4.14,-2.34,-1.8,311,2026.0
2026,1631113,Kennedy Chandler,UTA,332,-0.6,-2.7,-3.3,2.302,2.291,-0.13,-0.58,-0.7,-3.3,-0.6,-2.7,276,2026.0
2026,1631114,Jalen Williams,OKC,1047,0.88,0.2,1.07,1.645,1.513,0.53,0.12,0.65,1.07,0.88,0.2,123,2026.0
2026,1631119,Jaylin Williams,OKC,1061,-0.51,3.09,2.58,1.435,1.66,-0.31,1.91,1.59,2.58,-0.51,3.09,88,2026.0
2026,1631121,Bryce McGowens,NOP,837,-2.28,-0.85,-3.13,1.795,1.662,-1.08,-0.4,-1.49,-3.13,-2.28,-0.85,351,2026.0
2026,1631123,Jamaree Bouyea,PHO,600,-2.24,1.51,-0.72,1.74,1.727,-0.79,0.53,-0.25,-0.72,-2.24,1.51,231,2026.0
2026,1631124,Julian Strawther,DEN,807,-2.88,-1.83,-4.71,1.659,1.681,-1.27,-0.81,-2.08,-4.71,-2.88,-1.83,389,2026.0
2026,1631126,Caleb Love,POR,971,-2.13,-1.26,-3.38,1.475,1.506,-1.14,-0.67,-1.82,-3.38,-2.13,-1.26,371,2026.0
2026,1631128,Christian Braun,DEN,1536,-0.95,-0.04,-1.0,1.325,1.371,-0.8,-0.04,-0.84,-1.0,-0.95,-0.04,293,2026.0
2026,1631131,Oscar Tshiebwe,UTA,420,0.28,-0.82,-0.54,1.816,2.208,0.08,-0.22,-0.14,-0.54,0.28,-0.82,209,2026.0
2026,1631132,Christian Koloko,ATL,320,-1.48,-0.58,-2.07,1.974,2.487,-0.26,-0.1,-0.36,-2.07,-1.48,-0.58,241,2026.0
2026,1631133,Jabari Walker,PHI,729,-0.05,-0.85,-0.9,1.654,1.754,-0.02,-0.31,-0.33,-0.9,-0.05,-0.85,236,2026.0
2026,1631157,Ryan Rollins,MIL,2282,0.14,0.77,0.91,1.327,1.284,0.19,1.03,1.22,0.91,0.14,0.77,97,2026.0
2026,1631159,Leonard Miller,CHI,687,0.98,-0.68,0.3,1.959,1.851,0.34,-0.24,0.1,0.3,0.98,-0.68,176,2026.0
2026,1631165,Keon Ellis,SAC,1480,-0.59,1.04,0.45,1.251,1.339,-0.48,0.85,0.37,0.45,-0.59,1.04,149,2026.0
2026,1631169,Josh Minott,BOS,805,0.96,1.76,2.72,1.618,1.699,0.41,0.76,1.17,2.72,0.96,1.76,102,2026.0
2026,1631170,Jaime Jaquez Jr.,MIA,2015,-0.14,-0.68,-0.82,1.282,1.306,-0.17,-0.82,-0.99,-0.82,-0.14,-0.68,314,2026.0
2026,1631172,Ousmane Dieng,MIL,980,-3.29,-1.9,-5.19,1.507,1.824,-1.9,-1.09,-2.99,-5.19,-3.29,-1.9,414,2026.0
2026,1631174,Tyler Burton,MEM,293,-1.71,-3.07,-4.78,2.259,2.305,-0.3,-0.54,-0.84,-4.78,-1.71,-3.07,294,2026.0
2026,1631199,Ron Harper Jr.,BOS,341,-1.82,1.1,-0.71,2.204,2.204,-0.33,0.2,-0.13,-0.71,-1.82,1.1,207,2026.0
2026,1631200,Kris Murray,POR,1275,-2.74,1.01,-1.73,1.306,1.421,-1.93,0.71,-1.22,-1.73,-2.74,1.01,329,2026.0
2026,1631204,Marcus Sasser,DET,472,-0.59,-0.58,-1.17,1.989,1.906,-0.15,-0.14,-0.29,-1.17,-0.59,-0.58,234,2026.0
2026,1631207,Dalen Terry,CHI,538,-2.07,-1.14,-3.21,1.844,1.926,-0.56,-0.31,-0.87,-3.21,-2.07,-1.14,298,2026.0
2026,1631212,Peyton Watson,DEN,1554,-2.35,-0.03,-2.38,1.305,1.42,-2.0,-0.03,-2.03,-2.38,-2.35,-0.03,386,2026.0
2026,1631213,Tyrese Martin,BRK,738,-2.7,-1.33,-4.03,1.624,1.628,-1.17,-0.57,-1.74,-4.03,-2.7,-1.33,366,2026.0
2026,1631217,Moussa Diabate,CHO,1833,1.03,1.85,2.89,1.181,1.465,1.13,2.02,3.15,2.89,1.03,1.85,49,2026.0
2026,1631218,Trayce Jackson-Davis,GSW,476,-0.76,0.21,-0.55,1.788,2.133,-0.21,0.06,-0.15,-0.55,-0.76,0.21,213,2026.0
2026,1631221,Collin Gillespie,PHO,2269,1.32,1.46,2.79,1.241,1.21,1.76,1.94,3.7,2.79,1.32,1.46,34,2026.0
2026,1631222,Jake LaRavia,LAL,2066,-1.07,-0.85,-1.91,1.189,1.377,-1.1,-0.87,-1.97,-1.91,-1.07,-0.85,383,2026.0
2026,1631230,Dominick Barlow,PHI,1750,-1.52,-0.46,-1.98,1.324,1.431,-1.34,-0.4,-1.74,-1.98,-1.52,-0.46,367,2026.0
2026,1631243,Mouhamed Gueye,ATL,1180,-2.04,0.83,-1.21,1.411,1.612,-1.29,0.53,-0.77,-1.21,-2.04,0.83,286,2026.0
2026,1631245,Quenton Jackson,IND,751,-0.66,-1.0,-1.65,1.637,1.596,-0.28,-0.42,-0.7,-1.65,-0.66,-1.0,277,2026.0
2026,1631246,Vince Williams Jr.,MEM,654,-1.08,0.19,-0.89,1.679,1.716,-0.42,0.07,-0.35,-0.89,-1.08,0.19,239,2026.0
2026,1631248,Baylor Scheierman,BOS,1462,-1.49,2.24,0.75,1.296,1.359,-1.17,1.75,0.59,0.75,-1.49,2.24,126,2026.0
2026,1631250,Pete Nance,MIL,662,-1.8,-0.08,-1.87,1.507,1.898,-0.7,-0.03,-0.73,-1.87,-1.8,-0.08,281,2026.0
2026,1631255,Karlo Matkovic,NOP,853,-0.5,1.48,0.98,1.509,1.721,-0.24,0.72,0.47,0.98,-0.5,1.48,138,2026.0
2026,1631260,AJ Green,MIL,2194,-0.8,0.89,0.09,1.149,1.231,-1.03,1.15,0.12,0.09,-0.8,0.89,175,2026.0
2026,1631288,Jamal Cain,ORL,538,-1.65,-0.47,-2.12,1.74,1.832,-0.52,-0.15,-0.67,-2.12,-1.65,-0.47,272,2026.0
2026,1631321,Sidy Cissoko,POR,1410,-2.93,-1.05,-3.98,1.503,1.567,-2.28,-0.82,-3.1,-3.98,-2.93,-1.05,419,2026.0
2026,1631323,Simone Fontecchio,MIA,1099,0.53,-1.41,-0.88,1.415,1.508,0.35,-0.92,-0.58,-0.88,0.53,-1.41,262,2026.0
2026,1631342,Daeqwon Plowden,SAC,775,-2.92,-1.15,-4.07,1.562,1.596,-1.25,-0.49,-1.74,-4.07,-2.92,-1.15,368,2026.0
2026,1641705,Victor Wembanyama,SAS,2290,4.25,6.98,11.23,1.426,1.491,4.8,7.9,12.7,11.23,4.25,6.98,3,2026.0
2026,1641706,Brandon Miller,CHO,1865,-0.68,0.75,0.07,1.442,1.364,-0.75,0.84,0.08,0.07,-0.68,0.75,178,2026.0
2026,1641707,Taylor Hendricks,MEM,1084,-1.92,-1.27,-3.18,1.437,1.708,-1.24,-0.82,-2.06,-3.18,-1.92,-1.27,388,2026.0
2026,1641708,Amen Thompson,HOU,3074,0.37,2.84,3.2,1.19,1.246,0.61,4.76,5.37,3.2,0.37,2.84,16,2026.0
2026,1641709,Ausar Thompson,DET,2167,-0.65,2.21,1.57,1.285,1.324,-0.74,2.52,1.78,1.57,-0.65,2.21,78,2026.0
2026,1641710,Anthony Black,ORL,1906,-2.71,0.05,-2.67,1.44,1.377,-3.06,0.05,-3.01,-2.67,-2.71,0.05,416,2026.0
2026,1641711,Gradey Dick,TOR,1032,-1.39,-2.62,-4.01,1.65,1.617,-0.76,-1.43,-2.19,-4.01,-1.39,-2.62,392,2026.0
2026,1641712,Rayan Rupert,POR,1026,-3.93,-3.5,-7.43,1.648,1.687,-2.23,-1.98,-4.22,-7.43,-3.93,-3.5,435,2026.0
2026,1641713,GG Jackson,MEM,957,-1.11,-2.09,-3.2,1.716,1.843,-0.63,-1.2,-1.83,-3.2,-1.11,-2.09,372,2026.0
2026,1641715,Cam Whitmore,WAS,352,0.02,-2.25,-2.23,2.509,2.462,0.0,-0.48,-0.47,-2.23,0.02,-2.25,253,2026.0
2026,1641716,Jarace Walker,IND,1854,-1.61,-3.06,-4.66,1.331,1.499,-1.67,-3.17,-4.84,-4.66,-1.61,-3.06,441,2026.0
2026,1641717,Cason Wallace,OKC,2139,-1.84,0.74,-1.1,1.272,1.36,-2.29,0.92,-1.37,-1.1,-1.84,0.74,340,2026.0
2026,1641718,Keyonte George,UTA,1751,-0.2,-2.97,-3.17,1.537,1.402,-0.23,-3.34,-3.56,-3.17,-0.2,-2.97,429,2026.0
2026,1641722,Jordan Hawkins,NOP,643,-3.31,-3.17,-6.48,1.846,1.81,-1.21,-1.16,-2.37,-6.48,-3.31,-3.17,401,2026.0
2026,1641724,Jett Howard,ORL,531,-3.12,-2.28,-5.4,1.967,2.023,-0.98,-0.72,-1.7,-5.4,-3.12,-2.28,361,2026.0
2026,1641729,Brice Sensabaugh,UTA,1640,0.39,-3.18,-2.79,1.445,1.452,0.41,-3.34,-2.94,-2.79,0.39,-3.18,413,2026.0
2026,1641730,Noah Clowney,BRK,1764,-3.07,-0.52,-3.6,1.429,1.577,-3.18,-0.54,-3.73,-3.6,-3.07,-0.52,430,2026.0
2026,1641731,Bilal Coulibaly,WAS,1423,-1.59,-3.25,-4.84,1.499,1.563,-1.36,-2.79,-4.16,-4.84,-1.59,-3.25,434,2026.0
2026,1641733,Nick Smith Jr.,LAL,340,-3.54,-2.69,-6.23,2.516,2.471,-0.6,-0.46,-1.06,-6.23,-3.54,-2.69,320,2026.0
2026,1641737,Adem Bona,PHI,1293,-0.86,-0.3,-1.16,1.376,1.691,-0.56,-0.2,-0.76,-1.16,-0.86,-0.3,283,2026.0
2026,1641738,Kobe Brown,IND,911,-2.34,-2.31,-4.65,1.403,1.633,-1.2,-1.18,-2.38,-4.65,-2.34,-2.31,403,2026.0
2026,1641739,Toumani Camara,POR,2782,-0.62,1.07,0.45,1.104,1.279,-0.95,1.64,0.69,0.45,-0.62,1.07,121,2026.0
2026,1641740,Jaylen Clark,MIN,918,-1.23,-0.74,-1.97,1.458,1.572,-0.6,-0.36,-0.96,-1.97,-1.23,-0.74,312,2026.0
2026,1641744,Zach Edey,MEM,277,2.17,1.4,3.57,2.305,2.768,0.36,0.23,0.59,3.57,2.17,1.4,127,2026.0
2026,1641748,Andre Jackson Jr.,MIL,406,-2.2,-3.21,-5.41,1.928,2.08,-0.53,-0.77,-1.3,-5.41,-2.2,-3.21,334,2026.0
2026,1641750,Ryan Kalkbrenner,CHO,1403,1.43,1.28,2.71,1.337,1.364,1.19,1.07,2.27,2.71,1.43,1.28,62,2026.0
2026,1641757,Jordan Miller,LAC,1275,-0.82,-0.68,-1.5,1.35,1.403,-0.61,-0.51,-1.13,-1.5,-0.82,-0.68,324,2026.0
2026,1641763,Julian Phillips,CHI,436,-1.31,-0.92,-2.23,1.978,2.176,-0.29,-0.2,-0.49,-2.23,-1.31,-0.92,255,2026.0
2026,1641764,Brandin Podziemski,GSW,2222,-1.17,2.2,1.03,1.339,1.35,-1.54,2.88,1.35,1.03,-1.17,2.2,92,2026.0
2026,1641765,Olivier-Maxence Prosper,MEM,934,-0.45,-2.07,-2.52,1.516,1.722,-0.25,-1.16,-1.41,-2.52,-0.45,-2.07,344,2026.0
2026,1641767,Ben Sheppard,IND,1326,-1.92,-2.23,-4.15,1.318,1.421,-1.42,-1.66,-3.08,-4.15,-1.92,-2.23,418,2026.0
2026,1641771,Jalen Slawson,IND,303,-0.8,0.38,-0.42,2.055,2.283,-0.14,0.06,-0.07,-0.42,-0.8,0.38,197,2026.0
2026,1641772,Nae'Qwan Tomlin,CLE,967,-2.73,-0.49,-3.22,1.579,1.624,-1.41,-0.25,-1.67,-3.22,-2.73,-0.49,360,2026.0
2026,1641774,Tristan Vukcevic,WAS,602,0.08,-0.69,-0.61,1.947,2.13,0.03,-0.25,-0.22,-0.61,0.08,-0.69,224,2026.0
2026,1641775,Jordan Walsh,BOS,1237,-1.44,0.08,-1.36,1.443,1.717,-0.95,0.06,-0.9,-1.36,-1.44,0.08,301,2026.0
2026,1641778,Leaky Black,WAS,414,-1.27,-2.73,-4.0,1.816,2.018,-0.32,-0.68,-1.0,-4.0,-1.27,-2.73,316,2026.0
2026,1641783,Tristan da Silva,ORL,1753,-1.74,0.1,-1.64,1.253,1.344,-1.8,0.11,-1.7,-1.64,-1.74,0.1,362,2026.0
2026,1641796,Pelle Larsson,MIA,1744,0.19,-1.5,-1.31,1.268,1.332,0.2,-1.56,-1.36,-1.31,0.19,-1.5,337,2026.0
2026,1641824,Matas Buzelis,CHI,2166,-0.39,-1.82,-2.21,1.38,1.427,-0.43,-1.99,-2.41,-2.21,-0.39,-1.82,405,2026.0
2026,1641842,Ronald Holland II,DET,1499,-3.34,0.76,-2.58,1.316,1.343,-2.63,0.6,-2.03,-2.58,-3.34,0.76,387,2026.0
2026,1641854,Craig Porter Jr.,CLE,1140,-0.61,0.4,-0.21,1.443,1.434,-0.37,0.24,-0.13,-0.21,-0.61,0.4,208,2026.0
2026,1641869,Malachi Smith,BRK,362,-1.55,-0.33,-1.88,2.075,2.117,-0.33,-0.07,-0.4,-1.88,-1.55,-0.33,245,2026.0
2026,1641989,Elijah Harkless,UTA,508,-0.1,-1.91,-2.01,1.744,1.874,-0.03,-0.62,-0.66,-2.01,-0.1,-1.91,271,2026.0
2026,1642066,Myron Gardner,MIA,383,1.09,-0.34,0.75,2.03,2.071,0.25,-0.08,0.17,0.75,1.09,-0.34,168,2026.0
2026,1642258,Zaccharie Risacher,ATL,1467,-0.51,-3.78,-4.29,1.607,1.625,-0.4,-2.98,-3.38,-4.29,-0.51,-3.78,427,2026.0
2026,1642259,Alex Sarr,WAS,1271,-1.05,0.37,-0.68,1.658,1.852,-0.81,0.29,-0.52,-0.68,-1.05,0.37,259,2026.0
2026,1642261,Dalton Knecht,LAL,518,-2.16,-0.81,-2.97,1.851,1.918,-0.56,-0.21,-0.77,-2.97,-2.16,-0.81,287,2026.0
2026,1642262,Cody Williams,UTA,1432,-3.01,-4.21,-7.22,1.441,1.545,-2.76,-3.86,-6.63,-7.22,-3.01,-4.21,446,2026.0
2026,1642263,Reed Sheppard,HOU,2253,-1.12,-0.79,-1.9,1.425,1.388,-1.37,-0.97,-2.34,-1.9,-1.12,-0.79,398,2026.0
2026,1642264,Stephon Castle,SAS,2505,-0.05,-0.07,-0.13,1.517,1.362,-0.07,-0.09,-0.15,-0.13,-0.05,-0.07,214,2026.0
2026,1642265,Rob Dillingham,CHI,923,-2.54,-4.49,-7.04,1.858,1.722,-1.18,-2.09,-3.27,-7.04,-2.54,-4.49,422,2026.0
2026,1642266,Ja'Kobe Walter,TOR,1665,-2.32,-0.7,-3.02,1.479,1.492,-2.05,-0.61,-2.66,-3.02,-2.32,-0.7,411,2026.0
2026,1642267,Bub Carrington,WAS,2167,-1.98,-3.0,-4.98,1.472,1.464,-2.59,-3.93,-6.52,-4.98,-1.98,-3.0,445,2026.0
2026,1642268,Isaiah Collier,UTA,1449,-2.71,-2.4,-5.11,1.584,1.525,-2.52,-2.23,-4.75,-5.11,-2.71,-2.4,440,2026.0
2026,1642269,Devin Carter,SAC,611,-1.06,-1.42,-2.48,1.874,1.823,-0.36,-0.48,-0.84,-2.48,-1.06,-1.42,295,2026.0
2026,1642270,Donovan Clingan,POR,2152,0.96,3.2,4.15,1.278,1.572,1.14,3.8,4.94,4.15,0.96,3.2,22,2026.0
2026,1642271,Kyle Filipowski,UTA,1710,0.97,-1.5,-0.53,1.349,1.582,1.06,-1.64,-0.58,-0.53,0.97,-1.5,263,2026.0
2026,1642272,Jared McCain,PHI,1272,-0.23,-0.85,-1.09,1.684,1.592,-0.15,-0.55,-0.7,-1.09,-0.23,-0.85,278,2026.0
2026,1642273,Kyshawn George,WAS,1343,-0.61,-0.99,-1.6,1.458,1.507,-0.49,-0.8,-1.29,-1.6,-0.61,-0.99,332,2026.0
2026,1642274,Yves Missi,NOP,1244,-2.62,-0.62,-3.25,1.448,1.779,-1.85,-0.44,-2.3,-3.25,-2.62,-0.62,395,2026.0
2026,1642275,Tidjane Salaun,CHO,523,-4.84,-0.23,-5.08,2.047,2.352,-1.51,-0.07,-1.58,-5.08,-4.84,-0.23,357,2026.0
2026,1642276,Kel'el Ware,MIA,1633,0.38,0.1,0.48,1.398,1.665,0.37,0.1,0.47,0.48,0.38,0.1,139,2026.0
2026,1642277,Johnny Furphy,IND,605,-0.63,-0.94,-1.57,1.868,1.993,-0.21,-0.32,-0.53,-1.57,-0.63,-0.94,260,2026.0
2026,1642278,Tyler Kolek,NYK,710,-1.42,0.81,-0.61,1.695,1.686,-0.53,0.3,-0.23,-0.61,-1.42,0.81,229,2026.0
2026,1642281,Jaylon Tyson,CLE,1926,-1.0,0.26,-0.74,1.318,1.341,-1.03,0.27,-0.76,-0.74,-1.0,0.26,284,2026.0
2026,1642285,Cam Spencer,MEM,1526,2.3,1.2,3.49,1.295,1.346,2.09,1.09,3.18,3.49,2.3,1.2,47,2026.0
2026,1642345,Oso Ighodaro,PHO,1800,-0.13,1.98,1.85,1.224,1.457,-0.14,2.08,1.95,1.85,-0.13,1.98,74,2026.0
2026,1642346,Ryan Dunn,PHO,1261,-3.56,1.72,-1.84,1.416,1.495,-2.63,1.27,-1.35,-1.84,-3.56,1.72,336,2026.0
2026,1642347,Jamal Shead,TOR,2020,-2.6,0.38,-2.22,1.361,1.315,-2.78,0.4,-2.38,-2.22,-2.6,0.38,404,2026.0
2026,1642348,Justin Edwards,PHI,1055,-0.47,-4.17,-4.64,1.541,1.623,-0.25,-2.21,-2.46,-4.64,-0.47,-4.17,408,2026.0
2026,1642349,Ajay Mitchell,OKC,1559,-0.36,3.06,2.7,1.363,1.405,-0.32,2.77,2.45,2.7,-0.36,3.06,60,2026.0
2026,1642352,Keshad Johnson,MIA,288,2.05,-1.66,0.38,2.25,2.409,0.35,-0.29,0.07,0.38,2.05,-1.66,179,2026.0
2026,1642353,Cam Christie,LAC,450,-2.42,-0.85,-3.27,2.356,2.321,-0.64,-0.23,-0.87,-3.27,-2.42,-0.85,299,2026.0
2026,1642354,KJ Simpson,CHO,254,-4.76,-2.34,-7.1,2.661,2.557,-0.72,-0.36,-1.08,-7.1,-4.76,-2.34,323,2026.0
2026,1642358,AJ Johnson,DAL,356,-4.48,-3.47,-7.95,2.545,2.426,-1.02,-0.79,-1.81,-7.95,-4.48,-3.47,370,2026.0
2026,1642363,Nique Clifford,SAC,1786,-1.17,-2.0,-3.17,1.265,1.291,-1.16,-1.97,-3.13,-3.17,-1.17,-2.0,420,2026.0
2026,1642364,Jamir Watkins,WAS,990,-1.36,-0.97,-2.33,1.467,1.497,-0.81,-0.58,-1.39,-2.33,-1.36,-0.97,341,2026.0
2026,1642366,Quinten Post,GSW,1117,-1.08,0.54,-0.54,1.422,1.56,-0.71,0.36,-0.36,-0.54,-1.08,0.54,242,2026.0
2026,1642377,Jaylen Wells,MEM,1703,-0.49,-1.66,-2.15,1.379,1.425,-0.5,-1.69,-2.19,-2.15,-0.49,-1.66,393,2026.0
2026,1642382,Branden Carlson,OKC,419,-0.52,-0.4,-0.92,1.896,2.21,-0.13,-0.1,-0.22,-0.92,-0.52,-0.4,225,2026.0
2026,1642383,Walter Clayton Jr.,MEM,1359,-1.51,-3.17,-4.67,1.347,1.375,-1.22,-2.57,-3.8,-4.67,-1.51,-3.17,432,2026.0
2026,1642396,Blake Hinson,UTA,266,0.51,0.64,1.15,2.352,2.4,0.09,0.11,0.2,1.15,0.51,0.64,165,2026.0
2026,1642419,Jamison Battle,TOR,559,-0.74,-1.26,-2.0,1.742,1.867,-0.22,-0.37,-0.59,-2.0,-0.74,-1.26,265,2026.0
2026,1642450,Daniss Jenkins,DET,1664,-2.54,1.19,-1.34,1.425,1.333,-2.22,1.04,-1.17,-1.34,-2.54,1.19,326,2026.0
2026,1642461,Spencer Jones,DEN,1541,-2.07,-0.19,-2.25,1.269,1.384,-1.74,-0.16,-1.9,-2.25,-2.07,-0.19,378,2026.0
2026,1642504,Cormac Ryan,MIL,257,-0.6,-0.4,-1.01,2.386,2.434,-0.09,-0.06,-0.15,-1.01,-0.6,-0.4,215,2026.0
2026,1642843,Cooper Flagg,DAL,2234,-0.37,1.0,0.63,1.209,1.234,-0.53,1.43,0.9,0.63,-0.37,1.0,114,2026.0
2026,1642844,Dylan Harper,SAS,1870,0.41,2.0,2.41,1.252,1.278,0.38,1.85,2.23,2.41,0.41,2.0,65,2026.0
2026,1642845,VJ Edgecombe,PHI,2960,-0.43,0.86,0.43,1.152,1.175,-0.64,1.28,0.64,0.43,-0.43,0.86,124,2026.0
2026,1642846,Ace Bailey,UTA,1921,-0.48,-3.85,-4.33,1.245,1.271,-0.59,-4.74,-5.34,-4.33,-0.48,-3.85,443,2026.0
2026,1642847,Jeremiah Fears,NOP,2031,-0.6,-2.75,-3.35,1.231,1.257,-0.69,-3.17,-3.86,-3.35,-0.6,-2.75,433,2026.0
2026,1642848,Tre Johnson,WAS,1399,-0.84,-3.24,-4.08,1.338,1.365,-0.71,-2.73,-3.45,-4.08,-0.84,-3.24,428,2026.0
2026,1642849,Nolan Traore,BRK,1224,-3.22,-3.06,-6.29,1.384,1.412,-2.32,-2.2,-4.52,-6.29,-3.22,-3.06,438,2026.0
2026,1642851,Kon Knueppel,CHO,2450,3.1,1.46,4.55,1.189,1.213,4.52,2.12,6.64,4.55,3.1,1.46,10,2026.0
2026,1642852,Derik Queen,NOP,1931,0.18,-2.32,-2.14,1.244,1.27,0.19,-2.55,-2.35,-2.14,0.18,-2.32,399,2026.0
2026,1642853,Rasheer Fleming,PHO,616,-2.2,0.27,-1.93,1.705,1.739,-0.79,0.1,-0.69,-1.93,-2.2,0.27,275,2026.0
2026,1642854,Asa Newell,ATL,474,-0.41,-1.72,-2.13,1.872,1.91,-0.1,-0.44,-0.54,-2.13,-0.41,-1.72,261,2026.0
2026,1642856,Egor Demin,BRK,1289,-0.31,0.22,-0.08,1.366,1.393,-0.23,0.17,-0.06,-0.08,-0.31,0.22,196,2026.0
2026,1642857,Kasparas Jakucionis,MIA,880,1.98,-2.32,-0.34,1.519,1.55,1.04,-1.22,-0.18,-0.34,1.98,-2.32,221,2026.0
2026,1642859,Jase Richardson,ORL,513,-1.38,-1.35,-2.74,1.818,1.855,-0.42,-0.41,-0.83,-2.74,-1.38,-1.35,292,2026.0
2026,1642860,Will Riley,WAS,1487,-2.71,-2.34,-5.05,1.318,1.345,-2.43,-2.1,-4.53,-5.05,-2.71,-2.34,439,2026.0
2026,1642862,Liam McNeeley,CHO,337,-1.02,0.5,-0.51,2.135,2.178,-0.2,0.1,-0.1,-0.51,-1.02,0.5,199,2026.0
2026,1642863,Khaman Maluach,PHO,402,-1.81,0.08,-1.73,1.992,2.033,-0.43,0.02,-0.41,-1.73,-1.81,0.08,246,2026.0
2026,1642864,Hugo Gonzalez,BOS,1052,-1.44,1.2,-0.24,1.442,1.471,-0.81,0.67,-0.14,-0.24,-1.44,1.2,210,2026.0
2026,1642866,Joan Beringer,MIN,322,1.27,-1.06,0.22,2.174,2.219,0.22,-0.18,0.04,0.22,1.27,-1.06,182,2026.0
2026,1642867,Collin Murray-Boyles,TOR,1412,-0.67,2.24,1.58,1.335,1.362,-0.5,1.68,1.18,1.58,-0.67,2.24,100,2026.0
2026,1642868,Carter Bryant,SAS,914,-3.03,-1.16,-4.19,1.502,1.533,-1.37,-0.53,-1.89,-4.19,-3.03,-1.16,376,2026.0
2026,1642869,Noah Penda,ORL,663,-2.12,-1.52,-3.65,1.663,1.697,-0.83,-0.6,-1.43,-3.65,-2.12,-1.52,346,2026.0
2026,1642873,Amari Williams,BOS,251,-3.25,-0.13,-3.38,2.41,2.459,-0.44,-0.02,-0.45,-3.38,-3.25,-0.13,252,2026.0
2026,1642874,Danny Wolf,BRK,1164,-3.27,0.75,-2.53,1.403,1.431,-2.24,0.51,-1.73,-2.53,-3.27,0.75,363,2026.0
2026,1642875,Maxime Raynaud,SAC,1850,-0.05,-1.91,-1.96,1.255,1.281,-0.05,-1.95,-2.01,-1.96,-0.05,-1.91,384,2026.0
2026,1642877,Micah Peavy,NOP,853,-2.21,-2.68,-4.88,1.534,1.565,-1.07,-1.3,-2.37,-4.88,-2.21,-2.68,402,2026.0
2026,1642878,Tyrese Proctor,CLE,505,-1.4,-1.58,-2.98,1.829,1.866,-0.38,-0.43,-0.81,-2.98,-1.4,-1.58,290,2026.0
2026,1642879,Ben Saraf,BRK,895,-4.5,-3.92,-8.42,1.511,1.542,-2.36,-2.06,-4.42,-8.42,-4.5,-3.92,437,2026.0
2026,1642880,Kam Jones,IND,527,-1.51,-3.53,-5.04,1.801,1.838,-0.45,-1.04,-1.49,-5.04,-1.51,-3.53,352,2026.0
2026,1642882,Julian Reese,WAS,386,-0.33,-3.08,-3.41,2.023,2.065,-0.08,-0.72,-0.79,-3.41,-0.33,-3.08,289,2026.0
2026,1642883,Sion James,CHO,1711,-3.45,0.98,-2.47,1.277,1.303,-3.51,1.0,-2.52,-2.47,-3.45,0.98,409,2026.0
2026,1642885,Mohamed Diawara,NYK,647,-1.54,0.45,-1.09,1.676,1.711,-0.53,0.15,-0.37,-1.09,-1.54,0.45,243,2026.0
2026,1642905,Yang Hansen,POR,285,-2.57,-3.2,-5.77,2.285,2.332,-0.41,-0.5,-0.91,-5.77,-2.57,-3.2,302,2026.0
2026,1642907,Cedric Coward,MEM,1456,1.02,-0.03,0.98,1.325,1.352,0.88,-0.03,0.86,0.98,1.02,-0.03,115,2026.0
2026,1642914,Javon Small,MEM,791,1.04,-0.18,0.86,1.57,1.602,0.49,-0.08,0.41,0.86,1.04,-0.18,143,2026.0
2026,1642920,Kobe Sanders,LAC,1290,-1.1,-1.02,-2.12,1.365,1.393,-0.83,-0.78,-1.61,-2.12,-1.1,-1.02,358,2026.0
2026,1642928,Dylan Cardwell,SAC,859,-2.05,1.8,-0.25,1.53,1.562,-0.97,0.85,-0.12,-0.25,-2.05,1.8,203,2026.0
2026,1642942,Jahmai Mashack,MEM,644,-2.36,-3.75,-6.11,1.679,1.713,-0.91,-1.44,-2.35,-6.11,-2.36,-3.75,400,2026.0
2026,1642948,Ryan Nembhard,DAL,1142,-0.93,-1.69,-2.62,1.41,1.439,-0.67,-1.23,-1.91,-2.62,-0.93,-1.69,379,2026.0
2026,1642949,Yanic Konan Niederhauser,LAC,412,-1.32,0.7,-0.63,1.973,2.013,-0.32,0.17,-0.15,-0.63,-1.32,0.7,216,2026.0
2026,1642950,Lachlan Olbrich,CHI,317,-0.6,-1.06,-1.66,2.188,2.233,-0.1,-0.17,-0.26,-1.66,-0.6,-1.06,232,2026.0
2026,1642954,Will Richard,GSW,1304,-1.28,-0.85,-2.13,1.362,1.389,-0.98,-0.66,-1.64,-2.13,-1.28,-0.85,359,2026.0
2026,1642962,Drake Powell,BRK,1269,-4.76,-2.11,-6.86,1.371,1.399,-3.54,-1.57,-5.11,-6.86,-4.76,-2.11,442,2026.0
2026,1642964,Brooks Barnhizer,OKC,283,-2.79,-2.46,-5.25,2.292,2.339,-0.46,-0.41,-0.87,-5.25,-2.79,-2.46,300,2026.0
2026,1643007,Taelon Peter,IND,455,-1.97,-2.73,-4.7,1.9,1.939,-0.5,-0.7,-1.2,-4.7,-1.97,-2.73,328,2026.0
2026,1643016,Bez Mbeng,UTA,468,-1.28,-3.43,-4.71,1.881,1.919,-0.38,-1.03,-1.41,-4.71,-1.28,-3.43,345,2026.0
2026,1643018,LJ Cryer,GSW,255,-1.97,-0.23,-2.2,2.394,2.442,-0.3,-0.04,-0.33,-2.2,-1.97,-0.23,237,2026.0
2026,1643052,Chaney Johnson,BRK,306,-0.36,0.07,-0.28,2.22,2.265,-0.06,0.01,-0.05,-0.28,-0.36,0.07,194,2026.0
