season,PLAYER_ID,player,team,minutes,impact_off,impact_def,impact_total,sd_off,sd_def,waa_off,waa_def,waa_total,rank
2018,1713,Vince Carter,SAC,881,6.41,0.49,6.9,2.45,1.94,4.04,0.31,4.36,229
2018,1717,Dirk Nowitzki,DAL,1758,7.01,-1.1,5.91,2.47,1.98,9.22,-1.45,7.77,123
2018,1891,Jason Terry,MIL,738,6.0,0.43,6.43,2.8,1.96,3.36,0.24,3.6,245
2018,1938,Manu Ginobili,SAS,1075,6.53,0.37,6.9,2.26,1.91,5.34,0.3,5.64,190
2018,2037,Jamal Crawford,MIN,1469,7.63,0.03,7.66,2.29,1.93,8.17,0.04,8.2,107
2018,2199,Tyson Chandler,PHO,1024,7.42,-0.44,6.97,2.81,1.9,6.02,-0.36,5.66,187
2018,2200,Pau Gasol,SAS,1652,6.74,-0.15,6.59,2.44,2.01,8.47,-0.19,8.28,103
2018,2207,Joe Johnson,UTA,1073,6.01,0.49,6.5,2.19,1.86,4.75,0.39,5.14,210
2018,2216,Zach Randolph,SAC,1364,6.44,0.89,7.33,2.01,2.04,6.29,0.87,7.16,138
2018,2225,Tony Parker,SAS,948,6.28,1.27,7.55,2.66,1.95,4.53,0.92,5.45,194
2018,2403,Nene,HOU,689,7.13,0.07,7.2,2.4,1.91,3.77,0.03,3.81,238
2018,2544,LeBron James,CLE,2681,7.58,0.36,7.94,2.38,1.93,16.2,0.77,16.97,1
2018,2546,Carmelo Anthony,OKC,2249,6.57,-0.13,6.44,2.33,2.0,11.25,-0.22,11.03,40
2018,2548,Dwyane Wade,CLE,1320,6.52,0.22,6.74,2.66,1.96,6.87,0.23,7.1,141
2018,2561,David West,GSW,958,6.98,-0.72,6.26,2.69,1.97,4.98,-0.51,4.46,225
2018,2585,Zaza Pachulia,GSW,927,6.81,0.67,7.48,2.79,1.87,4.7,0.46,5.16,209
2018,2594,Kyle Korver,CLE,1349,7.59,-0.82,6.77,2.69,1.94,8.17,-0.88,7.29,136
2018,2730,Dwight Howard,CHO,2233,6.59,0.67,7.25,2.65,1.97,10.66,1.08,11.74,25
2018,2733,Shaun Livingston,GSW,1029,6.89,0.75,7.64,2.9,1.94,5.28,0.57,5.85,184
2018,2734,Devin Harris,DAL,1142,7.39,-1.18,6.22,2.49,1.93,6.32,-1.01,5.31,198
2018,2738,Andre Iguodala,GSW,1418,6.85,1.09,7.93,2.25,2.02,7.23,1.15,8.37,100
2018,2744,Al Jefferson,IND,422,6.6,-0.16,6.44,3.04,1.89,2.07,-0.05,2.02,284
2018,2747,JR Smith,CLE,2030,6.55,0.92,7.47,2.61,1.92,10.6,1.49,12.09,21
2018,2749,Jameer Nelson,NOP,903,6.64,0.78,7.43,2.7,2.02,4.23,0.5,4.73,216
2018,2772,Trevor Ariza,HOU,2049,7.0,0.66,7.66,2.05,1.94,11.01,1.03,12.04,22
2018,101107,Marvin Williams,CHO,1841,7.14,0.24,7.38,2.53,1.9,9.53,0.32,9.85,61
2018,101108,Chris Paul,HOU,1673,7.38,-0.19,7.19,2.46,1.88,9.47,-0.24,9.23,76
2018,101109,Raymond Felton,OKC,1203,6.48,0.76,7.25,2.98,2.04,5.94,0.7,6.64,154
2018,101112,Channing Frye,CLE,613,6.88,0.36,7.24,3.17,1.95,3.37,0.18,3.54,248
2018,101123,Gerald Green,HOU,831,6.78,0.54,7.32,2.98,1.92,4.32,0.34,4.67,218
2018,101127,Jarrett Jack,NYK,1343,6.54,-0.35,6.19,2.83,1.9,6.69,-0.36,6.34,166
2018,101133,Ian Mahinmi,WAS,1011,6.37,-0.0,6.37,3.07,1.98,4.66,-0.0,4.65,221
2018,101139,CJ Miles,TOR,1202,7.0,-1.21,5.79,2.44,1.96,6.14,-1.06,5.08,211
2018,101141,Ersan Ilyasova,ATL,1526,6.63,0.61,7.24,2.62,1.96,7.11,0.66,7.77,124
2018,101150,Lou Williams,LAC,2256,7.69,-0.27,7.42,2.23,1.94,13.1,-0.46,12.64,13
2018,101161,Amir Johnson,PHI,1036,6.63,0.09,6.72,2.85,1.91,5.38,0.07,5.45,195
2018,101162,Marcin Gortat,WAS,1936,7.0,-0.65,6.35,2.49,1.93,9.8,-0.91,8.89,90
2018,101181,Jose Calderon,CLE,825,6.97,-0.18,6.79,3.31,2.06,4.59,-0.12,4.47,224
2018,200746,LaMarcus Aldridge,SAS,2184,7.02,-0.22,6.8,2.32,1.98,11.67,-0.37,11.3,32
2018,200752,Rudy Gay,SAS,1033,6.76,0.0,6.76,2.41,1.95,5.31,0.0,5.31,199
2018,200755,JJ Redick,PHI,1866,7.34,-0.71,6.64,2.44,1.99,10.72,-1.03,9.69,67
2018,200757,Thabo Sefolosha,UTA,674,6.53,0.76,7.29,2.92,1.98,3.24,0.38,3.62,243
2018,200765,Rajon Rondo,NOP,1531,7.04,-0.41,6.63,2.24,1.89,7.6,-0.44,7.16,139
2018,200768,Kyle Lowry,TOR,2257,7.4,0.01,7.41,2.46,1.99,12.2,0.01,12.22,19
2018,200782,P.J. Tucker,HOU,1991,6.69,0.16,6.84,2.3,1.92,10.21,0.24,10.45,51
2018,200794,Paul Millsap,DEN,1011,7.09,-0.83,6.26,2.32,1.9,5.28,-0.61,4.66,220
2018,200826,J.J. Barea,DAL,1381,7.03,-0.76,6.27,3.15,1.97,7.26,-0.79,6.48,160
2018,201142,Kevin Durant,GSW,2059,7.33,0.11,7.44,2.51,1.93,11.24,0.17,11.4,30
2018,201143,Al Horford,BOS,2016,7.01,0.48,7.49,2.35,1.91,10.17,0.7,10.87,42
2018,201144,Mike Conley,MEM,316,7.18,-0.7,6.47,2.48,1.87,1.65,-0.16,1.49,300
2018,201145,Jeff Green,CLE,1601,7.54,-0.66,6.87,2.45,1.88,9.62,-0.84,8.77,91
2018,201147,Corey Brewer,LAL,1072,6.67,-0.6,6.07,2.24,1.96,4.84,-0.43,4.41,227
2018,201148,Brandan Wright,MEM,327,6.78,-0.76,6.02,3.05,1.92,1.61,-0.18,1.43,301
2018,201152,Thaddeus Young,IND,2365,6.81,-0.25,6.56,2.37,1.84,11.96,-0.44,11.52,28
2018,201156,Nick Young,GSW,1198,6.71,0.22,6.93,2.96,1.95,5.98,0.2,6.18,172
2018,201158,Marco Belinelli,ATL,1650,7.37,0.35,7.72,2.34,1.97,8.55,0.41,8.95,87
2018,201160,Jason Smith,WAS,261,6.33,0.56,6.9,2.62,1.92,1.2,0.11,1.3,307
2018,201162,Jared Dudley,PHO,588,7.01,-0.43,6.59,2.34,1.89,3.27,-0.2,3.07,259
2018,201163,Wilson Chandler,DEN,2109,7.14,-0.42,6.71,2.59,2.01,11.08,-0.66,10.42,52
2018,201167,Arron Afflalo,ORL,600,6.32,0.41,6.73,2.52,1.97,2.73,0.18,2.91,263
2018,201188,Marc Gasol,MEM,2120,6.9,0.11,7.01,2.19,1.91,10.64,0.17,10.81,44
2018,201196,Ramon Sessions,WAS,324,6.54,0.15,6.68,2.7,2.0,1.53,0.03,1.57,296
2018,201229,Anthony Tolliver,DET,1539,7.15,-0.43,6.72,2.63,1.89,8.43,-0.51,7.92,118
2018,201563,Michael Beasley,NYK,1456,5.64,-0.19,5.45,3.51,1.94,6.27,-0.21,6.05,178
2018,201565,Derrick Rose,CLE,387,6.93,-0.61,6.32,2.54,1.96,2.14,-0.19,1.95,285
2018,201566,Russell Westbrook,OKC,2591,7.16,0.94,8.09,2.03,1.86,14.12,1.85,15.97,2
2018,201567,Kevin Love,CLE,1493,7.58,0.23,7.81,2.57,1.93,9.02,0.27,9.3,75
2018,201568,Danilo Gallinari,LAC,593,7.3,-0.32,6.99,2.58,2.02,3.27,-0.14,3.13,257
2018,201569,Eric Gordon,HOU,1917,7.2,0.12,7.32,2.34,2.01,10.59,0.18,10.77,46
2018,201571,D.J. Augustin,ORL,1563,7.47,-0.95,6.53,2.51,1.97,8.4,-1.06,7.33,135
2018,201572,Brook Lopez,LAL,1613,6.98,-0.52,6.46,2.3,1.92,7.62,-0.57,7.05,143
2018,201573,Jerryd Bayless,PHI,790,6.18,0.38,6.56,2.88,1.9,3.82,0.24,4.06,233
2018,201577,Robin Lopez,CHI,1533,7.15,-0.1,7.05,2.65,1.92,8.26,-0.11,8.15,110
2018,201578,Marreese Speights,ORL,604,5.88,1.82,7.7,3.35,1.92,2.55,0.79,3.34,252
2018,201580,JaVale McGee,GSW,538,5.62,-0.34,5.28,3.86,1.93,2.25,-0.13,2.12,278
2018,201583,Ryan Anderson,HOU,1565,7.29,0.65,7.94,2.25,1.97,8.75,0.78,9.53,70
2018,201584,Courtney Lee,NYK,2026,7.27,-0.89,6.38,2.34,1.93,11.23,-1.37,9.85,62
2018,201585,Kosta Koufos,SAC,1237,7.05,-0.1,6.95,2.9,1.88,6.24,-0.09,6.15,174
2018,201586,Serge Ibaka,TOR,1900,6.74,0.45,7.19,2.34,1.95,9.35,0.62,9.97,58
2018,201587,Nicolas Batum,CHO,1791,6.85,-0.68,6.17,2.37,1.99,8.9,-0.89,8.01,114
2018,201588,George Hill,SAC,1670,7.54,-1.82,5.72,2.37,1.9,9.01,-2.17,6.84,148
2018,201596,Mario Chalmers,MEM,1221,6.07,0.39,6.46,2.62,2.04,5.39,0.34,5.73,185
2018,201599,DeAndre Jordan,LAC,2135,7.29,-0.31,6.98,2.25,1.99,11.74,-0.49,11.25,34
2018,201601,Luc Mbah a Moute,HOU,1378,6.34,0.11,6.45,2.89,1.95,6.7,0.12,6.82,149
2018,201609,Goran Dragic,MIA,2132,7.08,0.57,7.66,2.13,1.84,11.59,0.94,12.53,15
2018,201933,Blake Griffin,LAC,1722,7.24,-0.06,7.18,2.73,1.97,9.41,-0.07,9.33,73
2018,201935,James Harden,HOU,2252,7.41,0.51,7.91,1.96,1.86,12.8,0.87,13.68,5
2018,201936,Tyreke Evans,MEM,1419,6.87,-1.0,5.87,3.08,1.94,7.09,-1.03,6.06,177
2018,201937,Ricky Rubio,UTA,2022,6.28,0.67,6.95,2.79,1.94,9.35,1.0,10.34,54
2018,201939,Stephen Curry,GSW,1413,7.53,-0.3,7.23,2.08,1.84,7.92,-0.32,7.6,130
2018,201942,DeMar DeRozan,TOR,2418,7.49,-0.71,6.78,2.27,1.87,13.23,-1.26,11.97,23
2018,201949,James Johnson,MIA,1728,6.74,0.12,6.86,2.75,1.97,8.93,0.16,9.1,82
2018,201950,Jrue Holiday,NOP,2603,7.13,-0.79,6.34,2.4,1.95,13.08,-1.46,11.63,27
2018,201952,Jeff Teague,MIN,2112,7.38,-0.59,6.79,2.4,2.03,11.36,-0.9,10.46,50
2018,201954,Darren Collison,IND,1847,7.46,-1.33,6.13,2.25,1.93,10.22,-1.83,8.4,99
2018,201956,Omri Casspi,GSW,642,6.97,0.27,7.24,2.87,1.93,3.33,0.13,3.46,249
2018,201959,Taj Gibson,MIN,2491,7.25,-0.44,6.81,2.64,1.86,13.17,-0.8,12.37,16
2018,201960,DeMarre Carroll,BRK,1916,6.99,-0.15,6.83,2.84,2.0,10.22,-0.22,10.0,57
2018,201961,Wayne Ellington,MIA,1743,6.96,0.01,6.97,2.81,2.01,9.31,0.01,9.32,74
2018,201967,Dante Cunningham,NOP,1367,6.73,-0.24,6.48,2.51,2.0,6.48,-0.24,6.25,168
2018,201973,Jonas Jerebko,UTA,1009,6.93,0.09,7.01,2.83,1.96,5.15,0.06,5.21,205
2018,201975,Jodie Meeks,WAS,997,6.15,-0.32,5.84,3.55,1.99,4.44,-0.23,4.21,232
2018,201976,Patrick Beverley,LAC,298,6.39,1.16,7.55,2.43,1.96,1.44,0.26,1.7,292
2018,201980,Danny Green,SAS,1619,6.15,1.22,7.38,2.47,1.82,7.58,1.51,9.08,84
2018,201988,Patty Mills,SAS,1816,6.97,-0.12,6.85,2.67,1.92,9.63,-0.17,9.46,71
2018,202066,Garrett Temple,SAC,1420,6.27,0.49,6.75,2.9,2.02,6.37,0.49,6.86,146
2018,202083,Wesley Matthews,DAL,1875,6.63,-1.05,5.59,2.2,1.92,9.3,-1.47,7.84,120
2018,202322,John Wall,WAS,1269,6.92,0.06,6.98,2.03,1.9,6.35,0.05,6.41,162
2018,202323,Evan Turner,POR,1825,6.35,1.35,7.7,2.35,2.05,8.29,1.77,10.06,55
2018,202324,Derrick Favors,UTA,1937,7.05,0.22,7.27,2.58,2.0,10.05,0.32,10.37,53
2018,202325,Wesley Johnson,LAC,1329,5.98,1.5,7.48,2.66,1.83,6.0,1.5,7.5,131
2018,202326,DeMarcus Cousins,NOP,1574,6.63,0.82,7.45,2.25,1.94,7.35,0.91,8.26,105
2018,202327,Ekpe Udoh,UTA,706,0.27,0.06,0.33,4.2,2.13,0.14,0.03,0.17,331
2018,202328,Greg Monroe,BOS,910,7.41,-0.75,6.67,2.42,2.0,4.86,-0.49,4.37,228
2018,202329,Al-Farouq Aminu,POR,1867,6.1,1.25,7.36,2.58,1.96,8.16,1.67,9.83,64
2018,202331,Paul George,OKC,2575,7.12,-0.37,6.75,2.35,1.87,13.97,-0.73,13.24,8
2018,202334,Ed Davis,POR,1337,6.82,0.12,6.94,2.67,1.98,6.53,0.11,6.64,155
2018,202335,Patrick Patterson,OKC,1110,7.01,-0.86,6.15,2.32,1.92,5.93,-0.73,5.2,206
2018,202337,Luke Babbitt,ATL,615,6.87,-0.38,6.49,3.26,1.99,2.97,-0.17,2.81,266
2018,202339,Eric Bledsoe,MIL,2021,7.01,0.07,7.08,2.3,1.91,10.76,0.11,10.87,43
2018,202340,Avery Bradley,DET,1234,6.55,0.97,7.52,2.57,2.03,6.2,0.92,7.11,140
2018,202344,Trevor Booker,PHI,1021,6.91,0.22,7.13,2.44,1.93,5.52,0.17,5.7,186
2018,202355,Hassan Whiteside,MIA,1221,6.77,0.31,7.08,2.42,1.87,6.34,0.29,6.64,156
2018,202357,Nemanja Bjelica,MIN,1273,6.77,-0.13,6.64,3.36,1.89,6.28,-0.12,6.16,173
2018,202362,Lance Stephenson,IND,1665,5.56,0.84,6.4,3.19,2.04,6.87,1.04,7.91,119
2018,202389,Timofey Mozgov,BRK,344,6.11,0.54,6.65,3.14,1.91,1.6,0.14,1.74,290
2018,202397,Ish Smith,DET,1760,7.13,-0.81,6.32,2.18,1.92,9.62,-1.09,8.53,94
2018,202498,Lance Thomas,NYK,1195,6.52,0.33,6.85,2.95,2.07,5.94,0.3,6.24,169
2018,202681,Kyrie Irving,BOS,1708,7.26,0.14,7.4,2.49,1.89,8.92,0.17,9.1,83
2018,202683,Enes Freedom,NYK,1674,7.37,-0.2,7.16,2.41,1.89,9.4,-0.26,9.14,81
2018,202684,Tristan Thompson,CLE,974,7.36,-0.65,6.71,2.5,1.98,5.72,-0.51,5.22,204
2018,202685,Jonas Valančiūnas,TOR,1614,7.0,0.05,7.05,2.84,1.93,8.25,0.06,8.31,102
2018,202687,Bismack Biyombo,ORL,1363,6.39,0.55,6.93,2.79,1.93,6.26,0.53,6.79,150
2018,202689,Kemba Walker,CHO,2493,7.46,-0.52,6.94,2.33,2.0,13.48,-0.95,12.54,14
2018,202691,Klay Thompson,GSW,2283,7.24,0.97,8.21,2.34,1.95,12.3,1.64,13.94,4
2018,202692,Alec Burks,UTA,898,5.19,0.52,5.71,3.41,1.98,3.43,0.34,3.77,239
2018,202693,Markieff Morris,WAS,1811,6.61,0.78,7.38,2.37,2.01,8.65,1.02,9.67,68
2018,202694,Marcus Morris Sr.,BOS,1250,6.64,0.89,7.53,2.25,1.97,5.97,0.8,6.77,151
2018,202696,Nikola Vučević,ORL,1526,6.55,-0.09,6.46,2.6,1.96,7.18,-0.1,7.08,142
2018,202699,Tobias Harris,DET,2323,7.24,-0.67,6.57,2.19,1.95,12.88,-1.18,11.7,26
2018,202702,Kenneth Faried,DEN,426,7.19,-0.45,6.75,2.93,1.97,2.25,-0.14,2.12,279
2018,202703,Nikola Mirotic,NOP,1288,6.74,0.88,7.62,2.62,1.93,6.12,0.8,6.92,145
2018,202704,Reggie Jackson,DET,1099,7.05,0.5,7.55,2.58,1.97,5.94,0.42,6.36,165
2018,202709,Cory Joseph,IND,1953,6.78,0.01,6.79,2.2,1.97,9.82,0.02,9.84,63
2018,202710,Jimmy Butler III,MIN,1961,7.48,-0.68,6.8,2.18,1.86,10.69,-0.98,9.72,65
2018,202711,Bojan Bogdanovic,IND,2262,7.51,-0.99,6.52,2.42,2.0,12.61,-1.66,10.94,41
2018,202714,Shelvin Mack,ORL,1204,6.23,0.18,6.41,3.35,2.05,5.39,0.15,5.54,193
2018,202718,Chandler Parsons,MEM,590,7.01,-1.0,6.02,2.88,2.0,3.01,-0.43,2.58,268
2018,202722,Davis Bertans,SAS,928,3.37,-0.19,3.17,3.91,2.02,2.38,-0.14,2.24,275
2018,202732,DeAndre Liggins,MIL,655,1.72,0.95,2.67,3.98,2.0,0.86,0.47,1.33,305
2018,202734,E'Twaun Moore,NOP,2332,6.79,-0.01,6.79,3.31,1.89,11.17,-0.01,11.16,38
2018,202738,Isaiah Thomas,LAL,764,6.66,0.28,6.94,2.19,1.93,3.45,0.14,3.59,246
2018,202779,Dwight Buycks,DET,382,0.09,0.72,0.81,4.16,2.06,0.03,0.21,0.24,329
2018,203076,Anthony Davis,NOP,2411,7.29,0.16,7.45,2.2,1.89,12.39,0.27,12.67,12
2018,203077,Michael Kidd-Gilchrist,CHO,1700,6.29,0.48,6.77,3.25,1.98,7.75,0.6,8.35,101
2018,203078,Bradley Beal,WAS,2679,7.23,-0.59,6.64,2.19,2.04,14.0,-1.14,12.86,11
2018,203079,Dion Waiters,MIA,811,6.05,0.91,6.95,2.33,1.94,3.76,0.56,4.32,231
2018,203081,Damian Lillard,POR,2427,7.56,-1.35,6.22,2.06,1.91,13.13,-2.34,10.8,45
2018,203082,Terrence Ross,ORL,562,6.06,-0.03,6.03,2.41,1.91,2.45,-0.01,2.44,272
2018,203083,Andre Drummond,DET,2327,6.74,0.05,6.79,2.34,2.04,12.02,0.09,12.11,20
2018,203084,Harrison Barnes,DAL,2316,6.97,0.61,7.58,2.49,1.89,12.07,1.06,13.12,9
2018,203085,Austin Rivers,LAC,1843,7.03,1.08,8.11,2.73,2.03,9.78,1.5,11.28,33
2018,203087,Jeremy Lamb,CHO,1763,6.84,-0.75,6.09,3.04,2.04,8.75,-0.96,7.78,121
2018,203089,John Henson,MIL,1767,6.53,-0.19,6.34,3.28,1.99,8.77,-0.26,8.51,95
2018,203090,Maurice Harkless,POR,1170,6.43,0.73,7.16,3.21,1.89,5.38,0.62,6.0,180
2018,203092,Tyler Zeller,BRK,1017,6.79,-0.14,6.65,3.15,1.98,5.28,-0.11,5.17,208
2018,203095,Evan Fournier,ORL,1647,7.5,-0.36,7.14,2.42,1.93,8.88,-0.43,8.45,98
2018,203101,Miles Plumlee,ATL,833,5.51,0.64,6.16,3.24,2.04,3.23,0.38,3.61,244
2018,203107,Tomas Satoransky,WAS,1494,3.38,-0.67,2.7,3.95,1.99,3.65,-0.73,2.92,262
2018,203109,Jae Crowder,CLE,1866,7.23,-0.48,6.75,2.34,1.85,10.75,-0.72,10.03,56
2018,203110,Draymond Green,GSW,2057,6.85,0.61,7.46,2.18,1.95,10.49,0.93,11.43,29
2018,203112,Quincy Acy,BRK,1154,5.58,0.55,6.13,3.25,1.95,4.92,0.49,5.4,197
2018,203114,Khris Middleton,MIL,2645,7.21,0.41,7.62,2.55,1.85,14.49,0.82,15.31,3
2018,203115,Will Barton,DEN,2387,7.31,-0.94,6.36,2.38,1.98,12.84,-1.65,11.18,37
2018,203118,Mike Scott,WAS,1253,6.59,0.01,6.6,3.14,2.0,5.98,0.01,5.98,181
2018,203121,Darius Miller,NOP,1685,0.68,-0.39,0.29,4.16,2.13,0.81,-0.47,0.35,325
2018,203124,Kyle O'Quinn,NYK,1199,6.3,-0.15,6.15,3.28,2.03,5.76,-0.14,5.63,192
2018,203145,Kent Bazemore,ATL,1620,6.24,0.59,6.84,2.54,2.0,7.11,0.68,7.78,122
2018,203186,Willie Reed,LAC,402,4.45,0.55,5.0,3.87,1.9,1.35,0.17,1.52,298
2018,203200,Justin Holiday,CHI,2021,5.99,0.5,6.49,2.95,1.93,9.12,0.77,9.89,60
2018,203210,JaMychal Green,MEM,1389,6.58,-0.24,6.33,3.18,1.9,6.64,-0.25,6.4,164
2018,203382,Aron Baynes,BOS,1407,6.04,1.12,7.16,3.07,1.97,6.12,1.13,7.26,137
2018,203457,Nerlens Noel,DAL,399,6.62,0.34,6.96,2.53,1.91,1.98,0.1,2.08,281
2018,203458,Alex Len,PHO,1256,7.15,-0.84,6.31,2.83,1.88,7.12,-0.84,6.28,167
2018,203459,Allen Crabbe,BRK,1964,7.07,0.29,7.36,2.76,1.92,10.61,0.44,11.04,39
2018,203460,Andre Roberson,OKC,950,6.42,0.86,7.28,2.72,1.95,4.65,0.62,5.27,200
2018,203463,Ben McLemore,MEM,968,5.87,0.8,6.67,2.75,1.95,4.13,0.56,4.69,217
2018,203468,CJ McCollum,POR,2692,6.96,-0.58,6.37,2.61,1.92,13.4,-1.12,12.28,17
2018,203469,Cody Zeller,CHO,571,6.91,-0.1,6.81,2.78,2.02,2.86,-0.04,2.82,265
2018,203471,Dennis Schröder,ATL,1838,7.02,-0.12,6.9,2.74,1.95,9.07,-0.16,8.91,89
2018,203473,Dewayne Dedmon,ATL,1407,5.94,0.21,6.15,3.45,2.0,5.87,0.21,6.08,176
2018,203476,Gorgui Dieng,MIN,1196,7.12,-0.62,6.49,2.31,1.9,6.2,-0.54,5.66,188
2018,203477,Isaiah Canaan,PHO,366,7.6,-0.93,6.67,2.76,1.98,2.21,-0.27,1.94,286
2018,203482,Kelly Olynyk,MIA,1567,6.93,-0.04,6.89,2.57,2.02,8.33,-0.05,8.28,104
2018,203484,Kentavious Caldwell-Pope,LAL,2208,6.78,-0.12,6.67,2.16,2.0,10.13,-0.18,9.96,59
2018,203486,Mason Plumlee,DEN,1271,6.86,-0.33,6.53,2.81,1.94,6.42,-0.31,6.11,175
2018,203487,Michael Carter-Williams,CHO,758,6.03,1.08,7.11,2.61,1.87,3.32,0.59,3.91,237
2018,203488,Mike Muscala,ATL,920,5.94,0.33,6.27,3.49,1.98,3.84,0.21,4.05,235
2018,203490,Otto Porter Jr.,WAS,2208,7.14,-0.01,7.13,2.73,2.0,11.4,-0.02,11.38,31
2018,203493,Reggie Bullock Jr.,DET,1514,5.5,-0.62,4.88,3.73,1.94,6.38,-0.72,5.66,189
2018,203496,Robert Covington,PHI,2262,6.57,-0.22,6.34,2.09,1.97,11.62,-0.4,11.23,35
2018,203497,Rudy Gobert,UTA,1647,7.12,0.45,7.57,2.41,1.93,8.63,0.54,9.18,79
2018,203498,Shabazz Muhammad,MIN,393,7.16,-0.44,6.72,2.84,1.98,2.05,-0.13,1.93,287
2018,203499,Shane Larkin,BOS,699,6.24,-0.01,6.23,2.72,1.93,3.14,-0.0,3.13,258
2018,203500,Steven Adams,OKC,2252,7.32,-0.43,6.89,2.52,1.96,12.55,-0.74,11.81,24
2018,203501,Tim Hardaway Jr.,NYK,1644,7.09,0.23,7.32,2.61,1.91,8.89,0.29,9.18,80
2018,203503,Tony Snell,MIL,1801,7.38,-0.28,7.1,2.85,2.06,10.09,-0.38,9.71,66
2018,203504,Trey Burke,NYK,682,7.57,-1.22,6.35,2.78,1.92,3.94,-0.63,3.3,254
2018,203506,Victor Oladipo,IND,2290,6.96,-0.7,6.26,2.27,1.93,11.83,-1.19,10.64,48
2018,203507,Giannis Antetokounmpo,MIL,2453,7.42,-0.21,7.21,2.17,1.93,13.82,-0.39,13.43,6
2018,203512,Lucas Nogueira,TOR,370,4.46,0.57,5.02,3.82,1.95,1.2,0.15,1.36,304
2018,203516,James Ennis III,MEM,1377,6.6,-0.67,5.93,3.22,2.06,6.61,-0.67,5.93,182
2018,203518,Alex Abrines,OKC,1004,4.75,-0.49,4.27,3.96,1.99,3.63,-0.37,3.26,255
2018,203521,Matthew Dellavedova,MIL,622,7.01,0.79,7.8,2.65,1.86,3.31,0.38,3.69,242
2018,203526,Raul Neto,UTA,439,5.2,0.1,5.3,3.6,1.94,1.68,0.03,1.72,291
2018,203530,Joffrey Lauvergne,SAS,446,5.98,-0.36,5.62,3.47,1.95,2.03,-0.12,1.91,288
2018,203546,Ian Clark,NOP,1267,5.47,0.01,5.48,3.46,1.97,4.89,0.01,4.9,214
2018,203584,Troy Daniels,PHO,1444,7.19,-1.2,5.99,3.32,1.91,8.23,-1.37,6.86,147
2018,203585,Rodney McGruder,MIA,255,5.41,0.31,5.71,3.75,2.0,1.06,0.06,1.12,310
2018,203613,Jonathon Simmons,ORL,1789,5.8,0.38,6.18,3.43,2.01,7.46,0.49,7.95,117
2018,203894,Shabazz Napier,POR,1368,5.77,0.92,6.68,3.51,2.01,5.64,0.9,6.54,158
2018,203897,Zach LaVine,CHI,627,6.0,1.26,7.26,2.42,1.96,2.84,0.59,3.43,250
2018,203898,Tyler Ennis,LAL,598,4.85,0.48,5.33,3.55,1.95,1.96,0.2,2.16,276
2018,203901,Elfrid Payton,ORL,1645,6.09,1.08,7.17,2.46,1.99,7.2,1.28,8.48,97
2018,203903,Jordan Clarkson,LAL,1614,7.25,-0.28,6.97,2.28,1.91,7.92,-0.31,7.61,129
2018,203914,Gary Harris,DEN,2089,7.3,-0.37,6.93,2.74,1.99,11.23,-0.58,10.66,47
2018,203915,Spencer Dinwiddie,BRK,2018,6.18,-0.9,5.29,3.64,1.95,9.53,-1.38,8.15,111
2018,203917,Nik Stauskas,BRK,467,6.89,0.2,7.09,2.27,1.97,2.46,0.07,2.53,270
2018,203918,Rodney Hood,UTA,1420,6.7,0.36,7.06,2.63,1.93,7.0,0.38,7.38,134
2018,203922,Glenn Robinson III,IND,287,6.06,0.47,6.53,3.65,1.94,1.29,0.1,1.39,303
2018,203924,Jerami Grant,OKC,1397,7.12,0.17,7.29,2.6,1.86,7.58,0.19,7.76,125
2018,203925,Joe Harris,BRK,1733,6.23,-1.25,4.98,3.59,2.01,8.25,-1.66,6.59,157
2018,203926,Doug McDermott,NYK,1535,7.12,-0.19,6.93,2.73,1.92,8.34,-0.23,8.11,112
2018,203930,Sean Kilpatrick,CHI,557,5.76,-0.38,5.38,3.13,1.96,2.42,-0.16,2.26,274
2018,203932,Aaron Gordon,ORL,1710,6.43,0.49,6.92,2.72,1.98,7.91,0.6,8.51,96
2018,203933,T.J. Warren,PHO,1904,7.26,-0.86,6.39,2.94,1.89,10.95,-1.3,9.65,69
2018,203935,Marcus Smart,BOS,1394,6.09,1.32,7.41,2.03,1.98,6.11,1.32,7.44,133
2018,203937,Kyle Anderson,SAS,1760,6.24,-0.1,6.14,3.29,1.98,8.36,-0.13,8.22,106
2018,203939,Dwight Powell,DAL,1481,6.67,-0.67,6.0,3.3,1.98,7.39,-0.74,6.65,153
2018,203943,Noah Vonleh,POR,792,4.94,0.74,5.69,3.7,2.0,2.8,0.42,3.23,256
2018,203944,Julius Randle,LAL,1953,6.98,-0.01,6.97,2.88,2.03,9.22,-0.01,9.21,78
2018,203948,Johnny O'Bryant III,CHO,336,2.92,0.84,3.76,4.0,1.88,0.71,0.2,0.92,313
2018,203952,Andrew Wiggins,MIN,2677,6.58,0.07,6.65,2.12,1.91,12.84,0.14,12.98,10
2018,203953,Jabari Parker,MIL,633,6.8,0.08,6.88,3.0,2.02,3.27,0.04,3.31,253
2018,203954,Joel Embiid,PHI,1717,3.27,-0.24,3.03,3.99,2.09,4.39,-0.33,4.06,234
2018,203960,JaKarr Sampson,SAC,312,5.85,-0.38,5.47,3.66,1.95,1.31,-0.08,1.22,308
2018,203961,Eric Moreland,DET,737,0.55,0.27,0.82,4.2,1.97,0.31,0.15,0.46,322
2018,203962,Josh Huestis,OKC,871,-0.41,0.82,0.42,4.21,1.94,-0.27,0.54,0.28,328
2018,203967,Dario Šarić,PHI,2064,6.38,-0.76,5.62,3.34,2.03,10.3,-1.23,9.07,86
2018,203991,Clint Capela,HOU,1845,6.64,-0.13,6.51,3.42,2.02,9.41,-0.19,9.22,77
2018,203994,Jusuf Nurkić,POR,1918,5.94,0.38,6.32,3.29,2.0,8.15,0.53,8.68,92
2018,203999,Nikola Jokić,DEN,2215,7.1,-0.67,6.43,3.06,2.02,11.58,-1.09,10.49,49
2018,204001,Kristaps Porziņģis,NYK,1310,6.65,-0.6,6.05,2.95,1.98,6.64,-0.6,6.04,179
2018,204020,Tyler Johnson,MIA,1782,6.71,0.14,6.85,2.72,1.99,9.18,0.19,9.36,72
2018,204025,Tim Frazier,WAS,764,5.52,0.68,6.19,3.56,1.94,3.05,0.37,3.42,251
2018,204028,Tarik Black,HOU,454,6.1,0.51,6.61,3.13,2.11,2.13,0.18,2.3,273
2018,204038,Langston Galloway,DET,753,6.26,-0.12,6.14,2.43,2.0,3.61,-0.07,3.55,247
2018,204060,Joe Ingles,UTA,2308,6.88,0.32,7.2,2.52,1.96,11.69,0.55,12.24,18
2018,204456,T.J. McConnell,PHI,1429,6.5,0.81,7.32,2.67,2.01,7.27,0.91,8.18,108
2018,1626143,Jahlil Okafor,BRK,313,6.36,-0.8,5.56,3.24,1.9,1.52,-0.19,1.33,306
2018,1626144,Emmanuel Mudiay,DEN,1099,5.76,0.76,6.52,2.89,2.0,4.66,0.61,5.27,201
2018,1626145,Tyus Jones,MIN,1303,4.49,-0.32,4.17,3.84,2.06,4.26,-0.3,3.96,236
2018,1626147,Justin Anderson,PHI,434,4.49,0.03,4.52,3.73,1.93,1.53,0.01,1.54,297
2018,1626149,Montrezl Harrell,LAC,1158,5.61,-0.31,5.31,3.82,2.02,4.9,-0.27,4.64,222
2018,1626150,Andrew Harrison,MEM,1208,5.66,-0.6,5.06,3.65,2.01,4.97,-0.52,4.45,226
2018,1626153,Delon Wright,TOR,1270,2.23,0.08,2.3,4.06,2.03,2.07,0.07,2.14,277
2018,1626155,Sam Dekker,LAC,810,4.38,0.42,4.79,3.77,2.02,2.68,0.25,2.93,261
2018,1626156,D'Angelo Russell,BRK,1117,6.01,0.91,6.92,2.97,1.98,5.12,0.78,5.9,183
2018,1626157,Karl-Anthony Towns,MIN,2680,7.14,-0.31,6.83,2.83,1.94,13.95,-0.6,13.35,7
2018,1626158,Richaun Holmes,PHI,601,5.65,0.02,5.66,3.47,2.01,2.66,0.01,2.66,267
2018,1626159,Justise Winslow,MIA,1438,5.75,0.54,6.29,3.14,1.97,6.35,0.59,6.94,144
2018,1626161,Willie Cauley-Stein,SAC,1827,6.1,-0.21,5.89,3.48,1.98,7.97,-0.27,7.7,126
2018,1626162,Kelly Oubre Jr.,WAS,1977,5.38,0.27,5.64,3.66,2.03,7.69,0.38,8.07,113
2018,1626163,Frank Kaminsky,CHO,1641,7.13,-0.44,6.69,2.91,2.05,8.48,-0.52,7.96,116
2018,1626164,Devin Booker,PHO,1656,7.28,-1.2,6.08,2.51,1.98,9.56,-1.58,7.98,115
2018,1626166,Cameron Payne,CHI,536,4.78,0.23,5.01,3.97,1.86,1.93,0.09,2.03,283
2018,1626167,Myles Turner,IND,1676,6.7,-0.53,6.17,2.82,1.89,8.34,-0.66,7.68,127
2018,1626168,Trey Lyles,DEN,1224,6.87,-1.11,5.76,3.17,1.93,6.19,-1.0,5.19,207
2018,1626169,Stanley Johnson,DET,1683,5.7,1.24,6.93,3.17,2.08,7.35,1.6,8.94,88
2018,1626170,Jerian Grant,CHI,1498,6.98,-1.22,5.76,3.17,1.88,7.88,-1.37,6.51,159
2018,1626171,Bobby Portis,CHI,1437,6.39,-0.46,5.93,3.26,2.0,6.92,-0.5,6.42,161
2018,1626172,Kevon Looney,GSW,760,2.16,-0.38,1.78,4.17,2.15,1.22,-0.21,1.01,312
2018,1626178,Rondae Hollis-Jefferson,BRK,1760,6.25,-0.16,6.09,3.5,1.95,8.39,-0.21,8.18,109
2018,1626179,Terry Rozier,BOS,1814,5.86,0.73,6.59,3.37,1.9,7.66,0.95,8.61,93
2018,1626181,Norman Powell,TOR,961,4.22,1.05,5.27,3.62,2.01,2.96,0.74,3.7,241
2018,1626185,Jarell Martin,MEM,1478,3.25,0.78,4.03,3.99,2.02,3.49,0.84,4.34,230
2018,1626188,Quinn Cook,GSW,665,0.99,-0.54,0.45,4.17,1.95,0.49,-0.27,0.22,330
2018,1626192,Pat Connaughton,POR,1300,2.84,-1.04,1.8,3.96,1.95,2.64,-0.97,1.67,293
2018,1626195,Willy Hernangomez,CHO,420,4.45,0.48,4.93,3.63,2.04,1.35,0.15,1.5,299
2018,1626196,Josh Richardson,MIA,2401,6.04,0.04,6.08,3.11,2.0,11.13,0.06,11.19,36
2018,1626202,Joe Young,IND,509,1.26,0.82,2.08,4.12,2.07,0.48,0.31,0.79,316
2018,1626203,Treveon Graham,CHO,934,0.93,-0.27,0.66,4.27,2.04,0.63,-0.18,0.45,324
2018,1626204,Larry Nance Jr.,LAL,1254,6.58,0.07,6.65,3.16,1.86,5.58,0.06,5.64,191
2018,1626209,Mario Hezonja,ORL,1490,5.12,0.86,5.98,3.63,1.99,5.49,0.92,6.41,163
2018,1626245,Cristiano Felicio,CHI,916,5.51,-0.11,5.4,3.79,2.11,3.81,-0.07,3.73,240
2018,1626246,Boban Marjanovic,LAC,303,2.87,0.31,3.18,4.09,2.07,0.66,0.07,0.73,318
2018,1626257,Salah Mejri,DAL,608,4.14,-0.02,4.12,3.86,2.07,1.89,-0.01,1.88,289
2018,1627098,Malcolm Delaney,ATL,846,4.77,0.36,5.14,3.9,1.84,2.84,0.22,3.06,260
2018,1627733,Dragan Bender,PHO,1866,2.04,1.37,3.41,4.09,1.98,3.02,2.02,5.04,212
2018,1627734,Domantas Sabonis,IND,1627,4.97,0.16,5.13,3.78,2.03,6.01,0.19,6.2,171
2018,1627736,Malik Beasley,DEN,501,-0.38,0.57,0.2,4.22,2.05,-0.14,0.21,0.07,334
2018,1627737,Marquese Chriss,PHO,1345,3.71,1.22,4.92,3.8,2.1,3.95,1.3,5.25,202
2018,1627738,Deyonta Davis,MEM,837,1.89,-0.6,1.3,4.18,2.03,1.15,-0.36,0.79,317
2018,1627739,Kris Dunn,CHI,1386,3.47,1.18,4.65,3.89,1.92,3.63,1.23,4.86,215
2018,1627740,Henry Ellenson,DET,290,-0.38,0.96,0.58,4.15,1.98,-0.09,0.21,0.13,333
2018,1627741,Buddy Hield,SAC,1782,4.11,-0.45,3.66,3.96,1.98,5.24,-0.57,4.67,219
2018,1627742,Brandon Ingram,LAL,1779,5.57,0.63,6.2,3.44,2.0,6.71,0.76,7.47,132
2018,1627746,Skal Labissiere,SAC,1127,0.52,0.57,1.09,4.07,2.08,0.42,0.46,0.88,315
2018,1627747,Caris LeVert,BRK,1621,3.39,0.65,4.03,3.98,1.91,4.19,0.8,4.99,213
2018,1627748,Thon Maker,MIL,1080,0.55,0.79,1.34,4.1,2.07,0.45,0.65,1.1,311
2018,1627749,Dejounte Murray,SAS,1554,0.45,0.91,1.36,4.05,1.98,0.53,1.08,1.61,294
2018,1627750,Jamal Murray,DEN,2322,6.02,-0.71,5.31,3.58,1.96,10.29,-1.22,9.08,85
2018,1627751,Jakob Poeltl,TOR,1360,2.73,0.15,2.88,4.22,1.99,2.71,0.15,2.86,264
2018,1627752,Taurean Prince,ATL,2194,3.09,1.29,4.38,3.76,2.03,4.76,1.99,6.75,152
2018,1627755,Tyler Ulis,PHO,1500,3.73,0.83,4.56,3.8,2.01,4.44,0.99,5.43,196
2018,1627756,Denzel Valentine,CHI,1880,4.55,-0.16,4.39,3.83,1.98,6.45,-0.23,6.22,170
2018,1627758,Ron Baker,NYK,314,2.92,0.0,2.92,3.93,2.09,0.7,0.0,0.7,319
2018,1627759,Jaylen Brown,BOS,1918,5.07,0.47,5.54,3.58,1.88,7.01,0.65,7.66,128
2018,1627761,DeAndre' Bembry,ATL,381,0.13,1.0,1.13,4.23,1.97,0.03,0.27,0.3,327
2018,1627763,Malcolm Brogdon,MIL,1247,5.66,-0.13,5.52,3.65,2.01,5.36,-0.13,5.23,203
2018,1627767,Cheick Diallo,NOP,515,0.29,-0.52,-0.23,4.07,2.0,0.11,-0.19,-0.08,335
2018,1627775,Patrick McCaw,GSW,837,3.51,0.6,4.12,4.04,1.86,2.19,0.38,2.56,269
2018,1627781,Malachi Richardson,SAC,266,0.54,0.25,0.79,4.23,2.05,0.1,0.05,0.15,332
2018,1627782,Wayne Selden,MEM,605,2.05,0.04,2.09,4.05,1.89,0.9,0.02,0.92,314
2018,1627783,Pascal Siakam,TOR,1503,2.11,0.19,2.3,3.95,1.99,2.31,0.21,2.52,271
2018,1627786,Troy Williams,NYK,269,2.88,-0.12,2.75,4.15,2.0,0.59,-0.03,0.57,320
2018,1627789,Timothe Luwawu-Cabarrot,PHI,699,2.65,1.09,3.74,3.92,1.88,1.45,0.6,2.04,282
2018,1627812,Yogi Ferrell,DAL,1949,3.18,-0.06,3.12,4.0,1.92,4.63,-0.09,4.55,223
2018,1627819,Isaiah Taylor,ATL,1033,-0.27,0.71,0.44,3.86,2.01,-0.2,0.52,0.32,326
2018,1627826,Ivica Zubac,LAL,356,1.92,0.0,1.92,4.12,2.01,0.46,0.0,0.46,323
2018,1627827,Dorian Finney-Smith,DAL,400,4.16,0.62,4.78,3.69,1.92,1.25,0.19,1.43,302
2018,1627832,Fred VanVleet,TOR,1362,0.61,-0.04,0.57,4.29,1.98,0.61,-0.04,0.57,321
2018,1627835,Paul Zipser,CHI,763,3.09,0.55,3.64,3.96,2.0,1.78,0.32,2.09,280
2018,1627854,Bryn Forbes,SAS,1284,1.61,-0.42,1.19,4.13,2.05,1.57,-0.41,1.16,309
2018,1628021,David Nwaba,CHI,1481,1.58,-0.17,1.41,4.03,1.98,1.76,-0.18,1.58,295
2019,1713,Vince Carter,ATL,1149,7.18,0.01,7.19,2.61,1.96,6.12,0.01,6.12,166
2019,1717,Dirk Nowitzki,DAL,726,6.03,0.01,6.04,2.56,1.91,3.03,0.01,3.03,260
2019,2037,Jamal Crawford,PHO,1049,7.27,0.22,7.49,2.15,2.02,5.81,0.17,5.99,173
2019,2199,Tyson Chandler,LAL,784,6.51,-0.32,6.19,3.07,1.97,4.12,-0.2,3.92,239
2019,2200,Pau Gasol,SAS,310,6.44,-0.03,6.41,2.69,2.01,1.52,-0.01,1.52,313
2019,2225,Tony Parker,CHO,832,7.25,0.23,7.48,2.82,1.91,4.57,0.14,4.71,218
2019,2403,Nene,HOU,462,6.93,-0.77,6.16,2.96,1.92,2.38,-0.27,2.12,291
2019,2544,LeBron James,LAL,1737,7.31,0.4,7.72,2.14,1.85,10.27,0.57,10.84,46
2019,2548,Dwyane Wade,MIA,1622,6.16,0.21,6.37,2.23,1.9,7.64,0.26,7.9,121
2019,2585,Zaza Pachulia,DET,798,6.55,0.17,6.73,2.94,2.0,3.58,0.09,3.67,245
2019,2594,Kyle Korver,UTA,1169,6.77,0.56,7.33,2.48,1.99,6.05,0.5,6.56,156
2019,2733,Shaun Livingston,GSW,884,6.9,0.21,7.11,2.84,1.94,4.57,0.14,4.71,219
2019,2734,Devin Harris,DAL,985,6.61,0.2,6.82,2.86,1.93,4.51,0.14,4.65,224
2019,2736,Luol Deng,MIN,338,7.1,0.79,7.89,2.88,2.04,1.73,0.19,1.93,300
2019,2738,Andre Iguodala,GSW,1379,7.11,0.53,7.63,2.37,1.93,7.35,0.54,7.9,122
2019,2772,Trevor Ariza,WAS,2134,7.08,-0.21,6.87,2.34,2.0,10.96,-0.32,10.63,53
2019,101107,Marvin Williams,CHO,1922,6.78,0.43,7.21,2.77,1.98,9.86,0.63,10.49,58
2019,101108,Chris Paul,HOU,1660,7.35,0.46,7.81,2.34,2.0,9.08,0.57,9.64,76
2019,101109,Raymond Felton,OKC,327,6.8,-0.9,5.9,2.43,2.0,1.71,-0.23,1.48,314
2019,101112,Channing Frye,CLE,296,7.03,-0.42,6.61,2.75,2.06,1.55,-0.09,1.46,315
2019,101123,Gerald Green,HOU,1279,6.39,0.67,7.06,3.24,1.88,6.07,0.64,6.71,150
2019,101133,Ian Mahinmi,WAS,444,6.37,0.34,6.71,3.33,1.97,2.05,0.11,2.16,288
2019,101139,CJ Miles,TOR,757,6.03,0.22,6.25,2.67,1.92,3.27,0.12,3.39,251
2019,101141,Ersan Ilyasova,MIL,1054,6.73,0.08,6.81,2.52,2.06,5.59,0.07,5.66,184
2019,101150,Lou Williams,LAC,1735,7.58,0.78,8.36,2.12,2.01,9.53,0.98,10.51,56
2019,101161,Amir Johnson,PHI,492,6.51,-0.06,6.44,2.69,1.98,2.62,-0.03,2.59,276
2019,101162,Marcin Gortat,LAC,713,6.58,-0.79,5.8,2.68,1.91,3.41,-0.41,3.0,262
2019,101181,Jose Calderon,DET,572,5.68,1.49,7.17,2.99,2.03,2.22,0.58,2.81,268
2019,200746,LaMarcus Aldridge,SAS,2382,7.41,0.72,8.13,2.56,1.91,13.46,1.3,14.76,2
2019,200752,Rudy Gay,SAS,1628,6.94,-0.47,6.47,2.64,2.05,8.62,-0.58,8.03,115
2019,200755,JJ Redick,PHI,2150,7.65,-0.48,7.18,2.34,1.91,13.45,-0.84,12.61,14
2019,200757,Thabo Sefolosha,UTA,514,6.89,-0.2,6.69,2.44,1.97,2.71,-0.08,2.63,274
2019,200765,Rajon Rondo,LAL,1195,5.97,0.9,6.87,2.56,2.03,5.77,0.87,6.64,151
2019,200768,Kyle Lowry,TOR,2026,7.01,0.07,7.08,2.27,2.02,10.16,0.11,10.27,60
2019,200782,P.J. Tucker,HOU,2499,6.79,0.99,7.78,2.39,1.86,12.61,1.84,14.45,4
2019,200794,Paul Millsap,DEN,1737,6.94,-0.55,6.4,2.47,1.9,9.03,-0.71,8.32,110
2019,200826,J.J. Barea,DAL,667,6.63,-0.27,6.36,2.81,1.94,3.06,-0.12,2.94,266
2019,201142,Kevin Durant,GSW,2407,7.38,0.11,7.49,2.38,2.02,13.32,0.2,13.52,7
2019,201143,Al Horford,BOS,1737,7.26,0.71,7.97,2.43,1.9,9.58,0.93,10.52,55
2019,201144,Mike Conley,MEM,2102,7.52,-0.12,7.4,2.85,1.98,12.99,-0.21,12.78,11
2019,201145,Jeff Green,WAS,1892,7.54,-0.63,6.91,2.25,1.83,10.35,-0.86,9.49,81
2019,201147,Corey Brewer,SAC,463,6.26,-0.26,6.0,2.53,1.99,2.18,-0.09,2.09,295
2019,201149,Joakim Noah,MEM,625,5.1,-0.57,4.53,3.7,1.96,2.62,-0.29,2.33,284
2019,201152,Thaddeus Young,IND,2301,6.86,-0.36,6.5,2.17,1.9,12.12,-0.63,11.49,35
2019,201158,Marco Belinelli,SAS,1542,7.0,0.57,7.57,2.24,1.93,8.23,0.67,8.9,96
2019,201162,Jared Dudley,BRK,1101,6.35,-0.37,5.98,2.82,1.94,5.24,-0.31,4.94,211
2019,201163,Wilson Chandler,PHI,1071,6.6,0.22,6.82,2.96,1.91,5.78,0.19,5.97,174
2019,201188,Marc Gasol,MEM,2232,6.76,-0.25,6.51,2.33,1.88,12.41,-0.46,11.95,28
2019,201229,Anthony Tolliver,MIN,958,7.0,-0.51,6.49,2.45,1.92,4.85,-0.35,4.49,230
2019,201565,Derrick Rose,MIN,1240,7.73,-1.85,5.88,2.79,1.91,6.93,-1.66,5.27,198
2019,201566,Russell Westbrook,OKC,2376,6.45,0.19,6.64,2.02,1.91,11.78,0.35,12.13,24
2019,201567,Kevin Love,CLE,538,7.43,0.44,7.87,2.75,1.87,2.98,0.18,3.15,257
2019,201568,Danilo Gallinari,LAC,1815,7.36,-0.81,6.56,2.78,2.04,9.68,-1.06,8.62,103
2019,201569,Eric Gordon,HOU,1919,7.3,-0.57,6.73,2.22,2.05,10.41,-0.81,9.6,78
2019,201571,D.J. Augustin,ORL,2113,7.3,-0.92,6.38,2.75,1.98,11.14,-1.41,9.73,72
2019,201572,Brook Lopez,MIL,2125,6.67,-0.09,6.59,2.13,1.91,11.19,-0.14,11.04,42
2019,201573,Jerryd Bayless,MIN,584,6.13,0.08,6.21,3.06,2.07,2.59,0.03,2.62,275
2019,201577,Robin Lopez,CHI,1430,7.25,0.18,7.43,2.63,1.81,7.05,0.17,7.23,136
2019,201580,JaVale McGee,LAL,1525,6.07,0.18,6.24,3.54,2.01,7.48,0.22,7.7,125
2019,201583,Ryan Anderson,PHO,290,6.91,0.8,7.72,2.51,1.95,1.53,0.18,1.71,308
2019,201584,Courtney Lee,DAL,395,6.43,-0.0,6.43,2.21,1.91,1.76,-0.0,1.76,305
2019,201585,Kosta Koufos,SAC,423,5.97,0.76,6.74,2.62,1.98,1.9,0.24,2.14,290
2019,201586,Serge Ibaka,TOR,1830,6.97,0.85,7.82,2.52,1.94,9.13,1.12,10.24,62
2019,201587,Nicolas Batum,CHO,2083,7.07,-0.4,6.68,2.48,1.92,11.15,-0.63,10.53,54
2019,201588,George Hill,MIL,1126,7.75,-1.58,6.18,2.65,1.86,6.89,-1.4,5.49,190
2019,201599,DeAndre Jordan,DAL,1887,7.37,0.82,8.19,2.42,1.95,9.63,1.07,10.7,52
2019,201609,Goran Dragic,MIA,879,6.64,0.34,6.98,2.15,1.94,4.47,0.23,4.69,221
2019,201933,Blake Griffin,DET,2375,7.27,0.25,7.52,2.7,2.02,11.8,0.41,12.21,22
2019,201935,James Harden,HOU,2552,7.57,-1.04,6.53,1.99,1.91,14.36,-1.97,12.39,20
2019,201936,Tyreke Evans,IND,1261,5.74,0.35,6.08,2.98,1.91,5.56,0.34,5.9,176
2019,201937,Ricky Rubio,UTA,1689,6.44,1.17,7.61,2.62,2.05,8.31,1.52,9.83,71
2019,201939,Stephen Curry,GSW,2072,7.6,0.13,7.73,2.46,1.89,11.81,0.2,12.01,26
2019,201942,DeMar DeRozan,SAS,2366,7.26,-0.26,7.0,2.2,1.89,13.09,-0.47,12.62,13
2019,201949,James Johnson,MIA,1045,5.98,0.43,6.42,2.5,1.91,4.79,0.35,5.13,203
2019,201950,Jrue Holiday,NOP,2171,7.33,0.23,7.56,2.24,1.94,11.67,0.36,12.03,25
2019,201952,Jeff Teague,MIN,1152,7.62,0.04,7.66,2.5,1.92,6.34,0.03,6.38,161
2019,201954,Darren Collison,IND,1981,7.04,-0.24,6.8,2.26,1.96,10.72,-0.36,10.35,59
2019,201956,Omri Casspi,MEM,457,6.46,-0.28,6.18,2.93,1.99,2.43,-0.11,2.32,285
2019,201959,Taj Gibson,MIN,1551,7.13,-0.04,7.09,2.53,2.0,7.99,-0.04,7.95,118
2019,201960,DeMarre Carroll,BRK,1500,6.96,0.51,7.47,2.66,1.95,7.82,0.58,8.4,107
2019,201961,Wayne Ellington,DET,1190,7.15,-0.02,7.14,2.59,2.03,5.82,-0.01,5.81,178
2019,201967,Dante Cunningham,SAS,845,6.72,0.68,7.39,2.89,2.0,4.33,0.44,4.77,215
2019,201973,Jonas Jerebko,GSW,1087,7.1,-0.92,6.18,2.91,1.89,5.79,-0.75,5.04,209
2019,201976,Patrick Beverley,LAC,1864,7.17,-0.8,6.37,2.89,1.92,9.68,-1.08,8.61,104
2019,201980,Danny Green,TOR,2060,6.8,0.64,7.44,2.96,1.91,10.02,0.94,10.96,44
2019,201988,Patty Mills,SAS,1595,7.12,0.19,7.31,2.28,1.97,8.66,0.23,8.89,98
2019,202066,Garrett Temple,MEM,1838,6.13,0.06,6.19,2.4,1.88,9.26,0.09,9.35,84
2019,202083,Wesley Matthews,DAL,1927,6.79,-1.21,5.58,2.15,1.91,9.05,-1.61,7.44,130
2019,202322,John Wall,WAS,1006,6.81,-0.59,6.21,2.59,1.94,4.97,-0.43,4.54,228
2019,202323,Evan Turner,POR,1439,6.41,0.42,6.83,2.14,1.93,7.08,0.46,7.54,126
2019,202324,Derrick Favors,UTA,1642,6.93,-0.14,6.79,2.81,1.99,8.71,-0.18,8.53,105
2019,202325,Wesley Johnson,NOP,480,6.08,0.25,6.33,2.67,1.95,2.14,0.09,2.23,286
2019,202326,DeMarcus Cousins,GSW,736,6.74,0.68,7.42,2.45,1.96,3.72,0.38,4.1,237
2019,202327,Ekpe Udoh,UTA,258,3.06,0.01,3.07,3.98,1.93,0.61,0.0,0.61,339
2019,202328,Greg Monroe,TOR,426,7.73,-0.77,6.96,2.68,1.89,2.36,-0.24,2.12,292
2019,202329,Al-Farouq Aminu,POR,2107,6.9,0.17,7.07,2.68,2.05,11.15,0.28,11.43,37
2019,202330,Gordon Hayward,BOS,1628,7.0,0.33,7.33,2.61,2.07,8.67,0.41,9.08,91
2019,202331,Paul George,OKC,2498,7.22,-0.57,6.64,1.96,1.88,13.85,-1.1,12.75,12
2019,202334,Ed Davis,BRK,1293,7.01,-0.44,6.56,2.62,2.06,6.79,-0.43,6.36,162
2019,202335,Patrick Patterson,OKC,790,6.29,0.13,6.41,2.41,1.97,3.82,0.08,3.89,241
2019,202339,Eric Bledsoe,MIL,2080,6.87,0.7,7.58,2.61,1.9,11.28,1.15,12.43,19
2019,202340,Avery Bradley,LAC,1666,6.03,0.9,6.93,2.35,1.92,7.29,1.09,8.37,109
2019,202355,Hassan Whiteside,MIA,1510,6.74,0.15,6.89,2.49,2.0,7.79,0.18,7.97,116
2019,202357,Nemanja Bjelica,SAC,1650,6.59,-0.17,6.42,3.22,1.94,8.17,-0.21,7.96,117
2019,202362,Lance Stephenson,LAL,958,6.03,0.61,6.63,2.77,2.02,4.67,0.47,5.14,202
2019,202391,Jeremy Lin,ATL,1244,6.12,0.74,6.86,3.55,1.97,5.65,0.68,6.33,163
2019,202397,Ish Smith,DET,1066,6.51,0.45,6.96,2.32,1.97,4.74,0.33,5.08,206
2019,202498,Lance Thomas,NYK,689,5.64,0.15,5.79,3.19,1.96,2.88,0.08,2.96,264
2019,202681,Kyrie Irving,BOS,1938,7.27,0.07,7.34,2.52,1.96,10.7,0.1,10.81,47
2019,202683,Enes Freedom,NYK,1490,7.32,-0.87,6.45,2.37,1.9,8.07,-0.96,7.11,140
2019,202684,Tristan Thompson,CLE,1107,7.57,-0.54,7.03,2.43,1.91,6.24,-0.44,5.8,179
2019,202685,Jonas Valančiūnas,TOR,982,6.65,0.1,6.75,2.63,1.92,4.68,0.07,4.75,217
2019,202687,Bismack Biyombo,CHO,735,6.97,-0.18,6.79,2.63,1.99,3.88,-0.1,3.78,242
2019,202688,Brandon Knight,CLE,691,7.27,-0.91,6.36,3.16,1.95,3.74,-0.47,3.28,252
2019,202689,Kemba Walker,CHO,2536,7.58,0.03,7.61,2.16,1.91,14.55,0.06,14.61,3
2019,202691,Klay Thompson,GSW,2432,7.09,0.82,7.9,2.39,1.93,12.92,1.49,14.41,5
2019,202692,Alec Burks,CLE,1237,5.66,0.5,6.16,3.35,1.97,5.22,0.46,5.68,183
2019,202693,Markieff Morris,WAS,1183,6.51,-0.01,6.5,2.77,1.95,5.59,-0.01,5.58,185
2019,202694,Marcus Morris Sr.,BOS,1855,6.86,-0.28,6.58,2.19,1.89,9.67,-0.39,9.28,86
2019,202695,Kawhi Leonard,TOR,1859,7.05,0.51,7.56,2.75,1.94,9.38,0.68,10.06,65
2019,202696,Nikola Vučević,ORL,2302,6.84,0.13,6.96,2.91,1.95,11.37,0.21,11.58,32
2019,202697,Iman Shumpert,SAC,1331,5.89,1.08,6.97,3.03,2.06,5.89,1.08,6.97,143
2019,202699,Tobias Harris,LAC,2540,7.28,-0.18,7.11,2.26,1.95,13.41,-0.32,13.08,9
2019,202702,Kenneth Faried,HOU,660,6.7,-0.35,6.35,3.23,2.09,3.29,-0.17,3.12,258
2019,202703,Nikola Mirotic,NOP,1125,7.03,-0.6,6.42,2.75,2.0,5.8,-0.5,5.3,197
2019,202704,Reggie Jackson,DET,2109,7.18,-0.19,6.99,2.84,1.93,10.35,-0.27,10.08,64
2019,202705,MarShon Brooks,MEM,347,0.55,0.92,1.47,4.18,1.97,0.16,0.26,0.42,345
2019,202709,Cory Joseph,IND,1847,6.24,0.54,6.77,2.18,2.04,8.86,0.76,9.62,77
2019,202710,Jimmy Butler III,PHI,2008,7.32,-1.6,5.72,2.1,1.94,12.01,-2.62,9.38,83
2019,202711,Bojan Bogdanovic,IND,2372,7.16,-1.13,6.04,2.21,2.0,13.06,-2.05,11.0,43
2019,202714,Shelvin Mack,MEM,1073,5.86,1.02,6.87,2.99,1.94,5.16,0.9,6.06,169
2019,202718,Chandler Parsons,MEM,446,5.45,0.61,6.06,3.14,2.04,2.0,0.22,2.22,287
2019,202720,Jon Leuer,DET,355,6.51,0.58,7.08,3.07,1.98,1.58,0.14,1.72,306
2019,202722,Davis Bertans,SAS,1437,5.2,0.51,5.71,3.83,1.96,5.69,0.56,6.25,164
2019,202734,E'Twaun Moore,NOP,1327,7.22,0.5,7.72,2.75,1.94,7.02,0.49,7.51,127
2019,203076,Anthony Davis,NOP,1695,7.36,0.72,8.08,2.23,2.0,9.14,0.89,10.04,66
2019,203077,Michael Kidd-Gilchrist,CHO,1038,6.41,0.46,6.87,3.26,2.05,5.04,0.37,5.4,193
2019,203078,Bradley Beal,WAS,2747,7.44,-1.2,6.24,2.54,1.88,14.83,-2.38,12.45,18
2019,203079,Dion Waiters,MIA,1013,6.01,0.91,6.92,2.68,1.98,4.66,0.7,5.37,194
2019,203081,Damian Lillard,POR,2578,7.65,-0.15,7.49,2.14,1.96,15.12,-0.31,14.81,1
2019,203082,Terrence Ross,ORL,1901,6.62,0.15,6.77,2.82,1.97,9.09,0.21,9.3,85
2019,203083,Andre Drummond,DET,2394,6.8,0.5,7.3,2.48,1.94,11.14,0.81,11.95,29
2019,203084,Harrison Barnes,DAL,2290,7.31,-1.71,5.6,2.18,1.91,11.59,-2.72,8.87,99
2019,203085,Austin Rivers,HOU,1766,7.09,-0.27,6.82,2.71,2.01,9.3,-0.35,8.95,95
2019,203086,Meyers Leonard,POR,793,6.25,-0.07,6.18,3.62,1.93,3.81,-0.04,3.77,244
2019,203087,Jeremy Lamb,CHO,2026,7.18,0.65,7.83,2.68,2.05,11.01,0.99,12.0,27
2019,203090,Maurice Harkless,POR,1329,6.72,-0.06,6.67,2.94,1.99,6.86,-0.06,6.8,146
2019,203095,Evan Fournier,ORL,2394,6.37,0.41,6.78,2.57,1.95,11.02,0.71,11.73,31
2019,203098,John Jenkins,NYK,300,1.62,-0.31,1.31,4.0,2.07,0.36,-0.07,0.29,349
2019,203107,Tomas Satoransky,WAS,1974,6.13,-0.49,5.63,3.63,1.94,8.78,-0.71,8.07,114
2019,203109,Jae Crowder,UTA,1881,6.59,-0.2,6.39,2.13,1.99,9.47,-0.29,9.19,89
2019,203110,Draymond Green,GSW,1895,6.5,1.08,7.57,2.42,2.0,9.23,1.53,10.76,49
2019,203114,Khris Middleton,MIL,2180,6.88,1.14,8.02,2.18,1.94,11.83,1.95,13.79,6
2019,203115,Will Barton,DEN,1075,6.16,0.16,6.32,2.39,1.96,4.96,0.13,5.09,205
2019,203118,Mike Scott,LAC,1209,6.02,0.3,6.32,3.18,2.01,5.28,0.26,5.54,186
2019,203121,Darius Miller,NOP,1567,5.92,0.17,6.09,3.53,2.09,6.81,0.2,7.0,141
2019,203124,Kyle O'Quinn,IND,330,6.03,0.16,6.19,3.13,2.11,1.53,0.04,1.57,312
2019,203145,Kent Bazemore,ATL,1451,6.04,0.12,6.16,2.51,1.94,6.5,0.13,6.63,152
2019,203200,Justin Holiday,CHI,2368,6.36,0.77,7.13,2.74,1.93,10.24,1.24,11.48,36
2019,203210,JaMychal Green,MEM,1220,6.39,0.11,6.51,2.51,2.01,6.41,0.12,6.53,158
2019,203382,Aron Baynes,BOS,769,6.95,-0.99,5.96,2.78,2.0,4.07,-0.58,3.49,248
2019,203457,Nerlens Noel,OKC,962,6.61,0.06,6.67,3.03,1.96,4.89,0.05,4.93,213
2019,203458,Alex Len,ATL,1392,7.3,-0.74,6.56,2.7,1.95,7.54,-0.77,6.77,147
2019,203459,Allen Crabbe,BRK,992,6.01,0.16,6.16,2.22,1.93,4.47,0.12,4.58,226
2019,203468,CJ McCollum,POR,2179,7.43,0.32,7.75,2.22,1.88,12.43,0.53,12.96,10
2019,203469,Cody Zeller,CHO,1143,7.02,-0.42,6.61,3.03,1.97,6.08,-0.36,5.72,182
2019,203471,Dennis Schröder,OKC,2051,6.36,0.56,6.92,2.14,1.96,10.03,0.88,10.9,45
2019,203473,Dewayne Dedmon,ATL,1488,6.59,0.1,6.69,3.04,2.0,7.27,0.11,7.39,132
2019,203476,Gorgui Dieng,MIN,924,6.86,-0.31,6.55,2.65,2.02,4.58,-0.21,4.37,233
2019,203477,Isaiah Canaan,PHO,566,6.61,0.36,6.97,2.87,2.01,2.85,0.15,3.0,263
2019,203482,Kelly Olynyk,MIA,1617,6.96,-0.14,6.82,2.23,1.96,8.61,-0.17,8.44,106
2019,203484,Kentavious Caldwell-Pope,LAL,1792,7.13,-0.55,6.58,2.37,1.92,10.33,-0.8,9.54,79
2019,203486,Mason Plumlee,DEN,1543,6.83,0.64,7.47,3.02,1.91,7.9,0.74,8.64,102
2019,203487,Michael Carter-Williams,ORL,338,6.0,1.02,7.02,3.06,1.99,1.47,0.25,1.72,307
2019,203488,Mike Muscala,PHI,1177,6.52,0.37,6.89,2.87,2.0,6.27,0.36,6.63,153
2019,203490,Otto Porter Jr.,WAS,1543,7.36,-0.68,6.68,2.81,2.05,8.24,-0.76,7.48,129
2019,203493,Reggie Bullock Jr.,DET,1710,6.08,0.51,6.6,3.07,2.07,7.12,0.6,7.71,124
2019,203496,Robert Covington,MIN,1111,6.69,0.82,7.5,2.2,2.02,5.37,0.66,6.03,171
2019,203497,Rudy Gobert,UTA,2273,6.99,0.26,7.25,2.34,2.06,12.15,0.46,12.61,15
2019,203500,Steven Adams,OKC,2376,6.94,0.25,7.18,2.43,1.9,12.66,0.45,13.11,8
2019,203501,Tim Hardaway Jr.,NYK,1816,6.9,0.53,7.42,2.59,1.93,9.27,0.71,9.97,69
2019,203503,Tony Snell,MIL,1157,7.21,-0.11,7.1,2.56,1.91,6.58,-0.1,6.48,159
2019,203504,Trey Burke,NYK,997,6.76,-0.47,6.29,3.34,1.93,4.99,-0.35,4.64,225
2019,203506,Victor Oladipo,IND,1045,6.43,0.18,6.61,2.29,1.98,5.16,0.15,5.31,195
2019,203507,Giannis Antetokounmpo,MIL,2139,7.28,-0.45,6.84,2.17,2.0,12.29,-0.75,11.54,33
2019,203516,James Ennis III,HOU,1150,6.68,1.04,7.72,2.96,2.05,5.71,0.89,6.6,154
2019,203518,Alex Abrines,OKC,517,5.84,0.14,5.98,3.12,1.96,2.32,0.06,2.38,281
2019,203521,Matthew Dellavedova,CLE,715,6.36,0.74,7.11,3.04,1.97,3.39,0.39,3.78,243
2019,203524,Solomon Hill,NOP,768,5.86,0.31,6.17,3.15,1.95,3.3,0.17,3.47,249
2019,203526,Raul Neto,UTA,422,6.08,0.02,6.1,3.4,1.97,1.96,0.01,1.97,299
2019,203546,Ian Clark,NOP,863,5.73,1.18,6.9,3.14,2.02,3.62,0.75,4.37,234
2019,203552,Seth Curry,POR,1252,6.78,-0.67,6.1,3.17,2.0,6.51,-0.65,5.87,177
2019,203584,Troy Daniels,PHO,673,7.1,-0.81,6.29,2.93,1.95,3.64,-0.42,3.23,256
2019,203585,Rodney McGruder,MIA,1388,5.2,0.83,6.04,3.43,2.05,5.52,0.89,6.41,160
2019,203613,Jonathon Simmons,ORL,956,5.76,1.34,7.1,2.94,1.91,3.98,0.92,4.91,214
2019,203894,Shabazz Napier,BRK,840,6.44,1.02,7.46,3.06,1.92,4.06,0.64,4.7,220
2019,203895,Jordan McRae,WAS,281,2.7,-0.44,2.26,4.11,1.98,0.55,-0.09,0.46,343
2019,203897,Zach LaVine,CHI,1964,6.57,0.09,6.66,3.39,1.9,8.78,0.12,8.9,97
2019,203901,Elfrid Payton,NOP,1121,6.53,0.87,7.4,2.9,1.98,5.37,0.71,6.08,168
2019,203903,Jordan Clarkson,CLE,1941,7.91,-1.01,6.9,2.25,1.87,11.43,-1.46,9.98,68
2019,203914,Gary Harris,DEN,1463,6.8,-0.83,5.97,2.53,2.02,7.45,-0.91,6.54,157
2019,203915,Spencer Dinwiddie,BRK,1617,7.1,-1.22,5.88,3.01,1.9,8.61,-1.48,7.13,139
2019,203917,Nik Stauskas,POR,918,7.03,-0.72,6.3,2.43,1.99,4.95,-0.51,4.44,231
2019,203918,Rodney Hood,CLE,1743,7.41,-0.58,6.83,2.53,2.01,9.62,-0.75,8.86,100
2019,203920,Khem Birch,ORL,577,3.64,-0.68,2.96,3.85,2.0,1.52,-0.28,1.24,325
2019,203922,Glenn Robinson III,DET,547,5.12,0.64,5.75,3.55,1.95,1.92,0.24,2.15,289
2019,203924,Jerami Grant,OKC,2320,7.05,-0.59,6.46,2.42,1.98,12.56,-1.05,11.51,34
2019,203925,Joe Harris,BRK,2076,7.15,-0.94,6.21,2.61,1.97,11.13,-1.47,9.66,74
2019,203926,Doug McDermott,IND,1223,7.22,-0.75,6.48,2.36,1.94,6.79,-0.7,6.09,167
2019,203932,Aaron Gordon,ORL,2424,6.44,0.76,7.2,2.89,1.95,11.28,1.34,12.61,16
2019,203933,T.J. Warren,PHO,1222,7.46,-1.0,6.45,2.57,1.94,6.94,-0.93,6.01,172
2019,203935,Marcus Smart,BOS,1952,6.82,0.85,7.67,2.19,1.99,10.12,1.26,11.38,38
2019,203937,Kyle Anderson,MEM,1180,6.27,0.93,7.2,2.98,1.96,6.08,0.91,6.99,142
2019,203939,Dwight Powell,DAL,1503,7.3,-0.8,6.5,2.7,1.97,7.6,-0.84,6.76,149
2019,203943,Noah Vonleh,NYK,1549,4.9,0.1,5.0,3.88,1.93,5.62,0.12,5.73,181
2019,203944,Julius Randle,NOP,2008,7.41,-0.85,6.55,2.33,1.88,10.9,-1.25,9.65,75
2019,203952,Andrew Wiggins,MIN,2310,5.96,1.5,7.46,2.45,1.88,9.96,2.5,12.46,17
2019,203953,Jabari Parker,CHI,1559,6.15,0.27,6.42,2.46,1.84,6.52,0.28,6.81,145
2019,203954,Joel Embiid,PHI,1970,6.7,-0.46,6.24,3.06,2.02,10.78,-0.74,10.04,67
2019,203957,Danté Exum,UTA,574,5.02,0.36,5.38,3.69,2.0,2.21,0.16,2.37,282
2019,203967,Dario Šarić,MIN,1842,7.17,0.1,7.27,2.59,1.96,9.54,0.13,9.68,73
2019,203991,Clint Capela,HOU,1998,7.25,-0.33,6.92,2.9,2.0,10.76,-0.49,10.27,61
2019,203992,Bogdan Bogdanović,SAC,1721,5.73,0.0,5.73,3.66,2.01,7.41,0.0,7.41,131
2019,203994,Jusuf Nurkić,POR,1823,6.61,0.63,7.23,3.27,1.97,9.24,0.88,10.12,63
2019,203998,Bruno Caboclo,MEM,719,1.3,-0.01,1.29,4.03,1.98,0.77,-0.01,0.76,335
2019,203999,Nikola Jokić,DEN,2277,7.01,-0.72,6.29,2.55,1.96,11.96,-1.23,10.73,51
2019,204020,Tyler Johnson,MIA,1341,6.74,0.57,7.3,2.46,2.0,6.91,0.58,7.49,128
2019,204025,Tim Frazier,NOP,1009,6.37,0.59,6.96,3.37,1.96,4.71,0.43,5.15,201
2019,204038,Langston Galloway,DET,1523,7.27,0.26,7.53,2.54,1.87,7.57,0.27,7.84,123
2019,204060,Joe Ingles,UTA,2296,6.9,-0.16,6.74,2.31,1.88,12.11,-0.28,11.84,30
2019,204456,T.J. McConnell,PHI,1284,6.88,-0.04,6.84,2.23,1.86,7.22,-0.05,7.17,138
2019,1626143,Jahlil Okafor,NOP,844,6.51,-0.68,5.83,3.29,2.0,4.03,-0.42,3.61,247
2019,1626144,Emmanuel Mudiay,NYK,1425,6.0,0.84,6.83,2.78,1.99,6.32,0.88,7.2,137
2019,1626145,Tyus Jones,MIN,1423,6.52,0.14,6.67,3.51,1.99,6.71,0.15,6.86,144
2019,1626147,Justin Anderson,ATL,422,5.27,0.38,5.66,3.4,1.92,1.65,0.12,1.77,304
2019,1626149,Montrezl Harrell,LAC,1852,6.87,-0.73,6.14,3.23,2.04,9.21,-0.98,8.24,112
2019,1626153,Delon Wright,TOR,1503,5.41,-0.03,5.38,3.6,1.95,5.82,-0.03,5.79,180
2019,1626155,Sam Dekker,WAS,704,6.74,-0.36,6.38,3.3,1.99,3.44,-0.18,3.26,254
2019,1626156,D'Angelo Russell,BRK,2273,6.93,-0.6,6.34,2.59,1.91,11.82,-1.02,10.8,48
2019,1626157,Karl-Anthony Towns,MIN,2332,7.31,-0.08,7.24,2.38,1.94,12.33,-0.13,12.2,23
2019,1626158,Richaun Holmes,PHO,1048,7.42,-0.47,6.95,2.85,2.05,5.92,-0.38,5.54,187
2019,1626159,Justise Winslow,MIA,1737,5.92,0.89,6.81,2.52,1.92,7.87,1.18,9.05,92
2019,1626161,Willie Cauley-Stein,SAC,2034,7.25,-0.38,6.87,2.47,1.92,11.08,-0.58,10.5,57
2019,1626162,Kelly Oubre Jr.,PHO,1711,6.59,-0.29,6.3,2.77,2.01,8.58,-0.37,8.21,113
2019,1626163,Frank Kaminsky,CHO,645,7.36,-0.34,7.02,2.36,1.91,3.59,-0.17,3.43,250
2019,1626164,Devin Booker,PHO,2020,7.82,-1.34,6.47,2.39,1.92,12.02,-2.07,9.95,70
2019,1626166,Cameron Payne,CHI,649,5.51,-0.02,5.48,3.57,1.98,2.43,-0.01,2.42,280
2019,1626167,Myles Turner,IND,1950,6.38,-0.27,6.11,2.35,1.95,9.56,-0.4,9.16,90
2019,1626168,Trey Lyles,DEN,976,5.68,1.22,6.9,2.89,1.9,4.15,0.89,5.04,210
2019,1626169,Stanley Johnson,DET,1081,6.03,0.66,6.69,2.52,1.98,4.46,0.49,4.94,212
2019,1626170,Jerian Grant,ORL,834,6.43,0.57,7.0,2.73,1.99,3.88,0.35,4.22,236
2019,1626171,Bobby Portis,WAS,1197,6.45,-0.33,6.12,3.04,1.97,5.6,-0.29,5.31,196
2019,1626172,Kevon Looney,GSW,1290,4.88,-0.84,4.05,3.74,2.0,4.72,-0.81,3.92,240
2019,1626178,Rondae Hollis-Jefferson,BRK,1067,5.93,0.4,6.34,2.69,2.01,4.74,0.32,5.07,207
2019,1626179,Terry Rozier,BOS,1570,6.43,1.3,7.73,2.67,2.06,7.67,1.55,9.22,87
2019,1626181,Norman Powell,TOR,987,6.44,0.29,6.74,3.11,1.98,4.55,0.21,4.76,216
2019,1626184,Chasson Randle,WAS,661,1.39,-0.28,1.11,4.31,2.09,0.67,-0.13,0.53,341
2019,1626185,Jarell Martin,ORL,302,6.09,-0.09,6.0,2.99,1.91,1.33,-0.02,1.31,323
2019,1626188,Quinn Cook,GSW,929,3.06,-0.13,2.93,3.99,1.95,2.13,-0.09,2.04,297
2019,1626192,Pat Connaughton,MIL,1074,5.84,0.19,6.03,3.39,1.95,4.95,0.16,5.1,204
2019,1626195,Willy Hernangomez,CHO,696,4.99,-0.27,4.72,3.75,2.07,2.63,-0.14,2.49,279
2019,1626196,Josh Richardson,MIA,2265,6.96,-0.45,6.51,2.5,1.94,12.07,-0.78,11.29,41
2019,1626203,Treveon Graham,BRK,670,2.11,0.71,2.81,3.83,2.0,1.06,0.36,1.41,316
2019,1626204,Larry Nance Jr.,CLE,1621,7.1,-0.53,6.57,2.75,2.05,8.57,-0.63,7.93,119
2019,1626209,Mario Hezonja,NYK,1094,5.76,1.09,6.85,3.15,1.96,4.66,0.88,5.54,188
2019,1626220,Royce O'Neale,UTA,1450,3.29,0.93,4.22,3.82,1.99,3.65,1.04,4.68,223
2019,1626224,Cedi Osman,CLE,2202,4.69,-0.68,4.01,3.77,1.98,7.7,-1.11,6.58,155
2019,1626245,Cristiano Felicio,CHI,686,6.78,-0.83,5.95,3.23,2.12,3.16,-0.39,2.78,269
2019,1626246,Boban Marjanovic,LAC,612,4.53,-0.08,4.45,3.77,2.07,2.01,-0.03,1.98,298
2019,1626257,Salah Mejri,DAL,350,4.72,-0.14,4.58,3.94,2.04,1.14,-0.03,1.11,329
2019,1627732,Ben Simmons,PHI,2486,6.42,-0.35,6.07,3.26,1.9,13.04,-0.71,12.33,21
2019,1627733,Dragan Bender,PHO,764,5.32,0.0,5.32,3.31,2.03,3.09,0.0,3.1,259
2019,1627734,Domantas Sabonis,IND,1636,7.04,-0.46,6.58,2.72,2.02,8.85,-0.58,8.27,111
2019,1627736,Malik Beasley,DEN,1695,2.29,-0.19,2.1,3.92,1.96,2.91,-0.24,2.66,273
2019,1627737,Marquese Chriss,CLE,450,5.75,-0.05,5.7,3.45,1.91,1.93,-0.02,1.91,301
2019,1627739,Kris Dunn,CHI,1296,5.57,0.6,6.16,3.34,1.96,4.9,0.53,5.43,191
2019,1627741,Buddy Hield,SAC,2355,7.24,-0.82,6.42,2.71,2.01,12.8,-1.46,11.35,39
2019,1627742,Brandon Ingram,LAL,1570,6.29,0.95,7.24,2.99,1.96,7.99,1.21,9.2,88
2019,1627745,Damian Jones,GSW,372,1.22,-0.25,0.97,4.18,1.97,0.34,-0.07,0.27,351
2019,1627747,Caris LeVert,BRK,937,6.18,0.11,6.29,3.09,1.99,4.34,0.08,4.42,232
2019,1627748,Thon Maker,DET,884,3.62,1.17,4.78,4.03,2.04,2.19,0.71,2.89,267
2019,1627750,Jamal Murray,DEN,2207,6.93,-0.07,6.86,2.94,2.0,11.46,-0.11,11.35,40
2019,1627751,Jakob Poeltl,SAS,1136,6.33,-0.48,5.86,3.51,1.95,5.49,-0.41,5.07,208
2019,1627752,Taurean Prince,ATL,1417,5.5,2.04,7.54,3.04,1.94,5.78,2.14,7.92,120
2019,1627759,Jaylen Brown,BOS,1665,5.99,0.93,6.92,3.04,1.92,7.58,1.18,8.76,101
2019,1627761,DeAndre' Bembry,ATL,1642,3.47,1.07,4.54,3.86,1.96,4.23,1.3,5.53,189
2019,1627763,Malcolm Brogdon,MIL,1637,6.76,0.21,6.97,3.13,1.98,8.74,0.27,9.0,93
2019,1627767,Cheick Diallo,NOP,784,2.56,-0.19,2.36,4.04,1.99,1.47,-0.11,1.36,321
2019,1627774,Jake Layman,POR,1215,1.01,-0.05,0.97,4.03,1.91,0.94,-0.04,0.9,334
2019,1627775,Patrick McCaw,TOR,350,5.58,-0.06,5.52,3.52,1.87,1.4,-0.01,1.38,320
2019,1627777,Georges Niang,UTA,424,0.62,0.12,0.73,4.16,2.08,0.2,0.04,0.24,352
2019,1627782,Wayne Selden,CHI,1256,2.58,0.65,3.23,3.82,2.05,2.21,0.55,2.76,271
2019,1627783,Pascal Siakam,TOR,2369,5.96,-0.42,5.54,3.62,2.05,10.11,-0.72,9.39,82
2019,1627786,Troy Williams,SAC,275,2.89,0.1,2.99,3.94,2.07,0.6,0.02,0.62,337
2019,1627788,Furkan Korkmaz,PHI,583,-0.38,0.35,-0.03,4.03,2.07,-0.18,0.17,-0.01,355
2019,1627789,Timothe Luwawu-Cabarrot,CHI,589,5.82,0.48,6.3,3.15,1.98,2.33,0.19,2.53,277
2019,1627790,Ante Zizic,CLE,984,3.05,-0.77,2.28,3.99,2.04,2.24,-0.56,1.67,310
2019,1627812,Yogi Ferrell,SAC,960,6.83,-0.52,6.31,2.82,2.07,4.93,-0.38,4.55,227
2019,1627814,Damion Lee,GSW,319,1.38,0.29,1.67,4.15,2.03,0.33,0.07,0.4,346
2019,1627816,Alex Poythress,ATL,252,2.18,-0.28,1.9,4.05,1.97,0.41,-0.05,0.36,347
2019,1627820,Tyrone Wallace,LAC,543,1.78,0.59,2.36,4.09,1.97,0.7,0.23,0.93,333
2019,1627823,Juancho Hernangomez,DEN,1221,3.2,0.4,3.59,3.86,2.06,2.92,0.36,3.28,253
2019,1627826,Ivica Zubac,LAC,916,4.03,-0.01,4.02,3.93,2.04,2.68,-0.01,2.67,272
2019,1627827,Dorian Finney-Smith,DAL,1786,5.31,-0.35,4.96,3.68,1.94,6.56,-0.43,6.13,165
2019,1627832,Fred VanVleet,TOR,1584,5.41,-0.06,5.35,3.63,1.99,6.13,-0.07,6.06,170
2019,1627846,Abdel Nader,OKC,621,0.89,0.55,1.43,4.17,2.07,0.42,0.26,0.68,336
2019,1627853,Ryan Arcidiacono,CHI,1759,1.02,-0.22,0.8,4.21,1.95,1.22,-0.26,0.96,331
2019,1627854,Bryn Forbes,SAS,2047,5.57,0.19,5.76,3.65,2.09,8.69,0.3,8.99,94
2019,1627863,Danuel House Jr.,HOU,853,2.59,-0.69,1.9,4.1,2.04,1.64,-0.44,1.21,326
2019,1627884,Derrick Jones Jr.,MIA,1020,1.33,0.82,2.15,4.09,1.95,1.04,0.64,1.68,309
2019,1627885,Shaquille Harrison,CHI,1255,0.57,0.82,1.39,4.0,1.97,0.48,0.7,1.18,328
2019,1627936,Alex Caruso,LAL,469,3.25,-0.1,3.15,4.03,1.96,1.23,-0.04,1.19,327
2019,1628021,David Nwaba,CLE,871,6.56,-0.96,5.59,3.42,1.98,4.26,-0.63,3.63,246
2019,1628035,Alfonzo McKinnie,GSW,873,0.02,-0.22,-0.2,4.2,2.08,0.01,-0.15,-0.13,357
2019,1628365,Markelle Fultz,PHI,387,0.33,0.54,0.88,4.09,1.99,0.11,0.17,0.28,350
2019,1628366,Lonzo Ball,LAL,1279,4.36,0.87,5.23,3.61,1.98,4.51,0.9,5.41,192
2019,1628367,Josh Jackson,PHO,1799,4.78,0.16,4.94,3.48,1.89,6.55,0.22,6.77,148
2019,1628368,De'Aaron Fox,SAC,2259,4.63,-0.29,4.34,3.8,1.92,7.86,-0.5,7.36,133
2019,1628369,Jayson Tatum,BOS,2172,5.12,0.63,5.75,3.8,2.06,8.46,1.04,9.5,80
2019,1628370,Malik Monk,CHO,1107,0.67,1.0,1.67,4.08,2.02,0.57,0.84,1.4,318
2019,1628371,Jonathan Isaac,ORL,1854,0.72,0.52,1.24,4.18,2.03,0.96,0.7,1.66,311
2019,1628372,Dennis Smith Jr.,DAL,1400,4.87,-0.2,4.66,3.71,1.94,4.71,-0.2,4.52,229
2019,1628373,Frank Ntilikina,NYK,796,4.29,0.43,4.72,3.76,2.03,2.53,0.25,2.78,270
2019,1628374,Lauri Markkanen,CHI,1537,5.22,-0.25,4.96,3.5,1.95,5.45,-0.27,5.19,199
2019,1628378,Donovan Mitchell,UTA,2307,5.59,0.49,6.09,3.38,2.01,9.87,0.87,10.74,50
2019,1628379,Luke Kennard,DET,1288,4.31,0.23,4.53,3.71,2.0,3.79,0.2,3.99,238
2019,1628380,Zach Collins,POR,1209,3.39,0.12,3.51,3.98,1.95,3.15,0.11,3.26,255
2019,1628381,John Collins,ATL,1674,6.68,-0.82,5.86,3.44,2.02,8.29,-1.02,7.28,135
2019,1628382,Justin Jackson,SAC,1433,5.1,-0.3,4.8,3.82,1.99,5.49,-0.32,5.17,200
2019,1628384,OG Anunoby,TOR,1185,2.42,1.08,3.5,4.0,2.1,2.05,0.91,2.96,265
2019,1628386,Jarrett Allen,BRK,1887,5.27,-0.08,5.19,3.77,2.07,7.45,-0.12,7.34,134
2019,1628388,T.J. Leaf,IND,472,1.76,-0.06,1.71,4.08,2.02,0.64,-0.02,0.62,338
2019,1628389,Bam Adebayo,MIA,1711,4.03,0.48,4.51,3.93,1.92,5.28,0.63,5.91,175
2019,1628390,Terrance Ferguson,OKC,1739,3.66,-0.14,3.51,4.02,1.99,4.89,-0.19,4.69,222
2019,1628391,D.J. Wilson,MIL,754,-0.7,0.67,-0.04,4.14,2.03,-0.42,0.4,-0.02,356
2019,1628395,Jordan Bell,GSW,685,3.55,0.02,3.57,3.8,1.98,1.83,0.01,1.83,303
2019,1628397,Ivan Rabb,MEM,623,1.77,0.23,1.99,4.13,1.99,0.91,0.12,1.02,330
2019,1628398,Kyle Kuzma,LAL,2025,5.47,-0.35,5.12,3.73,1.96,8.95,-0.57,8.38,108
2019,1628400,Semi Ojeleye,BOS,533,3.45,0.03,3.48,3.92,1.95,1.4,0.01,1.41,317
2019,1628401,Derrick White,SAS,1566,-0.09,0.35,0.26,4.25,2.07,-0.11,0.42,0.31,348
2019,1628404,Josh Hart,LAL,1471,3.45,0.19,3.64,3.94,2.01,4.1,0.23,4.33,235
2019,1628407,Dwayne Bacon,CHO,644,3.59,-0.73,2.85,4.05,2.06,1.75,-0.36,1.39,319
2019,1628411,Wes Iwundu,ORL,1089,2.81,0.41,3.22,4.06,1.94,2.21,0.32,2.53,278
2019,1628412,Frank Mason III,SAC,380,4.69,0.02,4.7,3.59,1.97,1.34,0.0,1.34,322
2019,1628414,Sindarius Thornwell,LAC,260,3.06,0.18,3.24,4.06,2.05,0.58,0.03,0.61,340
2019,1628415,Dillon Brooks,MEM,282,5.43,-0.04,5.39,3.38,1.96,1.26,-0.01,1.25,324
2019,1628416,Tyler Dorsey,MEM,624,4.59,0.03,4.62,3.78,1.98,2.36,0.02,2.37,283
2019,1628418,Thomas Bryant,WAS,1392,0.51,-0.48,0.04,4.19,2.1,0.52,-0.48,0.04,354
2019,1628420,Monté Morris,DEN,1728,0.61,-0.27,0.34,4.14,2.08,0.79,-0.35,0.44,344
2019,1628422,Damyean Dotson,NYK,1807,1.61,-0.18,1.43,3.98,2.06,2.15,-0.24,1.91,302
2019,1628425,Sterling Brown,MIL,900,2.46,0.51,2.97,3.94,2.03,1.75,0.36,2.11,293
2019,1628436,Luke Kornet,NYK,725,1.73,0.06,1.79,4.03,2.02,0.93,0.03,0.96,332
2019,1628443,Kadeem Allen,NYK,375,0.81,-0.45,0.36,4.31,2.04,0.23,-0.13,0.1,353
2019,1628464,Daniel Theis,BOS,799,3.84,-0.39,3.45,4.06,1.96,2.33,-0.24,2.1,294
2019,1628467,Maxi Kleber,DAL,1295,3.2,0.18,3.38,3.91,2.02,2.87,0.16,3.03,261
2019,1628469,Antonio Blakeney,CHI,754,0.07,0.93,1.0,4.15,2.01,0.04,0.48,0.51,342
2019,1628470,Torrey Craig,DEN,1363,1.97,0.05,2.02,4.11,1.9,2.02,0.05,2.06,296
2020,1713,Vince Carter,ATL,723,6.18,1.59,7.77,2.75,1.93,4.07,1.05,5.11,194
2020,2544,LeBron James,LAL,2133,7.26,-0.7,6.55,2.19,1.91,12.84,-1.24,11.6,17
2020,2546,Carmelo Anthony,POR,1769,6.54,0.74,7.28,2.57,1.91,9.01,1.01,10.03,48
2020,2594,Kyle Korver,MIL,829,6.8,-0.01,6.79,2.18,1.89,4.69,-0.0,4.69,210
2020,2730,Dwight Howard,LAL,1142,6.76,-0.03,6.73,2.59,1.93,6.41,-0.03,6.38,154
2020,2738,Andre Iguodala,MIA,372,6.08,2.42,8.5,2.5,1.92,1.92,0.77,2.69,262
2020,2772,Trevor Ariza,SAC,1317,7.01,-0.53,6.48,2.51,1.95,7.51,-0.57,6.94,138
2020,101107,Marvin Williams,CHO,979,7.02,-0.68,6.33,2.75,2.0,6.1,-0.59,5.5,184
2020,101108,Chris Paul,OKC,1992,7.25,-0.19,7.05,2.76,1.89,12.04,-0.32,11.71,13
2020,101133,Ian Mahinmi,WAS,715,5.36,0.6,5.96,3.65,1.97,3.11,0.35,3.46,244
2020,101141,Ersan Ilyasova,MIL,866,6.9,-0.89,6.01,2.37,1.81,4.98,-0.64,4.33,216
2020,101150,Lou Williams,LAC,1644,7.17,0.77,7.94,2.22,1.95,10.23,1.1,11.33,24
2020,200746,LaMarcus Aldridge,SAS,1494,7.32,-0.45,6.87,2.44,1.91,9.33,-0.57,8.76,85
2020,200752,Rudy Gay,SAS,1248,6.74,-0.54,6.2,2.84,1.89,7.18,-0.57,6.61,150
2020,200755,JJ Redick,NOP,1412,7.69,-0.69,7.0,2.66,1.93,8.62,-0.77,7.85,114
2020,200757,Thabo Sefolosha,HOU,375,5.81,1.71,7.52,3.18,1.92,1.94,0.57,2.51,267
2020,200765,Rajon Rondo,LAL,860,5.96,1.52,7.47,3.04,1.9,4.25,1.08,5.33,190
2020,200768,Kyle Lowry,TOR,1909,7.19,0.65,7.84,2.47,1.95,11.17,1.02,12.19,9
2020,200782,P.J. Tucker,HOU,2173,6.81,1.11,7.92,2.2,1.88,13.14,2.14,15.28,1
2020,200794,Paul Millsap,DEN,1135,7.33,0.33,7.66,2.46,1.83,6.67,0.3,6.97,136
2020,200826,J.J. Barea,DAL,407,6.76,0.24,7.0,3.32,1.95,2.18,0.08,2.26,277
2020,201143,Al Horford,PHI,1835,6.8,0.96,7.75,2.75,1.93,9.9,1.39,11.29,27
2020,201144,Mike Conley,UTA,1207,7.01,0.31,7.32,2.79,1.91,6.59,0.29,6.88,140
2020,201145,Jeff Green,UTA,849,7.07,0.24,7.31,2.59,1.87,4.68,0.16,4.84,204
2020,201152,Thaddeus Young,CHI,1402,5.89,0.92,6.8,2.3,1.96,7.43,1.16,8.59,91
2020,201158,Marco Belinelli,SAS,755,7.6,0.25,7.85,2.41,1.87,4.9,0.16,5.06,196
2020,201162,Jared Dudley,LAL,331,6.52,-0.51,6.02,2.95,1.95,1.79,-0.14,1.66,296
2020,201163,Wilson Chandler,BRK,658,5.91,-0.05,5.86,2.67,1.94,3.15,-0.03,3.12,253
2020,201188,Marc Gasol,TOR,1087,6.45,0.33,6.78,2.06,1.85,5.71,0.29,6.0,169
2020,201229,Anthony Tolliver,POR,789,6.91,-0.73,6.18,2.51,1.93,4.25,-0.45,3.8,231
2020,201565,Derrick Rose,DET,1155,7.21,-0.76,6.46,2.68,1.97,7.21,-0.76,6.45,153
2020,201566,Russell Westbrook,HOU,1834,6.75,0.09,6.84,2.03,1.85,11.0,0.15,11.14,28
2020,201567,Kevin Love,CLE,1619,7.11,-0.65,6.46,3.05,1.88,10.54,-0.97,9.58,66
2020,201568,Danilo Gallinari,OKC,1584,7.35,-1.01,6.33,2.56,1.9,9.7,-1.34,8.36,98
2020,201569,Eric Gordon,HOU,861,6.1,0.34,6.45,2.35,1.93,4.67,0.26,4.93,203
2020,201571,D.J. Augustin,ORL,1232,7.35,-0.61,6.74,2.7,1.92,7.36,-0.61,6.75,145
2020,201572,Brook Lopez,MIL,1639,6.5,0.85,7.35,2.57,1.89,8.86,1.16,10.02,50
2020,201577,Robin Lopez,MIL,842,5.71,1.4,7.11,2.87,1.96,4.0,0.98,4.98,201
2020,201580,JaVale McGee,LAL,1093,6.06,-0.03,6.03,3.49,1.88,5.5,-0.03,5.47,186
2020,201584,Courtney Lee,DAL,316,6.89,0.62,7.51,2.66,1.86,1.73,0.16,1.88,288
2020,201586,Serge Ibaka,TOR,1316,6.68,0.52,7.2,2.64,1.93,7.16,0.56,7.71,121
2020,201587,Nicolas Batum,CHO,432,6.61,-0.11,6.5,2.65,1.88,2.53,-0.04,2.49,269
2020,201588,George Hill,MIL,1053,7.14,-0.52,6.62,2.61,1.94,6.25,-0.46,5.8,174
2020,201599,DeAndre Jordan,BRK,1091,7.26,0.69,7.95,2.21,1.87,6.4,0.61,7.01,134
2020,201609,Goran Dragic,MIA,1469,7.15,0.07,7.22,2.79,2.01,8.91,0.08,8.99,80
2020,201933,Blake Griffin,DET,475,6.21,1.4,7.61,2.24,1.92,2.55,0.58,3.13,252
2020,201935,James Harden,HOU,2174,7.59,-0.67,6.92,2.32,1.93,14.66,-1.29,13.37,3
2020,201937,Ricky Rubio,PHO,1853,7.22,0.43,7.65,2.4,1.93,10.69,0.64,11.33,25
2020,201942,DeMar DeRozan,SAS,1973,7.59,-0.81,6.79,2.26,1.97,12.79,-1.36,11.42,22
2020,201949,James Johnson,MIN,552,5.96,1.2,7.16,2.99,1.99,2.59,0.52,3.12,254
2020,201950,Jrue Holiday,NOP,1945,7.12,0.74,7.86,2.43,1.83,11.0,1.14,12.14,10
2020,201952,Jeff Teague,MIN,1301,7.03,-0.52,6.51,2.44,1.87,7.2,-0.53,6.67,148
2020,201959,Taj Gibson,NYK,967,7.43,-0.3,7.12,2.78,1.92,6.27,-0.26,6.01,167
2020,201961,Wayne Ellington,NYK,487,6.86,0.79,7.65,2.84,1.88,2.92,0.34,3.25,249
2020,201976,Patrick Beverley,LAC,1251,6.73,-1.53,5.2,2.64,1.97,7.3,-1.66,5.64,182
2020,201980,Danny Green,LAL,1535,6.41,1.36,7.77,2.49,1.96,8.16,1.73,9.89,54
2020,201988,Patty Mills,SAS,1238,7.59,-1.11,6.48,2.57,1.91,8.02,-1.17,6.85,141
2020,202066,Garrett Temple,BRK,1565,6.55,0.07,6.62,2.56,1.95,8.28,0.09,8.37,97
2020,202083,Wesley Matthews,MIL,1491,6.42,-0.13,6.29,2.19,1.87,7.96,-0.16,7.8,116
2020,202324,Derrick Favors,NOP,1147,7.33,-0.59,6.74,2.69,1.97,6.67,-0.54,6.13,160
2020,202329,Al-Farouq Aminu,ORL,326,6.26,0.93,7.18,2.86,1.89,1.66,0.25,1.9,287
2020,202330,Gordon Hayward,BOS,1572,7.22,-0.08,7.14,2.63,1.88,9.18,-0.1,9.07,79
2020,202331,Paul George,LAC,1292,7.03,-0.01,7.02,2.14,1.91,7.87,-0.01,7.86,113
2020,202334,Ed Davis,UTA,282,6.48,0.89,7.36,2.75,1.94,1.43,0.2,1.62,300
2020,202335,Patrick Patterson,LAC,670,7.0,-0.6,6.41,2.81,1.94,4.07,-0.35,3.72,233
2020,202339,Eric Bledsoe,MIL,1508,7.02,-0.48,6.54,2.18,2.03,8.81,-0.6,8.21,102
2020,202340,Avery Bradley,LAL,1087,6.06,0.23,6.29,2.64,1.99,5.47,0.2,5.67,181
2020,202355,Hassan Whiteside,POR,1817,7.09,-0.19,6.9,2.93,1.96,10.03,-0.28,9.76,59
2020,202357,Nemanja Bjelica,SAC,1852,7.17,-0.38,6.79,2.59,2.01,10.81,-0.58,10.23,44
2020,202397,Ish Smith,WAS,1584,7.17,-0.66,6.51,2.76,1.96,9.2,-0.85,8.35,99
2020,202681,Kyrie Irving,BRK,604,7.57,0.33,7.91,2.56,1.89,3.69,0.16,3.86,230
2020,202683,Enes Freedom,BOS,890,6.95,-0.29,6.66,2.4,1.99,5.0,-0.21,4.79,207
2020,202684,Tristan Thompson,CLE,1569,6.96,-0.26,6.7,2.9,1.97,9.99,-0.37,9.62,65
2020,202685,Jonas Valančiūnas,MEM,1723,7.23,-0.39,6.84,2.63,1.96,9.88,-0.53,9.35,70
2020,202687,Bismack Biyombo,CHO,939,6.83,0.08,6.91,2.96,1.98,5.69,0.07,5.75,177
2020,202688,Brandon Knight,CLE,413,5.58,-0.34,5.24,3.72,2.01,2.11,-0.13,1.99,285
2020,202689,Kemba Walker,BOS,1573,7.42,-1.0,6.42,2.31,1.9,9.43,-1.27,8.17,104
2020,202692,Alec Burks,GSW,1493,6.66,-0.34,6.32,3.28,1.91,8.64,-0.44,8.2,103
2020,202693,Markieff Morris,DET,1055,6.45,0.1,6.54,2.72,2.0,5.89,0.09,5.97,170
2020,202694,Marcus Morris Sr.,NYK,1751,6.01,0.53,6.55,2.65,1.9,9.19,0.81,10.0,52
2020,202695,Kawhi Leonard,LAC,1706,7.16,-0.57,6.59,2.52,1.94,10.59,-0.84,9.75,61
2020,202696,Nikola Vučević,ORL,1809,6.76,0.33,7.09,2.84,1.94,9.95,0.48,10.43,42
2020,202699,Tobias Harris,PHI,2241,7.07,-0.46,6.61,2.08,1.94,12.57,-0.82,11.75,11
2020,202704,Reggie Jackson,DET,664,6.87,-0.64,6.22,2.67,1.91,3.95,-0.37,3.58,241
2020,202709,Cory Joseph,SAC,1563,7.14,0.19,7.32,2.26,1.93,9.08,0.24,9.32,71
2020,202710,Jimmy Butler III,MIA,1759,7.19,-0.28,6.91,2.38,1.91,10.72,-0.42,10.3,43
2020,202711,Bojan Bogdanovic,UTA,1837,7.21,0.14,7.36,2.6,1.97,10.32,0.2,10.53,40
2020,202722,Davis Bertans,WAS,1398,7.31,-1.04,6.27,3.07,1.91,8.28,-1.17,7.1,133
2020,202734,E'Twaun Moore,NOP,947,6.5,0.47,6.97,2.41,1.93,4.89,0.35,5.24,192
2020,202738,Isaiah Thomas,WAS,842,7.12,-0.16,6.95,3.01,1.97,4.85,-0.11,4.74,208
2020,202954,Brad Wanamaker,BOS,1211,1.39,0.31,1.69,4.16,2.01,1.36,0.3,1.66,297
2020,203076,Anthony Davis,LAL,1902,7.21,-0.82,6.38,2.26,1.93,11.37,-1.3,10.07,47
2020,203077,Michael Kidd-Gilchrist,CHO,251,6.45,0.37,6.82,2.92,1.92,1.44,0.08,1.52,304
2020,203078,Bradley Beal,WAS,1827,7.51,-0.3,7.21,2.31,1.87,11.11,-0.44,10.66,35
2020,203081,Damian Lillard,POR,2218,7.74,-0.19,7.55,2.18,1.82,13.37,-0.34,13.04,6
2020,203082,Terrence Ross,ORL,1643,6.59,0.06,6.65,2.63,1.93,8.81,0.08,8.88,82
2020,203083,Andre Drummond,DET,1692,6.37,0.02,6.4,2.3,1.87,9.33,0.03,9.36,69
2020,203084,Harrison Barnes,SAC,2236,7.52,-1.16,6.36,2.24,1.8,13.69,-2.11,11.58,19
2020,203085,Austin Rivers,HOU,1390,6.98,1.51,8.49,2.34,1.8,8.62,1.86,10.48,41
2020,203086,Meyers Leonard,MIA,953,6.07,-0.45,5.62,3.35,1.95,4.9,-0.36,4.54,214
2020,203087,Jeremy Lamb,IND,1140,6.65,0.57,7.21,2.54,1.88,6.13,0.52,6.66,149
2020,203089,John Henson,CLE,560,5.93,-0.09,5.84,3.42,1.96,3.04,-0.05,3.0,257
2020,203090,Maurice Harkless,LAC,1346,6.17,1.39,7.56,3.06,1.94,7.2,1.62,8.82,84
2020,203095,Evan Fournier,ORL,1901,7.15,-0.86,6.29,2.67,1.92,11.05,-1.33,9.72,62
2020,203107,Tomas Satoransky,CHI,1715,6.96,0.04,7.0,2.76,1.89,10.75,0.06,10.81,32
2020,203109,Jae Crowder,MEM,1673,6.81,0.31,7.12,2.22,1.96,9.05,0.41,9.45,67
2020,203110,Draymond Green,GSW,1083,5.93,2.33,8.26,2.69,1.92,5.58,2.19,7.78,119
2020,203114,Khris Middleton,MIL,1677,6.95,0.17,7.12,2.35,1.9,9.7,0.24,9.94,53
2020,203115,Will Barton,DEN,1751,7.16,-0.97,6.2,2.3,1.96,10.07,-1.36,8.71,87
2020,203118,Mike Scott,PHI,1101,6.21,0.42,6.63,3.26,2.06,5.42,0.37,5.79,175
2020,203124,Kyle O'Quinn,PHI,270,6.33,-0.07,6.26,3.18,1.91,1.36,-0.02,1.34,309
2020,203145,Kent Bazemore,POR,1473,6.12,0.33,6.45,2.43,1.92,7.02,0.37,7.39,127
2020,203200,Justin Holiday,IND,1587,6.79,-0.1,6.69,2.38,1.83,8.71,-0.12,8.59,92
2020,203210,JaMychal Green,LAC,1135,6.58,0.32,6.9,2.68,2.0,6.47,0.32,6.79,143
2020,203382,Aron Baynes,PHO,825,6.72,-0.34,6.38,3.06,2.03,4.43,-0.22,4.21,220
2020,203457,Nerlens Noel,OKC,972,6.13,0.21,6.34,3.43,2.03,4.96,0.17,5.14,193
2020,203458,Alex Len,ATL,825,7.15,-0.05,7.1,2.63,1.99,5.37,-0.04,5.33,191
2020,203459,Allen Crabbe,ATL,517,7.1,0.17,7.27,2.32,1.9,3.34,0.08,3.42,246
2020,203463,Ben McLemore,HOU,1431,6.0,-0.54,5.46,3.47,1.9,7.63,-0.69,6.94,139
2020,203468,CJ McCollum,POR,2327,7.64,-0.29,7.35,2.63,1.91,13.84,-0.53,13.31,4
2020,203469,Cody Zeller,CHO,1193,6.85,-0.88,5.96,3.21,1.98,7.25,-0.93,6.31,157
2020,203471,Dennis Schröder,OKC,1687,7.11,-0.14,6.97,2.44,1.86,10.0,-0.2,9.81,57
2020,203473,Dewayne Dedmon,SAC,702,6.24,0.75,6.99,2.81,2.06,3.57,0.43,4.0,226
2020,203476,Gorgui Dieng,MIN,943,6.48,-0.13,6.35,2.59,1.91,4.81,-0.1,4.72,209
2020,203482,Kelly Olynyk,MIA,1150,6.96,-0.31,6.64,2.32,1.92,6.78,-0.31,6.48,152
2020,203484,Kentavious Caldwell-Pope,LAL,1556,6.91,-0.94,5.97,2.37,1.88,8.92,-1.22,7.7,122
2020,203486,Mason Plumlee,DEN,922,6.89,-1.21,5.67,2.72,1.88,5.1,-0.9,4.2,221
2020,203487,Michael Carter-Williams,ORL,749,6.13,-0.09,6.05,3.18,1.96,3.74,-0.05,3.68,234
2020,203488,Mike Muscala,OKC,467,6.7,0.06,6.75,3.01,1.96,2.61,0.02,2.63,264
2020,203490,Otto Porter Jr.,CHI,311,6.81,0.65,7.46,2.79,1.86,1.91,0.18,2.09,283
2020,203493,Reggie Bullock Jr.,NYK,630,6.65,0.54,7.19,2.73,1.91,3.66,0.29,3.95,229
2020,203496,Robert Covington,MIN,1876,6.3,0.56,6.86,2.41,1.89,9.3,0.83,10.13,46
2020,203497,Rudy Gobert,UTA,2057,7.21,0.95,8.16,2.18,1.86,11.56,1.52,13.08,5
2020,203500,Steven Adams,OKC,1511,7.25,-0.23,7.02,2.37,1.97,9.13,-0.29,8.84,83
2020,203501,Tim Hardaway Jr.,DAL,1904,7.52,-0.52,7.0,2.49,1.94,11.31,-0.78,10.54,38
2020,203503,Tony Snell,DET,1529,7.43,-0.56,6.88,2.64,1.85,9.83,-0.74,9.09,78
2020,203504,Trey Burke,PHI,451,6.8,-0.21,6.58,3.19,1.96,2.43,-0.08,2.36,274
2020,203506,Victor Oladipo,IND,480,6.16,0.86,7.02,2.6,1.88,2.39,0.33,2.73,261
2020,203507,Giannis Antetokounmpo,MIL,1714,7.13,-0.56,6.57,2.24,1.85,10.17,-0.8,9.37,68
2020,203516,James Ennis III,PHI,1127,6.75,0.79,7.54,2.75,1.97,6.04,0.7,6.74,146
2020,203521,Matthew Dellavedova,CLE,708,6.81,-0.56,6.25,2.82,1.92,4.41,-0.36,4.05,225
2020,203524,Solomon Hill,MEM,926,6.39,-0.12,6.27,3.19,1.93,4.7,-0.09,4.61,213
2020,203526,Raul Neto,PHI,588,4.83,0.59,5.42,3.95,2.0,2.26,0.27,2.53,266
2020,203552,Seth Curry,DAL,1400,7.05,-0.99,6.06,2.91,1.94,7.81,-1.1,6.71,147
2020,203584,Troy Daniels,LAL,435,6.5,0.65,7.15,2.92,1.97,2.35,0.24,2.59,265
2020,203585,Rodney McGruder,LAC,721,5.52,1.23,6.76,3.12,1.99,3.46,0.77,4.23,219
2020,203894,Shabazz Napier,MIN,1183,5.56,1.47,7.03,3.22,1.91,5.19,1.37,6.55,151
2020,203895,Jordan McRae,WAS,713,1.95,-0.04,1.91,4.05,1.96,1.13,-0.02,1.1,317
2020,203897,Zach LaVine,CHI,1871,6.38,0.57,6.95,3.11,2.0,10.75,0.95,11.7,15
2020,203901,Elfrid Payton,NYK,1135,6.34,0.09,6.42,2.74,2.0,6.28,0.09,6.36,155
2020,203903,Jordan Clarkson,UTA,1481,7.55,-0.68,6.87,2.17,1.9,8.71,-0.78,7.93,111
2020,203914,Gary Harris,DEN,1612,6.34,0.24,6.57,2.77,1.81,8.2,0.3,8.5,94
2020,203915,Spencer Dinwiddie,BRK,1789,7.32,0.12,7.43,2.5,1.89,10.57,0.17,10.74,33
2020,203918,Rodney Hood,POR,564,7.63,-0.59,7.05,2.37,1.96,3.35,-0.26,3.1,255
2020,203920,Khem Birch,ORL,850,5.72,-0.55,5.17,3.5,1.98,3.96,-0.38,3.57,242
2020,203922,Glenn Robinson III,GSW,1553,6.95,-0.04,6.91,3.08,1.88,9.38,-0.06,9.32,72
2020,203924,Jerami Grant,DEN,1665,7.23,-0.92,6.3,2.37,1.91,9.66,-1.23,8.42,96
2020,203925,Joe Harris,BRK,1933,7.1,-0.32,6.78,2.37,1.87,11.09,-0.5,10.58,37
2020,203926,Doug McDermott,IND,1192,7.14,0.1,7.24,2.55,1.92,6.89,0.1,6.99,135
2020,203932,Aaron Gordon,ORL,1843,6.81,-0.59,6.22,2.45,1.84,10.21,-0.88,9.32,73
2020,203933,T.J. Warren,IND,1984,7.14,-0.81,6.32,2.33,1.99,11.46,-1.3,10.16,45
2020,203935,Marcus Smart,BOS,1722,6.64,0.42,7.06,2.29,1.92,9.24,0.59,9.83,55
2020,203937,Kyle Anderson,MEM,1218,6.43,-0.08,6.36,2.88,1.89,6.22,-0.07,6.15,158
2020,203939,Dwight Powell,DAL,973,7.33,0.05,7.39,2.51,1.91,5.65,0.04,5.69,180
2020,203943,Noah Vonleh,MIN,329,6.57,0.48,7.05,3.52,1.9,1.7,0.13,1.83,292
2020,203944,Julius Randle,NYK,1866,6.63,0.5,7.12,2.38,1.92,10.79,0.81,11.6,18
2020,203952,Andrew Wiggins,MIN,1662,6.67,0.39,7.06,2.26,1.94,8.74,0.5,9.24,76
2020,203953,Jabari Parker,ATL,805,6.77,-0.19,6.58,2.92,1.98,4.96,-0.14,4.82,205
2020,203954,Joel Embiid,PHI,1378,7.0,-0.33,6.66,2.71,1.92,7.65,-0.36,7.28,129
2020,203957,Danté Exum,CLE,428,5.94,-0.35,5.59,3.51,1.97,2.33,-0.14,2.19,279
2020,203960,JaKarr Sampson,IND,413,1.07,0.1,1.17,4.12,1.98,0.36,0.04,0.39,332
2020,203967,Dario Šarić,PHO,1478,7.11,0.21,7.32,2.25,1.9,8.4,0.25,8.65,89
2020,203991,Clint Capela,HOU,1156,6.97,0.55,7.52,2.92,1.95,7.16,0.56,7.72,120
2020,203992,Bogdan Bogdanović,SAC,1556,6.86,-0.57,6.29,2.89,1.96,8.69,-0.72,7.97,110
2020,203999,Nikola Jokić,DEN,2131,7.23,-0.36,6.87,2.41,1.84,12.36,-0.61,11.74,12
2020,204001,Kristaps Porziņģis,DAL,1650,6.36,0.77,7.12,3.25,2.01,8.29,1.0,9.29,74
2020,204020,Tyler Johnson,PHO,607,6.69,0.84,7.52,2.48,2.01,3.24,0.41,3.65,237
2020,204025,Tim Frazier,DET,317,5.81,0.89,6.7,3.3,2.03,1.6,0.24,1.84,291
2020,204038,Langston Galloway,DET,1502,7.66,-1.02,6.64,2.54,1.94,9.96,-1.33,8.62,90
2020,204060,Joe Ingles,UTA,1893,7.09,0.73,7.82,2.2,1.82,10.45,1.08,11.53,20
2020,204456,T.J. McConnell,IND,1158,7.03,0.7,7.73,2.38,1.9,6.59,0.65,7.25,130
2020,1626143,Jahlil Okafor,NOP,433,6.17,-1.17,5.0,3.3,2.01,2.12,-0.4,1.72,295
2020,1626144,Emmanuel Mudiay,UTA,727,6.23,0.16,6.39,2.5,1.99,3.53,0.09,3.62,238
2020,1626145,Tyus Jones,MEM,1063,7.13,0.06,7.19,2.85,1.86,6.02,0.05,6.07,165
2020,1626149,Montrezl Harrell,LAC,1532,7.11,-1.05,6.06,2.49,1.92,9.44,-1.39,8.05,108
2020,1626153,Delon Wright,DAL,1385,7.17,-0.38,6.79,2.72,2.04,7.85,-0.42,7.43,126
2020,1626156,D'Angelo Russell,GSW,1301,6.62,-0.11,6.51,2.68,1.91,7.48,-0.12,7.36,128
2020,1626157,Karl-Anthony Towns,MIN,1052,7.43,-1.33,6.1,2.23,1.88,6.15,-1.1,5.05,197
2020,1626158,Richaun Holmes,SAC,1132,7.01,-0.49,6.52,3.13,1.95,6.46,-0.45,6.01,168
2020,1626159,Justise Winslow,MIA,327,5.99,1.65,7.64,2.71,2.01,1.66,0.46,2.12,282
2020,1626161,Willie Cauley-Stein,GSW,965,6.83,-0.2,6.64,2.6,2.01,5.73,-0.16,5.57,183
2020,1626162,Kelly Oubre Jr.,PHO,1729,6.92,0.71,7.62,2.36,1.97,9.56,0.98,10.54,39
2020,1626163,Frank Kaminsky,PHO,685,6.91,0.58,7.49,2.65,1.93,3.79,0.32,4.1,224
2020,1626164,Devin Booker,PHO,2225,7.51,-2.02,5.49,2.11,1.88,13.36,-3.59,9.77,58
2020,1626167,Myles Turner,IND,1636,6.45,0.54,7.0,2.56,1.98,8.55,0.72,9.26,75
2020,1626168,Trey Lyles,SAS,1134,6.82,-0.51,6.31,2.91,1.96,6.6,-0.49,6.11,162
2020,1626171,Bobby Portis,NYK,1210,6.6,0.61,7.21,2.91,1.88,6.97,0.65,7.62,124
2020,1626174,Christian Wood,DET,1190,1.82,-0.24,1.58,4.08,1.87,1.87,-0.24,1.63,299
2020,1626178,Rondae Hollis-Jefferson,TOR,988,6.71,-0.74,5.97,2.68,1.93,5.4,-0.59,4.8,206
2020,1626179,Terry Rozier,CHO,1918,7.33,-0.69,6.65,2.24,1.83,12.48,-1.17,11.32,26
2020,1626181,Norman Powell,TOR,1327,6.55,-0.25,6.3,2.98,1.88,7.07,-0.26,6.81,142
2020,1626188,Quinn Cook,LAL,432,3.79,0.56,4.35,3.73,1.89,1.36,0.2,1.56,301
2020,1626192,Pat Connaughton,MIL,1084,5.84,0.95,6.8,3.4,1.96,5.27,0.86,6.13,161
2020,1626195,Willy Hernangomez,CHO,307,6.23,-0.18,6.05,3.3,2.08,1.7,-0.05,1.65,298
2020,1626196,Josh Richardson,PHI,1523,6.42,0.8,7.22,2.42,1.9,7.76,0.96,8.72,86
2020,1626203,Treveon Graham,MIN,808,4.5,1.17,5.67,3.74,1.93,2.86,0.75,3.61,240
2020,1626204,Larry Nance Jr.,CLE,1301,7.31,-0.67,6.64,2.62,1.95,8.71,-0.8,7.92,112
2020,1626209,Mario Hezonja,POR,765,5.83,-0.05,5.77,2.84,1.97,3.47,-0.03,3.44,245
2020,1626220,Royce O'Neale,UTA,1826,6.31,0.55,6.86,3.2,1.97,8.98,0.78,9.76,60
2020,1626224,Cedi Osman,CLE,1732,6.82,-0.62,6.2,2.97,1.91,10.82,-0.98,9.83,56
2020,1626245,Cristiano Felicio,CHI,328,6.78,-0.71,6.08,3.16,1.94,2.01,-0.21,1.8,293
2020,1626246,Boban Marjanovic,DAL,381,5.01,0.13,5.14,3.71,2.11,1.51,0.04,1.55,303
2020,1627732,Ben Simmons,PHI,1824,7.07,0.41,7.48,2.57,1.89,10.23,0.6,10.83,31
2020,1627734,Domantas Sabonis,IND,1982,7.13,0.14,7.27,2.48,1.94,11.43,0.23,11.66,16
2020,1627736,Malik Beasley,DEN,1095,6.19,0.3,6.49,3.34,1.9,5.44,0.26,5.71,178
2020,1627737,Marquese Chriss,GSW,1058,7.25,-0.83,6.42,2.83,1.89,6.67,-0.76,5.91,172
2020,1627739,Kris Dunn,CHI,1128,5.84,0.82,6.66,3.1,1.95,5.93,0.83,6.76,144
2020,1627741,Buddy Hield,SAC,1978,6.99,0.08,7.07,2.34,1.92,11.26,0.13,11.39,23
2020,1627742,Brandon Ingram,NOP,1929,7.34,0.3,7.65,2.37,1.88,11.24,0.47,11.71,14
2020,1627745,Damian Jones,ATL,800,1.42,-0.33,1.09,4.07,2.03,1.03,-0.24,0.8,322
2020,1627746,Skal Labissiere,POR,496,4.66,-0.64,4.03,4.09,2.02,1.8,-0.25,1.56,302
2020,1627747,Caris LeVert,BRK,1221,6.02,0.42,6.44,2.68,1.94,5.94,0.42,6.36,156
2020,1627748,Thon Maker,DET,710,5.96,-0.2,5.76,3.62,1.96,3.66,-0.12,3.54,243
2020,1627749,Dejounte Murray,SAS,1489,5.07,0.93,6.0,3.64,2.02,6.45,1.18,7.62,125
2020,1627750,Jamal Murray,DEN,1715,7.27,0.0,7.28,2.38,1.85,10.01,0.0,10.01,51
2020,1627751,Jakob Poeltl,SAS,1059,6.82,-0.01,6.8,2.98,1.86,6.16,-0.01,6.15,159
2020,1627752,Taurean Prince,BRK,1683,5.84,0.86,6.7,2.4,1.96,7.94,1.17,9.11,77
2020,1627756,Denzel Valentine,CHI,432,5.49,0.74,6.23,3.28,1.99,2.14,0.29,2.43,272
2020,1627759,Jaylen Brown,BOS,1724,6.9,0.07,6.97,2.39,1.89,9.61,0.09,9.71,63
2020,1627761,DeAndre' Bembry,ATL,762,6.08,0.59,6.67,2.8,1.94,4.22,0.41,4.62,212
2020,1627763,Malcolm Brogdon,IND,1470,7.13,-0.18,6.96,2.62,1.92,8.49,-0.21,8.28,101
2020,1627767,Cheick Diallo,PHO,412,5.55,0.41,5.96,3.68,1.97,1.83,0.13,1.96,286
2020,1627774,Jake Layman,MIN,435,4.48,0.94,5.42,3.71,1.97,1.54,0.32,1.86,289
2020,1627775,Patrick McCaw,TOR,796,5.4,0.28,5.68,3.23,1.92,3.5,0.18,3.68,235
2020,1627777,Georges Niang,UTA,818,2.25,0.11,2.36,4.19,2.0,1.43,0.07,1.5,305
2020,1627780,Gary Payton II,WAS,400,-0.33,1.26,0.93,3.88,1.95,-0.11,0.41,0.3,334
2020,1627783,Pascal Siakam,TOR,1936,6.73,1.28,8.01,2.51,1.95,10.6,2.02,12.62,8
2020,1627788,Furkan Korkmaz,PHI,1393,2.82,0.13,2.96,4.09,1.97,3.12,0.15,3.27,248
2020,1627789,Timothe Luwawu-Cabarrot,BRK,733,6.38,-0.26,6.12,3.22,1.99,3.78,-0.15,3.62,239
2020,1627812,Yogi Ferrell,SAC,442,6.77,0.1,6.87,2.86,1.9,2.44,0.04,2.47,270
2020,1627814,Damion Lee,GSW,1244,2.97,-0.25,2.72,4.08,2.02,3.22,-0.27,2.94,259
2020,1627823,Juancho Hernangomez,MIN,765,5.22,1.08,6.31,3.43,1.96,3.15,0.65,3.8,232
2020,1627826,Ivica Zubac,LAC,1267,5.69,-0.76,4.93,3.65,1.98,6.25,-0.83,5.41,187
2020,1627827,Dorian Finney-Smith,DAL,1928,7.21,-0.19,7.02,2.81,1.91,10.99,-0.29,10.7,34
2020,1627832,Fred VanVleet,TOR,1748,6.73,1.09,7.82,2.72,1.93,9.57,1.55,11.13,29
2020,1627846,Abdel Nader,OKC,787,4.08,-0.25,3.82,4.0,1.98,2.67,-0.16,2.51,268
2020,1627853,Ryan Arcidiacono,CHI,805,5.32,0.16,5.48,3.57,1.94,3.86,0.12,3.98,228
2020,1627854,Bryn Forbes,SAS,1396,7.26,-0.72,6.54,2.99,1.89,8.65,-0.85,7.79,118
2020,1627863,Danuel House Jr.,HOU,1705,5.19,0.2,5.4,3.72,1.92,7.87,0.31,8.17,105
2020,1627884,Derrick Jones Jr.,MIA,1198,5.65,0.35,6.01,3.6,1.93,5.74,0.36,6.11,163
2020,1627885,Shaquille Harrison,CHI,437,5.74,-0.62,5.12,3.55,1.97,2.26,-0.24,2.02,284
2020,1627936,Alex Caruso,LAL,998,3.62,0.35,3.97,3.89,1.98,3.0,0.29,3.29,247
2020,1628035,Alfonzo McKinnie,CLE,515,2.72,0.98,3.7,3.81,2.04,1.28,0.46,1.74,294
2020,1628365,Markelle Fultz,ORL,1816,2.03,0.84,2.87,3.97,1.95,3.0,1.25,4.24,218
2020,1628366,Lonzo Ball,NOP,1855,5.59,0.32,5.91,3.25,2.05,8.22,0.48,8.7,88
2020,1628367,Josh Jackson,MEM,315,6.32,-0.54,5.78,2.53,1.93,1.58,-0.14,1.45,306
2020,1628368,De'Aaron Fox,SAC,1475,7.07,-0.58,6.5,2.92,1.94,8.49,-0.69,7.8,117
2020,1628369,Jayson Tatum,BOS,2078,6.68,0.16,6.84,2.79,1.88,11.23,0.27,11.5,21
2020,1628370,Malik Monk,CHO,1015,4.56,1.0,5.56,3.62,1.94,4.11,0.9,5.01,200
2020,1628371,Jonathan Isaac,ORL,895,4.83,1.01,5.84,3.59,1.94,3.51,0.74,4.25,217
2020,1628372,Dennis Smith Jr.,NYK,488,5.58,0.23,5.81,3.31,1.91,2.38,0.1,2.47,271
2020,1628373,Frank Ntilikina,NYK,1042,5.4,1.27,6.66,3.38,1.95,4.91,1.15,6.06,166
2020,1628374,Lauri Markkanen,CHI,1343,6.32,0.02,6.34,3.05,1.87,7.64,0.02,7.66,123
2020,1628378,Donovan Mitchell,UTA,2103,7.13,0.83,7.96,2.72,1.86,11.68,1.36,13.04,7
2020,1628379,Luke Kennard,DET,842,7.49,-0.58,6.91,3.02,1.91,5.46,-0.42,5.04,198
2020,1628380,Zach Collins,POR,260,6.64,-0.13,6.51,3.42,1.93,1.35,-0.03,1.32,310
2020,1628381,John Collins,ATL,1241,7.33,-1.17,6.16,2.79,1.97,8.28,-1.32,6.96,137
2020,1628382,Justin Jackson,DAL,924,7.06,-0.67,6.38,3.11,1.93,5.16,-0.49,4.66,211
2020,1628384,OG Anunoby,TOR,1917,5.93,-0.2,5.74,3.42,2.02,9.26,-0.31,8.95,81
2020,1628385,Harry Giles III,SAC,579,2.64,-0.22,2.42,4.04,1.97,1.25,-0.1,1.14,316
2020,1628386,Jarrett Allen,BRK,1700,6.58,-0.37,6.2,3.23,1.99,9.03,-0.51,8.52,93
2020,1628389,Bam Adebayo,MIA,2180,6.5,1.32,7.82,3.22,2.01,12.02,2.45,14.46,2
2020,1628390,Terrance Ferguson,OKC,1091,5.07,1.27,6.34,3.53,2.0,4.61,1.16,5.77,176
2020,1628391,D.J. Wilson,MIL,302,3.52,0.82,4.34,4.03,1.94,0.89,0.21,1.09,318
2020,1628396,Tony Bradley,UTA,569,0.15,-0.45,-0.3,4.18,2.03,0.07,-0.2,-0.13,343
2020,1628398,Kyle Kuzma,LAL,1328,5.98,0.51,6.48,2.65,1.92,6.59,0.56,7.14,132
2020,1628400,Semi Ojeleye,BOS,908,5.75,-0.07,5.67,3.69,1.97,4.22,-0.05,4.16,222
2020,1628401,Derrick White,SAS,1430,5.34,-0.51,4.84,3.77,2.03,6.52,-0.62,5.9,173
2020,1628402,Frank Jackson,NOP,714,3.38,0.44,3.82,3.9,1.97,1.91,0.25,2.16,280
2020,1628404,Josh Hart,NOP,1538,6.37,0.06,6.43,3.05,1.94,7.77,0.08,7.85,115
2020,1628407,Dwayne Bacon,CHO,623,3.47,0.77,4.24,3.68,1.98,1.92,0.42,2.35,275
2020,1628408,PJ Dozier,DEN,337,-0.79,0.68,-0.11,4.25,2.06,-0.21,0.19,-0.03,342
2020,1628410,Edmond Sumner,IND,385,-0.19,0.95,0.76,4.16,1.98,-0.06,0.3,0.24,336
2020,1628411,Wes Iwundu,ORL,851,5.6,0.16,5.77,3.64,1.91,3.88,0.11,3.99,227
2020,1628415,Dillon Brooks,MEM,1954,5.58,0.89,6.47,3.2,1.94,8.65,1.38,10.03,49
2020,1628418,Thomas Bryant,WAS,1023,4.7,-1.0,3.7,4.02,2.0,3.89,-0.83,3.07,256
2020,1628420,Monté Morris,DEN,1446,5.59,-0.47,5.12,3.65,2.02,6.49,-0.55,5.94,171
2020,1628422,Damyean Dotson,NYK,714,6.7,-0.83,5.87,2.98,1.89,4.18,-0.52,3.66,236
2020,1628425,Sterling Brown,MIL,629,4.85,1.17,6.01,3.47,2.08,2.54,0.61,3.15,250
2020,1628436,Luke Kornet,CHI,514,4.13,-0.11,4.02,3.97,1.95,1.91,-0.05,1.86,290
2020,1628449,Chris Boucher,TOR,684,0.63,-0.18,0.45,4.08,1.96,0.35,-0.1,0.25,335
2020,1628464,Daniel Theis,BOS,1427,6.72,-0.52,6.2,3.23,1.9,7.75,-0.6,7.15,131
2020,1628467,Maxi Kleber,DAL,1696,6.5,-0.54,5.96,3.23,1.94,8.72,-0.73,7.99,109
2020,1628470,Torrey Craig,DEN,968,6.29,0.11,6.4,3.41,2.0,4.89,0.08,4.97,202
2020,1628960,Grayson Allen,MEM,623,0.24,0.86,1.1,4.13,2.0,0.12,0.43,0.54,328
2020,1628963,Marvin Bagley III,SAC,288,3.68,0.9,4.58,3.67,1.9,0.86,0.21,1.07,319
2020,1628964,Mo Bamba,ORL,775,2.05,-0.06,1.99,4.05,1.98,1.29,-0.04,1.25,312
2020,1628966,Keita Bates-Diop,MIN,622,0.78,0.41,1.19,4.08,1.9,0.38,0.2,0.58,325
2020,1628969,Mikal Bridges,PHO,1797,5.94,-0.13,5.81,3.38,2.03,8.53,-0.19,8.35,100
2020,1628970,Miles Bridges,CHO,1778,4.53,0.81,5.34,3.65,1.91,7.14,1.28,8.43,95
2020,1628971,Bruce Brown,DET,1490,4.43,-0.01,4.42,3.74,1.91,5.71,-0.01,5.71,179
2020,1628972,Troy Brown Jr.,WAS,1570,2.7,-0.5,2.2,4.08,1.93,3.44,-0.64,2.8,260
2020,1628973,Jalen Brunson,DAL,914,4.52,-0.44,4.09,3.73,1.96,3.27,-0.32,2.96,258
2020,1628975,Jevon Carter,PHO,795,1.47,0.33,1.8,4.02,2.0,0.94,0.21,1.15,315
2020,1628976,Wendell Carter Jr.,CHI,1142,2.64,-0.05,2.6,4.0,2.03,2.72,-0.05,2.67,263
2020,1628977,Hamidou Diallo,OKC,741,0.61,0.98,1.59,4.27,2.1,0.38,0.61,0.98,320
2020,1628978,Donte DiVincenzo,MIL,1310,2.32,0.57,2.89,3.96,1.98,2.53,0.62,3.15,251
2020,1628980,Jacob Evans,GSW,344,0.79,-0.26,0.52,4.22,2.02,0.24,-0.08,0.16,337
2020,1628983,Shai Gilgeous-Alexander,OKC,2093,5.79,-0.23,5.55,3.59,2.0,10.09,-0.41,9.69,64
2020,1628984,Devonte' Graham,CHO,1952,2.81,0.31,3.12,3.98,2.01,4.87,0.53,5.4,188
2020,1628988,Aaron Holiday,IND,1447,1.51,0.39,1.9,4.07,2.0,1.77,0.46,2.23,278
2020,1628989,Kevin Huerter,ATL,1607,5.55,-0.02,5.53,3.67,1.98,8.12,-0.03,8.09,107
2020,1628990,Chandler Hutchison,CHI,478,2.34,1.04,3.38,4.15,2.04,1.01,0.45,1.45,307
2020,1628991,Jaren Jackson Jr.,MEM,1491,4.4,-0.15,4.25,4.02,1.99,5.21,-0.17,5.03,199
2020,1628995,Kevin Knox II,NYK,1012,4.32,0.67,4.98,3.6,1.93,3.81,0.59,4.4,215
2020,1629001,De'Anthony Melton,MEM,1000,4.45,0.74,5.18,3.63,2.02,3.53,0.59,4.11,223
2020,1629003,Shake Milton,PHI,733,1.76,-0.21,1.55,4.16,1.93,1.02,-0.12,0.9,321
2020,1629004,Svi Mykhailiuk,DET,1128,1.59,-0.33,1.26,4.11,1.98,1.55,-0.32,1.23,313
2020,1629006,Josh Okogie,MIN,1369,4.84,0.25,5.09,3.67,1.98,5.22,0.27,5.49,185
2020,1629010,Jerome Robinson,WAS,885,0.08,0.83,0.91,4.19,1.99,0.05,0.6,0.65,324
2020,1629011,Mitchell Robinson,NYK,1229,5.46,-0.72,4.73,3.66,1.93,5.85,-0.77,5.08,195
2020,1629012,Collin Sexton,CLE,1944,7.18,-1.22,5.95,3.5,1.99,12.77,-2.18,10.59,36
2020,1629013,Landry Shamet,LAC,1289,6.01,-0.54,5.46,3.47,2.04,6.72,-0.61,6.11,164
2020,1629014,Anfernee Simons,POR,1269,0.67,0.1,0.77,4.17,1.99,0.66,0.1,0.76,323
2020,1629016,Omari Spellman,GSW,773,3.74,-0.14,3.6,3.91,1.98,2.51,-0.09,2.42,273
2020,1629018,Gary Trent Jr.,POR,1172,1.35,-0.92,0.44,4.2,1.98,1.23,-0.84,0.4,331
2020,1629021,Moritz Wagner,WAS,780,1.03,-0.15,0.88,4.28,2.0,0.65,-0.09,0.55,327
2020,1629022,Lonnie Walker IV,SAS,879,-0.28,0.77,0.49,4.14,1.95,-0.21,0.58,0.37,333
2020,1629026,Kenrich Williams,NOP,769,3.12,0.63,3.74,3.83,1.93,1.9,0.38,2.28,276
2020,1629027,Trae Young,ATL,1901,7.27,-0.97,6.31,3.33,2.04,12.57,-1.67,10.9,30
2020,1629028,Deandre Ayton,PHO,1126,6.13,-0.15,5.97,3.43,2.07,5.52,-0.14,5.38,189
2020,1629029,Luka Dončić,DAL,1856,6.14,-0.62,5.52,3.75,1.95,9.01,-0.91,8.1,106
2020,1629033,Theo Pinson,BRK,308,-0.1,0.75,0.66,4.19,2.02,-0.02,0.19,0.16,338
2020,1629057,Robert Williams III,BOS,348,1.54,0.07,1.61,4.14,2.0,0.43,0.02,0.45,329
2020,1629058,Dzanan Musa,BRK,394,-0.39,0.83,0.44,4.16,1.93,-0.12,0.26,0.14,340
2020,1629059,Elie Okobo,PHO,604,3.09,-0.13,2.96,3.95,2.0,1.49,-0.06,1.43,308
2020,1629066,Rodions Kurucs,BRK,614,3.55,0.79,4.33,3.81,1.91,1.76,0.39,2.15,281
2020,1629067,Isaac Bonga,WAS,1149,0.71,-0.25,0.46,4.17,2.01,0.66,-0.23,0.43,330
2020,1629109,Gary Clark,ORL,491,3.2,-0.04,3.16,3.82,1.95,1.28,-0.02,1.26,311
2020,1629126,Deonte Burton,OKC,291,1.7,0.68,2.37,4.11,1.94,0.41,0.16,0.58,326
2020,1629130,Duncan Robinson,MIA,1980,1.27,-0.55,0.72,3.99,2.08,2.13,-0.92,1.21,314
2020,1629164,Brandon Goodwin,ATL,364,-0.43,0.59,0.16,4.13,1.97,-0.14,0.2,0.05,341
2020,1629185,Chris Chiozza,BRK,337,-0.28,0.83,0.55,3.95,1.96,-0.08,0.23,0.15,339
2021,2544,LeBron James,LAL,1381,7.03,0.01,7.05,2.32,1.81,8.17,0.01,8.19,88
2021,2546,Carmelo Anthony,POR,1513,6.88,-1.03,5.85,3.03,1.92,8.24,-1.23,7.01,111
2021,2730,Dwight Howard,PHI,1060,5.97,1.31,7.28,3.21,1.99,5.2,1.14,6.35,140
2021,2738,Andre Iguodala,MIA,1199,5.77,1.24,7.02,2.95,1.9,5.34,1.15,6.49,135
2021,2772,Trevor Ariza,MIA,756,6.54,0.38,6.92,2.6,1.96,3.82,0.22,4.04,216
2021,101108,Chris Paul,PHO,2050,7.08,0.45,7.52,2.79,1.9,11.23,0.71,11.94,8
2021,101150,Lou Williams,LAC,1250,6.53,-0.0,6.53,2.17,1.82,6.47,-0.0,6.47,137
2021,200746,LaMarcus Aldridge,SAS,619,6.74,0.52,7.26,2.8,1.82,3.31,0.26,3.56,240
2021,200752,Rudy Gay,SAS,1179,5.86,1.21,7.07,2.77,1.91,5.48,1.13,6.61,128
2021,200755,JJ Redick,NOP,654,6.58,-0.4,6.18,2.52,1.93,3.35,-0.21,3.14,249
2021,200765,Rajon Rondo,ATL,683,6.43,1.07,7.5,3.39,2.03,3.54,0.59,4.13,208
2021,200768,Kyle Lowry,TOR,1437,7.15,0.37,7.52,2.7,1.9,8.65,0.44,9.09,63
2021,200782,P.J. Tucker,HOU,1185,6.08,1.26,7.34,2.49,1.93,5.62,1.16,6.78,121
2021,200794,Paul Millsap,DEN,1076,6.66,0.63,7.29,3.05,1.99,6.04,0.57,6.62,127
2021,201142,Kevin Durant,BRK,1026,7.27,0.42,7.69,3.0,1.93,6.43,0.37,6.8,120
2021,201143,Al Horford,OKC,732,6.55,0.54,7.1,2.74,1.88,3.41,0.28,3.69,229
2021,201144,Mike Conley,UTA,1348,6.88,-0.64,6.25,2.98,1.93,7.46,-0.69,6.77,122
2021,201145,Jeff Green,BRK,1628,7.3,-0.94,6.35,2.58,2.0,10.24,-1.32,8.92,68
2021,201152,Thaddeus Young,CHI,1407,6.96,-0.28,6.69,2.72,1.91,8.79,-0.35,8.44,80
2021,201188,Marc Gasol,LAL,907,6.44,0.74,7.17,2.56,1.9,4.91,0.56,5.47,160
2021,201565,Derrick Rose,NYK,1119,5.6,0.04,5.64,3.26,1.82,4.74,0.03,4.78,185
2021,201566,Russell Westbrook,WAS,2109,6.2,0.31,6.51,2.32,1.8,9.9,0.49,10.39,32
2021,201567,Kevin Love,CLE,582,6.28,-0.18,6.1,3.11,1.92,2.65,-0.08,2.58,269
2021,201568,Danilo Gallinari,ATL,1032,7.25,-1.31,5.94,3.04,1.95,6.03,-1.09,4.94,175
2021,201569,Eric Gordon,HOU,696,7.28,0.15,7.42,2.87,1.83,3.95,0.08,4.03,217
2021,201571,D.J. Augustin,MIL,999,7.29,-1.44,5.86,3.1,1.84,6.16,-1.21,4.95,173
2021,201572,Brook Lopez,MIL,1709,6.99,0.16,7.15,2.6,1.94,10.1,0.23,10.33,35
2021,201577,Robin Lopez,WAS,1159,6.98,0.15,7.13,3.11,1.92,6.12,0.14,6.26,144
2021,201580,JaVale McGee,CLE,592,4.63,0.62,5.25,3.51,2.06,1.99,0.27,2.26,282
2021,201586,Serge Ibaka,LAC,886,6.63,0.62,7.26,3.13,1.97,4.66,0.44,5.1,171
2021,201587,Nicolas Batum,LAC,1658,6.75,-0.26,6.49,3.2,1.93,8.87,-0.34,8.53,77
2021,201588,George Hill,OKC,620,6.81,-0.17,6.63,2.99,1.89,2.99,-0.08,2.92,255
2021,201599,DeAndre Jordan,BRK,1125,7.19,-0.82,6.38,2.68,1.96,6.98,-0.79,6.18,147
2021,201609,Goran Dragic,MIA,1206,6.12,0.98,7.09,2.78,1.89,5.69,0.91,6.6,129
2021,201933,Blake Griffin,DET,1046,6.38,-0.66,5.72,2.93,1.86,5.49,-0.57,4.92,177
2021,201935,James Harden,BRK,1448,7.42,0.06,7.48,2.57,1.88,9.27,0.07,9.34,58
2021,201937,Ricky Rubio,MIN,1596,7.1,0.41,7.51,2.78,1.81,8.94,0.51,9.45,54
2021,201939,Stephen Curry,GSW,1890,6.75,0.45,7.19,3.3,1.92,9.96,0.66,10.62,25
2021,201942,DeMar DeRozan,SAS,1850,7.26,-0.27,6.99,2.69,1.91,10.64,-0.39,10.24,39
2021,201949,James Johnson,NOP,914,5.42,1.22,6.64,3.31,1.92,3.85,0.87,4.72,192
2021,201950,Jrue Holiday,MIL,1621,7.37,0.6,7.97,2.43,1.88,10.1,0.82,10.92,18
2021,201952,Jeff Teague,BOS,858,7.04,-0.86,6.18,3.0,1.9,4.63,-0.57,4.07,214
2021,201959,Taj Gibson,NYK,825,6.44,0.35,6.79,3.19,1.91,4.02,0.22,4.23,207
2021,201961,Wayne Ellington,DET,899,7.0,-0.31,6.69,3.0,1.94,5.17,-0.23,4.95,174
2021,201976,Patrick Beverley,LAC,771,6.56,-0.84,5.73,2.88,1.88,4.01,-0.51,3.5,241
2021,201980,Danny Green,PHI,1760,6.45,1.55,8.0,2.96,1.83,9.33,2.24,11.56,15
2021,201988,Patty Mills,SAS,1459,7.25,0.51,7.76,2.62,1.95,8.39,0.59,8.97,67
2021,202066,Garrett Temple,CHI,1329,6.13,0.61,6.73,2.64,1.86,7.31,0.72,8.03,90
2021,202083,Wesley Matthews,LAL,1012,5.97,-0.24,5.73,2.77,1.81,5.09,-0.21,4.88,179
2021,202322,John Wall,HOU,1155,4.63,0.26,4.89,3.52,1.88,4.16,0.23,4.4,202
2021,202324,Derrick Favors,UTA,913,6.81,-0.5,6.31,2.78,1.91,5.0,-0.37,4.63,196
2021,202326,DeMarcus Cousins,HOU,631,3.56,0.2,3.77,3.71,1.93,1.75,0.1,1.85,292
2021,202329,Al-Farouq Aminu,ORL,400,5.85,0.74,6.6,3.05,1.88,1.71,0.22,1.93,290
2021,202330,Gordon Hayward,CHO,1350,6.21,-0.05,6.16,3.28,2.0,6.94,-0.06,6.89,115
2021,202331,Paul George,LAC,1688,7.05,0.35,7.4,2.77,1.88,9.43,0.47,9.9,46
2021,202334,Ed Davis,MIN,267,6.19,0.55,6.74,3.29,1.88,1.31,0.12,1.42,303
2021,202335,Patrick Patterson,LAC,522,6.52,0.09,6.61,3.24,1.9,2.7,0.04,2.74,266
2021,202339,Eric Bledsoe,NOP,1955,6.8,0.12,6.92,2.61,1.92,10.34,0.18,10.53,29
2021,202340,Avery Bradley,HOU,546,5.98,0.54,6.52,3.01,1.96,2.54,0.23,2.77,261
2021,202355,Hassan Whiteside,SAC,490,6.35,0.51,6.87,3.14,1.95,2.41,0.2,2.6,268
2021,202357,Nemanja Bjelica,SAC,523,7.31,-0.47,6.84,2.94,1.9,2.96,-0.19,2.77,262
2021,202397,Ish Smith,WAS,794,6.21,0.1,6.31,2.7,1.94,3.73,0.06,3.79,226
2021,202681,Kyrie Irving,BRK,1677,7.09,-0.44,6.65,3.0,1.92,10.25,-0.63,9.62,49
2021,202683,Enes Freedom,POR,1600,6.92,-0.13,6.8,3.28,1.89,8.77,-0.16,8.61,74
2021,202684,Tristan Thompson,BOS,1181,6.58,-1.3,5.29,3.06,1.94,5.96,-1.17,4.79,184
2021,202685,Jonas Valančiūnas,MEM,1632,6.98,-0.14,6.84,3.08,1.84,8.8,-0.17,8.63,73
2021,202687,Bismack Biyombo,CHO,1186,5.06,-0.26,4.8,3.44,1.89,4.97,-0.26,4.71,193
2021,202689,Kemba Walker,BOS,1229,7.18,0.46,7.65,2.31,1.89,6.77,0.44,7.21,108
2021,202692,Alec Burks,NYK,1099,6.46,-0.3,6.17,2.92,1.9,5.37,-0.25,5.12,169
2021,202693,Markieff Morris,LAL,1100,5.77,0.17,5.94,2.93,1.9,5.34,0.15,5.5,158
2021,202694,Marcus Morris Sr.,LAC,1337,7.01,1.04,8.05,2.83,1.93,7.43,1.11,8.54,76
2021,202695,Kawhi Leonard,LAC,1603,7.08,0.12,7.2,2.89,1.88,8.99,0.16,9.15,60
2021,202696,Nikola Vučević,ORL,2103,6.86,-0.05,6.81,2.97,1.84,10.52,-0.08,10.45,30
2021,202699,Tobias Harris,PHI,1814,7.03,-0.75,6.29,2.41,1.9,10.48,-1.12,9.37,57
2021,202704,Reggie Jackson,LAC,1432,6.48,-0.67,5.81,3.23,1.91,7.36,-0.76,6.6,130
2021,202709,Cory Joseph,SAC,1292,7.15,-0.27,6.89,2.44,1.98,7.16,-0.27,6.89,116
2021,202710,Jimmy Butler III,MIA,1586,7.15,0.44,7.59,2.76,1.94,8.75,0.54,9.28,59
2021,202711,Bojan Bogdanovic,UTA,1992,6.99,-1.03,5.96,2.69,1.91,11.19,-1.65,9.54,52
2021,202722,Davis Bertans,WAS,1268,6.82,0.19,7.01,3.12,1.96,6.54,0.18,6.72,124
2021,202734,E'Twaun Moore,PHO,340,5.96,0.8,6.76,2.72,1.91,1.57,0.21,1.78,294
2021,202954,Brad Wanamaker,GSW,938,4.51,1.07,5.58,3.53,1.91,3.3,0.78,4.09,213
2021,203076,Anthony Davis,LAL,1042,6.59,0.67,7.26,2.3,1.87,5.77,0.59,6.36,138
2021,203078,Bradley Beal,WAS,1899,7.26,-0.71,6.55,2.27,1.84,10.43,-1.01,9.41,56
2021,203081,Damian Lillard,POR,2176,7.77,-0.07,7.71,2.22,1.95,13.39,-0.12,13.27,3
2021,203082,Terrence Ross,ORL,1177,5.92,1.7,7.62,2.99,1.89,5.09,1.46,6.55,133
2021,203083,Andre Drummond,CLE,1141,6.14,0.51,6.65,2.34,1.84,5.08,0.42,5.51,157
2021,203084,Harrison Barnes,SAC,1884,7.56,-1.29,6.28,2.4,1.92,11.03,-1.88,9.15,61
2021,203085,Austin Rivers,NYK,756,6.49,0.62,7.11,2.8,1.87,3.71,0.35,4.06,215
2021,203087,Jeremy Lamb,IND,680,6.97,-0.08,6.89,2.66,1.93,3.69,-0.04,3.64,232
2021,203090,Maurice Harkless,SAC,695,5.78,0.73,6.51,3.36,1.93,3.11,0.39,3.5,242
2021,203095,Evan Fournier,ORL,1130,7.33,-0.88,6.45,2.72,1.92,6.05,-0.73,5.32,165
2021,203107,Tomas Satoransky,CHI,1154,6.87,-0.76,6.11,2.74,1.93,7.12,-0.79,6.33,142
2021,203109,Jae Crowder,PHO,1495,6.82,-0.87,5.94,2.49,1.89,7.89,-1.01,6.88,118
2021,203110,Draymond Green,GSW,1786,6.36,1.0,7.37,2.92,1.97,8.88,1.4,10.28,37
2021,203114,Khris Middleton,MIL,2046,7.23,0.6,7.84,2.26,1.92,12.51,1.04,13.56,2
2021,203115,Will Barton,DEN,1556,6.51,-0.07,6.44,2.39,2.0,8.55,-0.09,8.46,79
2021,203118,Mike Scott,PHI,758,5.62,1.25,6.87,2.9,1.92,3.5,0.78,4.28,206
2021,203145,Kent Bazemore,GSW,1180,6.04,1.43,7.47,2.71,1.99,5.57,1.32,6.89,117
2021,203200,Justin Holiday,IND,1973,6.85,-0.24,6.61,1.92,1.81,10.5,-0.37,10.13,41
2021,203210,JaMychal Green,DEN,1001,6.71,-0.59,6.12,2.63,1.9,5.67,-0.5,5.17,168
2021,203382,Aron Baynes,TOR,893,5.48,-0.01,5.47,3.17,1.98,4.12,-0.01,4.11,209
2021,203457,Nerlens Noel,NYK,1388,5.67,-0.35,5.31,3.34,1.87,5.94,-0.37,5.58,154
2021,203458,Alex Len,WAS,950,6.74,0.2,6.94,3.24,1.88,4.84,0.14,4.98,172
2021,203463,Ben McLemore,HOU,794,5.03,0.64,5.66,3.37,1.9,3.11,0.39,3.5,243
2021,203468,CJ McCollum,POR,1483,7.67,-0.23,7.44,2.47,1.86,9.01,-0.27,8.74,70
2021,203469,Cody Zeller,CHO,881,6.61,-0.22,6.39,3.15,1.92,4.82,-0.16,4.66,194
2021,203471,Dennis Schröder,LAL,1768,6.45,0.53,6.98,2.26,1.87,9.59,0.79,10.38,33
2021,203476,Gorgui Dieng,MEM,495,6.59,-0.83,5.76,3.14,2.01,2.52,-0.32,2.21,283
2021,203482,Kelly Olynyk,MIA,1850,6.11,-0.25,5.85,2.44,1.96,8.72,-0.36,8.35,83
2021,203484,Kentavious Caldwell-Pope,LAL,1723,6.79,1.35,8.14,2.65,1.82,9.84,1.95,11.79,13
2021,203486,Mason Plumlee,DET,1351,6.76,-0.51,6.25,2.99,1.97,7.51,-0.57,6.94,113
2021,203487,Michael Carter-Williams,ORL,746,4.53,0.83,5.36,3.52,1.91,2.46,0.45,2.91,257
2021,203488,Mike Muscala,OKC,576,6.29,-0.04,6.26,3.34,1.87,2.58,-0.01,2.56,270
2021,203490,Otto Porter Jr.,CHI,518,6.45,0.14,6.59,3.16,1.84,3.0,0.06,3.06,251
2021,203493,Reggie Bullock Jr.,NYK,1772,6.22,-0.91,5.31,3.27,1.93,8.33,-1.22,7.11,110
2021,203496,Robert Covington,POR,2061,6.47,0.05,6.52,2.58,1.89,10.56,0.08,10.63,24
2021,203497,Rudy Gobert,UTA,1980,6.86,1.0,7.86,2.64,1.9,10.92,1.6,12.52,4
2021,203500,Steven Adams,NOP,1469,7.02,0.02,7.04,2.64,1.95,8.01,0.02,8.04,89
2021,203501,Tim Hardaway Jr.,DAL,1772,7.16,0.12,7.28,2.82,1.82,10.2,0.17,10.38,34
2021,203503,Tony Snell,ATL,888,7.18,-0.04,7.15,2.81,2.02,5.14,-0.03,5.11,170
2021,203504,Trey Burke,DAL,803,4.61,0.32,4.93,3.74,1.85,2.98,0.21,3.19,248
2021,203506,Victor Oladipo,HOU,957,5.73,0.71,6.45,3.0,1.9,4.27,0.53,4.81,182
2021,203507,Giannis Antetokounmpo,MIL,1785,7.31,0.44,7.75,2.41,1.97,11.03,0.66,11.69,14
2021,203516,James Ennis III,ORL,903,6.73,-0.08,6.65,3.01,1.88,4.43,-0.05,4.38,203
2021,203524,Solomon Hill,ATL,1324,4.88,0.43,5.31,3.44,1.99,5.21,0.46,5.66,153
2021,203526,Raul Neto,WAS,1240,4.82,0.01,4.83,3.71,1.92,4.53,0.01,4.54,200
2021,203552,Seth Curry,PHI,1499,6.51,-0.2,6.31,3.3,1.91,8.01,-0.25,7.77,98
2021,203648,Thanasis Antetokounmpo,MIL,450,-0.51,1.01,0.5,3.87,1.97,-0.2,0.39,0.19,343
2021,203897,Zach LaVine,CHI,1818,7.19,0.1,7.3,2.41,1.87,11.74,0.17,11.91,11
2021,203901,Elfrid Payton,NYK,1361,5.44,1.2,6.63,3.17,1.91,5.59,1.23,6.82,119
2021,203903,Jordan Clarkson,UTA,1612,6.76,-0.2,6.56,2.58,1.89,8.77,-0.26,8.51,78
2021,203914,Gary Harris,DEN,994,6.72,-0.41,6.31,2.65,1.93,5.64,-0.35,5.29,166
2021,203918,Rodney Hood,POR,856,5.99,1.11,7.1,3.2,1.87,4.06,0.75,4.81,183
2021,203920,Khem Birch,ORL,1365,6.0,-0.7,5.3,3.33,1.89,5.98,-0.7,5.28,167
2021,203922,Glenn Robinson III,SAC,333,6.53,-0.57,5.95,3.56,2.01,1.68,-0.15,1.54,300
2021,203924,Jerami Grant,DET,1610,6.9,0.29,7.19,2.46,1.84,9.13,0.38,9.52,53
2021,203925,Joe Harris,BRK,1941,7.48,-0.99,6.49,2.47,1.88,12.51,-1.65,10.86,20
2021,203926,Doug McDermott,IND,1488,7.34,-0.54,6.8,2.93,1.88,8.49,-0.63,7.87,95
2021,203932,Aaron Gordon,ORL,1272,7.03,-0.39,6.64,2.49,1.9,6.52,-0.36,6.16,148
2021,203935,Marcus Smart,BOS,1407,6.8,0.41,7.2,2.68,1.87,7.34,0.44,7.77,99
2021,203937,Kyle Anderson,MEM,1746,6.53,0.78,7.31,3.15,1.92,8.81,1.05,9.86,47
2021,203939,Dwight Powell,DAL,867,7.06,-0.04,7.02,2.89,1.93,4.93,-0.03,4.9,178
2021,203944,Julius Randle,NYK,2381,6.72,-0.08,6.63,2.59,2.0,12.09,-0.15,11.94,9
2021,203952,Andrew Wiggins,GSW,2157,6.56,0.87,7.43,2.49,1.9,11.04,1.47,12.51,5
2021,203954,Joel Embiid,PHI,1457,7.22,-0.58,6.64,2.59,1.88,8.64,-0.7,7.94,92
2021,203960,JaKarr Sampson,IND,287,2.22,0.98,3.2,3.84,1.95,0.5,0.22,0.72,330
2021,203967,Dario Šarić,PHO,788,6.66,-0.6,6.06,2.65,1.83,4.06,-0.36,3.7,228
2021,203991,Clint Capela,ATL,1734,6.6,0.77,7.37,3.1,1.91,9.22,1.07,10.29,36
2021,203992,Bogdan Bogdanović,ATL,1173,7.45,-0.35,7.1,2.47,1.82,7.05,-0.33,6.71,125
2021,203994,Jusuf Nurkić,POR,832,5.76,-0.04,5.72,3.31,1.95,3.8,-0.03,3.77,227
2021,203999,Nikola Jokić,DEN,2244,7.49,0.08,7.57,2.64,1.95,14.18,0.16,14.34,1
2021,204001,Kristaps Porziņģis,DAL,1221,5.48,0.09,5.58,3.43,1.87,5.39,0.09,5.48,159
2021,204020,Tyler Johnson,BRK,600,7.0,-1.61,5.39,2.68,1.83,3.62,-0.83,2.79,260
2021,204038,Langston Galloway,PHO,404,7.21,-0.67,6.54,2.78,1.99,2.26,-0.21,2.05,288
2021,204060,Joe Ingles,UTA,1649,7.23,0.38,7.61,2.57,1.9,9.59,0.5,10.09,42
2021,204456,T.J. McConnell,IND,1601,6.9,-0.59,6.31,2.66,1.9,8.59,-0.74,7.85,96
2021,1626143,Jahlil Okafor,DET,306,3.37,0.42,3.79,3.95,1.93,0.85,0.1,0.95,320
2021,1626145,Tyus Jones,MEM,1104,6.87,0.43,7.3,2.82,1.98,5.87,0.37,6.23,145
2021,1626149,Montrezl Harrell,LAL,1397,7.13,-0.82,6.31,2.45,1.82,8.38,-0.96,7.42,105
2021,1626153,Delon Wright,DET,1555,7.1,0.65,7.75,2.75,1.89,9.08,0.83,9.91,45
2021,1626156,D'Angelo Russell,MIN,1095,6.84,-1.3,5.54,2.84,1.81,5.9,-1.12,4.78,186
2021,1626157,Karl-Anthony Towns,MIN,1516,7.29,-0.41,6.88,2.57,1.89,8.72,-0.5,8.22,87
2021,1626158,Richaun Holmes,SAC,1638,6.75,-0.85,5.9,3.04,1.92,8.55,-1.08,7.48,104
2021,1626159,Justise Winslow,MEM,451,5.59,1.09,6.67,3.0,1.91,1.95,0.38,2.33,277
2021,1626161,Willie Cauley-Stein,DAL,819,6.99,-0.38,6.61,2.4,1.89,4.61,-0.25,4.36,204
2021,1626162,Kelly Oubre Jr.,GSW,1500,5.82,0.73,6.55,2.53,1.87,6.81,0.86,7.67,102
2021,1626163,Frank Kaminsky,PHO,651,6.33,-0.51,5.82,3.23,2.02,3.19,-0.26,2.93,254
2021,1626164,Devin Booker,PHO,2050,7.01,-0.31,6.7,2.46,1.8,11.12,-0.5,10.62,26
2021,1626166,Cameron Payne,PHO,949,4.35,-0.61,3.75,4.0,1.97,3.2,-0.45,2.75,264
2021,1626167,Myles Turner,IND,1340,6.4,-0.3,6.1,2.59,1.85,6.67,-0.31,6.36,139
2021,1626168,Trey Lyles,SAS,314,6.36,0.22,6.58,3.21,1.9,1.58,0.05,1.64,298
2021,1626169,Stanley Johnson,TOR,875,4.9,0.1,5.01,3.44,1.95,3.61,0.08,3.69,230
2021,1626171,Bobby Portis,MIL,1200,6.72,-0.15,6.57,2.91,1.89,6.82,-0.15,6.67,126
2021,1626172,Kevon Looney,GSW,1079,5.56,0.28,5.85,3.51,1.97,4.69,0.24,4.93,176
2021,1626174,Christian Wood,HOU,1191,4.23,-0.33,3.9,3.61,1.91,3.93,-0.31,3.62,235
2021,1626179,Terry Rozier,CHO,2137,7.02,-0.16,6.86,2.79,1.84,12.42,-0.28,12.14,6
2021,1626181,Norman Powell,TOR,1990,6.73,-0.06,6.66,3.17,1.9,11.27,-0.11,11.16,17
2021,1626184,Chasson Randle,ORL,754,3.21,0.73,3.94,3.78,1.86,1.77,0.4,2.17,287
2021,1626192,Pat Connaughton,MIL,1337,6.75,0.3,7.05,2.78,1.9,7.63,0.34,7.97,91
2021,1626195,Willy Hernangomez,NOP,767,4.72,-0.61,4.11,3.71,1.9,2.81,-0.37,2.45,272
2021,1626196,Josh Richardson,DAL,1600,6.79,-0.08,6.71,2.55,1.86,8.75,-0.1,8.64,72
2021,1626204,Larry Nance Jr.,CLE,970,6.41,-0.05,6.36,2.84,1.86,4.51,-0.04,4.48,201
2021,1626220,Royce O'Neale,UTA,2000,6.59,0.1,6.69,2.68,1.96,10.6,0.17,10.76,21
2021,1626224,Cedi Osman,CLE,1341,5.69,0.98,6.67,3.13,1.91,5.53,0.95,6.49,136
2021,1627732,Ben Simmons,PHI,1680,6.84,0.13,6.97,2.37,1.78,9.43,0.18,9.61,50
2021,1627734,Domantas Sabonis,IND,2054,6.99,-0.18,6.82,2.57,1.9,11.16,-0.28,10.88,19
2021,1627736,Malik Beasley,MIN,1067,6.82,-0.38,6.45,2.96,1.94,5.74,-0.32,5.43,161
2021,1627741,Buddy Hield,SAC,2206,7.33,-0.42,6.92,2.31,1.84,12.52,-0.71,11.81,12
2021,1627742,Brandon Ingram,NOP,1910,7.22,-0.32,6.91,2.63,1.96,10.73,-0.47,10.26,38
2021,1627745,Damian Jones,SAC,475,3.03,0.03,3.06,4.03,1.99,1.12,0.01,1.13,314
2021,1627747,Caris LeVert,IND,1354,6.29,-0.07,6.22,3.11,1.96,6.63,-0.07,6.55,134
2021,1627749,Dejounte Murray,SAS,1968,5.13,0.64,5.77,3.55,1.96,8.0,1.0,9.0,65
2021,1627750,Jamal Murray,DEN,1534,7.32,-0.79,6.53,2.5,1.87,9.47,-1.03,8.44,81
2021,1627751,Jakob Poeltl,SAS,1657,6.58,0.26,6.84,3.13,1.93,8.65,0.34,8.99,66
2021,1627752,Taurean Prince,CLE,808,6.12,0.88,6.99,2.82,1.92,3.59,0.52,4.1,211
2021,1627756,Denzel Valentine,CHI,888,4.95,1.02,5.98,3.47,1.97,3.95,0.82,4.77,187
2021,1627759,Jaylen Brown,BOS,1777,7.05,-0.59,6.47,2.5,1.96,9.62,-0.8,8.82,69
2021,1627761,DeAndre' Bembry,TOR,876,5.73,0.72,6.45,3.04,1.87,4.22,0.53,4.76,189
2021,1627763,Malcolm Brogdon,IND,1755,7.23,0.06,7.29,2.49,1.93,9.87,0.08,9.95,44
2021,1627774,Jake Layman,MIN,585,4.62,0.34,4.96,3.79,1.94,2.13,0.16,2.29,279
2021,1627777,Georges Niang,UTA,1051,4.62,-0.11,4.5,3.62,1.92,3.9,-0.1,3.81,224
2021,1627783,Pascal Siakam,TOR,1790,6.78,1.14,7.92,2.67,1.9,10.21,1.72,11.94,10
2021,1627788,Furkan Korkmaz,PHI,949,5.35,0.91,6.26,3.56,1.9,4.18,0.71,4.88,180
2021,1627789,Timothe Luwawu-Cabarrot,BRK,927,4.66,0.37,5.03,3.76,1.94,3.72,0.29,4.02,219
2021,1627814,Damion Lee,GSW,915,5.13,-0.08,5.05,3.59,1.98,3.67,-0.06,3.61,236
2021,1627823,Juancho Hernangomez,MIN,804,6.48,-0.32,6.15,3.29,1.9,4.11,-0.2,3.91,221
2021,1627826,Ivica Zubac,LAC,1470,6.46,-0.18,6.28,3.53,1.93,7.53,-0.21,7.32,106
2021,1627827,Dorian Finney-Smith,DAL,1730,6.9,0.41,7.31,3.05,1.99,9.61,0.57,10.18,40
2021,1627832,Fred VanVleet,TOR,1651,7.15,0.11,7.25,2.47,1.89,9.93,0.15,10.08,43
2021,1627846,Abdel Nader,PHO,307,5.46,-0.27,5.19,3.4,1.93,1.3,-0.06,1.24,311
2021,1627853,Ryan Arcidiacono,CHI,394,6.77,0.18,6.94,2.76,1.89,2.39,0.06,2.45,273
2021,1627854,Bryn Forbes,MIL,1172,6.83,-0.55,6.28,3.12,1.95,6.76,-0.54,6.22,146
2021,1627863,Danuel House Jr.,HOU,831,5.08,0.54,5.62,3.31,1.95,3.29,0.35,3.64,233
2021,1627884,Derrick Jones Jr.,POR,1218,6.37,-0.37,6.0,3.45,1.92,6.14,-0.36,5.79,151
2021,1627885,Shaquille Harrison,DEN,280,6.08,0.11,6.19,2.82,1.9,1.44,0.03,1.46,301
2021,1627936,Alex Caruso,LAL,1047,5.32,0.99,6.31,3.21,1.91,4.68,0.87,5.56,155
2021,1628021,David Nwaba,HOU,615,5.92,0.06,5.97,3.18,1.89,2.83,0.03,2.86,258
2021,1628366,Lonzo Ball,NOP,1603,6.37,-0.11,6.27,2.78,1.93,7.94,-0.13,7.81,97
2021,1628367,Josh Jackson,DET,1425,5.94,1.35,7.29,2.58,1.92,6.96,1.59,8.55,75
2021,1628368,De'Aaron Fox,SAC,1842,7.53,-0.09,7.44,2.43,1.99,10.73,-0.13,10.6,27
2021,1628369,Jayson Tatum,BOS,2061,7.21,0.37,7.58,2.34,1.84,11.39,0.59,11.98,7
2021,1628370,Malik Monk,CHO,758,6.5,0.45,6.94,3.21,1.95,4.08,0.28,4.36,205
2021,1628372,Dennis Smith Jr.,DET,384,5.71,-0.12,5.6,3.0,1.92,1.81,-0.04,1.77,296
2021,1628373,Frank Ntilikina,NYK,289,5.43,0.52,5.94,3.2,1.84,1.19,0.11,1.3,308
2021,1628374,Lauri Markkanen,CHI,1146,6.72,0.03,6.74,2.95,1.99,6.91,0.03,6.94,114
2021,1628378,Donovan Mitchell,UTA,1598,7.21,1.0,8.2,2.5,1.84,9.26,1.28,10.54,28
2021,1628379,Luke Kennard,LAC,1124,6.91,-0.87,6.04,2.87,1.95,6.16,-0.77,5.39,163
2021,1628381,John Collins,ATL,1728,7.32,-0.46,6.86,2.51,1.84,10.19,-0.64,9.55,51
2021,1628382,Justin Jackson,OKC,522,5.8,1.31,7.12,3.03,1.89,2.15,0.49,2.64,267
2021,1628384,OG Anunoby,TOR,1320,6.52,0.96,7.48,2.94,1.97,7.24,1.06,8.31,84
2021,1628385,Harry Giles III,POR,309,3.08,0.55,3.63,3.83,1.91,0.76,0.13,0.89,324
2021,1628386,Jarrett Allen,CLE,1666,7.13,-1.22,5.91,2.87,1.87,8.62,-1.48,7.14,109
2021,1628389,Bam Adebayo,MIA,1972,7.06,0.33,7.39,2.81,1.88,10.74,0.51,11.25,16
2021,1628391,D.J. Wilson,HOU,386,3.65,1.11,4.76,3.86,1.97,1.1,0.33,1.43,302
2021,1628392,Isaiah Hartenstein,CLE,501,2.56,-0.0,2.56,3.85,1.95,0.93,-0.0,0.93,322
2021,1628396,Tony Bradley,OKC,607,2.45,-0.7,1.76,4.12,1.96,1.06,-0.3,0.76,329
2021,1628398,Kyle Kuzma,LAL,1728,6.1,1.22,7.32,2.79,1.91,8.86,1.78,10.64,22
2021,1628400,Semi Ojeleye,BOS,869,6.24,-0.44,5.79,3.4,1.97,4.16,-0.3,3.87,222
2021,1628401,Derrick White,SAS,979,6.13,-0.16,5.97,3.3,1.94,4.76,-0.12,4.64,195
2021,1628402,Frank Jackson,DET,669,4.91,0.11,5.02,3.71,1.97,2.71,0.06,2.77,263
2021,1628404,Josh Hart,NOP,1202,6.94,-0.7,6.24,2.47,1.84,6.49,-0.66,5.83,150
2021,1628407,Dwayne Bacon,ORL,1678,4.43,1.29,5.72,3.44,1.95,5.42,1.58,7.0,112
2021,1628408,PJ Dozier,DEN,991,0.23,0.99,1.21,3.93,1.91,0.19,0.82,1.01,317
2021,1628410,Edmond Sumner,IND,786,1.04,0.44,1.49,3.8,1.97,0.64,0.27,0.91,323
2021,1628411,Wes Iwundu,DAL,459,5.58,0.66,6.24,3.48,2.0,2.06,0.24,2.31,278
2021,1628415,Dillon Brooks,MEM,1825,6.02,0.91,6.92,2.64,1.92,8.49,1.28,9.76,48
2021,1628420,Monté Morris,DEN,1058,6.71,-0.31,6.4,3.18,1.93,5.99,-0.28,5.71,152
2021,1628422,Damyean Dotson,CLE,790,5.33,0.12,5.44,3.35,2.01,3.05,0.07,3.12,250
2021,1628425,Sterling Brown,HOU,1082,5.78,-0.05,5.72,3.53,1.85,4.87,-0.05,4.83,181
2021,1628436,Luke Kornet,BOS,308,4.51,0.7,5.21,3.78,1.94,1.07,0.17,1.23,312
2021,1628449,Chris Boucher,TOR,1227,3.73,-0.54,3.2,3.88,1.87,3.86,-0.56,3.3,244
2021,1628464,Daniel Theis,BOS,1458,6.18,0.6,6.78,3.29,1.84,6.91,0.67,7.58,103
2021,1628467,Maxi Kleber,DAL,1201,6.85,0.11,6.96,2.71,1.89,6.62,0.11,6.73,123
2021,1628470,Torrey Craig,PHO,722,6.15,0.23,6.38,3.27,1.98,3.44,0.13,3.57,238
2021,1628539,Mychal Mulder,GSW,663,0.69,-0.36,0.33,4.01,1.98,0.36,-0.19,0.17,344
2021,1628778,Paul Watson,TOR,261,0.32,-0.37,-0.05,4.2,1.97,0.07,-0.08,-0.01,360
2021,1628960,Grayson Allen,MEM,1166,3.26,0.05,3.31,3.86,1.88,2.94,0.04,2.98,253
2021,1628963,Marvin Bagley III,SAC,1039,5.4,0.25,5.66,3.58,1.99,4.35,0.2,4.55,198
2021,1628964,Mo Bamba,ORL,652,4.29,0.31,4.59,3.82,1.94,2.04,0.15,2.19,284
2021,1628969,Mikal Bridges,PHO,2159,7.02,-0.65,6.37,2.78,1.91,11.73,-1.09,10.64,23
2021,1628970,Miles Bridges,CHO,1673,6.63,-0.03,6.6,3.19,1.92,9.18,-0.04,9.14,62
2021,1628971,Bruce Brown,BRK,1301,5.98,-0.32,5.66,3.5,1.83,6.71,-0.36,6.35,141
2021,1628972,Troy Brown Jr.,WAS,455,6.35,-0.7,5.65,3.48,1.95,2.19,-0.24,1.95,289
2021,1628973,Jalen Brunson,DAL,1513,5.93,-0.53,5.4,3.43,1.91,7.22,-0.64,6.57,132
2021,1628975,Jevon Carter,PHO,630,4.57,0.27,4.84,3.71,1.97,2.23,0.13,2.36,275
2021,1628976,Wendell Carter Jr.,CHI,1259,6.46,-0.06,6.4,3.18,1.96,7.3,-0.07,7.23,107
2021,1628977,Hamidou Diallo,OKC,1117,4.48,0.33,4.81,3.76,1.87,3.55,0.26,3.81,225
2021,1628978,Donte DiVincenzo,MIL,1686,5.42,0.4,5.81,3.33,2.06,7.72,0.56,8.29,85
2021,1628983,Shai Gilgeous-Alexander,OKC,1074,7.37,-1.13,6.24,2.91,1.95,5.61,-0.86,4.75,190
2021,1628984,Devonte' Graham,CHO,1436,6.55,0.1,6.65,3.39,1.97,7.79,0.12,7.9,93
2021,1628988,Aaron Holiday,IND,1062,4.98,0.63,5.61,3.41,1.91,4.11,0.52,4.63,197
2021,1628989,Kevin Huerter,ATL,1877,6.64,-0.39,6.24,3.08,1.86,10.03,-0.59,9.44,55
2021,1628990,Chandler Hutchison,WAS,295,2.28,0.6,2.87,3.93,1.83,0.51,0.13,0.64,331
2021,1628995,Kevin Knox II,NYK,404,5.34,0.61,5.95,3.39,1.9,1.63,0.19,1.82,293
2021,1628997,Caleb Martin,CHO,689,0.45,0.55,1.0,3.99,1.92,0.25,0.31,0.57,333
2021,1628998,Cody Martin,CHO,744,2.76,0.28,3.04,3.91,1.96,1.7,0.17,1.88,291
2021,1629001,De'Anthony Melton,MEM,921,4.65,0.96,5.6,3.49,1.89,3.31,0.68,3.99,220
2021,1629002,Chimezie Metu,SAC,413,0.43,-0.16,0.27,4.0,1.96,0.14,-0.05,0.09,351
2021,1629003,Shake Milton,PHI,1293,2.73,0.63,3.36,3.98,1.97,2.9,0.67,3.57,239
2021,1629004,Svi Mykhailiuk,OKC,1182,4.01,0.36,4.38,3.61,1.95,3.37,0.3,3.67,231
2021,1629006,Josh Okogie,MIN,1100,6.17,0.04,6.21,3.24,1.83,5.36,0.03,5.39,164
2021,1629008,Michael Porter Jr.,DEN,1734,3.3,-0.03,3.26,3.88,1.91,4.82,-0.05,4.77,188
2021,1629010,Jerome Robinson,WAS,281,3.62,0.82,4.45,3.68,1.96,0.77,0.18,0.95,321
2021,1629011,Mitchell Robinson,NYK,788,5.76,-0.28,5.47,3.43,1.81,3.43,-0.17,3.26,246
2021,1629012,Collin Sexton,CLE,1906,7.08,-1.47,5.6,3.13,1.83,9.79,-2.03,7.75,100
2021,1629013,Landry Shamet,BRK,1230,6.61,-0.39,6.22,3.15,1.82,7.01,-0.41,6.6,131
2021,1629014,Anfernee Simons,POR,1012,4.89,-0.38,4.51,3.92,1.87,3.92,-0.31,3.61,237
2021,1629018,Gary Trent Jr.,POR,1614,3.92,0.41,4.34,3.73,1.9,5.01,0.53,5.54,156
2021,1629020,Jarred Vanderbilt,MIN,1034,0.43,-0.22,0.21,4.18,1.94,0.35,-0.18,0.17,345
2021,1629021,Moritz Wagner,WAS,631,3.55,0.18,3.73,3.69,1.93,1.7,0.09,1.78,295
2021,1629022,Lonnie Walker IV,SAS,1362,2.02,0.98,3.0,3.87,2.1,2.18,1.06,3.24,247
2021,1629023,P.J. Washington,CHO,1776,3.59,0.71,4.3,3.69,2.04,5.28,1.04,6.32,143
2021,1629026,Kenrich Williams,OKC,1308,4.68,-0.27,4.41,3.85,1.99,4.34,-0.25,4.1,212
2021,1629027,Trae Young,ATL,1940,7.56,-1.76,5.8,2.65,1.99,11.82,-2.76,9.06,64
2021,1629028,Deandre Ayton,PHO,1959,5.58,-0.04,5.53,3.55,1.89,8.46,-0.07,8.39,82
2021,1629029,Luka Dončić,DAL,2049,7.0,-0.69,6.32,3.02,1.88,11.55,-1.13,10.41,31
2021,1629048,Goga Bitadze,IND,503,2.23,0.24,2.47,3.78,1.93,0.87,0.1,0.97,319
2021,1629052,Oshae Brissett,IND,480,1.45,-0.6,0.85,3.99,2.01,0.54,-0.22,0.32,341
2021,1629056,Terence Davis,SAC,933,3.02,0.91,3.92,3.89,1.92,2.18,0.65,2.83,259
2021,1629057,Robert Williams III,BOS,889,2.16,-0.12,2.04,4.04,2.01,1.47,-0.08,1.39,305
2021,1629060,Rui Hachimura,WAS,1575,2.89,0.32,3.22,3.85,1.93,3.45,0.39,3.84,223
2021,1629067,Isaac Bonga,WAS,365,3.21,0.77,3.98,3.75,2.03,0.89,0.21,1.1,315
2021,1629076,Tyler Cook,DET,394,0.59,-0.15,0.44,4.03,1.94,0.19,-0.05,0.14,347
2021,1629103,Kelan Martin,IND,285,1.09,0.45,1.54,3.88,1.88,0.24,0.1,0.34,339
2021,1629109,Gary Clark,ORL,590,3.08,-0.09,2.99,3.91,2.0,1.33,-0.04,1.29,309
2021,1629130,Duncan Robinson,MIA,2098,5.36,0.02,5.37,3.53,1.93,8.67,0.03,8.7,71
2021,1629134,Kendrick Nunn,MIA,1490,4.95,0.4,5.35,3.68,1.95,5.69,0.46,6.15,149
2021,1629139,Yuta Watanabe,TOR,646,1.5,0.33,1.83,4.01,1.84,0.82,0.18,1.0,318
2021,1629162,Jordan McLaughlin,MIN,819,2.44,-0.28,2.16,3.85,1.96,1.58,-0.18,1.4,304
2021,1629164,Brandon Goodwin,ATL,523,0.75,1.11,1.86,4.04,1.95,0.32,0.47,0.78,328
2021,1629216,Gabe Vincent,MIA,602,-0.75,0.97,0.22,4.17,1.91,-0.35,0.45,0.1,350
2021,1629234,Drew Eubanks,SAS,671,0.8,0.07,0.87,3.9,1.94,0.43,0.04,0.46,334
2021,1629308,Juan Toscano-Anderson,GSW,1008,1.49,-0.14,1.34,3.95,1.91,1.17,-0.11,1.06,316
2021,1629599,Amir Coffey,LAC,355,0.23,-0.03,0.2,4.03,2.01,0.06,-0.01,0.06,355
2021,1629610,DaQuan Jeffries,HOU,433,0.39,0.28,0.67,4.0,1.91,0.13,0.09,0.23,342
2021,1629611,Terance Mann,LAC,1136,1.64,-0.13,1.5,3.73,1.96,1.47,-0.12,1.35,306
2021,1629622,Max Strus,MIA,444,0.54,-0.32,0.21,3.94,1.89,0.18,-0.11,0.07,353
2021,1629627,Zion Williamson,NOP,1881,2.94,-0.7,2.25,3.9,1.98,4.31,-1.02,3.29,245
2021,1629628,RJ Barrett,NYK,2282,3.95,0.55,4.49,3.93,1.9,6.81,0.95,7.75,101
2021,1629629,Cam Reddish,ATL,667,4.75,0.36,5.11,3.59,1.92,2.55,0.19,2.75,265
2021,1629630,Ja Morant,MEM,1877,5.38,0.05,5.43,3.56,2.04,7.8,0.08,7.88,94
2021,1629631,De'Andre Hunter,ATL,631,5.93,0.05,5.98,3.55,2.02,3.02,0.02,3.04,252
2021,1629632,Coby White,CHI,1894,4.97,-0.11,4.87,3.59,1.92,8.46,-0.18,8.27,86
2021,1629633,Jarrett Culver,MIN,459,3.76,0.56,4.32,3.64,1.97,1.36,0.2,1.56,299
2021,1629634,Brandon Clarke,MEM,1274,4.98,-0.17,4.81,3.75,1.97,4.91,-0.16,4.74,191
2021,1629635,Sekou Doumbouya,DET,801,1.43,0.52,1.95,4.0,2.02,0.94,0.34,1.28,310
2021,1629636,Darius Garland,CLE,1620,3.86,0.01,3.87,3.64,1.97,4.54,0.01,4.55,199
2021,1629637,Jaxson Hayes,NOP,864,4.1,-0.71,3.39,3.79,1.95,2.75,-0.47,2.28,280
2021,1629638,Nickeil Alexander-Walker,NOP,892,2.63,0.77,3.4,3.79,1.9,1.83,0.53,2.36,276
2021,1629639,Tyler Herro,MIA,1456,4.02,0.81,4.84,3.65,1.95,4.52,0.91,5.43,162
2021,1629640,Keldon Johnson,SAS,1789,1.12,0.04,1.16,3.96,1.97,1.59,0.06,1.65,297
2021,1629641,Romeo Langford,BOS,251,1.33,0.37,1.7,3.83,2.06,0.26,0.07,0.33,340
2021,1629642,Nassir Little,POR,595,2.06,-0.34,1.72,4.04,1.98,0.97,-0.16,0.81,327
2021,1629644,KZ Okpala,MIA,397,-0.73,0.92,0.2,4.12,1.93,-0.22,0.28,0.06,356
2021,1629645,Kevin Porter Jr.,HOU,741,3.77,0.34,4.11,3.85,1.99,2.18,0.2,2.37,274
2021,1629647,Darius Bazley,OKC,1585,2.66,0.92,3.58,3.91,1.93,2.99,1.04,4.03,218
2021,1629650,Moses Brown,OKC,859,0.01,0.07,0.07,4.1,1.92,0.0,0.04,0.04,357
2021,1629651,Nic Claxton,BRK,531,0.48,-0.18,0.31,3.95,1.93,0.22,-0.08,0.14,348
2021,1629652,Luguentz Dort,OKC,1425,1.47,1.06,2.53,3.97,1.91,1.49,1.07,2.56,271
2021,1629655,Daniel Gafford,WAS,679,2.93,-0.59,2.34,3.79,2.0,1.5,-0.3,1.2,313
2021,1629658,Jaylen Hoard,OKC,286,0.18,0.18,0.37,4.18,1.86,0.04,0.04,0.07,354
2021,1629659,Talen Horton-Tucker,LAL,1149,-0.46,0.83,0.37,3.97,2.03,-0.44,0.8,0.36,338
2021,1629660,Ty Jerome,OKC,721,1.51,-0.36,1.15,4.02,1.96,0.77,-0.18,0.59,332
2021,1629661,Cameron Johnson,PHO,1285,5.05,-0.92,4.13,3.52,1.9,5.03,-0.92,4.11,210
2021,1629667,Jalen McDaniels,CHO,787,0.24,0.45,0.69,3.96,2.05,0.16,0.29,0.45,335
2021,1629669,Jaylen Nowell,MIN,681,1.22,0.36,1.58,3.79,1.95,0.66,0.19,0.85,325
2021,1629671,Miye Oni,UTA,469,-0.12,0.19,0.07,4.06,1.96,-0.05,0.07,0.03,359
2021,1629672,Eric Paschall,GSW,621,4.14,0.38,4.52,3.62,1.99,2.01,0.18,2.19,285
2021,1629673,Jordan Poole,GSW,882,4.96,-0.72,4.25,3.73,1.89,3.42,-0.49,2.92,256
2021,1629675,Naz Reid,MIN,1223,2.56,-0.2,2.37,4.02,1.89,2.47,-0.19,2.28,281
2021,1629676,Isaiah Roby,OKC,1267,-1.05,0.97,-0.08,4.05,2.0,-0.95,0.87,-0.07,361
2021,1629677,Luka Samanic,SAS,275,-0.57,0.75,0.18,4.02,1.95,-0.12,0.16,0.04,358
2021,1629680,Matisse Thybulle,PHI,1144,3.28,0.58,3.86,3.7,1.97,3.08,0.55,3.63,234
2021,1629684,Grant Williams,BOS,996,2.21,0.64,2.85,3.89,1.97,1.69,0.49,2.18,286
2021,1629713,Justin James,SAC,267,1.17,-0.61,0.56,4.0,1.85,0.24,-0.13,0.12,349
2021,1629723,John Konchar,MEM,506,0.94,-0.5,0.44,3.92,2.06,0.37,-0.19,0.17,346
2021,1629726,Garrison Mathews,WAS,914,1.84,-0.65,1.19,4.17,1.88,1.27,-0.45,0.82,326
2021,1629731,Dean Wade,CLE,1072,0.27,-0.15,0.12,4.04,1.98,0.21,-0.12,0.09,352
2021,1629740,Nicolo Melli,DAL,506,2.38,0.88,3.27,3.92,1.93,0.97,0.36,1.33,307
2021,1629744,Matt Thomas,TOR,272,1.51,0.31,1.82,3.88,2.01,0.35,0.07,0.42,337
2021,1629750,Javonte Green,BOS,417,1.28,0.09,1.37,4.09,1.94,0.41,0.03,0.44,336
2022,2544,LeBron James,LAL,1913,7.15,1.12,8.26,2.84,1.88,8.59,1.34,9.93,17
2022,2546,Carmelo Anthony,LAL,1566,6.72,-0.13,6.6,3.27,2.02,6.62,-0.12,6.49,104
2022,2730,Dwight Howard,LAL,887,6.17,0.34,6.51,3.41,2.09,3.44,0.19,3.63,208
2022,2738,Andre Iguodala,GSW,533,6.32,0.82,7.14,2.77,1.96,2.12,0.27,2.39,266
2022,2772,Trevor Ariza,LAL,400,5.96,0.07,6.03,2.72,1.83,1.5,0.02,1.52,309
2022,101108,Chris Paul,PHO,1951,7.15,0.94,8.09,2.29,1.94,9.23,1.21,10.44,13
2022,101150,Lou Williams,ATL,724,6.62,0.22,6.84,2.61,1.94,2.93,0.1,3.03,242
2022,200746,LaMarcus Aldridge,BRK,935,7.03,-0.64,6.38,3.0,1.98,4.04,-0.37,3.67,207
2022,200752,Rudy Gay,UTA,928,6.56,0.26,6.82,2.9,1.97,3.75,0.15,3.9,198
2022,200765,Rajon Rondo,CLE,590,5.98,0.38,6.36,3.45,1.91,2.21,0.14,2.34,270
2022,200768,Kyle Lowry,MIA,1928,7.08,0.83,7.92,2.6,1.93,8.51,1.0,9.51,22
2022,200782,P.J. Tucker,MIA,1794,6.9,-0.01,6.89,2.46,1.96,7.71,-0.01,7.7,68
2022,200794,Paul Millsap,BRK,347,6.17,-0.25,5.92,2.93,2.03,1.32,-0.05,1.26,318
2022,201142,Kevin Durant,BRK,1829,7.1,-0.19,6.91,3.02,1.93,7.99,-0.22,7.77,66
2022,201143,Al Horford,BOS,1843,6.64,0.19,6.83,3.09,2.01,7.62,0.22,7.84,64
2022,201144,Mike Conley,UTA,1878,7.24,-0.99,6.26,2.82,2.02,8.37,-1.14,7.23,82
2022,201145,Jeff Green,DEN,1722,7.14,0.14,7.28,3.04,2.02,7.74,0.15,7.89,63
2022,201152,Thaddeus Young,TOR,742,6.86,0.11,6.97,2.45,2.0,3.13,0.05,3.18,234
2022,201565,Derrick Rose,NYK,563,6.91,-1.29,5.62,2.73,2.06,2.46,-0.46,2.0,285
2022,201566,Russell Westbrook,LAL,2462,6.01,0.75,6.75,2.46,2.01,9.29,1.15,10.44,14
2022,201567,Kevin Love,CLE,1502,5.61,-0.67,4.93,3.54,1.98,5.27,-0.63,4.64,174
2022,201568,Danilo Gallinari,ATL,1539,7.33,-1.08,6.25,2.54,1.99,6.89,-1.01,5.88,125
2022,201569,Eric Gordon,HOU,1529,7.69,-0.89,6.8,2.93,1.89,7.17,-0.83,6.34,109
2022,201571,D.J. Augustin,HOU,789,7.01,-0.42,6.59,2.93,1.92,3.37,-0.2,3.17,235
2022,201572,Brook Lopez,MIL,267,7.03,0.33,7.36,2.59,1.9,1.28,0.06,1.33,315
2022,201577,Robin Lopez,ORL,557,6.83,0.2,7.04,3.05,1.97,2.37,0.07,2.44,264
2022,201580,JaVale McGee,PHO,1062,6.14,0.16,6.3,3.32,1.94,4.31,0.11,4.42,176
2022,201586,Serge Ibaka,LAC,786,6.48,0.66,7.14,3.12,2.01,3.22,0.33,3.55,213
2022,201587,Nicolas Batum,LAC,1314,6.74,-0.42,6.33,2.9,1.98,5.61,-0.35,5.26,147
2022,201588,George Hill,MIL,1075,6.83,0.02,6.85,3.0,2.02,4.97,0.02,4.99,155
2022,201599,DeAndre Jordan,LAL,573,6.47,0.15,6.62,3.12,2.0,2.33,0.05,2.38,268
2022,201609,Goran Dragic,BRK,455,6.12,0.6,6.71,2.69,2.02,1.71,0.17,1.88,295
2022,201933,Blake Griffin,BRK,847,6.74,-0.29,6.45,2.78,2.0,3.51,-0.15,3.36,225
2022,201935,James Harden,BRK,2213,7.19,-0.23,6.96,2.4,1.92,9.79,-0.32,9.47,23
2022,201937,Ricky Rubio,CLE,862,5.91,0.23,6.14,2.42,1.94,3.19,0.12,3.31,230
2022,201939,Stephen Curry,GSW,1999,6.95,-0.5,6.44,2.67,1.97,8.74,-0.64,8.1,57
2022,201942,DeMar DeRozan,CHI,2497,7.41,-0.69,6.72,2.74,1.93,11.71,-1.09,10.61,9
2022,201949,James Johnson,BRK,1048,5.61,0.95,6.56,3.44,1.94,3.62,0.61,4.23,182
2022,201950,Jrue Holiday,MIL,1952,7.12,0.96,8.08,2.6,1.98,9.4,1.27,10.68,8
2022,201959,Taj Gibson,NYK,837,6.37,-0.65,5.71,3.18,2.03,3.36,-0.34,3.02,243
2022,201961,Wayne Ellington,LAL,724,5.62,-0.15,5.47,3.54,2.01,2.56,-0.07,2.49,262
2022,201976,Patrick Beverley,MIN,1338,6.98,-0.2,6.78,2.8,2.01,5.79,-0.16,5.63,132
2022,201980,Danny Green,PHI,1226,6.09,1.33,7.43,2.76,1.9,4.62,1.01,5.63,133
2022,201988,Patty Mills,BRK,2100,7.21,0.92,8.13,2.76,1.95,9.31,1.19,10.5,12
2022,202066,Garrett Temple,NOP,969,6.03,1.6,7.63,2.55,1.95,3.73,0.99,4.72,172
2022,202083,Wesley Matthews,MIL,853,6.89,0.16,7.05,2.75,1.96,3.98,0.09,4.07,186
2022,202324,Derrick Favors,OKC,591,6.71,-0.84,5.86,2.96,2.0,2.46,-0.31,2.15,278
2022,202326,DeMarcus Cousins,DEN,654,4.22,0.5,4.72,3.68,2.16,1.74,0.21,1.94,289
2022,202330,Gordon Hayward,CHO,1404,7.01,-0.89,6.12,2.7,2.08,6.43,-0.82,5.61,134
2022,202331,Paul George,LAC,971,6.07,1.67,7.74,2.76,1.99,3.73,1.02,4.75,169
2022,202339,Eric Bledsoe,LAC,1254,6.03,0.14,6.16,2.67,1.93,4.78,0.11,4.89,160
2022,202340,Avery Bradley,LAL,1290,5.76,0.08,5.84,3.26,1.99,4.67,0.07,4.73,170
2022,202355,Hassan Whiteside,UTA,1050,6.7,-0.52,6.18,3.0,1.98,4.33,-0.34,4.0,189
2022,202357,Nemanja Bjelica,GSW,990,6.2,0.42,6.62,3.09,2.08,3.86,0.26,4.12,185
2022,202362,Lance Stephenson,IND,714,3.84,0.38,4.22,3.8,1.93,1.61,0.16,1.77,300
2022,202397,Ish Smith,WAS,990,5.88,0.22,6.09,2.97,2.0,3.42,0.13,3.54,214
2022,202681,Kyrie Irving,BRK,993,7.11,-0.69,6.42,3.05,2.03,4.35,-0.42,3.92,195
2022,202683,Enes Freedom,BOS,370,6.55,0.41,6.96,3.05,2.09,1.51,0.09,1.6,305
2022,202684,Tristan Thompson,SAC,778,6.4,-0.4,6.0,3.36,2.01,2.99,-0.19,2.8,247
2022,202685,Jonas Valančiūnas,NOP,2105,6.99,-0.82,6.16,2.89,2.04,9.38,-1.11,8.27,55
2022,202687,Bismack Biyombo,PHO,458,5.94,0.81,6.75,3.37,1.97,1.8,0.24,2.04,283
2022,202689,Kemba Walker,NYK,858,7.04,0.4,7.43,2.56,1.95,3.81,0.21,4.03,187
2022,202691,Klay Thompson,GSW,856,5.82,0.46,6.28,3.37,2.08,3.13,0.25,3.38,223
2022,202692,Alec Burks,NYK,2091,6.84,0.31,7.15,2.69,1.98,9.02,0.41,9.43,26
2022,202693,Markieff Morris,MIA,263,5.56,0.44,6.0,3.2,2.05,0.91,0.07,0.98,331
2022,202694,Marcus Morris Sr.,LAC,1431,6.57,-0.08,6.49,2.63,1.91,5.95,-0.08,5.87,126
2022,202696,Nikola Vučević,CHI,2215,6.45,0.16,6.61,2.57,1.94,9.04,0.23,9.27,29
2022,202699,Tobias Harris,PHI,2322,7.02,1.05,8.07,2.73,2.0,10.07,1.5,11.57,3
2022,202704,Reggie Jackson,LAC,2103,5.75,0.94,6.69,3.01,1.94,7.65,1.26,8.9,36
2022,202709,Cory Joseph,DET,1406,7.36,-0.39,6.96,2.47,1.98,6.47,-0.35,6.12,118
2022,202710,Jimmy Butler III,MIA,1744,7.31,0.65,7.95,2.68,2.0,7.94,0.7,8.64,40
2022,202711,Bojan Bogdanovic,UTA,1948,7.36,0.39,7.75,2.6,1.92,8.83,0.47,9.29,28
2022,202722,Davis Bertans,WAS,719,5.99,1.42,7.42,2.82,2.11,2.53,0.6,3.14,237
2022,202738,Isaiah Thomas,CHO,297,2.64,0.07,2.72,4.09,1.99,0.51,0.01,0.53,353
2022,202954,Brad Wanamaker,IND,275,6.49,-0.43,6.06,3.35,1.97,1.05,-0.07,0.98,332
2022,203076,Anthony Davis,LAL,1273,6.93,0.76,7.69,2.74,2.06,5.54,0.61,6.15,116
2022,203078,Bradley Beal,WAS,1263,6.79,-0.04,6.76,2.19,1.89,5.04,-0.03,5.01,154
2022,203081,Damian Lillard,POR,946,7.64,-1.13,6.51,2.48,1.96,4.03,-0.6,3.43,220
2022,203082,Terrence Ross,ORL,1257,6.1,0.16,6.25,2.52,1.94,4.77,0.12,4.9,159
2022,203083,Andre Drummond,PHI,1324,6.68,0.5,7.17,2.73,1.98,5.46,0.41,5.87,127
2022,203084,Harrison Barnes,SAC,2337,7.37,0.11,7.48,2.72,1.89,10.35,0.16,10.51,11
2022,203085,Austin Rivers,DEN,1309,5.72,0.72,6.43,2.99,1.97,4.71,0.59,5.3,144
2022,203087,Jeremy Lamb,IND,807,6.51,0.68,7.18,3.02,2.0,3.08,0.32,3.4,222
2022,203090,Maurice Harkless,SAC,794,5.2,2.32,7.52,3.36,2.02,2.48,1.11,3.59,211
2022,203095,Evan Fournier,NYK,2149,6.66,-0.33,6.33,2.82,1.9,9.02,-0.44,8.58,43
2022,203107,Tomas Satoransky,NOP,833,6.14,-0.33,5.81,2.5,1.96,3.26,-0.18,3.08,240
2022,203109,Jae Crowder,PHO,1752,6.51,-0.33,6.18,2.21,1.99,7.54,-0.39,7.16,85
2022,203110,Draymond Green,GSW,1182,6.16,0.78,6.93,2.63,1.95,4.58,0.58,5.16,151
2022,203114,Khris Middleton,MIL,1935,7.23,0.62,7.85,2.39,1.98,9.47,0.81,10.28,15
2022,203115,Will Barton,DEN,2105,6.52,-0.43,6.09,2.88,1.94,8.63,-0.57,8.06,59
2022,203145,Kent Bazemore,LAL,481,6.17,1.55,7.71,2.66,2.06,1.86,0.47,2.33,271
2022,203200,Justin Holiday,IND,1856,7.4,-1.84,5.56,2.23,1.93,8.06,-2.0,6.06,121
2022,203210,JaMychal Green,DEN,1009,6.56,0.19,6.75,3.04,1.94,4.17,0.12,4.29,179
2022,203457,Nerlens Noel,NYK,511,6.43,-0.28,6.15,2.71,1.96,2.07,-0.09,1.98,288
2022,203458,Alex Len,SAC,540,6.47,0.39,6.86,3.1,2.04,2.1,0.13,2.23,275
2022,203463,Ben McLemore,POR,1130,5.68,-0.07,5.61,3.48,1.95,3.58,-0.04,3.54,215
2022,203468,CJ McCollum,POR,1968,7.18,0.39,7.57,2.74,2.03,7.89,0.42,8.31,53
2022,203469,Cody Zeller,POR,303,6.89,-1.29,5.6,3.26,2.02,1.17,-0.22,0.95,334
2022,203471,Dennis Schröder,BOS,1643,6.68,0.6,7.28,2.39,1.93,6.83,0.62,7.44,76
2022,203473,Dewayne Dedmon,MIA,966,5.77,0.17,5.93,3.27,1.97,3.47,0.1,3.57,212
2022,203476,Gorgui Dieng,ATL,323,5.91,-0.24,5.66,3.32,1.95,1.17,-0.05,1.12,325
2022,203482,Kelly Olynyk,DET,674,6.85,-0.0,6.84,2.66,1.95,2.89,-0.0,2.89,245
2022,203484,Kentavious Caldwell-Pope,WAS,2070,6.94,0.94,7.88,2.56,1.99,8.44,1.14,9.58,21
2022,203486,Mason Plumlee,CHO,1630,6.93,-0.4,6.53,2.95,1.94,7.37,-0.42,6.95,90
2022,203488,Mike Muscala,OKC,507,6.71,0.11,6.82,3.19,2.01,2.11,0.04,2.15,279
2022,203490,Otto Porter Jr.,GSW,1224,6.13,0.49,6.62,3.33,2.02,4.72,0.38,5.1,152
2022,203493,Reggie Bullock Jr.,DAL,1709,6.47,1.25,7.72,2.82,1.93,7.08,1.37,8.45,48
2022,203496,Robert Covington,POR,1790,6.78,-0.17,6.61,2.8,1.97,6.77,-0.17,6.6,101
2022,203497,Rudy Gobert,UTA,1938,6.97,-0.71,6.26,2.55,1.88,8.32,-0.85,7.47,75
2022,203500,Steven Adams,MEM,1830,7.03,0.3,7.33,2.72,1.9,7.99,0.34,8.33,51
2022,203501,Tim Hardaway Jr.,DAL,1138,6.51,0.63,7.14,2.82,1.99,4.74,0.46,5.21,150
2022,203503,Tony Snell,POR,736,6.67,-0.27,6.4,3.0,1.94,2.74,-0.11,2.63,253
2022,203504,Trey Burke,DAL,384,4.97,0.98,5.96,3.69,1.97,1.22,0.24,1.47,311
2022,203507,Giannis Antetokounmpo,MIL,1998,7.39,0.46,7.85,2.41,2.05,9.99,0.62,10.61,10
2022,203526,Raul Neto,WAS,1181,5.98,0.16,6.14,3.38,2.01,4.15,0.11,4.26,181
2022,203552,Seth Curry,PHI,1933,6.81,-0.34,6.48,3.16,2.01,8.14,-0.4,7.73,67
2022,203585,Rodney McGruder,DET,674,6.17,-0.05,6.11,3.35,1.92,2.6,-0.02,2.58,257
2022,203648,Thanasis Antetokounmpo,MIL,395,2.5,0.02,2.53,3.98,2.09,0.67,0.01,0.68,345
2022,203897,Zach LaVine,CHI,2100,7.58,-0.47,7.12,2.1,1.96,10.07,-0.62,9.45,25
2022,203901,Elfrid Payton,PHO,481,5.42,0.88,6.29,3.31,1.93,1.72,0.28,2.0,286
2022,203903,Jordan Clarkson,UTA,1899,6.95,0.6,7.55,2.57,2.03,8.13,0.7,8.83,37
2022,203914,Gary Harris,ORL,1537,6.75,0.22,6.97,2.91,1.94,6.46,0.21,6.68,100
2022,203915,Spencer Dinwiddie,WAS,1782,6.86,0.37,7.23,2.98,1.95,7.18,0.39,7.57,71
2022,203918,Rodney Hood,MIL,606,6.04,0.54,6.57,3.38,1.91,2.48,0.22,2.7,249
2022,203920,Khem Birch,TOR,903,6.65,-0.31,6.34,3.07,1.97,3.69,-0.17,3.52,216
2022,203924,Jerami Grant,DET,1317,7.03,-0.58,6.45,2.43,1.94,5.79,-0.48,5.31,143
2022,203925,Joe Harris,BRK,390,7.14,0.89,8.03,2.55,2.03,1.71,0.21,1.93,290
2022,203926,Doug McDermott,SAS,1149,6.91,0.31,7.22,3.12,1.96,5.05,0.22,5.28,145
2022,203932,Aaron Gordon,DEN,2174,6.98,-0.56,6.42,2.95,1.97,9.54,-0.76,8.78,38
2022,203935,Marcus Smart,BOS,2101,6.54,0.02,6.56,2.6,1.91,8.55,0.03,8.58,44
2022,203937,Kyle Anderson,MEM,1300,6.17,0.31,6.49,3.03,1.96,4.98,0.25,5.24,148
2022,203939,Dwight Powell,DAL,1686,6.33,-0.57,5.76,3.33,2.0,6.83,-0.61,6.22,114
2022,203944,Julius Randle,NYK,2268,5.92,0.69,6.61,2.43,1.95,8.47,0.99,9.46,24
2022,203952,Andrew Wiggins,GSW,2073,6.54,0.62,7.16,2.6,1.82,8.53,0.81,9.34,27
2022,203954,Joel Embiid,PHI,2086,7.17,-1.36,5.81,2.81,2.01,9.24,-1.76,7.49,74
2022,203991,Clint Capela,ATL,1902,6.96,0.44,7.4,2.99,2.0,8.08,0.51,8.6,42
2022,203992,Bogdan Bogdanović,ATL,1680,7.12,-0.34,6.78,2.66,1.95,7.3,-0.35,6.96,89
2022,203994,Jusuf Nurkić,POR,1448,5.1,0.39,5.49,3.75,2.09,4.12,0.32,4.43,175
2022,203999,Nikola Jokić,DEN,2240,7.25,-0.25,7.0,2.57,1.98,10.21,-0.35,9.87,18
2022,204001,Kristaps Porziņģis,DAL,1370,5.9,-0.29,5.61,3.6,1.97,5.17,-0.26,4.92,157
2022,204060,Joe Ingles,UTA,1030,7.11,-0.85,6.26,2.43,1.89,4.51,-0.54,3.97,190
2022,204456,T.J. McConnell,IND,562,7.19,-0.54,6.65,2.92,1.91,2.37,-0.18,2.19,277
2022,1626145,Tyus Jones,MEM,1408,7.04,-0.85,6.19,2.83,1.95,6.15,-0.74,5.41,141
2022,1626147,Justin Anderson,IND,296,1.91,-0.15,1.76,3.94,2.01,0.33,-0.03,0.31,362
2022,1626149,Montrezl Harrell,WAS,1445,7.63,-0.48,7.15,2.51,1.88,6.47,-0.41,6.07,120
2022,1626153,Delon Wright,ATL,1278,6.97,-0.04,6.93,2.67,1.89,5.44,-0.03,5.41,142
2022,1626156,D'Angelo Russell,MIN,1900,7.04,-0.82,6.22,2.78,1.94,8.3,-0.97,7.33,79
2022,1626157,Karl-Anthony Towns,MIN,2247,7.09,-1.11,5.97,2.64,1.99,9.88,-1.55,8.33,52
2022,1626158,Richaun Holmes,SAC,974,7.14,0.81,7.95,3.2,1.93,4.18,0.48,4.66,173
2022,1626159,Justise Winslow,LAC,701,5.06,1.0,6.06,3.27,2.09,2.25,0.44,2.69,250
2022,1626162,Kelly Oubre Jr.,CHO,1770,7.03,0.44,7.47,2.51,2.01,8.12,0.51,8.63,41
2022,1626164,Devin Booker,PHO,2106,7.14,1.02,8.17,2.16,1.89,9.95,1.42,11.38,4
2022,1626166,Cameron Payne,PHO,1149,3.51,0.51,4.02,3.71,1.99,2.67,0.39,3.06,241
2022,1626167,Myles Turner,IND,1121,6.79,0.46,7.24,2.86,2.02,4.46,0.3,4.76,168
2022,1626168,Trey Lyles,DET,1382,6.25,-0.62,5.63,3.54,1.91,5.4,-0.53,4.87,162
2022,1626169,Stanley Johnson,LAL,1013,5.57,-0.27,5.3,3.46,2.05,3.55,-0.17,3.38,224
2022,1626171,Bobby Portis,MIL,1824,6.66,0.7,7.36,2.97,2.0,8.22,0.86,9.09,33
2022,1626172,Kevon Looney,GSW,1634,6.39,-0.26,6.13,3.19,2.02,6.57,-0.27,6.3,111
2022,1626174,Christian Wood,HOU,1882,6.27,-0.95,5.31,3.45,2.03,7.19,-1.1,6.1,119
2022,1626179,Terry Rozier,CHO,2230,7.33,0.31,7.64,2.51,1.94,10.67,0.46,11.13,5
2022,1626181,Norman Powell,POR,1353,7.49,-0.09,7.4,3.15,1.9,5.65,-0.07,5.58,136
2022,1626192,Pat Connaughton,MIL,1441,7.01,0.39,7.4,3.01,1.97,6.84,0.38,7.22,83
2022,1626195,Willy Hernangomez,NOP,713,5.84,-0.18,5.66,3.74,2.05,2.66,-0.08,2.57,260
2022,1626196,Josh Richardson,BOS,1424,6.74,-0.25,6.49,2.74,1.97,5.97,-0.22,5.75,130
2022,1626204,Larry Nance Jr.,POR,937,7.05,-0.98,6.07,2.96,1.94,3.68,-0.51,3.17,236
2022,1626220,Royce O'Neale,UTA,2197,6.88,-0.79,6.09,2.71,1.95,9.3,-1.07,8.23,56
2022,1626224,Cedi Osman,CLE,1302,6.68,-0.24,6.43,2.83,2.03,5.44,-0.2,5.24,149
2022,1627734,Domantas Sabonis,IND,1927,7.2,0.39,7.58,2.56,1.92,8.13,0.44,8.57,46
2022,1627736,Malik Beasley,MIN,1720,6.81,0.13,6.94,2.91,1.95,7.26,0.14,7.4,77
2022,1627737,Marquese Chriss,DAL,299,3.97,0.3,4.27,3.75,1.99,0.76,0.06,0.82,339
2022,1627739,Kris Dunn,POR,289,4.83,0.54,5.37,3.51,2.02,0.78,0.09,0.87,338
2022,1627741,Buddy Hield,SAC,2171,5.94,1.51,7.44,2.56,1.98,7.74,1.97,9.71,19
2022,1627742,Brandon Ingram,NOP,1677,7.29,-0.97,6.32,2.49,1.97,7.79,-1.03,6.76,97
2022,1627745,Damian Jones,SAC,890,5.5,-0.67,4.83,3.63,2.0,2.94,-0.36,2.58,258
2022,1627747,Caris LeVert,IND,1616,5.76,0.13,5.89,2.99,1.97,5.46,0.12,5.58,137
2022,1627749,Dejounte Murray,SAS,2112,6.04,-0.07,5.97,3.42,2.05,8.11,-0.09,8.02,61
2022,1627751,Jakob Poeltl,SAS,1788,7.01,0.67,7.68,3.12,1.97,7.97,0.76,8.73,39
2022,1627752,Taurean Prince,MIN,1063,6.71,-0.22,6.49,2.9,1.94,4.42,-0.15,4.28,180
2022,1627759,Jaylen Brown,BOS,2032,6.83,-0.47,6.35,2.4,1.98,8.64,-0.6,8.04,60
2022,1627761,DeAndre' Bembry,BRK,935,6.52,0.31,6.83,2.87,2.04,3.75,0.18,3.93,194
2022,1627763,Malcolm Brogdon,IND,1092,7.56,-1.44,6.12,2.64,1.93,4.84,-0.92,3.92,196
2022,1627777,Georges Niang,PHI,1549,5.68,-0.65,5.03,3.51,2.15,5.43,-0.62,4.81,164
2022,1627780,Gary Payton II,GSW,1080,1.59,-0.38,1.21,3.96,2.11,1.08,-0.26,0.82,340
2022,1627783,Pascal Siakam,TOR,2340,7.23,-0.21,7.02,2.63,1.95,10.39,-0.31,10.09,16
2022,1627788,Furkan Korkmaz,PHI,1279,5.66,0.57,6.22,3.12,2.01,4.47,0.45,4.92,158
2022,1627789,Timothe Luwawu-Cabarrot,ATL,598,6.45,-0.19,6.26,3.49,2.06,2.36,-0.07,2.29,272
2022,1627814,Damion Lee,GSW,1117,6.03,0.09,6.11,3.18,2.02,4.24,0.06,4.3,178
2022,1627823,Juancho Hernangomez,UTA,409,6.98,-0.79,6.19,2.95,1.92,1.76,-0.2,1.56,307
2022,1627826,Ivica Zubac,LAC,1704,6.85,0.12,6.97,3.07,1.96,7.38,0.13,7.51,73
2022,1627827,Dorian Finney-Smith,DAL,2372,6.8,0.45,7.25,2.75,1.93,10.33,0.68,11.01,6
2022,1627832,Fred VanVleet,TOR,2194,7.14,0.02,7.17,2.61,2.05,9.63,0.03,9.66,20
2022,1627854,Bryn Forbes,SAS,1131,6.24,0.42,6.66,3.18,1.94,4.49,0.3,4.79,166
2022,1627863,Danuel House Jr.,UTA,651,6.18,0.41,6.6,3.12,1.92,2.48,0.17,2.65,252
2022,1627884,Derrick Jones Jr.,CHI,777,6.98,-1.57,5.41,2.89,1.92,3.43,-0.77,2.66,251
2022,1627936,Alex Caruso,CHI,1011,6.05,0.23,6.28,3.18,1.85,3.87,0.15,4.02,188
2022,1628021,David Nwaba,HOU,514,4.81,0.36,5.17,3.8,2.01,1.51,0.11,1.62,304
2022,1628365,Markelle Fultz,ORL,327,4.37,1.43,5.8,3.68,2.01,0.89,0.29,1.18,323
2022,1628366,Lonzo Ball,CHI,1099,6.66,-0.63,6.03,2.64,1.97,4.63,-0.44,4.19,183
2022,1628367,Josh Jackson,DET,709,6.23,0.74,6.97,2.98,2.0,2.76,0.33,3.09,239
2022,1628368,De'Aaron Fox,SAC,1840,7.05,1.25,8.3,2.72,1.98,7.8,1.38,9.18,31
2022,1628369,Jayson Tatum,BOS,2482,7.1,0.03,7.13,2.42,1.82,10.96,0.05,11.01,7
2022,1628370,Malik Monk,LAL,1919,6.87,-0.22,6.65,3.12,2.03,8.29,-0.27,8.02,62
2022,1628372,Dennis Smith Jr.,POR,564,4.35,1.57,5.93,3.71,1.95,1.37,0.5,1.87,296
2022,1628373,Frank Ntilikina,DAL,599,4.77,0.14,4.91,3.47,2.03,1.83,0.05,1.89,294
2022,1628374,Lauri Markkanen,CLE,1739,6.75,0.19,6.93,2.86,1.97,7.34,0.2,7.54,72
2022,1628378,Donovan Mitchell,UTA,2077,7.25,-1.29,5.96,2.37,1.82,9.28,-1.65,7.63,69
2022,1628379,Luke Kennard,LAC,1708,6.65,-0.65,6.0,3.05,1.96,7.18,-0.7,6.48,105
2022,1628380,Zach Collins,SAS,424,4.16,-0.36,3.8,3.64,2.08,1.12,-0.1,1.03,329
2022,1628381,John Collins,ATL,1513,7.38,-0.68,6.7,2.65,2.06,6.82,-0.63,6.19,115
2022,1628384,OG Anunoby,TOR,1568,6.81,-0.68,6.13,2.86,1.97,6.56,-0.66,5.9,123
2022,1628386,Jarrett Allen,CLE,1643,7.08,-0.67,6.41,2.9,1.94,7.28,-0.69,6.58,102
2022,1628389,Bam Adebayo,MIA,1666,6.98,0.51,7.49,2.48,1.97,7.24,0.53,7.78,65
2022,1628392,Isaiah Hartenstein,LAC,1083,4.78,0.13,4.9,3.77,1.94,3.27,0.09,3.36,226
2022,1628396,Tony Bradley,CHI,492,4.09,-0.15,3.93,3.86,2.01,1.27,-0.05,1.23,320
2022,1628398,Kyle Kuzma,WAS,1976,5.83,1.4,7.22,2.71,1.98,6.76,1.62,8.39,49
2022,1628400,Semi Ojeleye,MIL,335,6.24,0.13,6.37,3.35,2.04,1.42,0.03,1.44,312
2022,1628401,Derrick White,SAS,1977,6.71,-0.05,6.66,2.99,2.0,8.44,-0.06,8.38,50
2022,1628402,Frank Jackson,DET,995,5.76,0.48,6.24,3.26,2.06,3.59,0.3,3.89,200
2022,1628404,Josh Hart,NOP,1663,7.46,-0.97,6.49,2.69,2.08,7.91,-1.03,6.88,91
2022,1628408,PJ Dozier,DEN,287,3.88,-0.15,3.73,3.7,2.06,0.7,-0.03,0.67,346
2022,1628415,Dillon Brooks,MEM,844,6.69,0.48,7.17,2.78,1.99,3.5,0.25,3.76,205
2022,1628418,Thomas Bryant,WAS,392,6.05,-1.4,4.65,3.32,2.02,1.39,-0.32,1.07,327
2022,1628420,Monté Morris,DEN,2063,7.39,-0.88,6.51,2.73,1.98,9.6,-1.14,8.46,47
2022,1628425,Sterling Brown,DAL,556,5.6,0.34,5.93,3.31,2.04,1.99,0.12,2.11,282
2022,1628432,Davon Reed,DEN,591,0.38,0.12,0.5,3.96,2.04,0.14,0.04,0.19,366
2022,1628449,Chris Boucher,TOR,1475,6.25,-0.96,5.29,3.31,1.92,5.66,-0.87,4.79,167
2022,1628464,Daniel Theis,HOU,908,6.03,0.84,6.87,3.21,2.03,3.34,0.46,3.8,202
2022,1628467,Maxi Kleber,DAL,1299,6.15,-0.37,5.78,2.98,1.9,5.11,-0.31,4.81,165
2022,1628470,Torrey Craig,IND,1417,6.07,0.51,6.58,3.11,2.03,5.04,0.42,5.47,140
2022,1628960,Grayson Allen,MIL,1647,5.86,-0.52,5.33,3.55,2.07,6.53,-0.58,5.95,122
2022,1628963,Marvin Bagley III,SAC,1019,5.74,0.68,6.43,3.52,2.0,3.52,0.42,3.94,191
2022,1628964,Mo Bamba,ORL,1661,5.75,-0.33,5.42,3.52,1.95,5.94,-0.34,5.6,135
2022,1628966,Keita Bates-Diop,SAS,805,3.34,-0.08,3.25,3.76,2.03,1.71,-0.04,1.67,303
2022,1628969,Mikal Bridges,PHO,2610,7.11,0.37,7.48,2.31,1.98,12.28,0.63,12.91,1
2022,1628970,Miles Bridges,CHO,2537,7.12,0.32,7.44,2.86,1.99,11.79,0.53,12.32,2
2022,1628971,Bruce Brown,BRK,1590,6.9,-0.24,6.66,2.92,2.03,6.75,-0.23,6.52,103
2022,1628972,Troy Brown Jr.,CHI,926,6.18,-0.31,5.87,3.01,2.0,3.62,-0.18,3.44,219
2022,1628973,Jalen Brunson,DAL,2305,6.61,-0.38,6.22,3.12,2.01,9.75,-0.56,9.19,30
2022,1628975,Jevon Carter,BRK,779,5.2,0.52,5.73,3.48,1.93,2.49,0.25,2.74,248
2022,1628976,Wendell Carter Jr.,ORL,1689,6.81,-0.36,6.45,2.73,1.94,7.17,-0.38,6.78,95
2022,1628977,Hamidou Diallo,DET,1097,6.05,-0.3,5.75,3.19,1.98,4.15,-0.21,3.94,192
2022,1628978,Donte DiVincenzo,SAC,882,5.82,1.53,7.34,3.2,2.02,3.08,0.81,3.89,201
2022,1628983,Shai Gilgeous-Alexander,OKC,1741,7.13,-0.62,6.51,2.61,1.92,7.7,-0.67,7.04,87
2022,1628984,Devonte' Graham,NOP,1975,6.53,0.58,7.1,3.27,1.9,8.22,0.73,8.94,35
2022,1628988,Aaron Holiday,WAS,920,5.97,0.43,6.4,3.13,2.05,3.23,0.23,3.46,217
2022,1628989,Kevin Huerter,ATL,2014,7.3,-1.37,5.93,2.47,1.97,8.98,-1.69,7.3,80
2022,1628991,Jaren Jackson Jr.,MEM,1987,5.97,-0.13,5.84,3.37,2.01,7.36,-0.15,7.21,84
2022,1628997,Caleb Martin,MIA,1220,4.07,0.17,4.24,3.63,2.01,3.09,0.13,3.22,233
2022,1628998,Cody Martin,CHO,1597,3.55,-0.57,2.98,3.84,2.05,3.7,-0.59,3.11,238
2022,1629001,De'Anthony Melton,MEM,1461,5.51,0.88,6.39,3.37,2.02,5.0,0.8,5.8,129
2022,1629002,Chimezie Metu,SAC,1117,0.65,0.98,1.63,3.93,2.11,0.44,0.66,1.09,326
2022,1629003,Shake Milton,PHI,1031,5.98,0.15,6.14,3.25,1.91,3.81,0.1,3.91,197
2022,1629004,Svi Mykhailiuk,TOR,623,5.11,1.3,6.42,3.3,2.06,1.96,0.5,2.46,263
2022,1629006,Josh Okogie,MIN,463,6.0,0.65,6.66,3.01,1.94,1.73,0.19,1.92,291
2022,1629011,Mitchell Robinson,NYK,1702,6.69,-0.39,6.31,3.26,1.94,7.18,-0.41,6.77,96
2022,1629012,Collin Sexton,CLE,288,6.26,0.14,6.4,2.65,1.91,1.13,0.03,1.15,324
2022,1629013,Landry Shamet,PHO,1309,6.53,0.67,7.2,2.8,1.96,5.66,0.58,6.24,112
2022,1629014,Anfernee Simons,POR,1530,6.95,-0.04,6.9,3.52,1.98,5.93,-0.04,5.89,124
2022,1629018,Gary Trent Jr.,TOR,2236,6.16,-0.64,5.52,3.16,2.04,8.47,-0.89,7.58,70
2022,1629020,Jarred Vanderbilt,MIN,1722,3.4,-0.0,3.39,3.8,2.19,3.63,-0.0,3.63,209
2022,1629021,Moritz Wagner,ORL,807,5.74,-0.69,5.05,3.6,1.98,2.89,-0.35,2.54,261
2022,1629022,Lonnie Walker IV,SAS,1405,4.96,1.21,6.17,3.52,1.99,4.44,1.08,5.52,138
2022,1629023,P.J. Washington,CHO,1577,6.17,0.68,6.85,3.29,2.02,6.35,0.7,7.05,86
2022,1629026,Kenrich Williams,OKC,936,6.43,-0.06,6.37,3.0,1.96,3.73,-0.03,3.7,206
2022,1629027,Trae Young,ATL,2411,7.78,-1.68,6.1,2.21,1.96,11.46,-2.48,8.98,34
2022,1629028,Deandre Ayton,PHO,1577,6.88,-0.4,6.47,2.53,2.03,7.17,-0.42,6.75,98
2022,1629029,Luka Dončić,DAL,2097,6.96,-0.79,6.18,2.46,1.93,9.35,-1.06,8.29,54
2022,1629048,Goga Bitadze,IND,671,2.79,-0.34,2.45,3.81,2.09,1.1,-0.13,0.96,333
2022,1629052,Oshae Brissett,IND,1383,2.83,-0.75,2.09,3.94,2.07,2.3,-0.61,1.69,302
2022,1629056,Terence Davis,SAC,481,4.61,1.84,6.46,3.66,2.02,1.33,0.53,1.87,297
2022,1629057,Robert Williams III,BOS,1647,4.96,-0.11,4.85,3.72,1.97,5.08,-0.11,4.97,156
2022,1629060,Rui Hachimura,WAS,846,6.7,-0.64,6.07,3.23,1.94,3.33,-0.32,3.01,244
2022,1629103,Kelan Martin,IND,407,1.85,0.15,1.99,4.02,1.94,0.44,0.04,0.48,356
2022,1629109,Gary Clark,NOP,304,5.0,-0.24,4.76,3.67,1.96,0.97,-0.05,0.93,336
2022,1629117,Wenyen Gabriel,LAL,332,1.04,0.22,1.26,3.98,2.06,0.22,0.05,0.26,364
2022,1629130,Duncan Robinson,MIA,1861,6.68,-0.36,6.33,2.83,2.04,7.75,-0.41,7.34,78
2022,1629139,Yuta Watanabe,TOR,398,1.94,1.05,2.99,4.16,2.03,0.48,0.26,0.73,343
2022,1629162,Jordan McLaughlin,MIN,785,4.1,0.6,4.69,3.89,2.01,2.0,0.29,2.29,273
2022,1629164,Brandon Goodwin,CLE,440,2.53,1.12,3.66,3.89,1.98,0.7,0.31,1.01,330
2022,1629185,Chris Chiozza,GSW,321,1.57,1.1,2.67,3.88,2.0,0.32,0.22,0.54,351
2022,1629216,Gabe Vincent,MIA,1435,2.68,0.25,2.93,3.88,1.94,2.39,0.22,2.62,254
2022,1629234,Drew Eubanks,POR,1127,2.36,0.39,2.75,3.84,1.97,1.48,0.25,1.73,301
2022,1629308,Juan Toscano-Anderson,GSW,875,3.56,0.71,4.27,3.77,2.01,1.96,0.39,2.36,269
2022,1629599,Amir Coffey,LAC,1427,1.19,0.19,1.38,3.95,2.09,1.07,0.17,1.24,319
2022,1629604,CJ Elleby,POR,1090,-0.37,0.91,0.54,4.11,2.02,-0.23,0.55,0.33,361
2022,1629611,Terance Mann,LAC,2064,3.71,0.03,3.74,3.65,1.95,4.84,0.04,4.88,161
2022,1629622,Max Strus,MIA,1403,2.06,0.27,2.34,3.91,2.1,1.8,0.24,2.04,284
2022,1629628,RJ Barrett,NYK,2215,5.77,0.8,6.56,2.95,1.94,8.06,1.11,9.17,32
2022,1629629,Cam Reddish,ATL,898,5.38,0.59,5.98,3.36,2.08,2.95,0.33,3.28,232
2022,1629630,Ja Morant,MEM,1655,7.14,-0.84,6.29,3.01,1.97,7.33,-0.87,6.47,106
2022,1629631,De'Andre Hunter,ATL,1461,5.79,0.55,6.34,3.43,1.99,5.16,0.49,5.66,131
2022,1629632,Coby White,CHI,1469,6.97,0.38,7.35,3.22,1.91,6.48,0.35,6.83,93
2022,1629633,Jarrett Culver,MEM,309,4.34,0.42,4.76,3.62,2.09,0.83,0.08,0.92,337
2022,1629634,Brandon Clarke,MEM,1107,6.61,-0.93,5.68,3.26,2.01,4.54,-0.64,3.9,199
2022,1629636,Darius Garland,CLE,2224,6.69,-0.52,6.17,3.07,1.95,9.3,-0.72,8.58,45
2022,1629637,Jaxson Hayes,NOP,1233,5.46,-0.67,4.79,3.61,1.99,4.29,-0.53,3.77,204
2022,1629638,Nickeil Alexander-Walker,NOP,1287,3.76,0.66,4.41,3.82,1.91,3.08,0.54,3.62,210
2022,1629639,Tyler Herro,MIA,1880,6.3,0.62,6.91,3.06,1.93,7.37,0.72,8.1,58
2022,1629640,Keldon Johnson,SAS,2162,4.94,0.0,4.94,3.8,2.05,6.79,0.01,6.8,94
2022,1629641,Romeo Langford,BOS,696,3.09,-0.1,2.99,3.95,1.99,1.34,-0.04,1.3,316
2022,1629642,Nassir Little,POR,994,2.74,-0.08,2.67,3.93,1.98,1.52,-0.04,1.48,310
2022,1629643,Chuma Okeke,ORL,1549,3.46,0.46,3.92,3.57,1.97,3.34,0.45,3.78,203
2022,1629645,Kevin Porter Jr.,HOU,1718,4.6,-0.09,4.51,3.58,2.05,4.82,-0.09,4.73,171
2022,1629647,Darius Bazley,OKC,1731,5.38,0.35,5.73,3.3,1.94,5.77,0.38,6.15,117
2022,1629649,Ignas Brazdeikis,ORL,450,0.49,0.31,0.8,4.1,2.03,0.14,0.09,0.23,365
2022,1629650,Moses Brown,CLE,325,1.94,0.18,2.12,3.98,1.97,0.39,0.04,0.43,359
2022,1629651,Nic Claxton,BRK,876,2.57,0.02,2.59,4.03,2.01,1.38,0.01,1.4,314
2022,1629652,Luguentz Dort,OKC,1490,4.93,0.78,5.71,3.79,1.94,4.56,0.72,5.28,146
2022,1629655,Daniel Gafford,WAS,1325,4.95,-0.56,4.38,3.75,2.08,3.85,-0.44,3.41,221
2022,1629659,Talen Horton-Tucker,LAL,1341,2.65,1.27,3.92,3.89,2.04,2.23,1.07,3.3,231
2022,1629660,Ty Jerome,OKC,716,3.24,0.34,3.58,3.91,2.06,1.44,0.15,1.59,306
2022,1629661,Cameron Johnson,PHO,1547,6.74,-0.44,6.3,3.2,2.09,6.9,-0.45,6.45,107
2022,1629667,Jalen McDaniels,CHO,816,3.06,-0.35,2.71,3.96,2.05,1.63,-0.19,1.44,313
2022,1629669,Jaylen Nowell,MIN,864,4.45,-0.75,3.7,3.87,2.05,2.39,-0.4,1.99,287
2022,1629670,Jordan Nwora,MIL,1007,-0.12,0.89,0.77,4.05,2.05,-0.08,0.61,0.52,354
2022,1629672,Eric Paschall,UTA,642,6.52,-0.73,5.79,3.23,2.07,2.58,-0.29,2.29,274
2022,1629673,Jordan Poole,GSW,2019,6.14,-0.61,5.53,3.38,1.99,7.81,-0.78,7.02,88
2022,1629675,Naz Reid,MIN,1069,5.43,-0.43,5.0,3.59,2.01,3.6,-0.29,3.32,228
2022,1629676,Isaiah Roby,OKC,868,4.65,-0.58,4.07,3.87,2.01,2.51,-0.31,2.2,276
2022,1629678,Admiral Schofield,ORL,403,-0.03,1.11,1.08,3.93,2.17,-0.01,0.28,0.27,363
2022,1629680,Matisse Thybulle,PHI,1549,5.79,0.73,6.52,3.27,1.92,5.54,0.7,6.24,113
2022,1629681,Killian Tillie,MEM,401,-0.15,0.69,0.53,4.05,1.92,-0.04,0.17,0.13,369
2022,1629684,Grant Williams,BOS,1667,5.79,0.83,6.61,3.39,1.98,6.01,0.86,6.86,92
2022,1629685,Dylan Windler,CLE,403,1.54,0.33,1.87,4.08,1.98,0.39,0.08,0.47,357
2022,1629717,Armoni Brooks,HOU,771,1.57,0.43,1.99,4.06,2.03,0.74,0.2,0.94,335
2022,1629723,John Konchar,MEM,1162,2.07,0.05,2.12,4.0,1.99,1.49,0.04,1.53,308
2022,1629726,Garrison Mathews,HOU,1555,5.59,-1.19,4.4,3.68,1.99,5.3,-1.13,4.17,184
2022,1629731,Dean Wade,CLE,873,3.77,0.15,3.93,3.66,2.0,2.06,0.08,2.14,280
2022,1629744,Matt Thomas,CHI,425,2.44,0.13,2.57,3.87,2.06,0.66,0.03,0.69,344
2022,1629750,Javonte Green,CHI,1384,3.08,-0.33,2.75,4.08,2.04,2.69,-0.29,2.41,265
2022,1629833,Keljin Blevins,POR,298,-0.06,0.29,0.22,4.1,2.0,-0.01,0.05,0.04,373
2022,1630162,Anthony Edwards,MIN,2222,5.41,-0.15,5.26,3.47,1.97,7.46,-0.21,7.25,81
2022,1630163,LaMelo Ball,CHO,2186,4.9,-0.39,4.51,3.82,1.96,7.0,-0.56,6.44,108
2022,1630165,Killian Hayes,DET,1485,1.48,0.58,2.06,4.04,1.94,1.37,0.54,1.91,292
2022,1630166,Deni Avdija,WAS,1720,3.31,-0.02,3.29,3.92,2.03,3.34,-0.02,3.33,227
2022,1630167,Obi Toppin,NYK,1117,3.02,-0.32,2.7,4.17,2.0,2.13,-0.22,1.91,293
2022,1630168,Onyeka Okongwu,ATL,898,2.51,-0.15,2.36,3.98,2.03,1.38,-0.08,1.29,317
2022,1630169,Tyrese Haliburton,SAC,2389,4.18,0.49,4.67,3.86,2.02,6.0,0.71,6.71,99
2022,1630170,Devin Vassell,SAS,1726,1.99,0.37,2.37,4.0,2.03,2.19,0.41,2.6,256
2022,1630171,Isaac Okoro,CLE,1802,5.2,-0.71,4.49,3.69,1.91,5.86,-0.8,5.06,153
2022,1630172,Patrick Williams,CHI,399,5.45,-0.57,4.88,3.6,1.98,1.38,-0.14,1.23,321
2022,1630173,Precious Achiuwa,TOR,1587,2.17,0.51,2.68,3.94,2.05,2.12,0.49,2.61,255
2022,1630174,Aaron Nesmith,BOS,525,1.14,0.84,1.98,3.82,2.0,0.37,0.27,0.65,348
2022,1630175,Cole Anthony,ORL,1893,2.5,0.32,2.82,3.89,1.98,2.94,0.38,3.32,229
2022,1630177,Theo Maledon,OKC,807,3.91,0.34,4.24,3.69,2.01,1.96,0.17,2.13,281
2022,1630178,Tyrese Maxey,PHI,2435,3.46,-0.84,2.62,3.78,2.03,5.2,-1.26,3.94,193
2022,1630180,Saddiq Bey,DET,2420,4.8,-0.62,4.18,3.79,2.03,7.27,-0.94,6.32,110
2022,1630181,R.J. Hampton,ORL,1218,1.9,0.54,2.44,4.04,2.09,1.44,0.41,1.85,298
2022,1630182,Josh Green,DAL,914,0.69,0.59,1.28,3.97,1.98,0.41,0.34,0.75,342
2022,1630183,Jaden McDaniels,MIN,1615,2.93,0.53,3.45,3.86,1.99,2.94,0.53,3.46,218
2022,1630184,Kira Lewis Jr.,NOP,281,2.4,0.62,3.02,3.82,2.07,0.43,0.11,0.54,352
2022,1630188,Jalen Smith,IND,803,1.04,-0.85,0.19,4.09,2.09,0.49,-0.4,0.09,371
2022,1630190,Elijah Hughes,POR,386,-0.21,0.73,0.52,3.89,1.91,-0.04,0.16,0.11,370
2022,1630191,Isaiah Stewart,DET,1671,4.13,0.05,4.18,3.75,1.95,4.32,0.05,4.37,177
2022,1630192,Zeke Nnaji,DEN,595,1.38,-0.16,1.22,4.09,2.02,0.52,-0.06,0.46,358
2022,1630193,Immanuel Quickley,NYK,1588,4.87,-0.04,4.83,3.66,1.98,4.88,-0.04,4.84,163
2022,1630194,Paul Reed,PHI,270,1.2,-0.12,1.08,4.13,2.14,0.2,-0.02,0.18,367
2022,1630197,Aleksej Pokusevski,OKC,1112,1.99,0.68,2.67,3.83,2.0,1.37,0.47,1.84,299
2022,1630198,Isaiah Joe,PHI,541,0.86,0.64,1.5,4.09,2.12,0.29,0.21,0.5,355
2022,1630200,Tre Jones,SAS,986,1.31,-0.31,1.0,4.11,2.09,0.82,-0.19,0.63,350
2022,1630201,Malachi Flynn,TOR,476,2.84,-0.54,2.3,3.8,1.95,0.83,-0.16,0.67,347
2022,1630202,Payton Pritchard,BOS,925,4.58,-0.1,4.48,3.79,2.12,2.64,-0.06,2.58,259
2022,1630205,Lamar Stevens,CLE,931,1.16,0.64,1.8,4.16,1.98,0.67,0.37,1.05,328
2022,1630208,Nick Richards,CHO,335,0.71,-0.29,0.41,4.04,2.01,0.16,-0.06,0.09,372
2022,1630214,Xavier Tillman,MEM,614,2.94,0.2,3.14,4.05,1.98,1.12,0.07,1.2,322
2022,1630217,Desmond Bane,MEM,2061,5.26,-0.67,4.59,3.7,2.0,6.73,-0.86,5.87,128
2022,1630230,Naji Marshall,NOP,636,1.06,0.55,1.61,3.99,1.99,0.43,0.22,0.65,349
2022,1630231,KJ Martin,HOU,1449,2.8,0.42,3.22,3.85,2.1,2.48,0.37,2.85,246
2022,1630235,Trent Forrest,UTA,679,1.07,-0.16,0.91,3.92,1.95,0.45,-0.07,0.38,360
2022,1630240,Saben Lee,DET,538,2.21,0.11,2.32,3.97,1.96,0.74,0.04,0.78,341
2022,1630256,Jae'Sean Tate,HOU,1914,5.34,-0.65,4.69,3.56,1.96,6.23,-0.76,5.48,139
2022,1630264,Anthony Gill,WAS,379,1.48,-0.78,0.7,4.06,2.06,0.33,-0.17,0.16,368
2022,1630267,Facundo Campazzo,DEN,1033,3.72,-0.04,3.67,3.63,2.09,2.42,-0.03,2.39,267
2023,2544,LeBron James,LAL,1762,7.1,-0.68,6.42,2.51,1.96,7.53,-0.72,6.81,99
2023,101108,Chris Paul,PHO,1718,7.05,1.19,8.25,2.69,1.92,7.29,1.23,8.53,45
2023,200752,Rudy Gay,UTA,754,5.75,1.63,7.38,3.13,1.95,2.25,0.64,2.88,234
2023,200768,Kyle Lowry,MIA,1518,6.72,-0.06,6.65,2.77,2.06,6.34,-0.06,6.28,122
2023,200782,P.J. Tucker,PHI,1784,6.42,1.17,7.59,2.75,1.98,7.22,1.32,8.53,46
2023,201142,Kevin Durant,BRK,1516,6.71,-0.5,6.21,3.34,2.01,6.44,-0.48,5.96,134
2023,201143,Al Horford,BOS,1780,6.76,-0.52,6.25,3.02,1.97,7.2,-0.55,6.65,107
2023,201144,Mike Conley,UTA,1849,6.96,0.09,7.05,3.27,1.92,6.67,0.09,6.76,100
2023,201145,Jeff Green,DEN,965,6.72,-0.76,5.96,2.68,1.99,3.91,-0.44,3.46,213
2023,201152,Thaddeus Young,TOR,711,6.37,0.72,7.1,3.07,1.91,2.83,0.32,3.15,222
2023,201565,Derrick Rose,NYK,325,5.49,0.39,5.88,3.14,1.94,1.11,0.08,1.19,316
2023,201566,Russell Westbrook,LAL,1863,6.14,0.75,6.89,2.28,1.89,6.89,0.84,7.73,68
2023,201567,Kevin Love,CLE,1074,6.14,0.04,6.18,2.92,2.04,3.9,0.02,3.93,199
2023,201569,Eric Gordon,HOU,1818,7.37,-1.31,6.06,3.05,2.02,7.72,-1.38,6.35,117
2023,201572,Brook Lopez,MIL,2117,6.63,0.22,6.86,3.26,1.91,8.86,0.3,9.16,25
2023,201580,JaVale McGee,DAL,336,5.15,0.83,5.98,3.3,1.97,1.02,0.17,1.18,317
2023,201587,Nicolas Batum,LAC,1533,6.11,-0.11,6.0,3.46,1.97,5.84,-0.11,5.73,139
2023,201588,George Hill,MIL,720,7.16,-0.06,7.1,3.1,2.0,3.25,-0.03,3.23,218
2023,201599,DeAndre Jordan,DEN,543,5.22,0.21,5.43,3.44,2.02,1.71,0.07,1.78,287
2023,201609,Goran Dragic,CHI,779,6.39,-0.34,6.05,2.87,2.07,3.09,-0.17,2.92,233
2023,201933,Blake Griffin,BOS,527,6.08,-0.0,6.08,3.51,1.98,1.92,-0.0,1.92,283
2023,201935,James Harden,PHI,1951,7.25,1.0,8.25,2.69,1.98,8.91,1.22,10.13,12
2023,201937,Ricky Rubio,CLE,486,5.87,0.21,6.08,2.88,1.89,1.69,0.06,1.75,288
2023,201939,Stephen Curry,GSW,1748,7.2,-0.62,6.58,2.99,1.91,7.69,-0.66,7.03,91
2023,201942,DeMar DeRozan,CHI,2401,7.0,0.01,7.01,2.64,1.9,10.43,0.01,10.44,8
2023,201950,Jrue Holiday,MIL,1946,7.19,0.96,8.14,2.75,1.96,8.82,1.17,10.0,14
2023,201959,Taj Gibson,WAS,415,5.42,0.3,5.72,3.49,1.99,1.42,0.08,1.5,302
2023,201976,Patrick Beverley,LAL,1703,6.07,-0.17,5.91,3.07,2.01,6.23,-0.17,6.06,128
2023,201988,Patty Mills,BRK,517,5.99,0.83,6.82,2.54,1.99,1.96,0.27,2.23,262
2023,202083,Wesley Matthews,MIL,681,6.23,0.4,6.63,2.99,1.94,2.68,0.17,2.85,235
2023,202322,John Wall,LAC,679,2.51,0.39,2.9,4.02,1.95,1.06,0.16,1.23,314
2023,202330,Gordon Hayward,CHO,1435,7.09,0.69,7.79,2.91,1.94,5.77,0.57,6.34,119
2023,202331,Paul George,LAC,1786,6.49,0.93,7.43,3.02,1.9,7.23,1.04,8.26,50
2023,202397,Ish Smith,DEN,357,6.02,0.43,6.44,2.85,2.04,1.29,0.09,1.39,308
2023,202681,Kyrie Irving,BRK,2026,6.64,0.23,6.88,3.25,1.97,8.53,0.3,8.82,34
2023,202685,Jonas Valančiūnas,NOP,1862,6.72,0.16,6.89,2.82,2.01,7.63,0.19,7.82,64
2023,202687,Bismack Biyombo,PHO,785,5.7,0.52,6.22,3.15,1.96,2.69,0.24,2.94,231
2023,202691,Klay Thompson,GSW,2030,1.99,0.02,2.01,4.0,2.04,2.46,0.03,2.49,252
2023,202692,Alec Burks,DET,976,7.25,-0.37,6.87,2.89,1.95,3.88,-0.2,3.68,205
2023,202693,Markieff Morris,BRK,319,5.74,0.1,5.84,3.22,2.0,1.16,0.02,1.18,318
2023,202694,Marcus Morris Sr.,LAC,1683,5.82,0.34,6.16,3.03,1.92,6.1,0.36,6.46,114
2023,202695,Kawhi Leonard,LAC,1589,6.85,-0.13,6.72,3.26,1.97,6.78,-0.12,6.66,106
2023,202696,Nikola Vučević,CHI,2418,6.86,-0.5,6.35,2.56,2.0,10.28,-0.76,9.53,20
2023,202699,Tobias Harris,PHI,2205,6.89,0.54,7.43,2.72,1.92,9.58,0.75,10.32,11
2023,202704,Reggie Jackson,LAC,1514,6.11,-0.1,6.01,3.06,2.02,5.77,-0.09,5.67,143
2023,202709,Cory Joseph,DET,1084,7.67,-0.7,6.97,2.8,1.98,4.57,-0.42,4.15,193
2023,202710,Jimmy Butler III,MIA,1878,7.29,0.14,7.43,2.7,2.03,8.52,0.16,8.68,37
2023,202711,Bojan Bogdanovic,DET,1696,7.52,-0.33,7.18,2.88,2.03,7.0,-0.31,6.69,103
2023,202722,Davis Bertans,DAL,442,7.08,0.11,7.19,2.89,2.02,1.84,0.03,1.87,286
2023,203076,Anthony Davis,LAL,1696,7.03,-0.18,6.85,2.87,1.96,7.18,-0.19,7.0,93
2023,203078,Bradley Beal,WAS,1514,7.29,0.31,7.61,2.54,1.98,6.99,0.3,7.29,79
2023,203081,Damian Lillard,POR,1920,7.67,-1.72,5.96,2.35,2.0,8.12,-1.82,6.3,121
2023,203082,Terrence Ross,ORL,1225,6.89,0.02,6.91,3.11,2.0,4.96,0.01,4.97,164
2023,203083,Andre Drummond,CHI,791,6.36,-0.01,6.35,2.7,1.88,3.12,-0.0,3.12,223
2023,203084,Harrison Barnes,SAC,2391,7.51,-1.1,6.41,2.38,1.97,10.73,-1.57,9.16,26
2023,203085,Austin Rivers,MIN,917,6.42,0.3,6.72,2.83,1.89,3.62,0.17,3.79,203
2023,203095,Evan Fournier,NYK,406,6.03,-0.05,5.99,2.93,1.89,1.53,-0.01,1.52,301
2023,203109,Jae Crowder,MIL,294,6.86,-0.97,5.89,3.08,2.0,1.27,-0.18,1.09,324
2023,203110,Draymond Green,GSW,2088,6.43,-0.05,6.38,3.06,2.02,8.21,-0.07,8.14,53
2023,203114,Khris Middleton,MIL,690,7.0,0.76,7.76,2.61,2.03,3.05,0.33,3.38,216
2023,203115,Will Barton,WAS,860,5.89,-0.18,5.71,2.73,1.97,3.21,-0.1,3.11,224
2023,203200,Justin Holiday,ATL,624,6.14,1.05,7.19,2.92,1.93,2.31,0.39,2.7,242
2023,203210,JaMychal Green,GSW,702,6.9,-0.4,6.5,2.96,1.99,2.96,-0.17,2.79,238
2023,203468,CJ McCollum,NOP,2362,6.6,0.61,7.21,2.74,1.96,9.5,0.88,10.38,10
2023,203471,Dennis Schröder,LAL,1789,6.7,0.42,7.13,2.52,1.93,7.22,0.45,7.68,69
2023,203473,Dewayne Dedmon,MIA,366,4.96,1.2,6.16,3.82,1.96,1.13,0.27,1.4,306
2023,203476,Gorgui Dieng,SAS,292,4.9,-0.05,4.86,3.54,2.05,0.84,-0.01,0.83,336
2023,203482,Kelly Olynyk,UTA,1759,6.91,0.01,6.92,2.92,2.09,6.3,0.01,6.31,120
2023,203484,Kentavious Caldwell-Pope,DEN,2186,6.71,-0.51,6.2,2.61,2.0,8.84,-0.67,8.17,52
2023,203486,Mason Plumlee,CHO,1921,6.94,-0.78,6.16,2.83,1.97,7.56,-0.85,6.71,101
2023,203488,Mike Muscala,OKC,801,5.12,-0.18,4.94,3.74,1.94,2.49,-0.09,2.4,258
2023,203493,Reggie Bullock Jr.,DAL,2098,6.54,0.76,7.3,3.13,1.96,8.07,0.93,9.01,31
2023,203496,Robert Covington,LAC,681,6.59,-0.73,5.85,2.39,1.94,2.79,-0.31,2.48,253
2023,203497,Rudy Gobert,MIN,1986,6.9,0.84,7.74,3.0,1.95,8.43,1.03,9.45,22
2023,203500,Steven Adams,MEM,1072,6.65,0.94,7.59,2.84,1.86,4.36,0.62,4.98,163
2023,203501,Tim Hardaway Jr.,DAL,1901,6.87,-0.71,6.16,2.58,1.94,7.68,-0.79,6.89,96
2023,203506,Victor Oladipo,MIA,977,3.89,0.29,4.19,3.76,2.0,2.37,0.18,2.54,249
2023,203507,Giannis Antetokounmpo,MIL,1817,7.09,0.27,7.36,2.43,2.0,8.13,0.31,8.44,47
2023,203526,Raul Neto,CLE,437,6.88,-0.52,6.36,3.07,2.03,1.78,-0.14,1.65,295
2023,203552,Seth Curry,BRK,1091,6.95,0.13,7.08,2.64,1.96,4.8,0.09,4.89,168
2023,203585,Rodney McGruder,DET,472,6.42,-0.0,6.42,3.52,2.03,1.67,-0.0,1.67,293
2023,203897,Zach LaVine,CHI,2480,6.9,0.4,7.3,2.75,1.83,10.61,0.62,11.22,5
2023,203903,Jordan Clarkson,UTA,1810,6.95,0.94,7.89,2.52,1.86,6.52,0.89,7.41,74
2023,203914,Gary Harris,ORL,1102,6.75,0.86,7.6,2.88,1.94,4.37,0.55,4.92,166
2023,203915,Spencer Dinwiddie,DAL,2429,6.69,-0.08,6.61,3.05,2.07,9.56,-0.12,9.45,23
2023,203924,Jerami Grant,POR,2057,7.38,0.23,7.61,2.83,2.0,8.37,0.26,8.63,39
2023,203925,Joe Harris,BRK,1363,7.04,-0.02,7.02,2.88,2.01,6.08,-0.02,6.06,129
2023,203926,Doug McDermott,SAS,1089,7.5,-0.89,6.62,3.14,2.05,4.79,-0.57,4.22,191
2023,203932,Aaron Gordon,DEN,1895,6.99,0.08,7.06,3.03,1.96,7.97,0.09,8.06,58
2023,203933,T.J. Warren,BRK,588,4.83,0.55,5.39,3.67,2.01,1.8,0.21,2.01,276
2023,203935,Marcus Smart,BOS,1816,6.41,0.62,7.03,2.81,2.02,6.96,0.67,7.64,70
2023,203937,Kyle Anderson,MIN,1763,6.76,-0.41,6.35,2.7,1.95,7.33,-0.45,6.88,97
2023,203939,Dwight Powell,DAL,1329,6.69,-1.41,5.28,3.33,2.0,5.23,-1.1,4.13,194
2023,203944,Julius Randle,NYK,2498,7.06,0.31,7.36,2.69,1.95,11.0,0.48,11.48,2
2023,203952,Andrew Wiggins,GSW,1096,6.79,0.15,6.93,2.77,1.97,4.55,0.1,4.64,179
2023,203954,Joel Embiid,PHI,2085,7.07,-0.78,6.29,2.94,1.89,9.28,-1.03,8.25,51
2023,203967,Dario Šarić,PHO,742,5.84,-0.2,5.63,3.38,2.06,2.61,-0.09,2.51,250
2023,203991,Clint Capela,ATL,1576,6.8,-0.37,6.42,3.12,2.08,6.45,-0.35,6.1,125
2023,203992,Bogdan Bogdanović,ATL,1366,6.91,0.01,6.91,2.87,1.9,5.69,0.0,5.69,142
2023,203994,Jusuf Nurkić,POR,1328,4.91,-0.0,4.9,3.64,2.1,3.59,-0.0,3.59,208
2023,203999,Nikola Jokić,DEN,2096,7.39,-1.33,6.06,2.4,2.06,9.33,-1.68,7.64,71
2023,204001,Kristaps Porziņģis,WAS,1924,6.91,-0.87,6.04,3.12,2.06,8.42,-1.06,7.36,75
2023,204060,Joe Ingles,MIL,882,6.57,1.1,7.68,3.07,1.97,3.66,0.61,4.27,190
2023,204456,T.J. McConnell,IND,1353,6.58,-0.65,5.92,3.22,1.89,5.23,-0.52,4.71,176
2023,1626145,Tyus Jones,MEM,1755,7.08,-0.49,6.59,2.74,2.01,7.6,-0.53,7.07,89
2023,1626149,Montrezl Harrell,PHI,603,7.11,-0.64,6.47,2.66,1.96,2.7,-0.24,2.46,254
2023,1626153,Delon Wright,WAS,1071,7.0,-0.06,6.94,2.85,1.91,4.75,-0.04,4.71,177
2023,1626156,D'Angelo Russell,MIN,2087,6.88,-0.81,6.07,3.18,1.92,8.82,-1.04,7.78,65
2023,1626157,Karl-Anthony Towns,MIN,831,6.93,-0.55,6.38,2.7,2.0,3.54,-0.28,3.26,217
2023,1626158,Richaun Holmes,SAC,306,6.46,-0.89,5.56,3.34,1.89,1.18,-0.16,1.02,327
2023,1626159,Justise Winslow,POR,694,2.77,1.49,4.26,3.75,1.99,1.06,0.57,1.63,296
2023,1626162,Kelly Oubre Jr.,CHO,1400,6.09,1.45,7.53,2.6,2.01,4.83,1.15,5.98,133
2023,1626164,Devin Booker,PHO,1656,7.21,-0.68,6.53,2.64,1.94,7.19,-0.68,6.51,113
2023,1626166,Cameron Payne,PHO,866,5.37,0.41,5.78,3.47,2.04,2.8,0.21,3.01,229
2023,1626167,Myles Turner,IND,1686,6.83,0.3,7.13,3.16,1.98,6.77,0.3,7.07,90
2023,1626168,Trey Lyles,SAC,1115,6.41,1.04,7.45,3.21,1.99,4.27,0.69,4.96,165
2023,1626169,Stanley Johnson,SAS,397,4.77,-0.5,4.27,3.71,1.92,1.11,-0.12,0.99,328
2023,1626171,Bobby Portis,MIL,1572,6.72,-0.05,6.66,2.89,2.07,6.66,-0.05,6.61,109
2023,1626172,Kevon Looney,GSW,1790,6.52,-0.53,5.99,3.4,1.92,7.13,-0.58,6.56,111
2023,1626174,Christian Wood,DAL,1531,6.87,-0.83,6.04,3.13,1.9,6.19,-0.75,5.44,154
2023,1626179,Terry Rozier,CHO,2019,5.85,0.91,6.76,2.56,1.95,6.7,1.04,7.74,67
2023,1626181,Norman Powell,LAC,1394,6.82,0.3,7.12,3.01,1.91,5.92,0.26,6.19,123
2023,1626192,Pat Connaughton,MIL,1305,6.53,0.83,7.35,2.92,1.88,5.37,0.68,6.05,130
2023,1626195,Willy Hernangomez,NOP,401,4.11,0.49,4.61,3.75,2.01,1.01,0.12,1.13,321
2023,1626196,Josh Richardson,SAS,1277,6.01,0.89,6.9,2.79,1.91,4.5,0.66,5.16,159
2023,1626204,Larry Nance Jr.,NOP,1119,6.67,-0.55,6.12,3.1,1.95,4.55,-0.38,4.18,192
2023,1626220,Royce O'Neale,BRK,2155,6.02,0.57,6.59,2.83,2.0,8.22,0.78,9.0,32
2023,1626224,Cedi Osman,CLE,1309,6.58,-0.28,6.29,2.66,2.05,5.1,-0.22,4.88,169
2023,1627732,Ben Simmons,BRK,1027,5.68,0.93,6.61,3.36,1.98,3.7,0.6,4.3,189
2023,1627734,Domantas Sabonis,SAC,2458,7.23,-1.07,6.16,2.81,1.91,10.62,-1.57,9.05,29
2023,1627736,Malik Beasley,UTA,1855,5.82,1.28,7.09,2.97,1.98,5.6,1.23,6.82,98
2023,1627739,Kris Dunn,UTA,500,4.61,-0.34,4.27,3.74,2.02,1.2,-0.09,1.11,323
2023,1627741,Buddy Hield,IND,2276,7.37,-0.21,7.16,2.46,1.93,9.85,-0.28,9.57,18
2023,1627742,Brandon Ingram,NOP,1368,6.77,0.85,7.61,2.8,1.93,5.64,0.71,6.35,118
2023,1627745,Damian Jones,UTA,414,6.71,-0.65,6.06,3.27,1.95,1.44,-0.14,1.3,310
2023,1627747,Caris LeVert,CLE,1937,6.36,-1.29,5.07,2.69,1.96,7.28,-1.48,5.8,137
2023,1627749,Dejounte Murray,ATL,2501,6.92,0.81,7.73,2.67,1.98,10.42,1.22,11.64,1
2023,1627750,Jamal Murray,DEN,1971,6.49,-0.53,5.96,3.36,1.99,7.7,-0.62,7.08,88
2023,1627751,Jakob Poeltl,SAS,1743,6.95,-0.14,6.81,2.95,2.05,7.09,-0.15,6.94,94
2023,1627752,Taurean Prince,MIN,1039,5.99,0.32,6.32,3.2,1.93,3.83,0.21,4.04,196
2023,1627759,Jaylen Brown,BOS,2220,6.6,-0.12,6.49,2.68,1.86,8.76,-0.15,8.61,40
2023,1627763,Malcolm Brogdon,BOS,1535,6.77,-0.82,5.95,3.06,2.0,6.22,-0.76,5.46,153
2023,1627777,Georges Niang,PHI,1322,6.3,0.48,6.78,3.18,1.98,5.25,0.4,5.64,144
2023,1627780,Gary Payton II,POR,343,4.94,0.13,5.07,3.71,1.94,0.94,0.02,0.96,329
2023,1627783,Pascal Siakam,TOR,2457,7.22,0.2,7.42,2.79,1.92,11.06,0.31,11.37,3
2023,1627788,Furkan Korkmaz,PHI,304,5.9,0.15,6.06,3.11,1.97,1.13,0.03,1.16,319
2023,1627814,Damion Lee,PHO,1337,6.32,0.99,7.31,3.04,1.95,5.09,0.79,5.88,136
2023,1627823,Juancho Hernangomez,TOR,527,5.13,0.71,5.84,3.39,1.99,1.69,0.23,1.92,284
2023,1627826,Ivica Zubac,LAC,2002,6.82,-0.36,6.46,3.0,1.98,8.51,-0.45,8.06,59
2023,1627827,Dorian Finney-Smith,DAL,1765,6.0,-0.42,5.58,2.56,1.9,6.23,-0.43,5.8,138
2023,1627832,Fred VanVleet,TOR,2290,6.99,-0.13,6.87,2.8,1.9,9.99,-0.18,9.81,16
2023,1627863,Danuel House Jr.,PHI,717,6.35,0.22,6.57,3.23,1.98,2.87,0.1,2.97,230
2023,1627884,Derrick Jones Jr.,CHI,778,6.74,-1.03,5.71,2.81,2.04,3.25,-0.5,2.76,239
2023,1627936,Alex Caruso,CHI,1360,6.65,0.33,6.98,2.89,2.03,5.61,0.28,5.89,135
2023,1628365,Markelle Fultz,ORL,1602,4.69,0.37,5.06,3.57,1.93,4.41,0.35,4.75,174
2023,1628368,De'Aaron Fox,SAC,2212,7.48,-0.3,7.19,2.69,1.89,9.89,-0.39,9.5,21
2023,1628369,Jayson Tatum,BOS,2513,7.05,-0.11,6.94,2.57,1.91,10.59,-0.16,10.43,9
2023,1628370,Malik Monk,SAC,1538,7.04,-0.47,6.56,2.88,1.96,6.47,-0.44,6.03,132
2023,1628372,Dennis Smith Jr.,CHO,1238,3.46,1.05,4.51,3.85,2.01,2.43,0.74,3.17,221
2023,1628373,Frank Ntilikina,DAL,571,4.71,1.51,6.23,3.65,2.09,1.59,0.51,2.09,272
2023,1628374,Lauri Markkanen,UTA,2060,7.24,-1.04,6.2,2.81,2.0,7.73,-1.12,6.62,108
2023,1628378,Donovan Mitchell,CLE,2163,6.86,0.0,6.87,2.93,1.9,8.78,0.01,8.79,35
2023,1628379,Luke Kennard,LAC,1192,6.71,-0.43,6.28,2.83,1.99,4.99,-0.32,4.67,178
2023,1628380,Zach Collins,SAS,1266,3.14,0.31,3.45,3.88,2.02,2.33,0.23,2.56,248
2023,1628381,John Collins,ATL,1954,6.47,0.35,6.82,3.09,1.92,7.62,0.41,8.02,61
2023,1628384,OG Anunoby,TOR,2188,6.76,-0.37,6.38,2.86,1.98,9.22,-0.51,8.71,36
2023,1628386,Jarrett Allen,CLE,1986,6.92,-1.01,5.91,2.72,1.95,8.13,-1.19,6.94,95
2023,1628389,Bam Adebayo,MIA,2345,6.76,-0.21,6.55,2.75,1.97,9.86,-0.31,9.55,19
2023,1628392,Isaiah Hartenstein,NYK,1463,4.87,0.03,4.91,3.75,1.98,4.45,0.03,4.48,184
2023,1628398,Kyle Kuzma,WAS,2018,5.93,0.76,6.69,2.59,1.9,7.57,0.97,8.54,44
2023,1628401,Derrick White,BOS,2128,7.07,-0.34,6.72,2.79,2.04,9.0,-0.44,8.56,42
2023,1628404,Josh Hart,POR,2237,6.83,-0.25,6.58,2.89,1.95,8.42,-0.3,8.12,56
2023,1628410,Edmond Sumner,BRK,636,2.1,0.25,2.35,3.97,2.09,0.84,0.1,0.95,331
2023,1628415,Dillon Brooks,MEM,2044,5.86,1.91,7.77,2.9,1.88,7.33,2.39,9.72,17
2023,1628418,Thomas Bryant,LAL,958,4.45,-0.56,3.88,3.66,2.0,2.57,-0.32,2.24,261
2023,1628420,Monté Morris,WAS,1537,7.15,-1.43,5.73,2.93,1.88,6.96,-1.39,5.57,147
2023,1628427,Vlatko Čančar,DEN,795,1.14,-0.73,0.4,3.82,2.05,0.54,-0.35,0.19,361
2023,1628432,Davon Reed,DEN,291,2.36,-0.1,2.26,3.96,1.87,0.41,-0.02,0.4,354
2023,1628436,Luke Kornet,BOS,699,3.29,0.0,3.29,3.93,2.01,1.38,0.0,1.38,309
2023,1628449,Chris Boucher,TOR,1332,6.57,0.33,6.9,3.27,2.01,5.46,0.27,5.73,140
2023,1628467,Maxi Kleber,DAL,773,6.68,-0.25,6.44,2.92,1.92,3.04,-0.11,2.93,232
2023,1628470,Torrey Craig,PHO,1770,6.14,-0.18,5.97,3.26,1.98,6.54,-0.19,6.36,116
2023,1628960,Grayson Allen,MIL,1801,6.68,0.47,7.15,3.07,2.03,7.6,0.53,8.13,54
2023,1628962,Udoka Azubuike,UTA,324,1.21,-0.31,0.9,4.07,1.94,0.2,-0.05,0.15,364
2023,1628963,Marvin Bagley III,DET,855,4.99,-0.24,4.74,3.57,1.92,2.34,-0.11,2.23,263
2023,1628964,Mo Bamba,ORL,718,6.21,-0.44,5.76,3.59,2.0,2.62,-0.19,2.43,256
2023,1628966,Keita Bates-Diop,SAS,1287,6.46,-1.55,4.91,3.47,1.94,4.87,-1.17,3.7,204
2023,1628969,Mikal Bridges,PHO,2616,7.12,-0.73,6.4,2.53,1.98,11.21,-1.14,10.07,13
2023,1628971,Bruce Brown,DEN,2061,6.64,0.1,6.74,2.64,2.0,8.24,0.12,8.36,48
2023,1628972,Troy Brown Jr.,LAL,1679,6.34,-0.33,6.01,2.92,1.95,6.41,-0.33,6.08,126
2023,1628973,Jalen Brunson,NYK,2168,7.5,0.41,7.91,2.75,1.98,10.14,0.56,10.71,7
2023,1628975,Jevon Carter,MIL,1606,5.9,-0.48,5.42,3.21,1.95,5.98,-0.48,5.5,150
2023,1628976,Wendell Carter Jr.,ORL,1520,6.77,0.39,7.16,3.04,1.9,6.04,0.35,6.39,115
2023,1628977,Hamidou Diallo,DET,875,6.62,-0.24,6.37,2.47,2.04,3.18,-0.12,3.06,226
2023,1628978,Donte DiVincenzo,GSW,1707,6.61,1.12,7.73,3.09,1.97,6.9,1.17,8.06,60
2023,1628981,Bruno Fernando,HOU,362,3.64,-0.75,2.89,3.88,1.96,0.76,-0.16,0.6,344
2023,1628983,Shai Gilgeous-Alexander,OKC,2147,7.36,-1.11,6.25,2.65,1.92,9.57,-1.44,8.13,55
2023,1628984,Devonte' Graham,NOP,1173,7.65,-0.42,7.23,2.8,1.91,5.47,-0.3,5.17,158
2023,1628988,Aaron Holiday,ATL,772,6.32,0.58,6.9,3.11,2.05,2.94,0.27,3.21,219
2023,1628989,Kevin Huerter,SAC,1976,7.11,-0.89,6.22,2.62,1.99,8.39,-1.05,7.34,77
2023,1628991,Jaren Jackson Jr.,MEM,1685,6.81,0.86,7.67,3.02,2.05,7.02,0.88,7.91,63
2023,1628995,Kevin Knox II,DET,843,4.28,1.02,5.3,3.69,2.0,1.98,0.47,2.46,255
2023,1628997,Caleb Martin,MIA,1873,6.22,-0.01,6.21,3.41,2.0,7.25,-0.01,7.24,81
2023,1629001,De'Anthony Melton,PHI,1939,6.22,1.95,8.17,3.1,1.9,7.59,2.38,9.98,15
2023,1629002,Chimezie Metu,SAC,617,4.9,-0.54,4.37,3.7,1.92,1.81,-0.2,1.61,298
2023,1629003,Shake Milton,PHI,1398,6.49,-0.16,6.33,3.12,2.02,5.71,-0.14,5.57,148
2023,1629004,Svi Mykhailiuk,CHO,424,6.45,-1.06,5.4,3.35,2.05,1.55,-0.25,1.3,311
2023,1629006,Josh Okogie,PHO,1237,6.14,-0.21,5.93,3.14,2.01,4.57,-0.15,4.41,185
2023,1629008,Michael Porter Jr.,DEN,1666,6.22,-0.61,5.61,3.4,1.95,6.24,-0.61,5.62,145
2023,1629011,Mitchell Robinson,NYK,1488,6.86,0.23,7.09,3.15,1.95,6.37,0.21,6.58,110
2023,1629012,Collin Sexton,UTA,1037,7.1,-0.65,6.45,3.09,1.98,3.82,-0.35,3.47,212
2023,1629013,Landry Shamet,PHO,725,6.24,0.68,6.92,3.13,1.84,2.72,0.3,3.02,228
2023,1629014,Anfernee Simons,POR,1988,7.36,-0.4,6.97,3.05,2.0,8.07,-0.43,7.64,72
2023,1629018,Gary Trent Jr.,TOR,1911,7.12,-1.17,5.94,2.47,1.88,8.49,-1.4,7.09,87
2023,1629020,Jarred Vanderbilt,UTA,1730,5.46,0.1,5.56,3.45,2.03,4.9,0.09,4.99,162
2023,1629021,Moritz Wagner,ORL,1006,6.15,-1.02,5.13,3.39,1.98,3.63,-0.6,3.03,227
2023,1629022,Lonnie Walker IV,LAL,1141,6.56,-0.03,6.53,2.96,1.97,4.51,-0.02,4.49,183
2023,1629023,P.J. Washington,CHO,2203,6.07,1.16,7.23,2.94,1.95,7.59,1.45,9.04,30
2023,1629026,Kenrich Williams,OKC,1059,6.94,0.23,7.17,3.19,1.97,4.45,0.15,4.6,180
2023,1629027,Trae Young,ATL,2276,7.53,-1.28,6.25,2.6,1.95,10.32,-1.75,8.57,41
2023,1629028,Deandre Ayton,PHO,1835,6.42,0.11,6.53,3.28,1.89,7.08,0.12,7.21,83
2023,1629029,Luka Dončić,DAL,2107,7.45,-0.55,6.9,2.47,1.99,9.24,-0.68,8.56,43
2023,1629033,Theo Pinson,DAL,285,1.98,0.26,2.24,3.99,2.08,0.33,0.04,0.37,355
2023,1629048,Goga Bitadze,ORL,390,3.93,0.27,4.2,3.92,1.97,0.9,0.06,0.96,330
2023,1629052,Oshae Brissett,IND,975,5.35,-0.39,4.96,3.47,2.01,3.07,-0.22,2.84,236
2023,1629056,Terence Davis,SAC,754,5.44,0.28,5.72,3.28,2.0,2.46,0.13,2.58,246
2023,1629057,Robert Williams III,BOS,762,5.47,-0.76,4.71,3.59,2.05,2.49,-0.35,2.15,269
2023,1629060,Rui Hachimura,LAL,1269,5.86,0.48,6.33,2.88,2.08,4.48,0.37,4.84,172
2023,1629111,Jock Landale,PHO,893,2.45,-0.09,2.35,4.04,2.05,1.32,-0.05,1.26,313
2023,1629117,Wenyen Gabriel,LAL,890,2.4,0.2,2.6,4.01,2.02,1.29,0.11,1.4,307
2023,1629130,Duncan Robinson,MIA,629,5.98,1.02,7.0,2.73,1.91,2.34,0.4,2.74,240
2023,1629134,Kendrick Nunn,LAL,828,5.06,1.33,6.39,3.43,1.94,2.52,0.66,3.19,220
2023,1629139,Yuta Watanabe,BRK,784,4.0,-0.11,3.89,3.76,2.11,1.98,-0.05,1.93,282
2023,1629162,Jordan McLaughlin,MIN,584,5.67,-0.14,5.52,3.56,1.99,2.04,-0.05,1.98,279
2023,1629216,Gabe Vincent,MIA,1535,4.26,1.07,5.33,3.48,1.92,4.06,1.02,5.09,161
2023,1629234,Drew Eubanks,POR,1407,5.22,-0.47,4.75,3.5,1.96,4.05,-0.37,3.68,206
2023,1629308,Juan Toscano-Anderson,UTA,620,4.85,1.03,5.89,3.63,1.95,1.56,0.33,1.89,285
2023,1629312,Haywood Highsmith,MIA,856,-0.44,0.87,0.43,3.92,2.06,-0.24,0.46,0.23,360
2023,1629599,Amir Coffey,LAC,551,4.11,0.74,4.85,3.69,2.03,1.41,0.26,1.67,294
2023,1629611,Terance Mann,LAC,1707,6.83,-1.14,5.69,3.07,1.94,7.27,-1.22,6.05,131
2023,1629622,Max Strus,MIA,1957,6.14,0.23,6.37,3.38,2.05,7.48,0.28,7.76,66
2023,1629626,Bol Bol,ORL,1383,-0.38,0.82,0.44,4.04,2.06,-0.31,0.66,0.36,356
2023,1629627,Zion Williamson,NOP,843,5.35,-0.35,5.0,3.56,1.96,2.75,-0.18,2.57,247
2023,1629628,RJ Barrett,NYK,2307,6.21,1.46,7.67,2.81,1.88,8.94,2.11,11.04,6
2023,1629629,Cam Reddish,POR,895,5.66,0.56,6.22,3.39,1.97,2.79,0.28,3.07,225
2023,1629630,Ja Morant,MEM,1788,6.99,0.29,7.27,2.67,1.99,7.64,0.31,7.95,62
2023,1629631,De'Andre Hunter,ATL,1956,6.74,-0.53,6.21,3.26,2.0,7.94,-0.63,7.32,78
2023,1629632,Coby White,CHI,1504,6.78,-0.21,6.56,2.58,2.01,6.32,-0.2,6.12,124
2023,1629634,Brandon Clarke,MEM,968,7.03,0.61,7.64,3.35,1.97,4.16,0.36,4.52,182
2023,1629636,Darius Garland,CLE,2221,7.11,-0.04,7.07,2.75,1.9,9.34,-0.05,9.28,24
2023,1629637,Jaxson Hayes,NOP,510,6.08,0.77,6.84,3.29,2.01,1.89,0.24,2.13,270
2023,1629638,Nickeil Alexander-Walker,UTA,781,5.39,0.79,6.18,3.33,1.97,2.18,0.32,2.51,251
2023,1629639,Tyler Herro,MIA,2053,6.66,-0.32,6.33,2.51,1.99,8.5,-0.41,8.09,57
2023,1629640,Keldon Johnson,SAS,1799,6.67,0.0,6.68,2.98,1.96,7.03,0.0,7.03,92
2023,1629641,Romeo Langford,SAS,756,4.53,-0.09,4.45,3.78,1.97,2.01,-0.04,1.97,280
2023,1629642,Nassir Little,POR,862,5.13,0.43,5.56,3.68,2.11,2.44,0.2,2.64,244
2023,1629643,Chuma Okeke,ORL,456,5.01,0.47,5.48,3.4,2.03,1.34,0.12,1.47,304
2023,1629645,Kevin Porter Jr.,HOU,1843,6.66,-1.75,4.91,3.08,2.0,7.08,-1.86,5.22,157
2023,1629646,Charles Bassey,SAS,423,0.54,0.18,0.72,3.94,2.0,0.13,0.04,0.18,362
2023,1629647,Darius Bazley,OKC,544,6.45,0.13,6.58,2.92,2.05,2.13,0.04,2.17,267
2023,1629650,Moses Brown,LAC,262,3.13,-0.26,2.87,3.83,1.97,0.51,-0.04,0.47,350
2023,1629651,Nic Claxton,BRK,2073,4.46,-0.1,4.36,3.53,2.03,5.86,-0.14,5.72,141
2023,1629652,Luguentz Dort,OKC,2053,6.06,0.66,6.72,3.13,1.91,7.54,0.82,8.36,49
2023,1629655,Daniel Gafford,WAS,1484,7.18,-0.22,6.97,2.87,1.89,6.75,-0.21,6.54,112
2023,1629656,Quentin Grimes,NYK,1936,2.45,-0.45,2.0,3.99,1.94,2.96,-0.55,2.41,257
2023,1629659,Talen Horton-Tucker,UTA,1180,5.83,0.39,6.23,3.06,1.93,3.57,0.24,3.81,202
2023,1629660,Ty Jerome,GSW,742,5.51,-0.61,4.9,3.58,1.95,2.5,-0.28,2.22,264
2023,1629661,Cameron Johnson,BRK,1066,7.05,-0.65,6.4,2.59,1.93,4.76,-0.44,4.32,188
2023,1629667,Jalen McDaniels,CHO,1724,4.18,1.51,5.69,3.8,2.01,4.09,1.47,5.56,149
2023,1629669,Jaylen Nowell,MIN,1093,4.49,0.85,5.34,3.7,2.0,3.02,0.57,3.59,209
2023,1629670,Jordan Nwora,IND,1070,4.02,0.34,4.36,3.77,2.02,2.53,0.22,2.74,241
2023,1629673,Jordan Poole,GSW,2191,6.67,0.17,6.84,2.76,1.95,8.93,0.22,9.15,27
2023,1629675,Naz Reid,MIN,1100,5.64,-0.22,5.42,3.4,1.88,3.82,-0.15,3.67,207
2023,1629676,Isaiah Roby,SAS,376,4.82,0.26,5.08,3.68,1.91,1.06,0.06,1.12,322
2023,1629678,Admiral Schofield,ORL,408,1.8,0.09,1.9,4.13,2.07,0.43,0.02,0.45,352
2023,1629680,Matisse Thybulle,POR,1083,6.13,1.12,7.25,3.13,1.96,3.66,0.67,4.33,187
2023,1629684,Grant Williams,BOS,1807,6.41,0.41,6.82,3.04,1.91,6.92,0.44,7.36,76
2023,1629723,John Konchar,MEM,1339,5.08,0.24,5.32,3.55,1.91,4.16,0.2,4.36,186
2023,1629726,Garrison Mathews,HOU,609,6.67,-1.08,5.6,3.38,1.96,2.34,-0.38,1.97,281
2023,1629731,Dean Wade,CLE,792,4.21,0.19,4.41,3.56,2.02,1.97,0.09,2.06,274
2023,1629750,Javonte Green,CHI,432,5.0,0.51,5.51,3.75,1.97,1.34,0.14,1.48,303
2023,1630162,Anthony Edwards,MIN,2545,5.92,1.29,7.2,2.97,1.99,9.26,2.01,11.27,4
2023,1630163,LaMelo Ball,CHO,1194,6.02,1.18,7.21,3.18,1.96,4.08,0.8,4.88,170
2023,1630164,James Wiseman,DET,767,1.59,0.04,1.63,3.88,2.01,0.67,0.02,0.69,340
2023,1630165,Killian Hayes,DET,1930,5.45,0.87,6.32,3.18,2.01,5.77,0.92,6.69,104
2023,1630166,Deni Avdija,WAS,1807,5.34,0.92,6.26,3.25,2.05,6.11,1.05,7.16,86
2023,1630167,Obi Toppin,NYK,947,5.07,-0.33,4.74,3.67,2.0,3.0,-0.2,2.8,237
2023,1630168,Onyeka Okongwu,ATL,1704,5.61,-0.27,5.34,3.69,2.03,5.76,-0.28,5.48,151
2023,1630169,Tyrese Haliburton,IND,1688,7.25,-1.63,5.62,2.92,1.99,7.2,-1.62,5.58,146
2023,1630170,Devin Vassell,SAS,1046,6.5,-0.07,6.43,3.19,2.07,3.98,-0.04,3.94,198
2023,1630171,Isaac Okoro,CLE,1482,6.28,-0.24,6.04,3.19,1.98,5.51,-0.21,5.3,156
2023,1630172,Patrick Williams,CHI,2099,3.4,0.37,3.77,3.88,1.95,4.42,0.49,4.91,167
2023,1630173,Precious Achiuwa,TOR,1022,5.36,0.07,5.43,3.49,2.02,3.42,0.05,3.46,214
2023,1630174,Aaron Nesmith,IND,1658,3.56,-0.07,3.5,3.91,2.03,3.47,-0.06,3.41,215
2023,1630175,Cole Anthony,ORL,1357,6.18,-0.07,6.11,3.23,2.03,4.92,-0.05,4.87,171
2023,1630177,Theo Maledon,CHO,718,5.18,0.02,5.2,3.44,1.95,2.11,0.01,2.12,271
2023,1630178,Tyrese Maxey,PHI,1806,6.84,-0.32,6.52,3.05,1.88,7.78,-0.36,7.42,73
2023,1630180,Saddiq Bey,DET,1907,7.02,-0.09,6.92,2.96,1.98,7.35,-0.1,7.25,80
2023,1630181,R.J. Hampton,DET,674,3.9,0.63,4.53,3.77,1.87,1.45,0.23,1.68,292
2023,1630182,Josh Green,DAL,1345,3.64,0.76,4.4,3.71,1.96,2.88,0.6,3.48,211
2023,1630183,Jaden McDaniels,MIN,2174,6.31,0.33,6.64,3.18,1.93,8.44,0.44,8.88,33
2023,1630188,Jalen Smith,IND,1195,2.94,0.17,3.11,3.95,2.09,2.07,0.12,2.18,265
2023,1630191,Isaiah Stewart,DET,1272,5.7,-0.6,5.1,3.6,2.07,3.98,-0.42,3.56,210
2023,1630192,Zeke Nnaji,DEN,664,2.24,-0.41,1.83,3.95,2.03,0.89,-0.16,0.73,339
2023,1630193,Immanuel Quickley,NYK,2103,6.51,0.41,6.92,3.35,2.06,8.54,0.54,9.08,28
2023,1630194,Paul Reed,PHI,661,2.03,0.02,2.05,3.86,2.07,0.85,0.01,0.86,334
2023,1630197,Aleksej Pokusevski,OKC,644,4.93,0.61,5.54,3.36,2.02,1.93,0.24,2.16,268
2023,1630198,Isaiah Joe,OKC,1212,4.23,-0.6,3.63,3.75,1.94,3.11,-0.44,2.67,243
2023,1630200,Tre Jones,SAS,1777,5.69,-0.42,5.27,3.56,2.11,5.92,-0.44,5.48,152
2023,1630201,Malachi Flynn,TOR,619,3.48,0.65,4.13,3.76,1.98,1.35,0.25,1.6,299
2023,1630202,Payton Pritchard,BOS,561,4.79,0.29,5.08,3.57,1.98,1.61,0.1,1.7,291
2023,1630205,Lamar Stevens,CLE,1017,3.35,0.63,3.99,3.66,2.05,2.02,0.38,2.4,259
2023,1630208,Nick Richards,CHO,1069,1.65,0.33,1.98,3.93,1.99,1.0,0.2,1.2,315
2023,1630214,Xavier Tillman,MEM,1079,5.75,0.16,5.91,3.63,2.01,3.79,0.1,3.9,200
2023,1630217,Desmond Bane,MEM,1705,6.4,0.47,6.87,3.38,2.0,6.68,0.49,7.17,85
2023,1630224,Jalen Green,HOU,2364,5.51,-0.61,4.9,3.56,2.03,7.5,-0.83,6.68,105
2023,1630227,Daishen Nix,HOU,819,0.27,0.84,1.11,3.92,1.98,0.13,0.4,0.53,349
2023,1630228,Jonathan Kuminga,GSW,1242,2.05,0.82,2.87,3.82,2.01,1.55,0.62,2.18,266
2023,1630230,Naji Marshall,NOP,1550,3.3,0.8,4.1,3.7,2.02,3.11,0.76,3.87,201
2023,1630231,KJ Martin,HOU,2069,5.39,0.63,6.02,3.29,1.92,6.43,0.75,7.18,84
2023,1630233,Nathan Knight,MIN,263,1.33,0.17,1.5,3.9,2.0,0.22,0.03,0.24,359
2023,1630237,Anthony Lamb,GSW,1054,1.13,0.26,1.38,4.02,1.98,0.73,0.17,0.89,333
2023,1630240,Saben Lee,PHO,337,5.44,-0.23,5.21,3.56,2.06,1.1,-0.05,1.06,326
2023,1630245,Ayo Dosunmu,CHI,1861,3.47,0.71,4.18,3.62,2.01,4.01,0.82,4.83,173
2023,1630256,Jae'Sean Tate,HOU,618,6.59,-0.96,5.63,3.24,1.95,2.35,-0.34,2.01,277
2023,1630264,Anthony Gill,WAS,544,2.61,-0.36,2.25,3.96,2.0,0.9,-0.12,0.78,338
2023,1630322,Lindy Waters III,OKC,458,2.12,-0.18,1.94,3.79,1.99,0.59,-0.05,0.54,348
2023,1630526,Jeremiah Robinson-Earl,OKC,742,3.27,-0.7,2.56,3.94,2.09,1.47,-0.32,1.15,320
2023,1630528,Josh Christopher,HOU,728,3.36,0.05,3.41,3.72,2.07,1.41,0.02,1.43,305
2023,1630529,Herbert Jones,NOP,1765,4.9,0.13,5.03,3.61,2.08,5.27,0.14,5.41,155
2023,1630530,Trey Murphy III,NOP,2154,3.74,-0.27,3.47,3.8,1.97,4.91,-0.35,4.56,181
2023,1630532,Franz Wagner,ORL,2399,5.47,-0.32,5.14,3.54,1.89,7.7,-0.45,7.24,82
2023,1630533,Ziaire Williams,MEM,486,2.39,1.26,3.65,4.26,2.01,0.71,0.37,1.09,325
2023,1630537,Chris Duarte,IND,812,3.63,0.59,4.21,3.5,2.04,1.73,0.28,2.01,278
2023,1630538,Bones Hyland,DEN,957,4.22,-0.06,4.15,3.74,1.93,2.43,-0.04,2.39,260
2023,1630539,Kai Jones,CHO,488,-0.67,0.94,0.27,4.04,1.98,-0.19,0.26,0.08,367
2023,1630540,Miles McBride,NYK,687,-0.26,1.31,1.05,3.92,1.98,-0.11,0.56,0.45,353
2023,1630541,Moses Moody,GSW,705,1.07,0.44,1.51,4.06,1.96,0.46,0.19,0.65,341
2023,1630543,Isaiah Jackson,IND,928,1.34,0.19,1.54,4.0,2.06,0.73,0.11,0.84,335
2023,1630544,Tre Mann,OKC,1037,2.42,0.83,3.25,3.94,2.06,1.52,0.52,2.04,275
2023,1630547,James Bouknight,CHO,434,0.03,0.52,0.55,4.14,2.09,0.01,0.13,0.14,365
2023,1630549,Day'Ron Sharpe,BRK,486,1.19,-0.14,1.05,4.04,1.93,0.37,-0.04,0.32,357
2023,1630550,JT Thor,CHO,856,0.46,0.82,1.29,4.01,2.11,0.22,0.4,0.62,343
2023,1630552,Jalen Johnson,ATL,944,0.04,0.16,0.2,4.01,2.03,0.02,0.09,0.12,366
2023,1630553,Keon Johnson,POR,368,2.0,0.29,2.29,3.95,2.03,0.41,0.06,0.46,351
2023,1630556,Kessler Edwards,SAC,329,3.36,-0.32,3.05,3.89,2.07,0.66,-0.06,0.6,345
2023,1630557,Corey Kispert,WAS,1882,4.8,-0.84,3.96,3.67,1.96,5.72,-1.0,4.72,175
2023,1630558,Davion Mitchell,SAC,1255,5.69,-0.24,5.44,3.52,1.98,4.27,-0.18,4.08,195
2023,1630559,Austin Reaves,LAL,1603,4.79,-0.61,4.18,3.72,2.1,4.62,-0.59,4.03,197
2023,1630560,Cam Thomas,BRK,811,2.96,0.37,3.33,3.8,2.0,1.52,0.19,1.71,290
2023,1630567,Scottie Barnes,TOR,2463,5.43,0.22,5.65,3.54,1.93,8.35,0.34,8.68,38
2023,1630570,Trendon Watford,POR,1066,2.86,-0.11,2.75,4.12,1.97,1.68,-0.07,1.62,297
2023,1630572,Sandro Mamukelashvili,SAS,587,0.2,0.7,0.89,4.0,2.05,0.07,0.24,0.31,358
2023,1630573,Sam Hauser,BOS,1127,0.19,0.05,0.24,4.04,2.01,0.13,0.04,0.16,363
2023,1630578,Alperen Sengun,HOU,2012,4.6,-0.17,4.43,3.73,2.05,5.33,-0.19,5.14,160
2023,1630579,Jericho Sims,NYK,735,1.58,0.18,1.76,3.96,2.0,0.72,0.08,0.81,337
2023,1630581,Josh Giddey,OKC,2175,3.69,0.91,4.61,3.7,1.99,4.87,1.2,6.07,127
2023,1630583,Santi Aldama,MEM,1477,1.65,0.08,1.73,3.97,2.1,1.49,0.07,1.56,300
2023,1630586,Usman Garuba,HOU,867,1.04,0.08,1.11,4.06,2.01,0.52,0.04,0.56,346
2023,1630587,Isaiah Livers,DET,1068,1.47,0.15,1.62,3.95,1.99,0.86,0.09,0.95,332
2023,1630591,Jalen Suggs,ORL,1108,2.41,0.77,3.18,4.01,2.01,1.57,0.5,2.07,273
2023,1630593,McKinley Wright IV,DAL,302,0.06,-0.06,-0.0,4.33,2.03,0.01,-0.01,-0.0,369
2023,1630595,Cade Cunningham,DET,376,5.22,1.02,6.24,3.46,2.0,1.08,0.21,1.29,312
2023,1630596,Evan Mobley,CLE,2458,4.41,0.21,4.62,3.76,2.0,6.41,0.31,6.71,102
2023,1630598,Aaron Wiggins,OKC,1166,2.48,-0.05,2.44,3.99,2.05,1.75,-0.03,1.72,289
2023,1630613,Duane Washington Jr.,PHO,351,1.58,1.02,2.6,4.02,2.0,0.33,0.22,0.55,347
2023,1630631,Jose Alvarado,NOP,1116,3.0,0.81,3.81,3.82,1.96,2.04,0.55,2.59,245
2023,1630688,Ish Wainright,PHO,835,0.9,0.38,1.28,4.05,1.99,0.45,0.19,0.64,342
2023,1630692,Jordan Goodwin,WAS,992,-0.04,0.07,0.02,4.12,2.02,-0.03,0.04,0.02,368
2024,2544,LeBron James,LAL,2324,7.22,-0.14,7.08,2.46,1.9,10.19,-0.2,9.98,16
2024,101108,Chris Paul,GSW,1334,6.9,-0.33,6.57,2.83,1.93,5.55,-0.26,5.29,160
2024,200768,Kyle Lowry,MIA,1538,7.03,0.74,7.77,2.74,1.89,6.6,0.69,7.29,86
2024,200782,P.J. Tucker,LAC,441,6.45,-0.37,6.08,2.84,1.93,1.71,-0.1,1.61,294
2024,201142,Kevin Durant,PHO,2490,7.0,-0.71,6.29,2.53,1.83,10.49,-1.07,9.42,22
2024,201143,Al Horford,BOS,1577,6.63,-0.31,6.32,3.08,1.84,6.37,-0.29,6.07,140
2024,201144,Mike Conley,MIN,2039,7.08,-0.22,6.86,2.7,1.93,8.7,-0.27,8.43,48
2024,201145,Jeff Green,HOU,1172,6.96,-0.09,6.87,2.77,1.94,4.83,-0.06,4.76,173
2024,201152,Thaddeus Young,TOR,402,6.65,0.45,7.09,3.07,1.93,1.41,0.09,1.5,300
2024,201565,Derrick Rose,MEM,360,5.65,0.39,6.04,3.41,1.88,1.22,0.08,1.3,308
2024,201566,Russell Westbrook,LAC,1350,6.11,-0.29,5.82,2.23,1.91,4.94,-0.23,4.71,177
2024,201567,Kevin Love,MIA,795,6.63,0.09,6.71,2.87,1.91,3.22,0.04,3.26,225
2024,201568,Danilo Gallinari,WAS,575,5.88,0.13,6.0,3.24,1.93,1.8,0.04,1.84,287
2024,201569,Eric Gordon,PHO,1650,6.52,-0.96,5.56,2.79,1.94,6.48,-0.96,5.53,155
2024,201572,Brook Lopez,MIL,2150,6.69,0.56,7.25,3.12,1.94,8.72,0.73,9.45,21
2024,201580,JaVale McGee,SAC,288,3.93,0.96,4.89,3.61,1.98,0.69,0.17,0.86,330
2024,201587,Nicolas Batum,PHI,1405,6.58,1.28,7.86,2.75,1.97,5.78,1.12,6.9,109
2024,201599,DeAndre Jordan,DEN,361,5.86,-0.25,5.61,3.37,2.01,1.25,-0.05,1.2,315
2024,201935,James Harden,LAC,2249,7.28,-0.91,6.36,2.46,1.94,9.81,-1.23,8.58,43
2024,201939,Stephen Curry,GSW,2156,7.17,-1.58,5.59,2.56,1.9,9.32,-2.05,7.27,88
2024,201942,DeMar DeRozan,CHI,2610,7.73,-0.77,6.96,2.46,1.96,12.05,-1.2,10.85,10
2024,201950,Jrue Holiday,BOS,2073,6.83,0.39,7.22,2.75,1.92,8.62,0.49,9.12,28
2024,201976,Patrick Beverley,PHI,1324,6.36,-0.36,6.0,3.19,2.0,5.26,-0.29,4.97,169
2024,201988,Patty Mills,MIA,360,6.05,1.25,7.3,2.64,1.93,1.33,0.27,1.61,295
2024,202066,Garrett Temple,TOR,251,5.72,0.51,6.24,3.18,2.0,0.76,0.07,0.83,332
2024,202083,Wesley Matthews,ATL,364,6.36,0.14,6.5,3.2,1.9,1.39,0.03,1.42,304
2024,202330,Gordon Hayward,CHO,1095,6.25,0.9,7.15,3.13,1.93,3.75,0.54,4.29,189
2024,202331,Paul George,LAC,2275,7.0,0.1,7.1,2.88,1.99,9.54,0.13,9.67,19
2024,202397,Ish Smith,CHO,621,5.44,0.57,6.02,3.41,1.95,1.85,0.19,2.05,275
2024,202681,Kyrie Irving,DAL,1820,7.34,0.33,7.67,2.54,1.98,8.35,0.37,8.72,39
2024,202684,Tristan Thompson,CLE,496,4.57,0.47,5.04,3.64,2.02,1.36,0.14,1.5,301
2024,202685,Jonas Valančiūnas,NOP,1768,6.73,-0.08,6.65,2.91,1.88,7.18,-0.08,7.1,98
2024,202687,Bismack Biyombo,MEM,720,5.03,0.21,5.24,3.43,1.91,2.17,0.09,2.27,266
2024,202691,Klay Thompson,GSW,2062,6.76,-0.22,6.53,2.95,1.86,8.4,-0.28,8.12,58
2024,202692,Alec Burks,DET,1056,6.7,-0.11,6.59,2.9,1.9,4.45,-0.07,4.37,188
2024,202694,Marcus Morris Sr.,PHI,734,6.12,0.62,6.74,2.9,1.97,2.81,0.29,3.09,228
2024,202695,Kawhi Leonard,LAC,2068,7.1,-0.11,6.99,2.92,1.89,8.8,-0.13,8.66,41
2024,202696,Nikola Vučević,CHI,2301,6.82,-0.39,6.43,2.68,1.88,9.38,-0.53,8.84,35
2024,202699,Tobias Harris,PHI,2156,6.93,-0.2,6.73,2.64,2.05,9.34,-0.27,9.07,29
2024,202704,Reggie Jackson,DEN,1636,6.37,1.76,8.13,2.7,1.91,6.16,1.7,7.86,67
2024,202710,Jimmy Butler III,MIA,1844,7.31,0.08,7.39,2.42,1.93,8.23,0.09,8.32,54
2024,202711,Bojan Bogdanovic,DET,1369,6.45,0.48,6.93,2.51,1.96,5.55,0.41,5.96,142
2024,202722,Davis Bertans,CHO,591,6.17,-0.25,5.92,3.18,1.93,2.0,-0.08,1.92,285
2024,203076,Anthony Davis,LAL,2453,6.94,-0.08,6.86,3.07,1.93,10.33,-0.12,10.21,13
2024,203078,Bradley Beal,PHO,1600,7.02,0.73,7.76,2.88,1.82,6.77,0.71,7.47,83
2024,203081,Damian Lillard,MIL,2272,7.39,-1.3,6.1,2.4,1.96,10.19,-1.79,8.41,49
2024,203083,Andre Drummond,CHI,1210,6.53,-0.24,6.29,3.08,1.96,4.72,-0.17,4.55,182
2024,203084,Harrison Barnes,SAC,2132,7.27,-1.27,5.99,2.27,1.92,9.43,-1.65,7.78,71
2024,203095,Evan Fournier,DET,512,5.91,0.15,6.06,2.95,1.85,1.9,0.05,1.95,283
2024,203109,Jae Crowder,MIL,991,6.16,-0.2,5.96,3.25,2.0,3.71,-0.12,3.59,211
2024,203110,Draymond Green,GSW,1329,6.7,-0.19,6.5,2.39,1.92,5.36,-0.16,5.21,163
2024,203114,Khris Middleton,MIL,1378,7.02,-0.57,6.45,2.76,1.96,5.87,-0.47,5.4,157
2024,203200,Justin Holiday,DEN,772,6.69,0.2,6.89,2.59,1.93,3.06,0.09,3.14,227
2024,203458,Alex Len,SAC,403,5.3,-0.11,5.2,3.77,2.0,1.3,-0.03,1.28,310
2024,203468,CJ McCollum,NOP,1955,7.12,-0.5,6.62,2.54,1.91,8.41,-0.59,7.81,70
2024,203469,Cody Zeller,NOP,256,4.31,0.13,4.44,3.73,1.9,0.67,0.02,0.69,336
2024,203471,Dennis Schröder,TOR,2215,7.63,-0.96,6.67,2.62,1.87,8.9,-1.12,7.78,72
2024,203482,Kelly Olynyk,UTA,1575,7.3,-0.74,6.57,2.74,1.93,6.24,-0.63,5.61,153
2024,203484,Kentavious Caldwell-Pope,DEN,2208,7.09,-0.09,7.0,2.39,1.96,9.26,-0.12,9.15,26
2024,203486,Mason Plumlee,LAC,593,6.93,-0.5,6.43,3.09,1.96,2.46,-0.18,2.29,264
2024,203488,Mike Muscala,WAS,511,5.89,0.44,6.33,3.58,1.96,1.6,0.12,1.72,290
2024,203493,Reggie Bullock Jr.,HOU,370,6.27,0.62,6.88,2.52,1.89,1.37,0.13,1.51,299
2024,203496,Robert Covington,PHI,446,6.59,0.49,7.07,2.63,1.97,1.84,0.14,1.97,281
2024,203497,Rudy Gobert,MIN,2380,6.95,-0.84,6.1,2.63,1.94,9.96,-1.21,8.75,38
2024,203501,Tim Hardaway Jr.,DAL,1882,6.56,0.57,7.13,2.83,1.9,7.72,0.67,8.39,51
2024,203507,Giannis Antetokounmpo,MIL,2328,7.47,0.33,7.8,2.49,1.91,10.55,0.47,11.02,7
2024,203552,Seth Curry,DAL,548,6.32,0.96,7.28,2.72,1.9,2.17,0.33,2.5,251
2024,203897,Zach LaVine,CHI,786,7.01,0.83,7.84,2.76,1.96,3.29,0.39,3.68,210
2024,203903,Jordan Clarkson,UTA,1455,6.99,-0.59,6.41,2.27,1.87,5.52,-0.46,5.06,165
2024,203914,Gary Harris,ORL,1167,5.81,0.3,6.11,3.43,1.93,4.03,0.21,4.24,191
2024,203915,Spencer Dinwiddie,BRK,1930,6.81,0.47,7.28,3.07,1.95,7.68,0.53,8.2,57
2024,203924,Jerami Grant,POR,1676,7.07,0.47,7.54,2.82,1.86,6.84,0.46,7.29,87
2024,203926,Doug McDermott,SAS,807,7.27,0.0,7.27,2.94,1.9,3.5,0.0,3.5,213
2024,203932,Aaron Gordon,DEN,2105,7.0,0.42,7.42,2.84,1.88,8.71,0.53,9.23,25
2024,203935,Marcus Smart,MEM,550,6.04,0.66,6.7,2.81,1.88,1.99,0.22,2.21,268
2024,203937,Kyle Anderson,MIN,1554,6.46,0.33,6.79,2.59,1.88,6.05,0.3,6.35,127
2024,203939,Dwight Powell,DAL,723,6.81,-0.76,6.05,3.07,1.89,3.08,-0.34,2.74,243
2024,203944,Julius Randle,NYK,1452,6.86,0.11,6.97,2.23,1.86,6.84,0.11,6.95,106
2024,203952,Andrew Wiggins,GSW,1709,6.62,-0.35,6.27,2.69,1.91,6.82,-0.36,6.46,120
2024,203954,Joel Embiid,PHI,1172,7.4,-0.81,6.59,2.62,2.0,5.42,-0.6,4.83,171
2024,203957,Danté Exum,DAL,970,0.56,-0.24,0.31,4.14,1.91,0.34,-0.15,0.19,356
2024,203967,Dario Šarić,GSW,968,4.78,-0.11,4.68,3.72,1.98,2.79,-0.06,2.73,244
2024,203991,Clint Capela,ATL,1697,7.1,-0.66,6.44,2.87,2.0,7.24,-0.67,6.57,116
2024,203992,Bogdan Bogdanović,ATL,2138,6.98,-0.06,6.92,2.98,1.9,8.98,-0.08,8.9,34
2024,203994,Jusuf Nurkić,PHO,1870,5.3,0.12,5.41,3.45,1.94,5.97,0.13,6.1,138
2024,203999,Nikola Jokić,DEN,2484,7.37,-0.93,6.44,2.33,1.92,10.83,-1.37,9.46,20
2024,204001,Kristaps Porziņģis,BOS,1540,6.95,-0.69,6.26,2.85,1.91,6.52,-0.65,5.87,146
2024,204060,Joe Ingles,ORL,1009,6.28,-0.45,5.83,2.91,1.9,3.76,-0.27,3.49,214
2024,204456,T.J. McConnell,IND,1172,7.13,-0.29,6.84,2.85,1.86,4.95,-0.2,4.75,175
2024,1626145,Tyus Jones,WAS,1711,7.5,0.1,7.61,2.68,1.99,6.82,0.09,6.92,107
2024,1626153,Delon Wright,WAS,693,6.63,0.57,7.2,2.94,1.97,2.44,0.21,2.65,248
2024,1626156,D'Angelo Russell,LAL,2289,7.0,-1.05,5.95,2.78,1.89,9.72,-1.46,8.27,55
2024,1626157,Karl-Anthony Towns,MIN,1854,6.73,0.8,7.53,2.68,1.98,7.51,0.9,8.41,50
2024,1626158,Richaun Holmes,WAS,494,5.95,0.18,6.13,3.55,1.95,1.56,0.05,1.61,296
2024,1626162,Kelly Oubre Jr.,PHI,1890,6.25,0.58,6.83,2.61,1.86,7.38,0.68,8.06,60
2024,1626164,Devin Booker,PHO,2137,7.4,-0.16,7.23,2.54,1.91,9.52,-0.21,9.31,24
2024,1626166,Cameron Payne,MIL,1168,6.72,-0.14,6.58,3.09,1.98,4.77,-0.1,4.66,179
2024,1626167,Myles Turner,IND,1921,7.11,-0.05,7.06,2.77,1.91,8.1,-0.06,8.04,61
2024,1626168,Trey Lyles,SAC,973,6.31,0.56,6.87,3.39,1.88,3.74,0.33,4.07,196
2024,1626171,Bobby Portis,MIL,1731,6.57,-0.21,6.37,2.58,1.91,6.91,-0.22,6.69,114
2024,1626172,Kevon Looney,GSW,1054,7.13,-0.97,6.16,2.76,1.91,4.53,-0.62,3.91,203
2024,1626174,Christian Wood,LAL,780,5.89,0.17,6.06,2.81,1.95,2.79,0.08,2.87,236
2024,1626179,Terry Rozier,CHO,1849,7.12,0.21,7.33,2.55,1.9,7.21,0.21,7.42,85
2024,1626181,Norman Powell,LAC,1735,7.31,-0.0,7.31,2.76,1.92,7.6,-0.0,7.6,79
2024,1626192,Pat Connaughton,MIL,1442,6.96,1.27,8.23,2.55,1.89,6.09,1.11,7.2,91
2024,1626196,Josh Richardson,MIA,976,6.75,0.0,6.75,2.76,1.91,4.02,0.0,4.02,199
2024,1626204,Larry Nance Jr.,NOP,1051,6.6,0.39,6.99,2.9,1.91,4.19,0.25,4.44,187
2024,1626220,Royce O'Neale,BRK,1719,6.78,-0.6,6.18,2.46,1.86,6.8,-0.6,6.2,130
2024,1626224,Cedi Osman,SAS,1105,6.92,-0.4,6.51,2.57,1.93,4.55,-0.27,4.29,190
2024,1627732,Ben Simmons,BRK,319,5.47,0.86,6.33,3.6,1.98,1.02,0.16,1.18,317
2024,1627734,Domantas Sabonis,SAC,2549,7.2,-0.35,6.85,2.36,1.91,11.17,-0.54,10.64,12
2024,1627736,Malik Beasley,MIL,2098,6.96,0.15,7.11,2.49,1.88,8.86,0.19,9.06,30
2024,1627739,Kris Dunn,UTA,1142,3.47,-0.02,3.46,3.95,1.91,2.15,-0.01,2.14,271
2024,1627741,Buddy Hield,IND,1933,6.9,-0.17,6.73,2.63,1.89,7.91,-0.19,7.72,73
2024,1627742,Brandon Ingram,NOP,1835,6.86,0.01,6.87,2.92,1.91,7.6,0.01,7.61,78
2024,1627747,Caris LeVert,CLE,1704,6.47,-0.35,6.12,2.45,1.95,6.62,-0.36,6.26,128
2024,1627749,Dejounte Murray,ATL,2492,7.28,0.25,7.53,2.34,1.91,10.92,0.37,11.28,4
2024,1627750,Jamal Murray,DEN,1723,6.67,-0.4,6.27,3.14,1.97,6.8,-0.41,6.39,125
2024,1627751,Jakob Poeltl,TOR,1220,7.26,0.09,7.35,2.59,1.95,4.67,0.06,4.72,176
2024,1627752,Taurean Prince,LAL,1922,5.61,0.37,5.98,3.27,2.0,6.54,0.43,6.97,103
2024,1627759,Jaylen Brown,BOS,2136,6.71,-0.12,6.59,2.57,1.91,8.73,-0.15,8.57,44
2024,1627763,Malcolm Brogdon,POR,1037,7.37,-0.36,7.01,2.73,1.89,4.41,-0.21,4.19,193
2024,1627777,Georges Niang,CLE,1642,6.17,-0.33,5.84,2.84,1.93,6.09,-0.32,5.77,148
2024,1627780,Gary Payton II,GSW,570,5.71,-0.56,5.15,3.6,1.9,1.96,-0.19,1.77,289
2024,1627783,Pascal Siakam,TOR,2392,7.48,0.33,7.8,2.55,1.89,9.42,0.41,9.83,17
2024,1627788,Furkan Korkmaz,PHI,253,5.32,0.56,5.88,3.47,1.98,0.84,0.09,0.93,328
2024,1627826,Ivica Zubac,LAC,1651,6.88,0.11,6.99,2.91,1.91,6.81,0.11,6.92,108
2024,1627827,Dorian Finney-Smith,BRK,1754,6.63,0.39,7.02,2.6,1.83,6.79,0.4,7.19,92
2024,1627832,Fred VanVleet,HOU,2427,7.08,1.01,8.09,2.78,1.89,10.18,1.45,11.62,2
2024,1627863,Danuel House Jr.,PHI,455,5.12,-0.01,5.11,3.66,2.02,1.46,-0.0,1.45,302
2024,1627884,Derrick Jones Jr.,DAL,1604,6.47,0.42,6.88,3.21,1.94,6.48,0.42,6.9,110
2024,1627936,Alex Caruso,CHI,1787,6.4,0.64,7.04,3.04,1.95,6.84,0.68,7.52,82
2024,1628365,Markelle Fultz,ORL,825,4.06,0.69,4.75,3.72,2.02,1.99,0.34,2.33,260
2024,1628368,De'Aaron Fox,SAC,2343,6.8,0.3,7.09,2.46,1.9,9.69,0.43,10.12,15
2024,1628369,Jayson Tatum,BOS,2399,7.26,0.34,7.6,2.31,1.94,10.6,0.5,11.1,6
2024,1628370,Malik Monk,SAC,1576,6.99,0.49,7.48,2.51,1.92,6.7,0.47,7.17,93
2024,1628371,Jonathan Isaac,ORL,815,0.03,0.04,0.08,4.01,1.99,0.02,0.02,0.04,364
2024,1628372,Dennis Smith Jr.,BRK,935,4.65,0.58,5.22,3.72,1.91,2.54,0.31,2.85,239
2024,1628374,Lauri Markkanen,UTA,1631,7.55,-1.12,6.44,2.4,1.87,6.68,-0.99,5.7,149
2024,1628378,Donovan Mitchell,CLE,1744,7.02,-0.69,6.32,2.63,1.94,7.35,-0.73,6.63,115
2024,1628379,Luke Kennard,MEM,902,7.07,-0.04,7.03,2.81,1.97,3.83,-0.02,3.81,206
2024,1628380,Zach Collins,SAS,1326,5.08,0.66,5.74,3.54,1.96,4.01,0.52,4.54,184
2024,1628381,John Collins,UTA,1733,7.3,0.28,7.59,2.78,2.0,6.87,0.27,7.13,97
2024,1628384,OG Anunoby,TOR,1531,6.63,0.94,7.57,2.82,1.99,5.35,0.76,6.1,139
2024,1628386,Jarrett Allen,CLE,2182,7.05,-1.27,5.78,2.65,1.99,9.25,-1.66,7.58,80
2024,1628389,Bam Adebayo,MIA,2214,6.76,-0.06,6.7,2.56,2.05,9.13,-0.08,9.05,31
2024,1628392,Isaiah Hartenstein,NYK,1730,6.6,0.31,6.91,3.13,2.0,7.85,0.37,8.22,56
2024,1628398,Kyle Kuzma,WAS,2064,5.91,1.92,7.84,2.38,1.88,6.49,2.11,8.6,42
2024,1628401,Derrick White,BOS,2182,7.15,-0.11,7.03,2.48,1.92,9.5,-0.15,9.34,23
2024,1628404,Josh Hart,NYK,2420,6.49,0.94,7.43,2.51,1.92,10.79,1.57,12.36,1
2024,1628415,Dillon Brooks,HOU,2021,6.3,0.81,7.11,2.86,1.98,7.54,0.97,8.5,47
2024,1628418,Thomas Bryant,MIA,370,4.34,0.18,4.52,3.76,1.99,0.98,0.04,1.02,323
2024,1628420,Monté Morris,MIN,408,6.63,0.1,6.73,2.84,1.94,1.63,0.03,1.66,293
2024,1628436,Luke Kornet,BOS,894,4.47,-0.58,3.89,3.79,1.98,2.44,-0.32,2.12,272
2024,1628449,Chris Boucher,TOR,624,7.09,0.09,7.18,2.67,1.81,2.33,0.03,2.36,257
2024,1628464,Daniel Theis,LAC,895,4.85,0.17,5.02,3.51,1.94,2.6,0.09,2.69,247
2024,1628467,Maxi Kleber,DAL,735,6.25,0.12,6.37,3.24,2.07,2.87,0.06,2.93,235
2024,1628470,Torrey Craig,CHI,922,6.59,0.25,6.84,3.2,1.9,3.63,0.14,3.77,208
2024,1628960,Grayson Allen,PHO,2194,7.03,-0.28,6.75,2.82,1.9,9.29,-0.37,8.92,32
2024,1628963,Marvin Bagley III,WAS,961,5.91,-0.89,5.03,3.56,2.02,3.02,-0.45,2.57,249
2024,1628964,Mo Bamba,PHI,682,5.88,-0.14,5.74,3.36,1.95,2.51,-0.06,2.45,252
2024,1628966,Keita Bates-Diop,PHO,540,5.92,0.14,6.06,3.34,1.87,1.93,0.04,1.97,282
2024,1628969,Mikal Bridges,BRK,2588,6.94,0.25,7.19,2.31,1.9,10.49,0.38,10.87,9
2024,1628970,Miles Bridges,CHO,2235,6.45,-0.0,6.45,2.81,1.89,7.89,-0.01,7.89,65
2024,1628971,Bruce Brown,IND,1693,6.96,-0.03,6.93,2.52,1.89,6.99,-0.03,6.96,105
2024,1628972,Troy Brown Jr.,DET,755,6.15,0.15,6.3,3.41,1.88,2.92,0.07,2.99,231
2024,1628973,Jalen Brunson,NYK,2443,7.3,-0.55,6.75,2.56,1.92,12.25,-0.92,11.33,3
2024,1628975,Jevon Carter,CHI,893,5.53,1.69,7.23,3.3,1.93,2.95,0.9,3.86,204
2024,1628976,Wendell Carter Jr.,ORL,1293,6.8,-0.58,6.22,3.09,2.01,5.22,-0.45,4.77,172
2024,1628978,Donte DiVincenzo,NYK,2161,7.06,0.14,7.2,2.51,1.93,10.49,0.21,10.69,11
2024,1628981,Bruno Fernando,ATL,615,3.76,-0.62,3.14,3.94,2.01,1.39,-0.23,1.16,319
2024,1628983,Shai Gilgeous-Alexander,OKC,2299,7.28,0.36,7.64,2.58,1.95,10.46,0.52,10.99,8
2024,1628984,Devonte' Graham,SAS,268,6.11,1.41,7.52,2.91,1.88,0.98,0.23,1.2,316
2024,1628988,Aaron Holiday,HOU,1108,6.22,0.6,6.82,3.38,1.94,4.08,0.4,4.47,186
2024,1628989,Kevin Huerter,SAC,1406,6.83,0.37,7.2,2.48,1.85,5.85,0.32,6.17,131
2024,1628991,Jaren Jackson Jr.,MEM,1945,5.72,1.44,7.16,2.96,1.97,6.68,1.68,8.36,52
2024,1628995,Kevin Knox II,DET,510,3.26,0.75,4.01,3.91,1.94,1.04,0.24,1.28,311
2024,1628997,Caleb Martin,MIA,1562,5.91,0.87,6.78,2.78,1.87,5.64,0.83,6.46,121
2024,1628998,Cody Martin,CHO,659,5.11,1.21,6.32,3.32,2.02,1.84,0.44,2.28,265
2024,1629001,De'Anthony Melton,PHI,915,6.66,-0.04,6.62,2.56,1.94,3.81,-0.02,3.79,207
2024,1629002,Chimezie Metu,PHO,751,5.65,0.69,6.33,3.35,1.99,2.55,0.31,2.86,237
2024,1629003,Shake Milton,MIN,485,7.23,-0.13,7.1,2.98,1.98,2.12,-0.04,2.08,274
2024,1629004,Svi Mykhailiuk,BOS,361,5.8,0.28,6.08,3.5,1.97,1.28,0.06,1.34,307
2024,1629006,Josh Okogie,PHO,845,5.43,0.62,6.05,3.73,1.84,2.77,0.31,3.08,229
2024,1629007,Jontay Porter,TOR,303,-0.19,0.19,0.0,3.98,2.01,-0.03,0.03,0.0,370
2024,1629008,Michael Porter Jr.,DEN,2362,6.09,0.15,6.24,3.36,1.89,8.51,0.21,8.72,40
2024,1629011,Mitchell Robinson,NYK,688,6.46,0.47,6.94,3.11,1.99,3.05,0.22,3.28,223
2024,1629012,Collin Sexton,UTA,1845,7.35,-1.45,5.89,3.26,1.87,7.36,-1.46,5.9,144
2024,1629013,Landry Shamet,WAS,659,6.2,0.4,6.6,3.07,1.9,2.17,0.14,2.31,261
2024,1629014,Anfernee Simons,POR,1440,7.02,-0.29,6.73,3.01,1.85,5.83,-0.25,5.59,154
2024,1629018,Gary Trent Jr.,TOR,1789,6.97,-0.35,6.62,2.41,1.86,6.57,-0.33,6.24,129
2024,1629020,Jarred Vanderbilt,LAL,525,6.19,0.23,6.43,2.92,1.99,1.97,0.07,2.05,276
2024,1629021,Moritz Wagner,ORL,1279,6.89,-0.27,6.62,3.14,2.01,5.23,-0.2,5.03,166
2024,1629022,Lonnie Walker IV,BRK,854,6.02,0.91,6.93,2.6,2.07,3.0,0.45,3.46,217
2024,1629023,P.J. Washington,CHO,1988,5.7,1.3,7.0,2.77,1.94,6.21,1.42,7.62,77
2024,1629026,Kenrich Williams,OKC,921,6.68,0.6,7.28,2.94,1.91,3.85,0.35,4.2,192
2024,1629027,Trae Young,ATL,1711,7.66,-0.41,7.25,2.44,1.89,7.88,-0.42,7.46,84
2024,1629028,Deandre Ayton,POR,1624,6.35,0.56,6.91,3.16,1.91,5.95,0.52,6.47,119
2024,1629029,Luka Dončić,DAL,2338,7.29,-1.19,6.1,2.39,1.9,10.65,-1.74,8.91,33
2024,1629048,Goga Bitadze,ORL,837,4.33,0.31,4.64,3.8,2.0,2.15,0.15,2.3,263
2024,1629052,Oshae Brissett,BOS,550,6.48,-0.7,5.78,2.98,1.92,2.17,-0.24,1.94,284
2024,1629060,Rui Hachimura,LAL,1658,6.9,-1.08,5.82,3.03,1.83,6.95,-1.09,5.86,147
2024,1629111,Jock Landale,HOU,674,4.99,0.02,5.0,3.65,1.87,1.99,0.01,2.0,280
2024,1629130,Duncan Robinson,MIA,1703,6.77,0.13,6.9,2.91,1.83,7.04,0.13,7.17,94
2024,1629139,Yuta Watanabe,PHO,378,5.31,0.02,5.33,3.54,1.98,1.21,0.0,1.22,314
2024,1629162,Jordan McLaughlin,MIN,566,6.08,0.33,6.41,3.28,1.91,2.07,0.11,2.19,270
2024,1629234,Drew Eubanks,PHO,1036,6.51,-0.04,6.47,2.9,2.03,4.06,-0.02,4.04,198
2024,1629312,Haywood Highsmith,MIA,1196,2.87,0.46,3.33,4.06,1.97,2.1,0.34,2.43,254
2024,1629599,Amir Coffey,LAC,1299,4.63,1.36,5.99,3.48,2.02,3.6,1.06,4.66,180
2024,1629611,Terance Mann,LAC,1691,7.37,-0.37,7.0,2.44,2.1,7.46,-0.37,7.09,99
2024,1629614,Andrew Nembhard,IND,1548,5.52,-0.34,5.18,3.54,1.91,5.07,-0.31,4.76,174
2024,1629622,Max Strus,CLE,1994,6.25,0.88,7.13,3.03,2.01,7.49,1.06,8.55,45
2024,1629626,Bol Bol,PHO,430,5.08,-0.33,4.75,3.64,2.02,1.32,-0.09,1.23,313
2024,1629627,Zion Williamson,NOP,1969,6.38,-0.38,6.0,3.37,1.92,7.59,-0.45,7.14,96
2024,1629628,RJ Barrett,TOR,1663,6.98,0.3,7.27,2.56,1.84,6.11,0.26,6.37,126
2024,1629629,Cam Reddish,LAL,893,4.86,1.07,5.93,3.53,1.99,2.64,0.58,3.22,226
2024,1629630,Ja Morant,MEM,296,7.06,-0.47,6.59,2.43,1.95,1.26,-0.08,1.17,318
2024,1629631,De'Andre Hunter,ATL,1506,7.16,-0.58,6.57,2.87,1.97,6.49,-0.53,5.96,143
2024,1629632,Coby White,CHI,2581,7.17,0.06,7.22,2.71,1.91,11.06,0.09,11.14,5
2024,1629636,Darius Garland,CLE,1709,6.41,0.55,6.97,2.66,1.95,6.59,0.57,7.15,95
2024,1629637,Jaxson Hayes,LAL,799,5.93,-0.05,5.88,3.42,1.92,2.88,-0.02,2.85,240
2024,1629638,Nickeil Alexander-Walker,MIN,1702,6.08,0.22,6.29,3.09,1.94,6.23,0.22,6.45,122
2024,1629639,Tyler Herro,MIA,1261,6.32,0.22,6.54,2.22,1.91,4.87,0.17,5.03,167
2024,1629640,Keldon Johnson,SAS,1759,7.09,-0.44,6.65,2.41,1.85,7.43,-0.46,6.97,104
2024,1629642,Nassir Little,PHO,388,5.95,0.04,5.99,3.32,2.05,1.39,0.01,1.4,305
2024,1629643,Chuma Okeke,ORL,357,5.54,1.19,6.74,3.24,2.06,1.18,0.25,1.43,303
2024,1629651,Nic Claxton,BRK,1963,6.83,-0.13,6.7,2.63,2.05,7.83,-0.15,7.68,76
2024,1629652,Luguentz Dort,OKC,2046,6.76,0.1,6.85,2.57,1.96,8.65,0.12,8.77,36
2024,1629655,Daniel Gafford,WAS,1687,6.84,0.42,7.25,3.25,1.99,6.13,0.37,6.5,117
2024,1629656,Quentin Grimes,NYK,928,5.57,0.23,5.79,3.36,1.98,3.55,0.14,3.7,209
2024,1629659,Talen Horton-Tucker,UTA,919,6.65,0.31,6.96,2.44,1.88,3.32,0.15,3.47,216
2024,1629661,Cameron Johnson,BRK,1455,7.02,-1.14,5.89,2.92,1.94,5.97,-0.96,5.0,168
2024,1629667,Jalen McDaniels,TOR,461,5.69,0.87,6.56,3.17,1.98,1.38,0.21,1.59,297
2024,1629670,Jordan Nwora,TOR,632,4.81,0.64,5.46,3.46,1.97,1.6,0.21,1.82,288
2024,1629673,Jordan Poole,WAS,2173,6.0,0.67,6.67,2.53,1.98,6.92,0.78,7.7,75
2024,1629674,Neemias Queta,BOS,292,1.07,-0.22,0.84,4.12,2.07,0.19,-0.04,0.15,361
2024,1629675,Naz Reid,MIN,1735,6.37,0.18,6.54,2.87,1.98,6.65,0.19,6.84,112
2024,1629677,Luka Samanic,UTA,366,1.1,0.62,1.72,4.06,1.93,0.22,0.12,0.34,351
2024,1629680,Matisse Thybulle,POR,1325,6.13,0.51,6.63,3.09,1.94,4.68,0.39,5.07,164
2024,1629684,Grant Williams,DAL,1913,6.29,0.29,6.58,2.77,1.91,7.52,0.35,7.87,66
2024,1629723,John Konchar,MEM,1043,6.24,0.13,6.36,2.94,1.91,3.9,0.08,3.98,201
2024,1629726,Garrison Mathews,ATL,893,7.15,-1.06,6.1,3.14,1.86,3.84,-0.57,3.28,224
2024,1629731,Dean Wade,CLE,1009,6.05,0.49,6.54,3.19,1.98,3.67,0.3,3.97,202
2024,1630162,Anthony Edwards,MIN,2473,6.78,0.06,6.84,2.31,1.86,10.1,0.09,10.18,14
2024,1630163,LaMelo Ball,CHO,641,6.93,0.03,6.96,2.62,1.99,2.43,0.01,2.44,253
2024,1630164,James Wiseman,DET,978,4.48,-0.65,3.83,3.82,1.91,2.75,-0.4,2.35,258
2024,1630165,Killian Hayes,DET,888,5.67,0.62,6.28,3.12,2.02,3.16,0.34,3.51,212
2024,1630166,Deni Avdija,WAS,2087,7.03,0.24,7.27,2.51,1.91,7.8,0.27,8.07,59
2024,1630167,Obi Toppin,IND,1564,6.75,-1.04,5.7,3.29,1.98,6.26,-0.97,5.29,161
2024,1630168,Onyeka Okongwu,ATL,1227,7.06,-0.34,6.72,3.08,1.92,5.21,-0.25,4.96,170
2024,1630169,Tyrese Haliburton,IND,2001,7.65,-0.26,7.39,2.27,1.89,9.08,-0.31,8.77,37
2024,1630170,Devin Vassell,SAS,1985,6.67,-0.04,6.63,2.91,1.99,7.88,-0.05,7.83,69
2024,1630171,Isaac Okoro,CLE,1692,6.87,-0.85,6.02,2.59,1.88,6.98,-0.86,6.12,137
2024,1630172,Patrick Williams,CHI,1057,5.42,0.68,6.09,3.3,1.99,3.42,0.43,3.85,205
2024,1630173,Precious Achiuwa,NYK,1455,6.27,0.14,6.42,3.06,2.02,6.27,0.14,6.41,124
2024,1630174,Aaron Nesmith,IND,1810,6.4,-0.41,6.0,3.34,1.93,6.87,-0.44,6.44,123
2024,1630175,Cole Anthony,ORL,1605,6.49,-0.02,6.47,2.78,1.96,6.18,-0.02,6.16,132
2024,1630178,Tyrese Maxey,PHI,2407,7.38,-1.31,6.07,2.6,1.96,11.1,-1.97,9.13,27
2024,1630180,Saddiq Bey,ATL,1840,7.47,-0.94,6.53,2.43,1.87,8.27,-1.04,7.23,89
2024,1630182,Josh Green,DAL,1331,6.26,0.59,6.85,3.26,1.99,5.21,0.49,5.7,150
2024,1630183,Jaden McDaniels,MIN,1922,6.86,-0.19,6.67,2.57,1.9,7.93,-0.22,7.72,74
2024,1630188,Jalen Smith,IND,944,5.38,-0.29,5.1,3.63,1.98,3.01,-0.16,2.85,241
2024,1630191,Isaiah Stewart,DET,1242,6.58,0.18,6.76,3.06,1.89,5.14,0.14,5.28,162
2024,1630192,Zeke Nnaji,DEN,516,4.08,0.1,4.18,3.73,1.98,1.25,0.03,1.28,312
2024,1630193,Immanuel Quickley,TOR,1780,7.38,0.68,8.06,2.57,1.93,6.92,0.64,7.56,81
2024,1630194,Paul Reed,PHI,1459,3.3,-0.06,3.24,3.96,2.08,3.01,-0.05,2.96,234
2024,1630197,Aleksej Pokusevski,CHO,349,6.29,-1.18,5.1,3.2,1.93,1.2,-0.23,0.98,325
2024,1630198,Isaiah Joe,OKC,1243,6.13,-0.31,5.83,3.4,1.95,4.77,-0.24,4.53,185
2024,1630200,Tre Jones,SAS,1900,7.14,-1.07,6.07,2.84,1.92,8.08,-1.21,6.86,111
2024,1630201,Malachi Flynn,TOR,778,4.85,0.61,5.46,3.58,1.89,1.99,0.25,2.24,267
2024,1630202,Payton Pritchard,BOS,1615,6.33,0.27,6.6,3.41,1.86,6.22,0.27,6.49,118
2024,1630205,Lamar Stevens,MEM,488,4.99,1.33,6.32,3.43,2.01,1.46,0.39,1.85,286
2024,1630208,Nick Richards,CHO,1599,5.13,-0.39,4.74,3.83,1.95,4.49,-0.35,4.15,194
2024,1630209,Omer Yurtseven,UTA,489,2.29,0.49,2.78,4.11,1.91,0.61,0.13,0.74,334
2024,1630214,Xavier Tillman,MEM,892,5.28,0.05,5.33,3.18,2.03,2.83,0.03,2.86,238
2024,1630215,Jared Butler,WAS,504,0.57,0.12,0.69,4.11,1.92,0.15,0.03,0.19,357
2024,1630217,Desmond Bane,MEM,1287,7.12,0.17,7.29,2.79,1.94,5.5,0.13,5.63,152
2024,1630219,Skylar Mays,POR,364,0.63,1.04,1.67,4.13,1.96,0.13,0.22,0.35,350
2024,1630224,Jalen Green,HOU,2360,5.98,-0.32,5.67,2.82,2.08,8.36,-0.44,7.91,64
2024,1630228,Jonathan Kuminga,GSW,1757,6.14,0.66,6.81,3.22,2.02,6.51,0.7,7.21,90
2024,1630230,Naji Marshall,NOP,1080,5.92,0.31,6.23,3.35,1.89,3.86,0.2,4.07,197
2024,1630231,KJ Martin,PHI,645,6.18,-0.38,5.8,2.65,1.89,2.49,-0.15,2.34,259
2024,1630235,Trent Forrest,ATL,367,3.59,0.25,3.84,3.98,1.95,0.79,0.06,0.85,331
2024,1630241,Sam Merrill,CLE,936,1.47,-0.57,0.9,4.04,1.89,0.83,-0.32,0.51,343
2024,1630245,Ayo Dosunmu,CHI,1924,6.5,-0.35,6.15,3.3,1.89,7.48,-0.4,7.07,100
2024,1630249,Vít Krejčí,ATL,475,2.96,-0.91,2.04,4.0,2.04,0.85,-0.26,0.58,338
2024,1630256,Jae'Sean Tate,HOU,888,6.47,-0.04,6.43,2.79,1.84,3.4,-0.02,3.38,220
2024,1630264,Anthony Gill,WAS,415,4.22,0.75,4.97,3.72,2.06,0.93,0.17,1.1,320
2024,1630346,Matt Ryan,NOP,322,0.69,0.19,0.88,4.01,1.94,0.13,0.04,0.17,360
2024,1630526,Jeremiah Robinson-Earl,NOP,259,4.24,-0.02,4.22,3.58,1.97,0.67,-0.0,0.66,337
2024,1630527,Brandon Boston Jr.,LAC,300,2.07,0.82,2.89,3.83,1.9,0.37,0.15,0.52,341
2024,1630529,Herbert Jones,NOP,2084,6.74,-0.38,6.36,2.79,1.95,8.48,-0.48,8.0,63
2024,1630530,Trey Murphy III,NOP,1493,6.55,0.17,6.71,3.16,1.88,5.91,0.15,6.06,141
2024,1630531,Jaden Springer,PHI,439,-0.64,0.71,0.07,4.08,2.07,-0.18,0.19,0.02,367
2024,1630532,Franz Wagner,ORL,2160,6.78,-0.11,6.67,3.03,1.86,8.7,-0.14,8.55,46
2024,1630533,Ziaire Williams,MEM,923,3.95,1.4,5.35,3.64,1.93,2.19,0.78,2.97,232
2024,1630534,Ochai Agbaji,UTA,1471,4.58,-0.22,4.36,3.7,1.95,3.66,-0.18,3.48,215
2024,1630537,Chris Duarte,SAC,633,4.87,1.28,6.15,3.51,1.87,1.88,0.49,2.37,255
2024,1630538,Bones Hyland,LAC,485,5.55,0.38,5.92,3.34,1.96,1.61,0.11,1.72,291
2024,1630540,Miles McBride,NYK,1204,2.52,-0.09,2.43,4.08,1.99,2.09,-0.07,2.01,279
2024,1630541,Moses Moody,GSW,1003,4.5,0.17,4.67,3.83,1.91,2.72,0.1,2.82,242
2024,1630543,Isaiah Jackson,IND,660,5.0,0.22,5.22,3.63,1.92,1.96,0.08,2.04,277
2024,1630544,Tre Mann,CHO,895,6.03,0.03,6.06,3.24,1.94,2.95,0.01,2.97,233
2024,1630548,Johnny Juzang,UTA,318,2.13,-1.02,1.11,4.08,1.92,0.37,-0.18,0.19,358
2024,1630549,Day'Ron Sharpe,BRK,788,2.88,-0.09,2.8,3.99,1.87,1.33,-0.04,1.29,309
2024,1630550,JT Thor,CHO,685,4.98,-0.4,4.58,3.6,1.98,1.87,-0.15,1.72,292
2024,1630552,Jalen Johnson,ATL,1684,4.32,0.33,4.65,3.74,2.03,4.38,0.33,4.71,178
2024,1630557,Corey Kispert,WAS,1879,7.15,-1.46,5.68,2.98,1.92,7.14,-1.46,5.68,151
2024,1630558,Davion Mitchell,SAC,922,6.85,-0.83,6.03,2.86,2.02,3.85,-0.46,3.38,221
2024,1630559,Austin Reaves,LAL,2394,7.04,-0.36,6.68,3.01,1.88,10.22,-0.52,9.7,18
2024,1630560,Cam Thomas,BRK,1886,5.69,-0.12,5.57,3.51,1.98,6.26,-0.13,6.13,136
2024,1630567,Scottie Barnes,TOR,1877,6.69,0.15,6.84,3.0,1.89,6.61,0.15,6.76,113
2024,1630570,Trendon Watford,BRK,724,4.61,0.6,5.22,3.62,2.0,1.95,0.26,2.21,269
2024,1630572,Sandro Mamukelashvili,SAS,395,1.75,0.28,2.03,3.92,1.95,0.41,0.07,0.48,346
2024,1630573,Sam Hauser,BOS,1544,4.62,-0.36,4.25,3.76,1.96,4.34,-0.34,4.0,200
2024,1630577,Julian Champagnie,SAS,1326,-0.13,0.56,0.42,4.19,1.93,-0.1,0.44,0.34,352
2024,1630578,Alperen Sengun,HOU,1852,6.64,-1.02,5.62,3.17,1.95,7.28,-1.12,6.16,133
2024,1630579,Jericho Sims,NYK,524,2.65,-0.48,2.17,4.13,1.92,0.96,-0.17,0.78,333
2024,1630581,Josh Giddey,OKC,1875,6.44,0.68,7.12,2.92,1.92,7.55,0.8,8.35,53
2024,1630583,Santi Aldama,MEM,1435,5.0,0.28,5.28,3.47,1.93,4.31,0.24,4.55,183
2024,1630587,Isaiah Livers,DET,398,3.8,-0.03,3.77,3.75,1.9,0.95,-0.01,0.95,327
2024,1630590,Scotty Pippen Jr.,MEM,481,0.03,0.04,0.06,4.16,2.02,0.01,0.01,0.02,368
2024,1630591,Jalen Suggs,ORL,1839,5.36,0.03,5.39,3.43,1.98,5.85,0.03,5.88,145
2024,1630595,Cade Cunningham,DET,1859,5.86,0.12,5.98,3.21,2.02,6.85,0.14,6.99,102
2024,1630596,Evan Mobley,CLE,1373,6.97,-0.3,6.67,2.74,2.02,5.75,-0.25,5.5,156
2024,1630598,Aaron Wiggins,OKC,1104,6.8,-0.87,5.94,3.08,1.92,4.7,-0.6,4.1,195
2024,1630625,Dalano Banton,POR,948,2.22,0.57,2.8,4.08,2.05,1.22,0.31,1.53,298
2024,1630631,Jose Alvarado,NOP,886,5.76,0.61,6.37,3.31,1.98,3.08,0.33,3.41,219
2024,1630639,A.J. Lawson,DAL,259,-0.53,0.79,0.27,4.0,2.0,-0.09,0.13,0.04,365
2024,1630647,Eugene Omoruyi,WAS,324,2.49,0.41,2.89,3.76,2.04,0.43,0.07,0.5,344
2024,1630692,Jordan Goodwin,PHO,909,3.54,0.69,4.22,3.78,1.99,1.94,0.38,2.31,262
2024,1630699,MarJon Beauchamp,MIL,497,1.13,0.51,1.64,4.14,2.06,0.34,0.15,0.49,345
2024,1630700,Dyson Daniels,NOP,1164,2.98,0.91,3.89,3.99,1.97,2.09,0.64,2.73,245
2024,1630702,Jaden Hardy,DAL,875,0.65,0.99,1.64,4.04,1.9,0.35,0.54,0.9,329
2024,1631093,Jaden Ivey,DET,1997,3.61,1.29,4.9,3.73,2.05,4.52,1.62,6.14,135
2024,1631094,Paolo Banchero,ORL,2527,4.93,0.31,5.24,3.66,1.88,7.39,0.47,7.86,68
2024,1631095,Jabari Smith Jr.,HOU,2234,5.49,-0.84,4.65,3.37,2.01,7.26,-1.11,6.15,134
2024,1631097,Bennedict Mathurin,IND,1376,6.4,-0.76,5.65,3.27,2.06,5.23,-0.62,4.61,181
2024,1631098,Johnny Davis,WAS,550,1.49,0.48,1.97,3.96,1.99,0.44,0.14,0.58,339
2024,1631099,Keegan Murray,SAC,2277,5.22,0.57,5.78,3.64,2.06,7.23,0.79,8.02,62
2024,1631101,Shaedon Sharpe,POR,944,4.23,0.46,4.69,3.57,1.99,2.3,0.25,2.55,250
2024,1631103,Malaki Branham,SAS,1447,2.68,1.19,3.87,3.85,1.95,2.31,1.02,3.33,222
2024,1631104,Blake Wesley,SAS,741,2.23,0.18,2.41,4.07,2.01,0.98,0.08,1.06,321
2024,1631105,Jalen Duren,DET,1591,6.02,-0.7,5.32,3.55,1.94,6.01,-0.7,5.31,159
2024,1631106,Tari Eason,HOU,431,4.88,0.44,5.32,3.56,1.95,1.25,0.11,1.36,306
2024,1631107,Nikola Jović,MIA,822,0.2,0.54,0.74,4.1,1.95,0.1,0.27,0.37,349
2024,1631108,Max Christie,LAL,863,1.1,0.73,1.83,4.05,2.02,0.58,0.38,0.96,326
2024,1631109,Mark Williams,CHO,471,3.1,-0.26,2.84,3.95,2.07,0.8,-0.07,0.73,335
2024,1631110,Jeremy Sochan,SAS,1957,3.97,0.64,4.61,3.58,1.91,4.62,0.75,5.37,158
2024,1631114,Jalen Williams,OKC,2089,6.12,-0.71,5.41,3.43,1.93,7.99,-0.92,7.07,101
2024,1631115,Orlando Robinson,MIA,265,1.91,-0.04,1.87,3.95,1.89,0.31,-0.01,0.3,354
2024,1631116,Patrick Baldwin Jr.,WAS,455,-0.67,0.79,0.12,4.0,1.98,-0.16,0.19,0.03,366
2024,1631117,Walker Kessler,UTA,1333,5.4,-0.64,4.75,3.47,1.98,3.91,-0.47,3.44,218
2024,1631119,Jaylin Williams,OKC,791,4.13,0.13,4.26,3.76,1.99,2.04,0.07,2.11,273
2024,1631121,Bryce McGowens,CHO,769,2.61,-0.1,2.51,3.8,2.04,1.1,-0.04,1.06,322
2024,1631128,Christian Braun,DEN,1470,3.05,0.4,3.45,3.95,2.02,2.65,0.35,3.0,230
2024,1631133,Jabari Walker,POR,1512,1.99,0.34,2.33,3.94,2.09,1.73,0.3,2.03,278
2024,1631165,Keon Ellis,SAC,860,0.38,0.27,0.64,3.95,2.0,0.2,0.14,0.34,353
2024,1631172,Ousmane Dieng,OKC,328,1.34,0.66,2.01,3.9,2.0,0.28,0.14,0.41,347
2024,1631207,Dalen Terry,CHI,606,0.02,0.63,0.65,4.12,1.95,0.01,0.23,0.23,355
2024,1631212,Peyton Watson,DEN,1326,-0.11,0.82,0.71,3.95,1.92,-0.08,0.64,0.56,340
2024,1631216,Caleb Houstan,ORL,721,2.52,-0.17,2.35,4.15,1.87,1.08,-0.07,1.01,324
2024,1631222,Jake LaRavia,MEM,695,0.67,0.3,0.98,3.99,1.83,0.28,0.13,0.41,348
2024,1631223,David Roddy,MEM,1018,2.54,1.33,3.88,4.03,2.0,1.56,0.82,2.37,256
2024,1631230,Dominick Barlow,SAS,353,0.72,0.13,0.85,4.07,2.03,0.15,0.03,0.18,359
2024,1631246,Vince Williams Jr.,MEM,1300,-0.13,0.15,0.01,4.05,1.93,-0.1,0.11,0.01,369
2024,1631260,AJ Green,MIL,525,2.0,-0.36,1.64,4.16,1.97,0.64,-0.12,0.52,342
2024,1631303,Justin Minaya,POR,336,-0.35,0.73,0.39,4.09,1.99,-0.07,0.14,0.08,362
2024,1631311,Lester Quinones,GSW,326,0.22,0.14,0.36,4.06,2.11,0.04,0.03,0.07,363
2024,1631323,Simone Fontecchio,UTA,1500,3.75,-0.42,3.33,3.79,2.02,3.05,-0.34,2.71,246
2024,1631367,Jacob Gilyard,MEM,623,0.17,-0.17,0.0,3.92,1.99,0.06,-0.06,0.0,371
2025,2544,LeBron James,LAL,2172,7.17,-0.64,6.53,2.34,1.86,8.76,-0.78,7.98,79
2025,101108,Chris Paul,SAS,2081,7.31,-0.68,6.63,2.42,1.89,10.81,-1.01,9.81,34
2025,200768,Kyle Lowry,PHI,590,6.7,0.56,7.26,3.09,1.99,2.51,0.21,2.72,247
2025,201142,Kevin Durant,PHO,2005,7.48,-0.97,6.51,2.39,1.9,9.16,-1.19,7.97,80
2025,201143,Al Horford,BOS,1506,6.61,0.72,7.33,2.72,1.88,6.35,0.69,7.05,104
2025,201144,Mike Conley,MIN,1656,6.97,-0.24,6.73,2.52,1.94,7.44,-0.25,7.19,97
2025,201145,Jeff Green,HOU,354,6.75,0.98,7.73,2.95,1.82,1.56,0.23,1.79,297
2025,201566,Russell Westbrook,DEN,1892,6.19,0.45,6.63,2.22,1.82,7.49,0.54,8.03,77
2025,201569,Eric Gordon,PHI,690,7.4,-1.37,6.03,2.34,1.93,3.24,-0.6,2.64,252
2025,201572,Brook Lopez,MIL,2309,6.77,-0.19,6.58,2.94,1.9,9.76,-0.28,9.48,41
2025,201587,Nicolas Batum,LAC,1234,6.66,0.5,7.16,2.78,1.84,4.95,0.37,5.32,155
2025,201599,DeAndre Jordan,DEN,675,3.39,0.17,3.56,3.78,1.9,1.47,0.07,1.54,309
2025,201935,James Harden,LAC,2505,7.06,-0.56,6.5,2.28,1.84,10.65,-0.85,9.8,35
2025,201939,Stephen Curry,GSW,1999,7.28,-0.42,6.87,2.39,1.94,8.94,-0.51,8.43,68
2025,201942,DeMar DeRozan,SAC,2471,7.53,-0.81,6.72,2.36,1.91,12.48,-1.35,11.13,10
2025,201950,Jrue Holiday,BOS,1734,6.81,0.63,7.44,2.56,1.99,7.54,0.7,8.23,73
2025,201959,Taj Gibson,CHO,351,3.17,0.95,4.12,3.6,2.03,0.77,0.23,1.0,335
2025,201988,Patty Mills,UTA,275,7.19,-0.3,6.89,2.9,1.95,1.27,-0.05,1.22,320
2025,202331,Paul George,PHI,1225,6.09,1.03,7.12,2.63,1.84,4.73,0.8,5.53,150
2025,202681,Kyrie Irving,DAL,1632,7.24,0.56,7.8,2.45,1.88,8.01,0.62,8.63,63
2025,202684,Tristan Thompson,CLE,283,2.83,0.94,3.77,3.89,1.89,0.51,0.17,0.68,351
2025,202685,Jonas Valančiūnas,WAS,1338,7.26,-0.41,6.85,2.89,1.82,6.55,-0.37,6.18,131
2025,202687,Bismack Biyombo,SAS,498,4.91,0.44,5.35,3.91,1.91,1.74,0.16,1.9,291
2025,202691,Klay Thompson,DAL,1837,6.68,0.34,7.03,2.71,1.93,8.32,0.43,8.75,59
2025,202692,Alec Burks,MIA,769,6.8,-0.67,6.12,2.78,1.86,3.85,-0.38,3.47,216
2025,202695,Kawhi Leonard,LAC,1094,6.43,0.07,6.5,3.15,1.9,4.24,0.05,4.28,188
2025,202696,Nikola Vučević,CHI,2000,7.11,-0.3,6.81,2.63,1.86,8.87,-0.38,8.49,67
2025,202699,Tobias Harris,DET,2028,6.73,0.34,7.07,2.27,1.94,9.41,0.48,9.89,26
2025,202704,Reggie Jackson,PHI,355,6.22,0.52,6.75,2.54,1.92,1.4,0.12,1.52,310
2025,202709,Cory Joseph,ORL,530,6.26,-0.39,5.88,3.03,1.95,2.16,-0.13,2.02,282
2025,202710,Jimmy Butler III,GSW,1545,7.35,-1.05,6.3,2.63,1.85,6.97,-1.0,5.98,134
2025,203076,Anthony Davis,LAL,1530,6.31,1.1,7.4,2.62,1.94,5.43,0.95,6.37,127
2025,203078,Bradley Beal,PHO,1548,7.29,0.34,7.64,2.99,1.88,6.89,0.32,7.22,95
2025,203081,Damian Lillard,MIL,1863,7.43,-0.04,7.4,2.53,1.87,8.65,-0.04,8.61,64
2025,203083,Andre Drummond,PHI,691,5.97,0.07,6.04,3.01,1.83,2.62,0.03,2.65,250
2025,203084,Harrison Barnes,SAS,2046,7.69,-0.91,6.78,2.52,1.91,11.18,-1.32,9.86,30
2025,203110,Draymond Green,GSW,1807,6.1,0.62,6.72,2.71,1.88,6.77,0.68,7.46,88
2025,203114,Khris Middleton,MIL,747,6.73,0.71,7.44,2.96,1.99,3.14,0.33,3.47,217
2025,203458,Alex Len,SAC,323,3.47,0.24,3.7,3.68,1.96,0.75,0.05,0.8,343
2025,203468,CJ McCollum,NOP,1641,7.39,-0.29,7.11,2.76,1.94,7.43,-0.29,7.15,100
2025,203471,Dennis Schröder,BRK,1836,7.21,-0.46,6.74,2.64,1.91,8.3,-0.53,7.77,83
2025,203482,Kelly Olynyk,NOP,809,6.55,0.27,6.82,2.97,1.86,3.25,0.13,3.38,220
2025,203484,Kentavious Caldwell-Pope,ORL,2062,6.43,1.0,7.43,2.43,1.93,8.6,1.34,9.94,24
2025,203486,Mason Plumlee,PHO,1169,7.09,-0.15,6.93,2.91,1.88,5.06,-0.11,4.94,168
2025,203497,Rudy Gobert,MIN,2206,7.08,0.31,7.39,2.41,1.93,10.08,0.44,10.52,15
2025,203500,Steven Adams,HOU,702,6.15,1.12,7.27,3.31,1.97,2.82,0.51,3.33,224
2025,203501,Tim Hardaway Jr.,DET,1933,7.15,-0.13,7.02,2.46,1.99,9.54,-0.17,9.37,43
2025,203507,Giannis Antetokounmpo,MIL,2024,7.33,0.35,7.69,2.46,1.83,9.27,0.45,9.72,38
2025,203552,Seth Curry,CHO,934,7.29,-0.38,6.9,2.79,1.91,4.68,-0.25,4.44,184
2025,203897,Zach LaVine,CHI,2278,7.33,-0.76,6.56,2.79,1.91,10.41,-1.08,9.32,44
2025,203901,Elfrid Payton,NOP,456,2.51,0.06,2.57,3.96,2.05,0.7,0.02,0.72,348
2025,203903,Jordan Clarkson,UTA,842,6.99,-0.76,6.23,2.31,1.96,3.79,-0.41,3.38,221
2025,203914,Gary Harris,ORL,618,5.55,1.06,6.61,3.32,1.94,2.23,0.42,2.65,251
2025,203915,Spencer Dinwiddie,DAL,1899,7.15,-0.39,6.77,2.61,1.88,9.21,-0.5,8.71,60
2025,203924,Jerami Grant,POR,1374,6.58,0.35,6.93,2.62,1.89,5.87,0.31,6.19,130
2025,203926,Doug McDermott,SAC,284,7.19,-0.3,6.89,2.87,1.96,1.37,-0.06,1.31,316
2025,203932,Aaron Gordon,DEN,1281,7.64,0.39,8.03,2.76,1.77,6.26,0.32,6.58,115
2025,203935,Marcus Smart,MEM,572,5.98,1.83,7.81,2.85,1.93,2.19,0.67,2.85,244
2025,203937,Kyle Anderson,GSW,884,6.78,0.69,7.47,2.76,1.96,3.68,0.38,4.05,197
2025,203939,Dwight Powell,DAL,473,6.84,-0.39,6.45,3.23,1.98,2.19,-0.13,2.07,279
2025,203944,Julius Randle,MIN,1979,6.95,-0.08,6.87,2.34,1.89,8.88,-0.1,8.78,58
2025,203952,Andrew Wiggins,GSW,1677,6.79,0.04,6.83,2.72,1.8,6.99,0.04,7.03,105
2025,203954,Joel Embiid,PHI,513,7.21,-1.47,5.74,2.2,1.87,2.35,-0.48,1.87,294
2025,203957,Danté Exum,DAL,342,4.62,-0.31,4.31,3.94,1.93,1.07,-0.07,1.0,336
2025,203991,Clint Capela,ATL,1075,6.66,-0.74,5.92,2.97,1.91,5.19,-0.58,4.62,177
2025,203992,Bogdan Bogdanović,LAC,1174,6.82,0.33,7.15,2.74,1.97,4.82,0.23,5.05,167
2025,203994,Jusuf Nurkić,PHO,985,5.91,0.71,6.62,3.05,1.86,3.56,0.42,3.98,199
2025,203995,Vasilije Micić,CHO,678,2.55,0.56,3.11,3.82,1.89,1.19,0.26,1.45,312
2025,203999,Nikola Jokić,DEN,2219,7.49,-0.37,7.12,2.38,1.87,10.64,-0.53,10.12,20
2025,204001,Kristaps Porziņģis,BOS,1132,7.01,0.24,7.26,2.9,1.92,5.07,0.17,5.24,158
2025,204456,T.J. McConnell,IND,1246,6.42,0.02,6.44,3.14,1.88,5.14,0.01,5.15,163
2025,1626145,Tyus Jones,PHO,1980,7.77,-0.17,7.6,2.65,1.92,9.39,-0.2,9.18,47
2025,1626153,Delon Wright,MIL,561,6.64,-0.64,6.0,3.08,2.0,2.33,-0.22,2.1,276
2025,1626156,D'Angelo Russell,LAL,1323,6.49,1.51,8.0,2.63,1.93,4.83,1.12,5.96,138
2025,1626157,Karl-Anthony Towns,NYK,2322,7.04,1.0,8.04,2.68,1.86,10.38,1.47,11.84,7
2025,1626158,Richaun Holmes,WAS,473,5.67,-0.69,4.97,3.61,1.9,1.81,-0.22,1.59,308
2025,1626162,Kelly Oubre Jr.,PHI,1891,6.75,0.89,7.65,2.59,1.87,8.1,1.07,9.17,48
2025,1626164,Devin Booker,PHO,2537,7.85,-0.5,7.35,2.43,1.94,12.16,-0.77,11.39,8
2025,1626166,Cameron Payne,NYK,989,6.39,0.1,6.49,3.01,1.97,4.01,0.07,4.08,195
2025,1626167,Myles Turner,IND,1938,6.45,-0.3,6.15,2.78,1.87,8.03,-0.38,7.65,86
2025,1626168,Trey Lyles,SAC,1188,6.44,0.43,6.87,3.03,1.86,5.14,0.34,5.48,154
2025,1626171,Bobby Portis,MIL,1100,6.55,0.43,6.99,2.58,2.01,4.5,0.3,4.8,173
2025,1626172,Kevon Looney,GSW,960,6.43,0.52,6.95,3.29,1.86,3.79,0.31,4.1,193
2025,1626179,Terry Rozier,MIA,1467,5.91,1.27,7.18,2.33,1.97,6.39,1.37,7.76,84
2025,1626181,Norman Powell,LAC,1824,6.95,-0.36,6.59,2.46,1.84,7.64,-0.4,7.24,94
2025,1626192,Pat Connaughton,MIL,533,6.77,0.26,7.04,2.63,1.86,2.26,0.09,2.34,262
2025,1626204,Larry Nance Jr.,ATL,399,6.95,-0.47,6.49,2.74,1.91,2.02,-0.14,1.88,293
2025,1626220,Royce O'Neale,PHO,1619,7.04,0.01,7.05,2.22,1.89,6.96,0.01,6.97,106
2025,1627732,Ben Simmons,BRK,992,3.02,0.99,4.01,3.97,1.94,1.88,0.61,2.49,256
2025,1627734,Domantas Sabonis,SAC,2178,7.26,-0.68,6.59,2.5,2.0,10.61,-0.99,9.62,40
2025,1627736,Malik Beasley,DET,1969,7.15,0.61,7.75,2.29,1.79,9.71,0.83,10.54,14
2025,1627739,Kris Dunn,LAC,1658,4.28,0.93,5.21,3.56,1.99,4.27,0.93,5.2,160
2025,1627741,Buddy Hield,GSW,1595,6.36,1.13,7.49,2.27,1.88,6.23,1.11,7.33,90
2025,1627742,Brandon Ingram,NOP,545,6.29,0.19,6.48,2.78,1.88,2.1,0.06,2.17,267
2025,1627747,Caris LeVert,CLE,1361,6.96,-1.11,5.85,2.54,1.85,6.02,-0.96,5.06,166
2025,1627749,Dejounte Murray,NOP,913,6.16,0.46,6.61,2.17,1.82,3.45,0.26,3.7,208
2025,1627750,Jamal Murray,DEN,2200,6.55,-0.1,6.45,3.31,1.95,9.23,-0.14,9.08,50
2025,1627751,Jakob Poeltl,TOR,1490,6.89,-0.13,6.76,2.68,1.9,6.51,-0.12,6.39,126
2025,1627752,Taurean Prince,MIL,1936,6.68,0.92,7.61,2.66,1.95,8.08,1.11,9.2,46
2025,1627759,Jaylen Brown,BOS,1994,6.89,-0.47,6.42,2.35,1.92,8.77,-0.6,8.17,75
2025,1627763,Malcolm Brogdon,WAS,519,7.34,-1.18,6.15,3.01,1.91,2.57,-0.42,2.16,270
2025,1627777,Georges Niang,CLE,1486,6.98,-0.67,6.31,2.22,1.87,6.59,-0.63,5.96,139
2025,1627780,Gary Payton II,GSW,837,5.92,0.24,6.16,3.48,1.94,3.04,0.12,3.16,231
2025,1627783,Pascal Siakam,IND,2271,7.22,-0.12,7.1,2.35,1.85,10.52,-0.17,10.35,19
2025,1627826,Ivica Zubac,LAC,2401,6.89,0.04,6.93,2.78,1.86,9.97,0.05,10.02,22
2025,1627827,Dorian Finney-Smith,LAL,1607,6.63,0.45,7.08,2.59,1.82,6.0,0.4,6.4,125
2025,1627832,Fred VanVleet,HOU,1872,6.75,0.55,7.3,2.56,1.95,8.25,0.67,8.92,56
2025,1627884,Derrick Jones Jr.,LAC,1666,6.69,-0.27,6.42,2.75,1.94,6.71,-0.27,6.44,121
2025,1627936,Alex Caruso,OKC,918,6.51,-0.07,6.45,2.94,1.89,3.85,-0.04,3.81,205
2025,1628366,Lonzo Ball,CHI,672,2.58,0.07,2.64,3.83,1.97,1.08,0.03,1.11,325
2025,1628368,De'Aaron Fox,SAC,2005,7.06,-0.53,6.53,2.44,1.85,9.5,-0.71,8.79,57
2025,1628369,Jayson Tatum,BOS,2327,6.98,1.12,8.1,2.34,1.83,10.37,1.67,12.04,5
2025,1628370,Malik Monk,SAC,1824,6.78,0.91,7.69,2.46,1.88,8.3,1.12,9.41,42
2025,1628371,Jonathan Isaac,ORL,931,3.72,0.33,4.04,3.96,1.91,2.25,0.2,2.44,258
2025,1628374,Lauri Markkanen,UTA,1324,7.55,-0.87,6.68,2.44,1.8,6.43,-0.74,5.69,146
2025,1628378,Donovan Mitchell,CLE,1998,7.18,1.23,8.4,2.5,1.88,9.11,1.56,10.66,13
2025,1628379,Luke Kennard,MEM,1281,7.13,-0.21,6.92,2.6,1.91,5.83,-0.17,5.66,148
2025,1628380,Zach Collins,CHI,866,6.58,-0.12,6.46,3.02,1.97,3.55,-0.06,3.49,215
2025,1628381,John Collins,UTA,1086,7.2,-1.21,5.98,2.78,1.88,5.03,-0.85,4.18,191
2025,1628384,OG Anunoby,NYK,2476,6.87,-0.58,6.29,2.73,1.88,10.79,-0.92,9.88,27
2025,1628386,Jarrett Allen,CLE,2074,7.19,-0.31,6.88,2.54,1.91,9.47,-0.41,9.06,51
2025,1628389,Bam Adebayo,MIA,2446,6.97,-0.65,6.32,2.62,1.86,12.57,-1.18,11.39,9
2025,1628392,Isaiah Hartenstein,OKC,1483,6.73,0.48,7.22,2.53,1.86,6.43,0.46,6.89,109
2025,1628398,Kyle Kuzma,MIL,1774,6.17,1.3,7.48,2.59,1.88,6.84,1.44,8.28,71
2025,1628401,Derrick White,BOS,2368,7.11,0.13,7.24,2.36,1.93,10.74,0.19,10.94,12
2025,1628404,Josh Hart,NYK,2644,7.33,0.06,7.39,2.38,1.92,12.3,0.1,12.4,3
2025,1628415,Dillon Brooks,HOU,2091,7.02,-0.4,6.62,2.59,1.92,9.58,-0.55,9.03,52
2025,1628418,Thomas Bryant,IND,848,3.96,-0.29,3.66,3.78,1.91,2.15,-0.16,1.99,284
2025,1628420,Monté Morris,PHO,506,6.86,-0.07,6.78,3.05,1.96,2.12,-0.02,2.1,277
2025,1628436,Luke Kornet,BOS,1197,4.44,0.2,4.65,3.89,1.92,3.4,0.16,3.55,214
2025,1628449,Chris Boucher,TOR,762,6.7,-0.21,6.5,3.04,1.94,3.24,-0.1,3.14,232
2025,1628464,Daniel Theis,NOP,571,5.01,-0.34,4.67,3.72,1.97,1.76,-0.12,1.64,304
2025,1628467,Maxi Kleber,DAL,553,5.55,1.33,6.88,3.13,1.93,2.08,0.5,2.58,254
2025,1628470,Torrey Craig,BOS,283,6.51,-0.68,5.84,2.78,1.93,1.18,-0.12,1.06,328
2025,1628960,Grayson Allen,PHO,1358,7.45,0.05,7.5,2.59,1.84,6.18,0.04,6.22,129
2025,1628964,Mo Bamba,LAC,366,5.53,0.09,5.63,3.12,1.88,1.22,0.02,1.24,318
2025,1628969,Mikal Bridges,NYK,2754,7.24,-0.39,6.84,1.98,1.92,12.64,-0.69,11.95,6
2025,1628970,Miles Bridges,CHO,1802,6.54,0.02,6.56,2.72,1.87,8.11,0.02,8.13,76
2025,1628971,Bruce Brown,NOP,825,6.41,-0.05,6.36,2.56,1.9,3.24,-0.02,3.22,229
2025,1628973,Jalen Brunson,NYK,2064,7.55,0.09,7.64,2.43,1.83,9.88,0.12,10.0,23
2025,1628975,Jevon Carter,CHI,263,6.13,0.27,6.4,3.01,1.91,1.01,0.04,1.05,329
2025,1628976,Wendell Carter Jr.,ORL,1591,6.08,0.14,6.22,3.27,1.96,6.28,0.14,6.42,123
2025,1628978,Donte DiVincenzo,MIN,1380,6.75,-0.27,6.48,2.44,1.94,6.01,-0.24,5.77,145
2025,1628983,Shai Gilgeous-Alexander,OKC,2329,7.29,0.04,7.33,2.27,1.83,10.92,0.06,10.99,11
2025,1628988,Aaron Holiday,HOU,711,6.72,0.45,7.17,3.26,1.88,3.12,0.21,3.33,225
2025,1628989,Kevin Huerter,SAC,1502,6.73,0.47,7.2,2.76,1.86,6.78,0.48,7.26,92
2025,1628991,Jaren Jackson Jr.,MEM,1993,6.95,0.73,7.68,2.47,1.95,8.84,0.93,9.77,37
2025,1628997,Caleb Martin,PHI,1090,5.72,0.77,6.48,2.64,1.89,3.95,0.53,4.49,181
2025,1628998,Cody Martin,CHO,961,5.08,1.22,6.3,3.41,1.97,3.36,0.8,4.16,192
2025,1629003,Shake Milton,BRK,740,6.82,0.61,7.43,2.94,1.9,3.17,0.28,3.45,218
2025,1629004,Svi Mykhailiuk,UTA,689,4.89,0.01,4.89,3.6,1.87,2.17,0.0,2.17,268
2025,1629006,Josh Okogie,PHO,546,6.26,0.11,6.37,3.25,1.88,2.09,0.04,2.13,273
2025,1629008,Michael Porter Jr.,DEN,2334,6.73,0.24,6.97,3.25,1.91,10.05,0.37,10.41,18
2025,1629011,Mitchell Robinson,NYK,259,6.87,-0.25,6.63,3.15,1.97,1.13,-0.04,1.09,326
2025,1629012,Collin Sexton,UTA,1606,7.22,-1.01,6.21,3.25,1.94,7.46,-1.04,6.42,124
2025,1629013,Landry Shamet,NYK,692,6.08,-0.3,5.78,3.4,1.92,2.67,-0.13,2.54,255
2025,1629014,Anfernee Simons,POR,2076,7.27,-1.48,5.79,2.63,1.91,9.81,-2.0,7.81,82
2025,1629018,Gary Trent Jr.,MIL,1641,6.69,-0.3,6.39,2.82,1.84,6.86,-0.31,6.55,116
2025,1629020,Jarred Vanderbilt,LAL,486,6.29,1.44,7.73,3.18,1.91,1.72,0.4,2.12,274
2025,1629021,Moritz Wagner,ORL,491,6.85,-0.33,6.52,2.93,1.94,2.18,-0.11,2.08,278
2025,1629022,Lonnie Walker IV,PHI,424,6.88,-0.4,6.48,3.02,1.92,1.85,-0.11,1.75,300
2025,1629023,P.J. Washington,DAL,1682,6.2,0.17,6.37,2.41,1.91,7.07,0.2,7.26,93
2025,1629026,Kenrich Williams,OKC,981,6.57,0.27,6.84,2.91,1.9,4.15,0.17,4.32,187
2025,1629027,Trae Young,ATL,2383,7.29,-0.27,7.02,2.69,1.92,12.6,-0.47,12.13,4
2025,1629028,Deandre Ayton,POR,1074,6.43,-0.2,6.24,2.6,1.91,4.49,-0.14,4.35,186
2025,1629029,Luka Dončić,LAL,1600,6.98,-0.54,6.44,2.04,1.92,6.28,-0.49,5.8,144
2025,1629048,Goga Bitadze,ORL,1292,5.4,-0.03,5.37,3.63,1.97,4.52,-0.02,4.5,180
2025,1629057,Robert Williams III,POR,299,5.14,-0.13,5.01,3.65,2.0,1.0,-0.03,0.98,338
2025,1629060,Rui Hachimura,LAL,1691,7.12,-0.07,7.05,2.84,1.9,6.77,-0.07,6.71,112
2025,1629111,Jock Landale,HOU,442,6.17,0.63,6.8,3.45,1.83,1.78,0.18,1.97,286
2025,1629130,Duncan Robinson,MIA,1626,6.54,0.17,6.7,3.03,1.98,7.83,0.2,8.03,78
2025,1629162,Jordan McLaughlin,SAC,255,5.29,0.78,6.07,3.41,1.95,0.91,0.13,1.04,332
2025,1629216,Gabe Vincent,LAL,1320,6.04,0.33,6.37,3.14,1.9,4.49,0.25,4.73,175
2025,1629234,Drew Eubanks,UTA,639,6.54,-0.24,6.3,2.81,1.82,2.7,-0.1,2.59,253
2025,1629312,Haywood Highsmith,MIA,1632,4.97,-0.32,4.66,3.67,1.96,5.98,-0.38,5.6,149
2025,1629599,Amir Coffey,LAC,1495,6.88,0.56,7.45,2.89,1.95,6.19,0.51,6.7,113
2025,1629610,DaQuan Jeffries,CHO,946,-0.68,0.85,0.17,3.93,2.0,-0.44,0.55,0.11,374
2025,1629611,Terance Mann,LAC,1272,7.06,-0.23,6.83,2.53,2.01,5.41,-0.17,5.24,159
2025,1629614,Andrew Nembhard,IND,1687,6.19,0.81,6.99,3.19,1.85,6.7,0.88,7.58,87
2025,1629618,Jalen Pickett,DEN,572,0.78,-0.27,0.51,3.96,1.84,0.28,-0.1,0.18,371
2025,1629622,Max Strus,CLE,1145,7.19,0.42,7.61,2.57,1.9,5.23,0.31,5.53,151
2025,1629626,Bol Bol,PHO,401,5.08,-0.29,4.79,3.53,1.98,1.25,-0.07,1.17,322
2025,1629627,Zion Williamson,NOP,774,6.29,-0.09,6.2,3.56,1.98,2.99,-0.04,2.94,240
2025,1629628,RJ Barrett,TOR,1674,6.41,-0.19,6.22,2.52,1.89,6.8,-0.2,6.6,114
2025,1629629,Cam Reddish,LAL,530,5.05,0.86,5.91,3.38,1.94,1.5,0.26,1.76,299
2025,1629630,Ja Morant,MEM,1358,6.86,0.02,6.89,2.95,1.84,5.95,0.02,5.97,136
2025,1629631,De'Andre Hunter,ATL,1436,7.34,-0.68,6.66,2.56,1.95,7.65,-0.7,6.95,108
2025,1629632,Coby White,CHI,2161,7.29,0.03,7.33,2.54,1.91,9.83,0.05,9.87,28
2025,1629634,Brandon Clarke,MEM,1040,6.16,-0.25,5.91,3.24,1.98,4.09,-0.17,3.92,202
2025,1629636,Darius Garland,CLE,2072,7.36,0.08,7.44,2.49,1.91,9.68,0.11,9.79,36
2025,1629637,Jaxson Hayes,LAL,998,6.19,-0.69,5.51,3.38,1.86,3.48,-0.39,3.09,236
2025,1629638,Nickeil Alexander-Walker,MIN,1773,6.81,0.51,7.33,2.78,1.93,7.79,0.59,8.38,69
2025,1629639,Tyler Herro,MIA,2467,6.87,0.84,7.71,2.73,1.88,12.48,1.53,14.01,1
2025,1629640,Keldon Johnson,SAS,1533,7.28,-0.6,6.68,2.31,1.74,7.93,-0.65,7.28,91
2025,1629645,Kevin Porter Jr.,LAC,1291,6.73,-0.79,5.94,3.0,1.93,5.24,-0.62,4.62,178
2025,1629646,Charles Bassey,SAS,307,2.92,0.36,3.28,3.78,1.96,0.64,0.08,0.72,349
2025,1629651,Nic Claxton,BRK,1694,6.8,-0.13,6.67,2.63,1.87,7.23,-0.14,7.09,102
2025,1629652,Luguentz Dort,OKC,1889,6.88,0.15,7.02,2.54,1.82,8.36,0.18,8.54,65
2025,1629655,Daniel Gafford,DAL,1112,7.06,-0.09,6.97,2.8,1.91,5.32,-0.07,5.26,157
2025,1629656,Quentin Grimes,DAL,1793,6.7,-0.89,5.81,3.08,1.92,8.14,-1.08,7.07,103
2025,1629659,Talen Horton-Tucker,CHI,601,6.96,-0.5,6.46,2.73,1.86,2.61,-0.19,2.42,260
2025,1629660,Ty Jerome,CLE,1199,5.75,-0.41,5.35,3.56,2.01,4.38,-0.31,4.07,196
2025,1629661,Cameron Johnson,BRK,1591,7.36,-1.53,5.83,2.56,1.89,7.35,-1.53,5.82,142
2025,1629673,Jordan Poole,WAS,1814,7.2,0.35,7.55,2.24,1.88,8.81,0.43,9.24,45
2025,1629674,Neemias Queta,BOS,765,3.05,-0.43,2.62,3.82,1.95,1.49,-0.21,1.28,317
2025,1629675,Naz Reid,MIN,1942,6.85,0.44,7.29,2.57,1.95,8.59,0.55,9.13,49
2025,1629680,Matisse Thybulle,POR,281,6.71,-0.86,5.85,2.63,1.89,1.23,-0.16,1.07,327
2025,1629684,Grant Williams,CHO,409,6.74,0.19,6.93,2.6,1.87,1.9,0.05,1.95,287
2025,1629723,John Konchar,MEM,484,6.49,-0.57,5.92,2.99,1.9,2.01,-0.18,1.83,296
2025,1629726,Garrison Mathews,ATL,694,7.01,-0.71,6.3,3.07,1.98,3.53,-0.36,3.17,230
2025,1629731,Dean Wade,CLE,1119,5.56,0.21,5.77,3.21,1.83,3.95,0.15,4.1,194
2025,1629750,Javonte Green,NOP,1140,5.88,-0.63,5.25,3.35,1.96,4.11,-0.44,3.67,211
2025,1630162,Anthony Edwards,MIN,2537,7.05,0.59,7.63,2.3,1.85,11.53,0.96,12.5,2
2025,1630163,LaMelo Ball,CHO,1359,6.45,0.48,6.94,3.25,1.93,6.03,0.45,6.48,120
2025,1630166,Deni Avdija,POR,1915,7.06,-0.22,6.84,2.45,1.82,8.79,-0.27,8.51,66
2025,1630167,Obi Toppin,IND,1364,6.81,-0.17,6.64,2.94,1.92,5.97,-0.15,5.82,143
2025,1630168,Onyeka Okongwu,ATL,1780,7.1,-0.13,6.97,2.82,1.94,9.17,-0.17,9.01,54
2025,1630169,Tyrese Haliburton,IND,2178,7.42,-0.37,7.05,2.36,1.88,10.38,-0.52,9.86,31
2025,1630170,Devin Vassell,SAS,1736,6.71,-0.04,6.67,2.48,1.98,8.28,-0.05,8.23,74
2025,1630171,Isaac Okoro,CLE,936,6.99,-0.64,6.35,2.94,1.93,4.16,-0.38,3.78,206
2025,1630172,Patrick Williams,CHI,1404,5.23,0.29,5.52,3.33,1.95,4.58,0.25,4.84,172
2025,1630173,Precious Achiuwa,NYK,1046,6.29,-0.34,5.95,2.88,1.85,4.17,-0.22,3.95,200
2025,1630174,Aaron Nesmith,IND,986,6.76,-0.45,6.3,3.11,1.86,4.28,-0.29,3.99,198
2025,1630175,Cole Anthony,ORL,1070,5.74,1.56,7.3,2.76,1.96,3.99,1.08,5.07,164
2025,1630178,Tyrese Maxey,PHI,1790,7.48,-0.68,6.8,2.18,1.9,8.49,-0.77,7.72,85
2025,1630182,Josh Green,CHO,1703,6.28,-0.15,6.12,2.8,1.88,7.36,-0.18,7.17,98
2025,1630183,Jaden McDaniels,MIN,2355,6.59,0.27,6.86,2.52,1.85,10.01,0.41,10.42,17
2025,1630188,Jalen Smith,CHI,829,6.05,-0.07,5.99,3.41,1.92,3.13,-0.03,3.1,235
2025,1630191,Isaiah Stewart,DET,1249,6.96,-0.57,6.38,2.69,1.93,6.0,-0.5,5.51,152
2025,1630192,Zeke Nnaji,DEN,572,5.46,-0.56,4.89,3.6,1.95,2.0,-0.21,1.79,298
2025,1630193,Immanuel Quickley,TOR,867,7.29,-0.2,7.1,2.64,1.87,4.01,-0.11,3.9,203
2025,1630194,Paul Reed,DET,369,5.65,0.74,6.4,3.4,1.85,1.44,0.19,1.63,305
2025,1630198,Isaiah Joe,OKC,1417,6.95,0.43,7.38,2.92,1.99,6.34,0.39,6.73,111
2025,1630200,Tre Jones,CHI,801,7.54,-0.87,6.66,2.49,1.94,3.76,-0.43,3.33,226
2025,1630202,Payton Pritchard,BOS,1985,7.19,-0.11,7.08,3.08,1.88,9.11,-0.14,8.97,55
2025,1630208,Nick Richards,PHO,1127,6.28,0.4,6.68,3.31,1.88,4.32,0.27,4.59,179
2025,1630215,Jared Butler,PHI,937,4.0,-1.08,2.92,3.77,1.96,2.38,-0.64,1.74,301
2025,1630217,Desmond Bane,MEM,1950,6.95,1.03,7.97,2.79,1.99,8.65,1.28,9.93,25
2025,1630224,Jalen Green,HOU,2361,6.72,-0.33,6.38,2.56,1.87,10.35,-0.52,9.84,32
2025,1630228,Jonathan Kuminga,GSW,960,6.04,1.13,7.17,2.87,1.95,3.56,0.67,4.23,189
2025,1630230,Naji Marshall,DAL,1706,6.95,-0.53,6.41,2.83,1.88,8.03,-0.61,7.42,89
2025,1630231,KJ Martin,PHI,810,7.28,-0.72,6.56,2.7,2.0,3.74,-0.37,3.37,222
2025,1630241,Sam Merrill,CLE,1229,4.79,-0.45,4.35,3.53,1.97,3.74,-0.35,3.39,219
2025,1630243,Trevelin Queen,ORL,350,0.39,1.16,1.55,3.94,1.97,0.09,0.26,0.35,359
2025,1630245,Ayo Dosunmu,CHI,1210,7.0,-0.53,6.47,2.53,1.92,5.29,-0.4,4.88,170
2025,1630249,Vít Krejčí,ATL,1008,4.12,-0.75,3.36,3.81,1.92,3.01,-0.55,2.46,257
2025,1630256,Jae'Sean Tate,HOU,495,6.71,-0.8,5.91,2.86,1.88,2.17,-0.26,1.91,289
2025,1630264,Anthony Gill,WAS,332,5.65,-1.25,4.4,3.65,2.05,1.27,-0.28,0.99,337
2025,1630288,Jeff Dowtin Jr.,PHI,569,1.89,-0.37,1.52,4.07,1.98,0.68,-0.13,0.55,352
2025,1630314,Brandon Williams,DAL,422,2.92,-0.11,2.8,3.78,1.98,0.83,-0.03,0.8,344
2025,1630322,Lindy Waters III,GSW,686,3.08,1.35,4.43,3.69,2.04,1.3,0.57,1.87,295
2025,1630526,Jeremiah Robinson-Earl,NOP,1099,5.82,-1.19,4.64,3.49,1.9,3.92,-0.8,3.13,233
2025,1630527,Brandon Boston Jr.,NOP,912,3.15,0.45,3.59,3.56,1.93,1.76,0.25,2.01,283
2025,1630529,Herbert Jones,NOP,596,6.29,-0.01,6.29,2.69,1.85,2.3,-0.0,2.3,263
2025,1630530,Trey Murphy III,NOP,1661,7.45,-0.47,6.98,2.7,1.88,7.59,-0.48,7.11,101
2025,1630531,Jaden Springer,UTA,300,2.42,0.02,2.45,3.83,1.87,0.47,0.0,0.47,355
2025,1630532,Franz Wagner,ORL,1845,6.89,0.36,7.25,2.4,1.92,8.25,0.43,8.67,62
2025,1630533,Ziaire Williams,BRK,1366,5.13,0.78,5.91,3.3,1.88,4.4,0.67,5.07,165
2025,1630534,Ochai Agbaji,TOR,1550,6.36,-0.12,6.24,3.32,1.95,6.25,-0.12,6.14,133
2025,1630539,Kai Jones,DAL,416,3.23,-0.55,2.68,3.95,1.89,0.91,-0.15,0.76,346
2025,1630540,Miles McBride,NYK,1397,5.82,0.4,6.22,3.54,1.88,5.16,0.35,5.51,153
2025,1630541,Moses Moody,GSW,1505,5.79,0.67,6.46,3.42,1.97,5.35,0.62,5.97,137
2025,1630544,Tre Mann,CHO,254,5.9,-0.56,5.34,3.3,1.95,1.03,-0.1,0.93,341
2025,1630548,Johnny Juzang,UTA,1148,1.95,-0.65,1.31,3.84,1.94,1.44,-0.48,0.97,339
2025,1630549,Day'Ron Sharpe,BRK,807,5.08,0.55,5.63,3.5,1.95,2.57,0.28,2.85,245
2025,1630551,Justin Champagnie,WAS,1213,2.63,-0.25,2.37,3.86,1.94,2.15,-0.21,1.94,288
2025,1630552,Jalen Johnson,ATL,1119,5.17,0.35,5.53,3.57,1.87,4.2,0.29,4.49,182
2025,1630553,Keon Johnson,BRK,1757,2.32,1.11,3.43,3.88,1.95,2.56,1.23,3.78,207
2025,1630556,Kessler Edwards,DAL,555,4.35,-0.08,4.27,3.84,1.91,1.64,-0.03,1.61,306
2025,1630557,Corey Kispert,WAS,1415,7.68,-1.2,6.48,2.64,1.84,7.33,-1.15,6.18,132
2025,1630558,Davion Mitchell,TOR,1775,6.66,0.37,7.03,2.61,1.93,7.5,0.42,7.92,81
2025,1630559,Austin Reaves,LAL,2308,7.11,0.5,7.61,2.58,1.86,9.22,0.65,9.87,29
2025,1630560,Cam Thomas,BRK,689,6.89,-0.74,6.15,2.83,1.92,2.98,-0.32,2.66,249
2025,1630567,Scottie Barnes,TOR,1941,6.19,0.52,6.71,2.66,1.89,7.62,0.65,8.27,72
2025,1630570,Trendon Watford,BRK,793,5.44,0.56,6.0,3.38,1.9,2.71,0.28,2.98,238
2025,1630572,Sandro Mamukelashvili,SAS,592,6.0,-0.79,5.21,3.61,1.94,2.53,-0.33,2.19,265
2025,1630573,Sam Hauser,BOS,1388,6.79,-0.13,6.66,2.88,1.91,6.02,-0.12,5.9,140
2025,1630577,Julian Champagnie,SAS,1711,4.64,0.28,4.91,3.92,2.0,5.64,0.34,5.98,135
2025,1630578,Alperen Sengun,HOU,2141,6.83,-0.59,6.24,2.57,1.97,9.54,-0.82,8.71,61
2025,1630579,Jericho Sims,NYK,518,4.35,0.06,4.41,3.83,1.98,1.43,0.02,1.45,313
2025,1630581,Josh Giddey,CHI,1851,6.87,-0.62,6.25,2.74,1.98,7.94,-0.72,7.22,96
2025,1630583,Santi Aldama,MEM,1404,6.93,-0.42,6.51,2.96,1.88,6.21,-0.38,5.84,141
2025,1630590,Scotty Pippen Jr.,MEM,1480,1.21,-0.03,1.19,3.84,2.07,1.15,-0.02,1.12,323
2025,1630591,Jalen Suggs,ORL,889,5.86,0.54,6.4,2.87,1.88,3.38,0.31,3.7,209
2025,1630592,Jalen Wilson,BRK,1761,2.9,-0.23,2.67,3.88,1.95,3.21,-0.25,2.95,239
2025,1630595,Cade Cunningham,DET,2164,6.89,-0.31,6.58,2.94,2.01,10.29,-0.47,9.83,33
2025,1630596,Evan Mobley,CLE,1940,7.05,-0.26,6.78,2.23,1.96,8.68,-0.32,8.36,70
2025,1630598,Aaron Wiggins,OKC,1551,6.4,-0.7,5.7,3.0,1.85,6.39,-0.7,5.69,147
2025,1630611,Gui Santos,GSW,625,0.34,0.12,0.46,4.05,1.93,0.13,0.05,0.18,372
2025,1630625,Dalano Banton,POR,947,4.41,1.02,5.43,3.71,1.86,2.71,0.63,3.34,223
2025,1630631,Jose Alvarado,NOP,1230,6.83,-0.29,6.55,2.76,1.89,5.15,-0.22,4.94,169
2025,1630639,A.J. Lawson,TOR,420,1.16,-0.05,1.11,4.02,1.97,0.31,-0.01,0.3,362
2025,1630643,Jay Huff,MEM,639,1.18,-0.4,0.78,3.99,1.94,0.48,-0.16,0.32,361
2025,1630658,Colin Castleton,TOR,375,-0.11,0.14,0.03,4.03,1.92,-0.03,0.03,0.01,379
2025,1630692,Jordan Goodwin,LAL,480,5.58,-0.08,5.5,3.38,1.88,1.51,-0.02,1.49,311
2025,1630695,Micah Potter,UTA,654,0.47,-0.02,0.45,4.11,1.99,0.2,-0.01,0.19,369
2025,1630700,Dyson Daniels,ATL,2260,5.28,0.84,6.12,3.48,2.0,8.66,1.38,10.04,21
2025,1630702,Jaden Hardy,DAL,792,3.97,1.02,4.99,3.58,1.92,2.13,0.55,2.68,248
2025,1630703,Scoot Henderson,POR,1512,3.76,0.01,3.77,3.82,1.89,3.69,0.01,3.7,210
2025,1631093,Jaden Ivey,DET,789,6.36,-0.41,5.95,2.98,1.9,3.46,-0.22,3.24,228
2025,1631094,Paolo Banchero,ORL,1419,6.34,0.7,7.04,2.69,1.94,5.84,0.65,6.49,119
2025,1631095,Jabari Smith Jr.,HOU,1521,6.51,-0.15,6.36,2.89,1.92,6.46,-0.15,6.31,128
2025,1631096,Chet Holmgren,OKC,839,5.57,0.6,6.17,3.48,1.94,3.01,0.32,3.33,227
2025,1631097,Bennedict Mathurin,IND,1953,6.51,-1.03,5.48,2.74,1.94,8.17,-1.29,6.87,110
2025,1631099,Keegan Murray,SAC,2337,6.4,0.28,6.67,3.07,1.99,10.03,0.43,10.46,16
2025,1631101,Shaedon Sharpe,POR,2005,6.0,-0.5,5.5,3.45,1.94,7.82,-0.65,7.17,99
2025,1631103,Malaki Branham,SAS,360,5.79,0.5,6.29,3.18,1.91,1.48,0.13,1.61,307
2025,1631104,Blake Wesley,SAS,551,4.38,0.67,5.04,3.53,1.96,1.72,0.26,1.98,285
2025,1631105,Jalen Duren,DET,1801,6.43,-0.82,5.6,3.29,1.95,7.98,-1.02,6.96,107
2025,1631106,Tari Eason,HOU,1221,5.66,0.35,6.0,3.47,1.99,4.51,0.28,4.78,174
2025,1631107,Nikola Jović,MIA,1051,2.8,0.35,3.15,4.02,1.97,2.17,0.27,2.44,259
2025,1631108,Max Christie,LAL,1864,3.41,0.35,3.77,3.87,1.98,3.58,0.37,3.95,201
2025,1631109,Mark Williams,CHO,1097,4.09,-0.32,3.77,3.94,2.04,3.09,-0.24,2.85,246
2025,1631110,Jeremy Sochan,SAS,1200,6.23,-0.16,6.07,3.34,2.03,5.31,-0.13,5.18,162
2025,1631111,Wendell Moore Jr.,CHO,428,0.58,0.35,0.93,4.06,1.91,0.17,0.1,0.28,365
2025,1631114,Jalen Williams,OKC,2053,6.47,0.83,7.31,2.99,1.87,8.56,1.1,9.66,39
2025,1631115,Orlando Robinson,TOR,665,3.02,0.34,3.36,3.99,1.93,1.28,0.14,1.42,314
2025,1631117,Walker Kessler,UTA,1553,6.92,-0.39,6.53,3.23,1.83,6.92,-0.39,6.53,117
2025,1631119,Jaylin Williams,OKC,664,4.21,0.21,4.42,3.61,1.95,1.8,0.09,1.89,292
2025,1631124,Julian Strawther,DEN,1237,1.48,0.09,1.56,4.0,1.96,1.17,0.07,1.24,319
2025,1631128,Christian Braun,DEN,2368,6.28,-0.33,5.95,3.55,1.95,9.52,-0.5,9.02,53
2025,1631132,Christian Koloko,LAL,294,2.98,-0.08,2.9,4.06,1.92,0.49,-0.01,0.48,354
2025,1631133,Jabari Walker,POR,634,5.72,-0.43,5.29,3.47,1.96,2.36,-0.18,2.18,266
2025,1631157,Ryan Rollins,MIL,738,0.31,0.18,0.49,4.02,1.95,0.14,0.08,0.23,366
2025,1631165,Keon Ellis,SAC,1685,3.32,-0.08,3.24,3.85,1.94,3.76,-0.09,3.67,212
2025,1631170,Jaime Jaquez Jr.,MIA,1230,4.9,0.29,5.18,3.63,1.88,4.44,0.26,4.7,176
2025,1631172,Ousmane Dieng,OKC,352,4.0,0.48,4.48,3.75,1.88,0.91,0.11,1.02,334
2025,1631200,Kris Murray,POR,914,2.91,0.69,3.6,3.81,2.02,1.73,0.41,2.14,272
2025,1631204,Marcus Sasser,DET,677,4.11,-0.52,3.59,3.88,1.96,1.92,-0.24,1.68,303
2025,1631207,Dalen Terry,CHI,851,3.09,0.79,3.88,3.8,1.98,1.64,0.42,2.06,280
2025,1631212,Peyton Watson,DEN,1469,3.78,0.33,4.11,3.8,1.96,3.56,0.31,3.87,204
2025,1631213,Tyrese Martin,BRK,1155,-0.36,1.04,0.68,4.0,1.96,-0.26,0.76,0.49,353
2025,1631216,Caleb Houstan,ORL,684,5.33,-0.54,4.78,3.56,1.86,2.36,-0.24,2.12,275
2025,1631217,Moussa Diabaté,CHO,1039,0.95,0.02,0.97,3.8,2.01,0.68,0.01,0.69,350
2025,1631218,Trayce Jackson-Davis,GSW,858,4.91,-0.68,4.22,3.61,2.02,2.59,-0.36,2.23,264
2025,1631221,Collin Gillespie,PHO,394,1.66,-0.71,0.96,3.88,1.91,0.4,-0.17,0.23,367
2025,1631222,Jake LaRavia,MEM,1149,4.32,-0.08,4.24,3.77,1.95,3.17,-0.06,3.11,234
2025,1631223,David Roddy,ATL,362,5.38,1.1,6.48,3.35,2.01,1.41,0.29,1.7,302
2025,1631230,Dominick Barlow,ATL,321,3.38,-0.03,3.34,3.85,1.9,0.79,-0.01,0.78,345
2025,1631243,Mouhamed Gueye,ATL,481,0.01,0.25,0.25,3.93,2.01,0.0,0.09,0.09,375
2025,1631245,Quenton Jackson,IND,317,1.34,-0.53,0.8,4.29,1.97,0.27,-0.11,0.16,373
2025,1631246,Vince Williams Jr.,MEM,436,2.78,0.99,3.77,3.71,1.86,0.77,0.28,1.05,330
2025,1631260,AJ Green,MIL,1422,3.74,-0.48,3.26,3.75,2.0,3.32,-0.42,2.9,241
2025,1631288,Jamal Cain,NOP,442,1.51,-0.02,1.49,3.95,1.93,0.41,-0.01,0.4,358
2025,1631323,Simone Fontecchio,DET,1100,4.33,0.45,4.78,3.59,2.02,3.29,0.34,3.63,213
2025,1641705,Victor Wembanyama,SAS,1372,4.2,0.27,4.47,3.48,1.98,4.1,0.26,4.36,185
2025,1641706,Brandon Miller,CHO,778,4.23,0.25,4.48,3.68,1.91,2.26,0.13,2.4,261
2025,1641708,Amen Thompson,HOU,1984,2.99,0.46,3.45,3.93,1.96,3.87,0.59,4.46,183
2025,1641709,Ausar Thompson,DET,1163,3.42,0.32,3.74,3.74,1.93,2.74,0.26,3.0,237
2025,1641710,Anthony Black,ORL,1663,3.2,0.68,3.88,3.73,1.94,3.45,0.73,4.19,190
2025,1641711,Gradey Dick,TOR,1420,2.96,0.23,3.19,3.94,2.03,2.67,0.21,2.88,242
2025,1641712,Rayan Rupert,POR,371,0.66,1.13,1.78,4.04,1.94,0.16,0.27,0.43,356
2025,1641713,GG Jackson,MEM,401,3.19,0.84,4.03,3.73,1.94,0.82,0.22,1.04,333
2025,1641715,Cam Whitmore,HOU,712,1.93,1.04,2.97,3.94,2.03,0.9,0.48,1.38,315
2025,1641716,Jarace Walker,IND,1046,-0.58,1.03,0.45,3.87,2.02,-0.39,0.69,0.3,363
2025,1641717,Cason Wallace,OKC,1689,5.65,0.28,5.93,3.48,1.9,6.14,0.3,6.44,122
2025,1641718,Keyonte George,UTA,1818,5.39,-0.95,4.44,3.58,2.0,6.31,-1.11,5.2,161
2025,1641720,Jalen Hood-Schifino,PHI,259,0.49,-0.08,0.41,4.06,2.06,0.08,-0.01,0.07,376
2025,1641721,Maxwell Lewis,BRK,262,-0.45,0.75,0.3,3.89,1.99,-0.07,0.12,0.05,378
2025,1641722,Jordan Hawkins,NOP,1199,3.59,0.31,3.9,3.76,1.8,2.64,0.23,2.87,243
2025,1641724,Jett Howard,ORL,592,-1.05,0.87,-0.18,3.98,1.89,-0.4,0.33,-0.07,382
2025,1641726,Dereck Lively II,DAL,771,4.53,-0.65,3.88,3.8,1.95,2.37,-0.34,2.03,281
2025,1641729,Brice Sensabaugh,UTA,1280,2.08,-0.72,1.36,4.09,1.94,1.71,-0.6,1.12,324
2025,1641730,Noah Clowney,BRK,914,0.83,0.49,1.32,3.92,1.89,0.48,0.28,0.76,347
2025,1641731,Bilal Coulibaly,WAS,1764,3.4,1.05,4.45,3.58,1.86,4.05,1.25,5.29,156
2025,1641732,Colby Jones,WAS,457,-0.69,0.89,0.2,4.09,1.96,-0.21,0.27,0.06,377
2025,1641733,Nick Smith Jr.,CHO,1248,1.55,0.96,2.51,3.93,1.94,1.33,0.83,2.15,271
2025,1641739,Toumani Camara,POR,2227,4.88,-0.38,4.51,3.67,1.94,7.07,-0.55,6.52,118
2025,1641741,Ricky Council IV,PHI,1131,0.37,0.99,1.36,4.12,1.94,0.26,0.71,0.97,340
2025,1641748,Andre Jackson Jr.,MIL,907,1.64,0.45,2.09,3.99,1.95,0.93,0.25,1.19,321
2025,1641757,Jordan Miller,LAC,387,-0.66,0.55,-0.11,3.95,1.91,-0.15,0.13,-0.03,380
2025,1641763,Julian Phillips,CHI,970,3.84,-0.25,3.59,3.76,1.94,2.32,-0.15,2.17,269
2025,1641764,Brandin Podziemski,GSW,1497,5.41,-0.11,5.3,3.52,1.95,4.98,-0.1,4.87,171
2025,1641765,Olivier-Maxence Prosper,DAL,515,0.42,0.21,0.63,4.15,1.83,0.15,0.07,0.22,368
2025,1641767,Ben Sheppard,IND,1086,2.73,0.02,2.74,3.84,1.9,1.9,0.01,1.91,290
2025,1641774,Tristan Vukcevic,WAS,453,0.94,-0.01,0.94,4.12,2.04,0.29,-0.0,0.29,364
2025,1641775,Jordan Walsh,BOS,331,0.27,0.62,0.89,4.09,1.99,0.06,0.13,0.19,370
2025,1641787,Tosan Evbuomwan,BRK,608,-0.28,1.15,0.87,3.9,1.99,-0.11,0.44,0.33,360
2025,1641816,Hunter Tyson,DEN,363,-0.59,0.39,-0.2,4.11,1.92,-0.14,0.09,-0.05,381
2025,1641854,Craig Porter Jr.,CLE,453,3.0,0.03,3.02,3.85,1.9,0.86,0.01,0.87,342
2025,1641871,Duop Reath,POR,402,4.41,-0.38,4.03,3.78,1.96,1.15,-0.1,1.05,331
2025,1641998,Trey Jemison III,LAL,331,2.1,0.21,2.31,3.83,1.97,0.39,0.04,0.43,357
2026,2544,LeBron James,LAL,1549,7.28,-1.15,6.13,2.33,2.0,8.59,-1.35,7.24,73
2026,201142,Kevin Durant,HOU,1790,7.54,0.25,7.79,2.4,2.0,12.29,0.41,12.7,6
2026,201143,Al Horford,GSW,723,6.96,0.19,7.16,2.57,1.97,4.62,0.13,4.75,171
2026,201144,Mike Conley,MIN,753,7.17,0.48,7.66,2.42,2.02,4.67,0.31,4.99,159
2026,201566,Russell Westbrook,SAC,1125,5.99,1.02,7.01,2.31,1.9,5.61,0.96,6.56,97
2026,201567,Kevin Love,UTA,452,4.96,0.94,5.9,3.5,2.0,2.5,0.47,2.98,248
2026,201572,Brook Lopez,LAC,1021,7.1,0.44,7.53,2.14,1.84,6.83,0.42,7.25,71
2026,201587,Nicolas Batum,LAC,961,6.77,1.42,8.19,2.7,1.91,6.13,1.29,7.42,68
2026,201935,James Harden,LAC,2078,7.12,-0.59,6.53,2.15,1.94,13.94,-1.16,12.78,5
2026,201939,Stephen Curry,GSW,703,7.23,0.28,7.52,2.46,1.97,4.67,0.18,4.85,165
2026,201942,DeMar DeRozan,SAC,1370,7.69,-0.65,7.04,2.15,1.9,8.76,-0.74,8.02,50
2026,201950,Jrue Holiday,POR,945,6.94,1.07,8.0,2.68,2.0,5.85,0.9,6.75,91
2026,202331,Paul George,PHI,763,6.03,2.37,8.39,2.75,1.87,3.78,1.48,5.26,148
2026,202685,Jonas Valančiūnas,DEN,250,7.02,-0.25,6.76,2.5,1.94,1.49,-0.05,1.44,309
2026,202691,Klay Thompson,DAL,956,6.7,0.39,7.09,2.3,1.89,7.12,0.41,7.53,65
2026,202695,Kawhi Leonard,LAC,892,6.86,0.54,7.4,2.72,1.94,5.76,0.46,6.21,111
2026,202696,Nikola Vučević,CHI,1081,7.18,-0.27,6.9,2.55,1.95,6.29,-0.24,6.05,117
2026,202699,Tobias Harris,DET,1224,6.86,-0.14,6.72,2.35,1.95,7.4,-0.15,7.25,72
2026,202710,Jimmy Butler III,GSW,889,7.53,-2.13,5.41,2.48,1.9,6.15,-1.74,4.41,184
2026,203076,Anthony Davis,DAL,310,6.19,-0.45,5.75,2.45,1.91,2.13,-0.15,1.98,289
2026,203083,Andre Drummond,PHI,789,5.82,0.4,6.22,3.11,2.06,3.77,0.26,4.03,204
2026,203084,Harrison Barnes,SAS,1086,7.68,-0.95,6.72,2.54,1.92,6.59,-0.82,5.77,130
2026,203110,Draymond Green,GSW,995,5.92,1.01,6.94,2.51,2.01,5.41,0.93,6.34,104
2026,203114,Khris Middleton,WAS,851,6.26,-0.32,5.94,3.38,2.07,4.96,-0.25,4.71,176
2026,203468,CJ McCollum,ATL,1548,7.51,-0.28,7.24,2.5,1.93,10.0,-0.37,9.63,22
2026,203471,Dennis Schröder,SAC,1350,7.31,-1.26,6.05,2.25,1.92,8.22,-1.42,6.8,88
2026,203484,Kentavious Caldwell-Pope,MEM,679,6.45,0.69,7.14,2.54,1.94,3.98,0.43,4.41,185
2026,203497,Rudy Gobert,MIN,1417,7.06,-0.04,7.02,2.19,1.92,8.64,-0.05,8.59,37
2026,203500,Steven Adams,HOU,420,5.06,0.77,5.83,3.6,1.86,1.94,0.29,2.23,275
2026,203501,Tim Hardaway Jr.,DEN,1582,7.2,-1.01,6.19,2.13,2.14,9.66,-1.36,8.31,45
2026,203507,Giannis Antetokounmpo,MIL,596,7.39,0.38,7.78,2.36,1.92,4.05,0.21,4.26,194
2026,203897,Zach LaVine,SAC,790,7.21,-1.19,6.03,2.5,1.86,4.74,-0.78,3.96,210
2026,203903,Jordan Clarkson,NYK,816,6.84,-0.9,5.94,2.71,2.0,4.78,-0.63,4.15,201
2026,203914,Gary Harris,MIL,457,5.02,1.51,6.53,3.46,1.93,2.11,0.64,2.74,258
2026,203924,Jerami Grant,POR,1158,6.67,-0.92,5.75,2.69,1.97,6.89,-0.95,5.94,122
2026,203926,Doug McDermott,SAC,250,6.09,-0.09,6.0,3.6,2.07,1.27,-0.02,1.25,317
2026,203932,Aaron Gordon,DEN,683,7.13,-0.28,6.86,2.91,2.03,4.14,-0.16,3.98,209
2026,203935,Marcus Smart,LAL,1153,5.73,1.36,7.09,3.24,1.97,5.04,1.2,6.23,110
2026,203937,Kyle Anderson,MIN,655,6.68,-0.4,6.28,2.78,1.96,3.78,-0.23,3.55,220
2026,203939,Dwight Powell,DAL,527,6.47,-0.36,6.11,3.22,2.03,3.79,-0.21,3.58,219
2026,203944,Julius Randle,MIN,1874,7.04,0.17,7.21,2.7,1.97,11.4,0.27,11.67,10
2026,203952,Andrew Wiggins,MIA,1373,6.91,-0.4,6.52,2.94,1.98,7.96,-0.46,7.5,66
2026,203954,Joel Embiid,PHI,758,7.08,-1.5,5.59,3.0,1.98,4.41,-0.93,3.48,222
2026,203991,Clint Capela,HOU,571,6.3,0.06,6.36,3.46,1.99,3.28,0.03,3.31,232
2026,203992,Bogdan Bogdanović,LAC,289,6.93,0.7,7.63,2.56,1.82,1.89,0.19,2.08,283
2026,203994,Jusuf Nurkić,UTA,527,5.81,1.0,6.81,2.81,1.97,3.42,0.59,4.01,207
2026,203999,Nikola Jokić,DEN,1788,7.59,0.01,7.6,2.41,1.94,11.52,0.01,11.53,11
2026,204001,Kristaps Porziņģis,GSW,422,6.93,0.0,6.93,2.86,1.88,2.69,0.0,2.69,261
2026,204456,T.J. McConnell,IND,651,6.98,-0.22,6.75,2.48,2.03,3.91,-0.12,3.79,215
2026,1626145,Tyus Jones,ORL,597,7.85,0.28,8.13,2.39,1.98,4.59,0.16,4.75,172
2026,1626157,Karl-Anthony Towns,NYK,1236,6.86,0.4,7.25,2.97,1.98,7.24,0.42,7.66,57
2026,1626162,Kelly Oubre Jr.,PHI,1192,6.73,0.36,7.09,2.36,1.93,6.59,0.35,6.94,80
2026,1626164,Devin Booker,PHO,1688,7.98,0.04,8.02,2.19,1.9,11.78,0.07,11.85,9
2026,1626167,Myles Turner,MIL,1186,6.57,0.57,7.14,2.79,1.87,7.17,0.62,7.79,56
2026,1626171,Bobby Portis,MIL,1036,6.55,-0.3,6.25,2.53,2.03,6.24,-0.28,5.96,121
2026,1626181,Norman Powell,MIA,1204,7.1,0.4,7.49,2.45,1.94,7.17,0.4,7.57,63
2026,1626204,Larry Nance Jr.,CLE,265,6.71,-0.01,6.7,3.03,2.02,1.41,-0.0,1.41,311
2026,1626220,Royce O'Neale,PHO,1453,7.2,-0.64,6.56,2.18,2.03,9.15,-0.82,8.33,43
2026,1627734,Domantas Sabonis,SAC,348,7.36,-0.48,6.88,2.64,1.84,2.14,-0.14,2.0,287
2026,1627739,Kris Dunn,LAC,1334,6.04,1.08,7.12,3.09,2.03,7.59,1.35,8.95,32
2026,1627741,Buddy Hield,GSW,586,6.33,-0.02,6.31,2.21,1.92,3.41,-0.01,3.39,226
2026,1627742,Brandon Ingram,TOR,1726,6.29,0.52,6.81,2.89,1.99,8.57,0.71,9.28,29
2026,1627747,Caris LeVert,DET,1048,7.19,0.17,7.36,2.28,1.91,6.64,0.16,6.8,89
2026,1627750,Jamal Murray,DEN,1763,7.32,-0.81,6.51,2.73,1.93,10.96,-1.22,9.74,21
2026,1627751,Jakob Poeltl,TOR,702,6.93,-0.68,6.25,2.65,1.99,3.85,-0.38,3.47,224
2026,1627752,Taurean Prince,MIL,340,6.7,0.42,7.13,2.24,2.08,2.1,0.13,2.23,276
2026,1627759,Jaylen Brown,BOS,1607,6.86,0.3,7.16,2.29,1.9,9.88,0.43,10.31,15
2026,1627780,Gary Payton II,GSW,755,5.68,-1.16,4.51,3.5,1.96,3.94,-0.81,3.13,240
2026,1627783,Pascal Siakam,IND,1196,7.35,0.02,7.37,2.28,1.93,7.59,0.02,7.6,62
2026,1627824,Guerschon Yabusele,CHI,596,5.81,-0.91,4.9,3.65,2.08,2.81,-0.44,2.37,270
2026,1627826,Ivica Zubac,LAC,738,7.02,0.58,7.6,2.57,1.87,4.88,0.41,5.29,147
2026,1627827,Dorian Finney-Smith,HOU,470,6.87,0.28,7.15,2.41,1.91,2.94,0.12,3.06,244
2026,1627884,Derrick Jones Jr.,LAC,839,6.87,-0.04,6.83,2.35,2.03,5.43,-0.03,5.4,142
2026,1627936,Alex Caruso,OKC,776,6.81,0.34,7.15,2.75,1.94,5.45,0.27,5.73,133
2026,1628366,Lonzo Ball,CLE,560,3.26,0.13,3.39,3.86,2.06,1.45,0.06,1.5,306
2026,1628368,De'Aaron Fox,SAS,1779,7.32,-1.16,6.16,2.48,1.96,10.3,-1.63,8.67,35
2026,1628369,Jayson Tatum,BOS,342,7.18,0.33,7.52,2.31,2.04,2.2,0.1,2.3,273
2026,1628370,Malik Monk,SAC,957,6.83,1.78,8.61,2.76,1.9,5.44,1.42,6.86,83
2026,1628371,Jonathan Isaac,ORL,415,5.35,0.63,5.98,3.5,1.98,2.18,0.26,2.43,269
2026,1628374,Lauri Markkanen,UTA,848,7.62,-0.51,7.11,2.63,1.97,7.21,-0.48,6.73,93
2026,1628378,Donovan Mitchell,CLE,2085,7.0,0.97,7.97,2.63,1.85,11.56,1.6,13.16,4
2026,1628379,Luke Kennard,LAL,1270,7.02,0.14,7.16,2.9,1.97,6.79,0.14,6.93,81
2026,1628381,John Collins,LAC,1107,7.28,-0.92,6.36,2.79,1.98,7.59,-0.96,6.63,96
2026,1628384,OG Anunoby,NYK,1589,7.07,0.48,7.54,2.6,1.88,9.6,0.65,10.25,16
2026,1628386,Jarrett Allen,CLE,1369,7.24,0.21,7.46,2.62,1.95,7.85,0.23,8.08,49
2026,1628389,Bam Adebayo,MIA,1571,6.79,-0.06,6.73,2.45,2.03,8.94,-0.08,8.86,33
2026,1628392,Isaiah Hartenstein,OKC,576,6.75,0.09,6.84,2.8,2.06,4.01,0.05,4.07,202
2026,1628396,Tony Bradley,IND,315,0.88,-0.3,0.58,3.98,2.0,0.24,-0.08,0.16,352
2026,1628398,Kyle Kuzma,MIL,1169,6.03,1.06,7.09,2.61,2.07,6.49,1.14,7.62,58
2026,1628401,Derrick White,BOS,1438,7.12,-0.63,6.49,2.58,2.04,9.18,-0.81,8.37,42
2026,1628404,Josh Hart,NYK,1516,7.0,-0.5,6.51,2.29,1.93,9.08,-0.65,8.43,41
2026,1628415,Dillon Brooks,PHO,1176,6.98,0.76,7.74,2.48,2.0,7.18,0.78,7.96,51
2026,1628418,Thomas Bryant,CLE,486,5.97,-0.36,5.61,3.25,1.99,2.3,-0.14,2.16,280
2026,1628436,Luke Kornet,SAS,1124,6.5,0.03,6.53,3.56,1.91,5.78,0.03,5.81,129
2026,1628467,Maxi Kleber,LAL,277,4.93,0.9,5.83,3.41,1.96,1.04,0.19,1.23,320
2026,1628960,Grayson Allen,PHO,999,7.52,0.38,7.9,2.55,2.01,6.57,0.33,6.91,82
2026,1628963,Marvin Bagley III,WAS,763,6.28,-0.11,6.18,3.38,2.0,4.47,-0.07,4.4,186
2026,1628969,Mikal Bridges,NYK,1730,7.28,-0.1,7.18,2.05,1.9,10.76,-0.14,10.62,13
2026,1628970,Miles Bridges,CHO,1251,6.5,-0.15,6.35,2.82,1.89,8.08,-0.19,7.89,53
2026,1628971,Bruce Brown,DEN,1343,6.61,-1.11,5.5,2.44,1.95,7.53,-1.27,6.27,105
2026,1628973,Jalen Brunson,NYK,2174,7.7,-0.38,7.31,2.42,1.85,14.31,-0.71,13.59,1
2026,1628976,Wendell Carter Jr.,ORL,1336,6.33,0.88,7.22,2.88,1.98,8.28,1.15,9.43,26
2026,1628978,Donte DiVincenzo,MIN,1208,6.78,-0.87,5.91,2.46,1.9,7.08,-0.91,6.17,113
2026,1628983,Shai Gilgeous-Alexander,OKC,1760,7.44,-0.06,7.39,2.28,1.89,13.51,-0.1,13.41,2
2026,1628988,Aaron Holiday,HOU,548,6.22,0.19,6.41,3.58,1.86,3.11,0.09,3.2,235
2026,1628989,Kevin Huerter,CHI,978,6.58,-0.69,5.89,2.85,1.95,5.21,-0.54,4.67,180
2026,1628991,Jaren Jackson Jr.,MEM,907,6.98,0.45,7.43,2.17,1.9,5.76,0.37,6.13,114
2026,1628997,Caleb Martin,DAL,609,5.95,-0.04,5.91,2.59,2.0,4.02,-0.03,4.0,208
2026,1629001,De'Anthony Melton,GSW,730,5.73,0.25,5.99,3.23,2.02,3.85,0.17,4.02,206
2026,1629004,Svi Mykhailiuk,UTA,581,3.93,0.95,4.88,3.83,2.04,2.55,0.62,3.17,238
2026,1629006,Josh Okogie,HOU,959,6.27,0.25,6.52,3.15,1.91,5.48,0.22,5.7,134
2026,1629008,Michael Porter Jr.,BRK,945,7.21,-0.44,6.77,2.89,1.95,5.96,-0.36,5.59,137
2026,1629011,Mitchell Robinson,NYK,1026,5.78,-0.14,5.64,3.52,1.94,5.07,-0.12,4.95,160
2026,1629012,Collin Sexton,CHO,1025,7.8,-0.86,6.95,2.7,1.97,7.95,-0.87,7.08,79
2026,1629013,Landry Shamet,NYK,924,5.35,-0.03,5.32,3.47,2.0,4.23,-0.02,4.2,198
2026,1629014,Anfernee Simons,BOS,815,7.28,-1.29,5.99,2.7,1.93,5.32,-0.94,4.38,188
2026,1629018,Gary Trent Jr.,MIL,931,6.85,0.64,7.49,2.51,1.87,5.86,0.55,6.41,100
2026,1629020,Jarred Vanderbilt,LAL,765,6.05,0.65,6.7,3.41,1.99,3.53,0.38,3.91,212
2026,1629023,P.J. Washington,DAL,873,6.2,1.13,7.33,2.06,1.96,6.01,1.09,7.1,78
2026,1629028,Deandre Ayton,LAL,1136,6.63,-0.51,6.11,2.88,1.97,5.74,-0.44,5.3,146
2026,1629029,Luka Dončić,LAL,1684,7.11,-1.47,5.64,2.16,1.91,9.13,-1.89,7.24,74
2026,1629048,Goga Bitadze,ORL,628,6.22,-0.24,5.98,3.35,1.9,3.82,-0.15,3.67,217
2026,1629057,Robert Williams III,POR,915,5.61,-0.34,5.27,3.51,1.98,4.58,-0.28,4.3,192
2026,1629060,Rui Hachimura,LAL,1525,7.12,0.16,7.28,2.84,2.0,8.27,0.19,8.46,39
2026,1629111,Jock Landale,MEM,926,6.06,0.75,6.81,3.35,1.95,5.11,0.63,5.74,132
2026,1629130,Duncan Robinson,DET,1347,6.68,-0.26,6.42,2.82,2.0,7.93,-0.31,7.62,59
2026,1629216,Gabe Vincent,LAL,771,6.2,-0.28,5.92,3.02,1.89,3.65,-0.16,3.48,223
2026,1629234,Drew Eubanks,SAC,389,6.45,-0.53,5.91,3.08,1.96,2.09,-0.17,1.92,293
2026,1629599,Amir Coffey,MIL,297,6.75,0.06,6.81,3.03,1.96,1.85,0.02,1.86,296
2026,1629611,Terance Mann,BRK,1028,7.12,-0.34,6.79,2.42,2.01,6.4,-0.3,6.1,116
2026,1629614,Andrew Nembhard,IND,1117,6.65,0.35,7.0,2.67,1.95,6.4,0.34,6.74,92
2026,1629618,Jalen Pickett,DEN,461,3.35,-0.42,2.93,3.86,2.0,1.31,-0.16,1.15,326
2026,1629622,Max Strus,CLE,693,7.01,-0.29,6.72,2.82,1.92,3.84,-0.16,3.69,216
2026,1629627,Zion Williamson,NOP,1124,7.09,-0.17,6.93,3.17,1.93,6.85,-0.16,6.69,94
2026,1629628,RJ Barrett,TOR,1032,6.41,0.26,6.67,2.49,2.02,5.23,0.21,5.44,141
2026,1629630,Ja Morant,MEM,316,7.04,-0.48,6.56,2.45,2.01,2.03,-0.14,1.89,294
2026,1629631,De'Andre Hunter,CLE,871,7.23,0.47,7.7,2.88,1.95,4.99,0.32,5.31,145
2026,1629632,Coby White,CHI,810,7.59,-0.05,7.53,2.21,1.96,4.98,-0.04,4.94,161
2026,1629636,Darius Garland,CLE,827,7.18,0.12,7.3,2.45,2.01,4.7,0.08,4.78,170
2026,1629637,Jaxson Hayes,LAL,1089,6.62,-0.47,6.15,3.29,2.09,5.49,-0.39,5.11,154
2026,1629638,Nickeil Alexander-Walker,ATL,1814,6.95,1.64,8.59,2.69,1.91,10.84,2.55,13.4,3
2026,1629639,Tyler Herro,MIA,707,7.04,-0.55,6.49,2.49,1.88,4.18,-0.33,3.85,213
2026,1629640,Keldon Johnson,SAS,1588,7.33,-1.44,5.89,2.53,1.92,9.2,-1.81,7.39,69
2026,1629645,Kevin Porter Jr.,MIL,838,6.66,0.8,7.47,3.09,2.02,5.13,0.62,5.75,131
2026,1629651,Nic Claxton,BRK,1107,6.7,-0.25,6.45,2.5,1.89,6.49,-0.25,6.24,109
2026,1629652,Luguentz Dort,OKC,1067,6.85,0.07,6.92,2.33,1.96,7.54,0.07,7.62,60
2026,1629655,Daniel Gafford,DAL,651,7.21,0.07,7.28,2.75,1.93,5.21,0.05,5.26,149
2026,1629656,Quentin Grimes,PHI,1472,7.15,0.05,7.2,2.68,1.91,8.64,0.06,8.7,34
2026,1629661,Cameron Johnson,DEN,1039,7.28,-1.03,6.25,2.71,1.92,6.42,-0.91,5.51,139
2026,1629673,Jordan Poole,NOP,594,7.19,-0.6,6.59,2.35,1.9,3.67,-0.31,3.36,229
2026,1629674,Neemias Queta,BOS,1063,4.83,-0.28,4.56,3.85,2.0,4.61,-0.26,4.35,191
2026,1629675,Naz Reid,MIN,1531,6.77,0.69,7.46,2.46,1.96,8.96,0.91,9.87,19
2026,1629680,Matisse Thybulle,POR,398,6.27,-0.46,5.81,3.33,2.06,2.23,-0.16,2.07,285
2026,1629684,Grant Williams,CHO,430,6.65,0.03,6.68,2.51,2.03,2.84,0.01,2.86,254
2026,1629723,John Konchar,UTA,570,6.47,0.54,7.01,3.21,2.0,4.12,0.34,4.46,182
2026,1629731,Dean Wade,CLE,1141,6.0,1.03,7.04,3.36,1.94,5.42,0.93,6.36,103
2026,1629750,Javonte Green,DET,753,5.42,-0.82,4.59,3.53,1.93,3.6,-0.55,3.05,245
2026,1630162,Anthony Edwards,MIN,1576,7.08,-0.14,6.93,2.13,1.85,9.64,-0.19,9.44,25
2026,1630163,LaMelo Ball,CHO,910,6.53,1.02,7.54,3.08,1.87,5.91,0.92,6.82,85
2026,1630165,Killian Hayes,SAC,254,6.89,-0.75,6.14,3.07,1.97,1.46,-0.16,1.3,316
2026,1630166,Deni Avdija,POR,1315,7.08,-0.63,6.45,2.25,1.86,8.3,-0.74,7.56,64
2026,1630167,Obi Toppin,IND,317,7.28,-0.15,7.12,2.62,1.98,1.99,-0.04,1.95,291
2026,1630168,Onyeka Okongwu,ATL,1417,7.28,-0.48,6.8,2.69,1.92,8.87,-0.58,8.29,46
2026,1630170,Devin Vassell,SAS,1514,6.65,0.39,7.05,2.69,1.91,7.97,0.47,8.44,40
2026,1630171,Isaac Okoro,CHI,954,6.6,-0.54,6.06,2.95,1.83,5.1,-0.42,4.69,178
2026,1630172,Patrick Williams,CHI,1114,5.82,0.82,6.63,2.86,1.98,5.25,0.74,5.99,120
2026,1630173,Precious Achiuwa,SAC,1063,6.18,-0.71,5.47,3.06,2.01,5.47,-0.62,4.84,166
2026,1630174,Aaron Nesmith,IND,799,6.95,-0.56,6.39,2.96,1.95,4.79,-0.39,4.4,187
2026,1630175,Cole Anthony,MIL,333,5.94,0.85,6.78,2.67,1.9,1.82,0.26,2.08,284
2026,1630178,Tyrese Maxey,PHI,1893,7.43,-0.72,6.71,2.23,1.9,11.55,-1.12,10.43,14
2026,1630180,Saddiq Bey,NOP,1425,7.33,-0.71,6.61,2.95,1.99,8.98,-0.87,8.1,48
2026,1630182,Josh Green,CHO,562,6.78,-0.21,6.57,2.33,1.89,3.79,-0.12,3.67,218
2026,1630183,Jaden McDaniels,MIN,1421,6.66,-1.12,5.54,2.45,1.82,8.19,-1.38,6.81,86
2026,1630188,Jalen Smith,CHI,807,6.97,-0.46,6.51,2.77,2.0,4.55,-0.3,4.25,195
2026,1630191,Isaiah Stewart,DET,910,6.88,-0.87,6.01,2.63,1.94,5.53,-0.7,4.83,167
2026,1630192,Zeke Nnaji,DEN,404,5.4,-0.47,4.93,3.52,2.0,1.85,-0.16,1.69,300
2026,1630193,Immanuel Quickley,TOR,1204,7.33,0.26,7.59,2.8,2.0,6.97,0.25,7.21,76
2026,1630194,Paul Reed,DET,655,6.09,1.18,7.27,3.47,1.9,3.52,0.68,4.2,199
2026,1630198,Isaiah Joe,OKC,827,6.97,0.36,7.34,2.56,1.87,5.95,0.31,6.26,107
2026,1630200,Tre Jones,CHI,1343,7.34,-0.17,7.17,2.68,1.87,7.99,-0.18,7.8,55
2026,1630202,Payton Pritchard,BOS,1616,7.1,-0.3,6.8,2.87,1.9,10.29,-0.44,9.85,20
2026,1630208,Nick Richards,CHI,408,6.56,0.51,7.07,3.03,1.95,2.17,0.17,2.34,271
2026,1630217,Desmond Bane,ORL,1574,7.23,0.79,8.01,2.39,2.0,11.13,1.21,12.34,8
2026,1630224,Jalen Green,PHO,538,6.7,-0.1,6.6,2.3,1.88,3.15,-0.05,3.1,242
2026,1630228,Jonathan Kuminga,ATL,647,6.3,-0.52,5.78,3.01,1.9,3.51,-0.29,3.22,234
2026,1630230,Naji Marshall,DAL,1231,7.03,-0.78,6.25,2.39,1.99,9.61,-1.06,8.54,38
2026,1630241,Sam Merrill,CLE,1125,6.03,0.13,6.17,3.5,2.05,5.37,0.12,5.49,140
2026,1630245,Ayo Dosunmu,CHI,1347,6.99,-0.78,6.21,2.64,1.95,7.63,-0.85,6.78,90
2026,1630249,Vít Krejčí,ATL,913,5.74,-0.29,5.45,3.82,2.0,4.51,-0.23,4.28,193
2026,1630256,Jae'Sean Tate,HOU,284,5.97,-0.32,5.65,3.53,2.01,1.55,-0.08,1.46,308
2026,1630264,Anthony Gill,WAS,634,5.51,-0.86,4.65,3.86,1.94,3.26,-0.51,2.75,257
2026,1630311,Pat Spencer,GSW,737,0.07,0.69,0.77,4.16,2.0,0.05,0.47,0.52,342
2026,1630314,Brandon Williams,DAL,1083,2.75,-0.35,2.4,4.03,1.98,3.3,-0.42,2.88,252
2026,1630526,Jeremiah Robinson-Earl,IND,280,6.56,-1.07,5.5,3.4,2.01,1.59,-0.26,1.33,315
2026,1630529,Herbert Jones,NOP,1029,6.32,0.53,6.84,3.02,2.06,5.58,0.47,6.05,118
2026,1630530,Trey Murphy III,NOP,1512,7.65,-0.4,7.24,2.66,1.9,9.93,-0.52,9.41,27
2026,1630532,Franz Wagner,ORL,616,6.8,1.02,7.82,2.25,1.99,4.1,0.61,4.71,177
2026,1630533,Ziaire Williams,BRK,898,5.98,0.23,6.21,3.12,1.94,4.7,0.18,4.88,164
2026,1630534,Ochai Agbaji,TOR,703,6.93,-0.92,6.0,2.48,1.92,3.85,-0.51,3.33,230
2026,1630538,Bones Hyland,MIN,819,3.93,0.85,4.78,3.88,1.99,2.78,0.6,3.38,227
2026,1630540,Miles McBride,NYK,878,6.77,-0.07,6.7,3.09,2.0,5.08,-0.05,5.03,157
2026,1630541,Moses Moody,GSW,938,6.86,-0.61,6.25,2.96,2.02,5.91,-0.52,5.39,143
2026,1630543,Isaiah Jackson,IND,620,5.29,0.3,5.59,3.74,1.98,2.83,0.16,2.99,247
2026,1630544,Tre Mann,CHO,375,5.96,-0.2,5.76,3.34,1.94,2.22,-0.08,2.15,281
2026,1630545,Terrence Shannon Jr.,MIN,589,1.02,0.25,1.28,4.2,2.03,0.52,0.13,0.65,339
2026,1630549,Day'Ron Sharpe,BRK,910,6.35,0.25,6.6,3.21,2.07,5.06,0.2,5.25,150
2026,1630551,Justin Champagnie,WAS,959,4.82,-0.13,4.68,3.72,1.97,4.3,-0.12,4.19,200
2026,1630552,Jalen Johnson,ATL,1671,5.96,0.41,6.37,3.23,2.07,8.56,0.58,9.14,31
2026,1630557,Corey Kispert,ATL,635,7.88,-0.5,7.37,2.23,1.97,4.3,-0.28,4.03,205
2026,1630558,Davion Mitchell,MIA,1194,6.75,-0.84,5.91,2.69,1.9,6.76,-0.84,5.92,124
2026,1630559,Austin Reaves,LAL,1128,7.35,-1.15,6.19,2.36,1.96,6.32,-0.99,5.32,144
2026,1630560,Cam Thomas,BRK,623,7.09,0.18,7.27,3.1,1.93,3.87,0.1,3.96,211
2026,1630567,Scottie Barnes,TOR,1954,6.31,0.13,6.43,2.23,1.88,9.73,0.2,9.93,18
2026,1630568,Luka Garza,BOS,723,2.25,-0.34,1.92,3.99,1.97,1.46,-0.22,1.24,319
2026,1630570,Trendon Watford,PHI,647,5.07,0.95,6.02,3.35,1.94,2.7,0.5,3.2,236
2026,1630572,Sandro Mamukelashvili,TOR,1405,5.79,-1.15,4.65,3.55,2.06,6.42,-1.27,5.15,152
2026,1630573,Sam Hauser,BOS,1116,6.83,-0.03,6.8,2.83,1.96,6.84,-0.03,6.81,87
2026,1630574,Ariel Hukporti,NYK,371,0.79,0.63,1.42,4.03,1.97,0.25,0.2,0.45,344
2026,1630577,Julian Champagnie,SAS,1603,6.83,0.59,7.42,3.01,1.87,8.65,0.74,9.4,28
2026,1630578,Alperen Sengun,HOU,1319,6.85,0.08,6.93,2.62,1.92,8.23,0.09,8.32,44
2026,1630579,Jericho Sims,MIL,833,4.1,-0.14,3.96,3.82,2.0,3.15,-0.11,3.04,246
2026,1630581,Josh Giddey,CHI,908,7.03,-0.04,6.99,2.34,1.92,5.17,-0.03,5.14,153
2026,1630583,Santi Aldama,MEM,817,7.02,0.46,7.49,2.55,1.93,5.22,0.34,5.57,138
2026,1630591,Jalen Suggs,ORL,1004,5.7,1.79,7.49,3.13,1.89,5.6,1.76,7.36,70
2026,1630592,Jalen Wilson,BRK,538,6.12,-0.48,5.65,3.23,2.02,2.88,-0.22,2.66,263
2026,1630595,Cade Cunningham,DET,1358,6.92,-0.56,6.36,2.66,1.89,8.28,-0.67,7.61,61
2026,1630596,Evan Mobley,CLE,1726,7.06,0.37,7.43,2.64,1.94,9.65,0.5,10.15,17
2026,1630598,Aaron Wiggins,OKC,717,6.94,0.16,7.1,2.44,1.99,5.13,0.12,5.25,151
2026,1630611,Gui Santos,GSW,795,3.63,0.32,3.95,3.79,2.05,2.65,0.23,2.88,253
2026,1630623,Tyson Etienne,BRK,298,1.29,0.0,1.29,4.06,1.98,0.34,0.0,0.34,346
2026,1630631,Jose Alvarado,NOP,884,6.73,-0.57,6.16,2.88,1.97,5.12,-0.43,4.68,179
2026,1630643,Jay Huff,IND,984,3.79,0.19,3.97,3.93,2.05,3.21,0.16,3.37,228
2026,1630692,Jordan Goodwin,PHO,990,5.79,0.71,6.5,3.22,2.03,5.02,0.61,5.63,135
2026,1630695,Micah Potter,IND,564,3.22,0.11,3.33,4.05,2.04,1.57,0.05,1.62,303
2026,1630696,Dru Smith,MIA,836,2.99,0.21,3.19,3.99,2.06,2.1,0.14,2.24,274
2026,1630700,Dyson Daniels,ATL,1464,6.43,1.2,7.62,2.85,1.96,8.09,1.51,9.6,23
2026,1630702,Jaden Hardy,WAS,482,5.4,0.4,5.8,3.38,2.06,2.43,0.18,2.61,267
2026,1630703,Scoot Henderson,POR,577,6.22,0.43,6.65,2.99,1.89,3.2,0.22,3.42,225
2026,1630811,Keaton Wallace,ATL,323,1.45,0.64,2.09,3.95,1.94,0.4,0.18,0.58,340
2026,1631093,Jaden Ivey,DET,476,6.33,-0.06,6.26,2.85,1.92,2.66,-0.03,2.63,266
2026,1631094,Paolo Banchero,ORL,1477,6.46,1.04,7.49,2.67,2.01,9.33,1.5,10.82,12
2026,1631095,Jabari Smith Jr.,HOU,1542,6.84,-0.99,5.85,2.45,1.94,9.6,-1.39,8.21,47
2026,1631096,Chet Holmgren,OKC,1040,5.82,-0.58,5.24,3.28,2.02,6.24,-0.62,5.62,136
2026,1631097,Bennedict Mathurin,IND,1051,6.61,-1.09,5.52,2.28,1.94,5.99,-0.98,5.01,158
2026,1631099,Keegan Murray,SAC,466,7.0,-0.11,6.89,2.55,1.94,2.72,-0.04,2.68,262
2026,1631101,Shaedon Sharpe,POR,987,6.84,0.27,7.11,2.43,1.92,6.02,0.23,6.26,108
2026,1631105,Jalen Duren,DET,1179,7.01,0.13,7.15,2.58,1.89,7.29,0.14,7.43,67
2026,1631106,Tari Eason,HOU,1015,6.6,0.18,6.78,2.88,1.89,6.11,0.16,6.27,106
2026,1631107,Nikola Jović,MIA,575,4.7,0.78,5.48,3.73,1.89,2.27,0.38,2.64,265
2026,1631108,Max Christie,DAL,1088,6.61,-0.14,6.47,3.08,1.89,7.99,-0.17,7.82,54
2026,1631109,Mark Williams,PHO,961,6.36,-0.85,5.51,3.4,2.04,5.34,-0.71,4.63,181
2026,1631110,Jeremy Sochan,SAS,358,7.2,-0.22,6.98,2.75,1.93,2.04,-0.06,1.98,290
2026,1631114,Jalen Williams,OKC,566,6.89,0.37,7.27,2.46,1.86,4.03,0.22,4.25,196
2026,1631119,Jaylin Williams,OKC,701,6.59,0.43,7.02,3.19,2.03,4.77,0.31,5.08,155
2026,1631121,Bryce McGowens,NOP,577,4.22,0.48,4.69,3.94,2.1,2.09,0.24,2.33,272
2026,1631123,Jamaree Bouyea,PHO,293,0.56,0.49,1.04,4.1,2.04,0.14,0.13,0.27,347
2026,1631124,Julian Strawther,DEN,524,5.4,0.69,6.09,3.49,1.96,2.4,0.31,2.71,260
2026,1631128,Christian Braun,DEN,987,7.18,-0.18,7.0,2.84,1.86,6.01,-0.15,5.86,127
2026,1631131,Oscar Tshiebwe,UTA,272,2.43,-0.12,2.31,4.15,1.93,0.74,-0.04,0.7,337
2026,1631133,Jabari Walker,PHI,563,6.6,0.57,7.17,3.21,2.01,3.05,0.26,3.32,231
2026,1631157,Ryan Rollins,MIL,1386,3.59,0.37,3.96,3.9,1.99,4.58,0.47,5.05,156
2026,1631159,Leonard Miller,CHI,360,0.27,0.39,0.66,4.3,2.12,0.08,0.11,0.19,349
2026,1631165,Keon Ellis,SAC,1033,6.37,-0.68,5.69,3.46,1.9,5.48,-0.58,4.89,163
2026,1631169,Josh Minott,BOS,531,1.27,0.2,1.47,4.09,1.95,0.61,0.1,0.7,338
2026,1631170,Jaime Jaquez Jr.,MIA,1628,5.92,0.78,6.7,3.04,1.92,8.09,1.07,9.15,30
2026,1631172,Ousmane Dieng,MIL,531,3.62,0.51,4.13,3.64,2.02,1.77,0.25,2.01,286
2026,1631200,Kris Murray,POR,756,5.01,1.29,6.3,3.2,1.95,3.38,0.87,4.25,197
2026,1631204,Marcus Sasser,DET,344,6.02,0.05,6.08,3.52,2.06,1.83,0.02,1.85,297
2026,1631207,Dalen Terry,CHI,372,4.5,0.66,5.16,3.76,1.89,1.36,0.2,1.55,304
2026,1631212,Peyton Watson,DEN,1083,6.21,0.73,6.94,3.34,1.99,5.71,0.67,6.38,102
2026,1631213,Tyrese Martin,BRK,458,3.14,0.36,3.5,3.87,1.95,1.26,0.14,1.4,312
2026,1631217,Moussa Diabaté,CHO,1105,5.45,-1.08,4.37,3.45,2.01,5.99,-1.19,4.8,168
2026,1631218,Trayce Jackson-Davis,GSW,315,4.9,-1.36,3.54,3.67,1.96,1.42,-0.39,1.02,329
2026,1631221,Collin Gillespie,PHO,1451,2.55,-0.27,2.28,4.07,2.08,3.23,-0.34,2.89,251
2026,1631222,Jake LaRavia,LAL,1398,6.52,-0.48,6.05,3.16,1.99,6.95,-0.51,6.44,99
2026,1631230,Dominick Barlow,PHI,984,3.93,-0.11,3.81,4.07,1.99,3.18,-0.09,3.08,243
2026,1631243,Mouhamed Gueye,ATL,970,1.53,0.44,1.97,3.79,2.1,1.27,0.37,1.64,302
2026,1631245,Quenton Jackson,IND,452,2.45,-0.28,2.18,4.11,1.91,0.96,-0.11,0.85,335
2026,1631246,Vince Williams Jr.,MEM,431,4.33,0.77,5.1,3.6,1.96,1.7,0.3,2.0,288
2026,1631248,Baylor Scheierman,BOS,824,1.32,0.53,1.84,4.12,1.91,0.97,0.39,1.36,314
2026,1631250,Pete Nance,MIL,394,0.54,-0.04,0.5,4.19,2.0,0.2,-0.01,0.18,350
2026,1631255,Karlo Matković,NOP,622,3.14,-0.46,2.68,3.99,1.96,1.68,-0.25,1.43,310
2026,1631260,AJ Green,MIL,1388,6.27,-0.08,6.19,3.27,1.99,8.0,-0.1,7.9,52
2026,1631288,Jamal Cain,ORL,354,3.2,0.42,3.61,3.91,2.0,1.11,0.14,1.25,318
2026,1631321,Sidy Cissoko,POR,874,0.99,0.39,1.38,3.86,2.08,0.77,0.31,1.07,328
2026,1631323,Simone Fontecchio,MIA,805,5.97,0.48,6.45,3.23,2.05,4.03,0.32,4.36,189
2026,1631342,Daeqwon Plowden,SAC,521,1.02,-0.53,0.49,4.0,1.91,0.44,-0.23,0.21,348
2026,1641705,Victor Wembanyama,SAS,1307,6.04,0.58,6.62,3.25,2.04,6.24,0.6,6.84,84
2026,1641706,Brandon Miller,CHO,1166,5.73,0.44,6.17,3.1,1.97,6.65,0.51,7.15,77
2026,1641707,Taylor Hendricks,MEM,685,2.97,0.15,3.13,3.91,1.99,1.85,0.1,1.95,292
2026,1641708,Amen Thompson,HOU,1845,6.76,0.68,7.44,3.07,1.88,11.36,1.14,12.51,7
2026,1641709,Ausar Thompson,DET,1179,5.57,0.21,5.78,3.49,2.04,5.79,0.22,6.01,119
2026,1641710,Anthony Black,ORL,1132,5.12,0.72,5.84,3.39,1.97,5.67,0.8,6.47,98
2026,1641711,Gradey Dick,TOR,751,5.6,-0.08,5.53,3.31,1.92,3.32,-0.04,3.28,233
2026,1641712,Rayan Rupert,POR,627,1.3,0.9,2.2,4.08,2.08,0.73,0.5,1.23,321
2026,1641713,GG Jackson,MEM,536,4.32,0.25,4.57,3.67,1.98,2.11,0.12,2.23,277
2026,1641715,Cam Whitmore,WAS,279,3.7,0.95,4.64,3.88,2.07,0.96,0.25,1.21,322
2026,1641716,Jarace Walker,IND,1291,4.23,1.51,5.74,3.63,2.04,4.71,1.68,6.39,101
2026,1641717,Cason Wallace,OKC,1176,5.71,0.26,5.97,3.42,1.91,6.93,0.31,7.24,75
2026,1641718,Keyonte George,UTA,1032,7.34,-1.56,5.78,3.03,1.98,8.46,-1.8,6.66,95
2026,1641722,Jordan Hawkins,NOP,412,6.07,-0.04,6.02,3.21,2.04,2.15,-0.02,2.14,282
2026,1641724,Jett Howard,ORL,352,1.51,1.04,2.55,4.0,2.0,0.52,0.36,0.88,332
2026,1641729,Brice Sensabaugh,UTA,1050,6.03,-0.82,5.21,3.58,1.96,7.07,-0.96,6.11,115
2026,1641730,Noah Clowney,BRK,1155,1.85,0.97,2.82,3.9,2.01,1.87,0.98,2.85,255
2026,1641731,Bilal Coulibaly,WAS,903,5.73,1.2,6.93,2.84,1.95,4.82,1.01,5.83,128
2026,1641737,Adem Bona,PHI,914,2.99,-0.56,2.43,3.76,2.01,2.24,-0.42,1.82,298
2026,1641738,Kobe Brown,IND,561,3.01,0.05,3.06,3.9,2.02,1.46,0.02,1.48,307
2026,1641739,Toumani Camara,POR,1671,6.76,-0.34,6.43,2.62,1.94,10.08,-0.5,9.58,24
2026,1641740,Jaylen Clark,MIN,794,2.88,-0.31,2.58,3.82,2.1,1.98,-0.21,1.77,299
2026,1641757,Jordan Miller,LAC,896,0.66,0.76,1.42,3.89,1.99,0.56,0.64,1.2,323
2026,1641763,Julian Phillips,CHI,250,3.66,-0.16,3.51,3.76,2.02,0.74,-0.03,0.71,336
2026,1641764,Brandin Podziemski,GSW,1413,6.53,0.15,6.68,3.1,1.96,8.47,0.2,8.67,36
2026,1641765,Olivier-Maxence Prosper,MEM,694,2.9,0.54,3.45,3.98,1.95,1.83,0.34,2.18,279
2026,1641767,Ben Sheppard,IND,871,6.12,0.27,6.39,3.34,2.07,4.6,0.2,4.8,169
2026,1641772,Nae'Qwan Tomlin,CLE,585,0.11,-0.1,0.02,4.0,2.06,0.05,-0.04,0.01,355
2026,1641774,Tristan Vukcevic,WAS,429,3.91,-0.42,3.49,3.69,1.99,1.56,-0.17,1.4,313
2026,1641775,Jordan Walsh,BOS,843,0.62,0.53,1.15,4.38,2.04,0.47,0.4,0.87,334
2026,1641783,Tristan da Silva,ORL,1037,3.83,0.84,4.66,3.88,1.95,3.88,0.85,4.73,174
2026,1641796,Pelle Larsson,MIA,1113,3.0,-0.26,2.74,3.85,2.02,2.8,-0.24,2.56,268
2026,1641824,Matas Buzelis,CHI,1153,4.22,0.12,4.34,3.69,1.85,3.94,0.12,4.06,203
2026,1641842,Ronald Holland II,DET,976,3.77,-0.16,3.61,3.76,2.06,3.24,-0.14,3.11,241
2026,1641854,Craig Porter Jr.,CLE,764,3.6,0.09,3.69,3.78,1.89,2.18,0.06,2.23,278
2026,1641989,Elijah Harkless,UTA,273,0.22,0.38,0.6,4.18,2.07,0.07,0.12,0.18,351
2026,1642258,Zaccharie Risacher,ATL,844,4.06,0.27,4.33,3.71,1.99,2.94,0.2,3.14,239
2026,1642259,Alex Sarr,WAS,729,3.03,1.26,4.29,3.88,2.03,2.06,0.86,2.92,249
2026,1642261,Dalton Knecht,LAL,314,4.02,-0.03,3.99,3.77,2.0,0.96,-0.01,0.96,331
2026,1642262,Cody Williams,UTA,741,3.14,0.26,3.4,3.87,2.02,2.6,0.22,2.81,256
2026,1642263,Reed Sheppard,HOU,1258,1.7,0.69,2.39,3.84,1.94,1.95,0.79,2.74,259
2026,1642264,Stephon Castle,SAS,1301,5.14,0.63,5.77,3.4,1.98,5.28,0.65,5.93,123
2026,1642265,Rob Dillingham,CHI,503,1.15,1.01,2.16,3.99,2.12,0.47,0.41,0.88,333
2026,1642266,Ja'Kobe Walter,TOR,1130,3.66,-0.07,3.59,3.71,1.97,3.26,-0.06,3.2,237
2026,1642267,Bub Carrington,WAS,1300,4.27,0.6,4.87,3.56,1.94,5.17,0.73,5.89,125
2026,1642268,Isaiah Collier,UTA,944,3.34,1.16,4.5,3.6,1.91,3.51,1.23,4.74,173
2026,1642269,Devin Carter,SAC,350,0.84,0.61,1.45,4.05,1.94,0.25,0.18,0.42,345
2026,1642270,Donovan Clingan,POR,1030,4.4,0.41,4.81,3.94,1.95,4.05,0.37,4.42,183
2026,1642271,Kyle Filipowski,UTA,991,4.56,-0.14,4.43,4.03,1.96,5.05,-0.15,4.9,162
2026,1642272,Jared McCain,PHI,786,2.37,-0.87,1.5,4.04,2.03,1.53,-0.56,0.97,330
2026,1642273,Kyshawn George,WAS,847,4.82,1.17,5.99,3.43,1.98,3.81,0.92,4.73,175
2026,1642274,Yves Missi,NOP,998,5.27,-0.18,5.09,3.67,2.02,4.52,-0.16,4.36,190
2026,1642275,Tidjane Salaün,CHO,380,3.34,0.77,4.11,3.79,1.95,1.26,0.29,1.55,305
2026,1642276,Kel'el Ware,MIA,1138,3.78,-0.06,3.72,3.89,2.01,3.61,-0.06,3.55,221
2026,1642277,Johnny Furphy,IND,364,0.7,0.86,1.57,3.89,1.96,0.22,0.27,0.49,343
2026,1642281,Jaylon Tyson,CLE,1254,0.91,0.28,1.19,4.17,2.05,0.9,0.27,1.18,324
2026,1642285,Cam Spencer,MEM,1018,1.52,-0.25,1.27,4.07,2.0,1.41,-0.23,1.18,325
2026,1642345,Oso Ighodaro,PHO,1259,3.48,0.0,3.48,3.9,1.97,3.83,0.0,3.84,214
2026,1642346,Ryan Dunn,PHO,858,2.98,0.55,3.53,3.99,1.94,2.24,0.41,2.65,264
2026,1642347,Jamal Shead,TOR,1616,3.78,1.07,4.85,3.83,1.96,4.82,1.37,6.19,112
2026,1642348,Justin Edwards,PHI,854,2.78,-0.08,2.7,4.14,2.04,1.95,-0.06,1.89,295
2026,1642349,Ajay Mitchell,OKC,829,3.02,0.38,3.4,3.87,2.02,2.59,0.32,2.91,250
2026,1642366,Quinten Post,GSW,684,2.85,-0.22,2.62,3.82,2.02,1.79,-0.14,1.65,301
2026,1642377,Jaylen Wells,MEM,1077,6.28,-0.27,6.01,3.46,2.01,6.15,-0.26,5.89,126
2026,1642382,Branden Carlson,OKC,284,0.4,0.1,0.5,4.16,2.1,0.12,0.03,0.15,353
2026,1642419,Jamison Battle,TOR,380,3.61,-0.01,3.61,3.97,1.95,1.08,-0.0,1.08,327
2026,1642450,Daniss Jenkins,DET,948,0.21,-0.15,0.07,4.1,2.05,0.18,-0.12,0.06,354
2026,1642461,Spencer Jones,DEN,1037,0.47,0.14,0.61,4.01,2.02,0.41,0.12,0.53,341
2027,2544,LeBron James,LAL,1549,7.21,-0.05,7.15,2.69,1.92,7.89,-0.06,7.83,45
2027,201142,Kevin Durant,HOU,1790,7.4,-0.09,7.3,2.56,1.95,11.18,-0.14,11.04,7
2027,201143,Al Horford,GSW,723,6.15,-0.29,5.86,3.17,2.0,3.78,-0.18,3.61,228
2027,201144,Mike Conley,MIN,753,6.51,0.52,7.03,3.26,1.97,3.93,0.31,4.25,198
2027,201566,Russell Westbrook,SAC,1125,5.84,1.22,7.05,2.83,1.91,5.06,1.05,6.12,95
2027,201567,Kevin Love,UTA,452,3.85,0.32,4.17,3.51,2.05,1.8,0.15,1.95,318
2027,201572,Brook Lopez,LAC,1021,6.87,-0.78,6.09,2.6,1.98,6.13,-0.69,5.43,126
2027,201587,Nicolas Batum,LAC,961,6.58,0.45,7.03,2.93,2.0,5.52,0.38,5.9,105
2027,201935,James Harden,LAC,2078,6.92,0.61,7.53,2.33,1.98,12.55,1.11,13.66,1
2027,201939,Stephen Curry,GSW,703,7.06,0.42,7.48,2.66,1.94,4.23,0.25,4.48,183
2027,201942,DeMar DeRozan,SAC,1370,7.54,-0.82,6.72,2.47,1.89,7.97,-0.87,7.1,58
2027,201950,Jrue Holiday,POR,945,6.22,0.63,6.85,3.29,1.95,4.86,0.5,5.36,128
2027,202331,Paul George,PHI,763,5.39,1.88,7.27,3.38,1.93,3.13,1.1,4.23,199
2027,202685,Jonas Valančiūnas,DEN,250,6.75,-1.0,5.75,3.21,1.95,1.33,-0.2,1.13,365
2027,202691,Klay Thompson,DAL,956,6.63,-0.26,6.36,2.64,1.91,6.52,-0.26,6.26,89
2027,202695,Kawhi Leonard,LAC,892,6.48,0.28,6.75,2.99,2.02,5.04,0.21,5.26,134
2027,202696,Nikola Vučević,CHI,1081,6.98,-0.7,6.28,2.72,2.02,5.67,-0.57,5.1,146
2027,202699,Tobias Harris,DET,1224,6.84,0.07,6.91,2.46,1.99,6.85,0.07,6.92,64
2027,202710,Jimmy Butler III,GSW,889,7.29,-1.27,6.02,2.99,1.9,5.51,-0.96,4.55,179
2027,203076,Anthony Davis,DAL,310,5.92,0.84,6.76,3.09,1.88,1.89,0.27,2.16,305
2027,203083,Andre Drummond,PHI,789,5.4,0.47,5.87,3.14,1.93,3.24,0.28,3.52,232
2027,203084,Harrison Barnes,SAS,1086,7.47,-1.62,5.85,2.9,1.98,5.95,-1.29,4.66,173
2027,203110,Draymond Green,GSW,995,5.63,0.42,6.06,3.09,1.94,4.77,0.36,5.13,144
2027,203114,Khris Middleton,WAS,851,6.53,0.94,7.47,3.04,1.87,4.8,0.69,5.49,121
2027,203468,CJ McCollum,ATL,1548,7.63,-0.53,7.11,2.69,1.91,9.42,-0.65,8.77,22
2027,203471,Dennis Schröder,SAC,1350,7.3,0.3,7.59,2.57,1.95,7.6,0.31,7.91,44
2027,203484,Kentavious Caldwell-Pope,MEM,679,6.48,0.51,7.0,2.74,1.97,3.71,0.29,4.01,213
2027,203497,Rudy Gobert,MIN,1417,7.14,-0.43,6.7,2.51,1.89,8.1,-0.49,7.61,50
2027,203500,Steven Adams,HOU,420,4.37,0.11,4.48,3.48,2.05,1.55,0.04,1.59,340
2027,203501,Tim Hardaway Jr.,DEN,1582,7.21,-0.06,7.16,2.3,1.98,8.98,-0.07,8.91,20
2027,203507,Giannis Antetokounmpo,MIL,596,7.11,0.35,7.45,2.83,1.98,3.61,0.18,3.79,221
2027,203897,Zach LaVine,SAC,790,7.15,-0.51,6.64,3.06,2.01,4.36,-0.31,4.05,210
2027,203903,Jordan Clarkson,NYK,816,6.57,-0.05,6.53,3.02,2.0,4.25,-0.03,4.22,200
2027,203914,Gary Harris,MIL,457,4.64,0.54,5.18,3.42,1.99,1.81,0.21,2.02,315
2027,203924,Jerami Grant,POR,1158,6.14,0.03,6.18,3.08,1.95,5.88,0.03,5.91,104
2027,203926,Doug McDermott,SAC,250,4.58,-0.11,4.48,3.64,1.99,0.89,-0.02,0.87,375
2027,203932,Aaron Gordon,DEN,683,6.96,-0.47,6.49,3.25,1.97,3.74,-0.25,3.49,235
2027,203935,Marcus Smart,LAL,1153,4.9,1.0,5.9,3.47,1.84,4.0,0.81,4.81,163
2027,203937,Kyle Anderson,MIN,655,6.45,-0.31,6.14,3.13,2.0,3.38,-0.16,3.22,250
2027,203939,Dwight Powell,DAL,527,4.83,-0.06,4.77,3.74,2.03,2.62,-0.03,2.59,283
2027,203944,Julius Randle,MIN,1874,7.08,0.53,7.62,2.7,1.86,10.64,0.8,11.44,5
2027,203952,Andrew Wiggins,MIA,1373,6.72,0.01,6.73,2.85,1.91,7.17,0.01,7.18,57
2027,203954,Joel Embiid,PHI,758,5.53,-0.42,5.1,3.53,1.84,3.19,-0.25,2.94,267
2027,203991,Clint Capela,HOU,571,5.93,-0.53,5.39,3.35,2.0,2.86,-0.26,2.6,281
2027,203992,Bogdan Bogdanović,LAC,289,6.81,-0.75,6.07,2.9,1.96,1.72,-0.19,1.53,345
2027,203994,Jusuf Nurkić,UTA,527,5.38,1.23,6.6,3.4,1.93,2.94,0.67,3.61,229
2027,203999,Nikola Jokić,DEN,1788,7.57,0.19,7.76,2.51,1.88,10.65,0.27,10.92,8
2027,204001,Kristaps Porziņģis,GSW,422,4.81,-0.55,4.26,3.64,2.0,1.73,-0.2,1.53,346
2027,204456,T.J. McConnell,IND,651,6.47,-0.55,5.92,2.99,1.95,3.36,-0.29,3.08,260
2027,1626145,Tyus Jones,ORL,597,7.69,-0.26,7.43,2.99,1.93,4.17,-0.14,4.03,211
2027,1626157,Karl-Anthony Towns,NYK,1236,6.92,0.06,6.98,2.72,1.96,6.78,0.06,6.84,68
2027,1626162,Kelly Oubre Jr.,PHI,1192,6.75,0.01,6.76,2.69,1.92,6.13,0.01,6.13,94
2027,1626164,Devin Booker,PHO,1688,7.7,-1.39,6.31,2.41,1.95,10.54,-1.9,8.64,25
2027,1626167,Myles Turner,MIL,1186,6.6,0.09,6.69,2.82,1.96,6.67,0.09,6.76,70
2027,1626171,Bobby Portis,MIL,1036,6.34,0.2,6.55,2.88,1.9,5.6,0.18,5.78,108
2027,1626181,Norman Powell,MIA,1204,6.98,-0.19,6.79,2.62,1.93,6.53,-0.18,6.36,83
2027,1626204,Larry Nance Jr.,CLE,265,4.73,-0.64,4.09,3.62,1.98,0.92,-0.12,0.8,376
2027,1626220,Royce O'Neale,PHO,1453,7.0,-1.1,5.91,2.48,1.97,8.25,-1.29,6.96,62
2027,1627734,Domantas Sabonis,SAC,348,7.25,-0.54,6.71,3.05,1.94,1.95,-0.15,1.81,329
2027,1627739,Kris Dunn,LAC,1334,5.73,0.99,6.72,3.27,1.98,6.68,1.16,7.83,46
2027,1627741,Buddy Hield,GSW,586,6.15,0.83,6.98,2.92,1.92,3.07,0.41,3.48,237
2027,1627742,Brandon Ingram,TOR,1726,6.0,0.52,6.53,2.87,1.91,7.59,0.66,8.25,35
2027,1627747,Caris LeVert,DET,1048,7.1,-0.61,6.49,2.6,1.99,6.08,-0.53,5.56,119
2027,1627750,Jamal Murray,DEN,1763,7.02,-0.19,6.83,3.04,1.95,9.73,-0.26,9.48,17
2027,1627751,Jakob Poeltl,TOR,702,6.14,0.06,6.21,3.29,1.95,3.16,0.03,3.19,256
2027,1627752,Taurean Prince,MIL,340,6.04,0.33,6.37,3.35,1.96,1.75,0.1,1.85,324
2027,1627759,Jaylen Brown,BOS,1607,6.64,-0.38,6.26,2.66,1.94,8.86,-0.5,8.36,30
2027,1627780,Gary Payton II,GSW,755,5.93,-0.55,5.38,3.5,2.0,3.82,-0.35,3.46,238
2027,1627783,Pascal Siakam,IND,1196,7.14,-0.08,7.05,2.53,1.86,6.82,-0.08,6.75,71
2027,1627824,Guerschon Yabusele,CHI,596,6.2,-0.79,5.41,3.45,2.05,2.78,-0.35,2.42,291
2027,1627826,Ivica Zubac,LAC,738,6.73,0.63,7.36,3.21,1.93,4.34,0.41,4.75,169
2027,1627827,Dorian Finney-Smith,HOU,470,6.48,-0.15,6.33,3.16,1.94,2.57,-0.06,2.51,288
2027,1627884,Derrick Jones Jr.,LAC,839,6.54,-0.69,5.85,2.72,1.94,4.79,-0.5,4.29,196
2027,1627936,Alex Caruso,OKC,776,6.26,0.61,6.87,3.08,1.98,4.65,0.45,5.1,147
2027,1628366,Lonzo Ball,CLE,560,4.14,0.24,4.38,3.53,2.09,1.7,0.1,1.8,330
2027,1628368,De'Aaron Fox,SAS,1779,7.15,-0.49,6.66,2.44,2.01,9.32,-0.63,8.68,24
2027,1628369,Jayson Tatum,BOS,342,6.41,0.27,6.67,3.27,2.0,1.82,0.08,1.9,321
2027,1628370,Malik Monk,SAC,957,6.68,-0.04,6.64,2.82,1.93,4.94,-0.03,4.91,159
2027,1628371,Jonathan Isaac,ORL,415,5.6,0.83,6.43,3.13,1.97,2.11,0.31,2.42,292
2027,1628374,Lauri Markkanen,UTA,848,7.0,-0.4,6.6,3.38,1.97,6.14,-0.35,5.79,107
2027,1628378,Donovan Mitchell,CLE,2085,7.22,0.66,7.88,2.57,1.85,11.04,1.02,12.06,2
2027,1628379,Luke Kennard,LAL,1270,6.78,0.27,7.05,3.15,2.0,6.08,0.25,6.33,86
2027,1628381,John Collins,LAC,1107,7.02,-0.21,6.81,3.11,2.07,6.78,-0.2,6.58,78
2027,1628384,OG Anunoby,NYK,1589,6.92,-0.27,6.64,2.68,1.95,8.72,-0.35,8.37,29
2027,1628386,Jarrett Allen,CLE,1369,6.91,-0.11,6.8,2.71,1.97,6.94,-0.11,6.83,69
2027,1628389,Bam Adebayo,MIA,1571,6.72,0.06,6.77,2.7,1.99,8.2,0.07,8.27,33
2027,1628392,Isaiah Hartenstein,OKC,576,5.84,1.21,7.05,3.39,1.91,3.22,0.67,3.89,217
2027,1628396,Tony Bradley,IND,315,1.7,-0.12,1.57,3.84,1.9,0.43,-0.03,0.4,394
2027,1628398,Kyle Kuzma,MIL,1169,6.16,0.3,6.45,2.58,1.98,6.14,0.29,6.43,82
2027,1628401,Derrick White,BOS,1438,6.73,0.34,7.08,2.96,1.97,8.05,0.41,8.46,28
2027,1628404,Josh Hart,NYK,1516,7.19,-0.24,6.95,2.5,1.89,8.65,-0.29,8.36,31
2027,1628415,Dillon Brooks,PHO,1176,6.9,-0.58,6.32,2.59,1.91,6.58,-0.55,6.03,99
2027,1628418,Thomas Bryant,CLE,486,4.36,0.3,4.66,3.73,1.92,1.56,0.11,1.66,334
2027,1628436,Luke Kornet,SAS,1124,6.47,-0.88,5.58,3.47,1.89,5.33,-0.73,4.6,177
2027,1628467,Maxi Kleber,LAL,277,5.33,0.41,5.74,3.3,2.0,1.05,0.08,1.13,366
2027,1628960,Grayson Allen,PHO,999,7.19,-1.04,6.15,2.94,1.96,5.83,-0.84,4.98,155
2027,1628963,Marvin Bagley III,WAS,763,6.41,0.24,6.65,3.53,1.96,4.23,0.16,4.39,190
2027,1628969,Mikal Bridges,NYK,1730,7.2,0.76,7.96,2.49,1.89,9.88,1.05,10.92,9
2027,1628970,Miles Bridges,CHO,1251,6.86,-0.29,6.57,2.57,2.0,7.91,-0.34,7.58,51
2027,1628971,Bruce Brown,DEN,1343,6.39,-0.63,5.76,2.54,1.99,6.75,-0.67,6.08,96
2027,1628973,Jalen Brunson,NYK,2174,7.6,-0.77,6.83,2.42,1.89,13.09,-1.32,11.77,4
2027,1628976,Wendell Carter Jr.,ORL,1336,6.56,0.54,7.1,2.6,1.96,7.95,0.65,8.6,27
2027,1628978,Donte DiVincenzo,MIN,1208,6.46,0.09,6.56,2.83,1.85,6.26,0.09,6.35,84
2027,1628983,Shai Gilgeous-Alexander,OKC,1760,7.23,-0.11,7.12,2.39,1.92,12.17,-0.19,11.98,3
2027,1628988,Aaron Holiday,HOU,548,6.31,-0.51,5.8,3.25,1.87,2.92,-0.23,2.69,273
2027,1628989,Kevin Huerter,CHI,978,6.55,-0.36,6.19,3.09,1.87,4.81,-0.27,4.55,180
2027,1628991,Jaren Jackson Jr.,MEM,907,6.63,0.7,7.32,2.94,1.88,5.07,0.53,5.6,117
2027,1628997,Caleb Martin,DAL,609,5.74,0.51,6.25,3.08,1.99,3.6,0.32,3.92,216
2027,1629001,De'Anthony Melton,GSW,730,4.59,-0.76,3.82,3.59,1.89,2.85,-0.47,2.38,297
2027,1629004,Svi Mykhailiuk,UTA,581,4.48,-0.18,4.3,3.62,1.98,2.69,-0.11,2.58,284
2027,1629006,Josh Okogie,HOU,959,5.74,0.48,6.22,3.42,1.93,4.65,0.39,5.04,152
2027,1629008,Michael Porter Jr.,BRK,945,7.17,-0.35,6.82,2.85,1.96,5.49,-0.27,5.23,138
2027,1629011,Mitchell Robinson,NYK,1026,6.5,-0.09,6.41,3.35,1.92,5.29,-0.07,5.21,139
2027,1629012,Collin Sexton,CHO,1025,7.58,-0.66,6.92,2.85,1.92,7.17,-0.62,6.54,79
2027,1629013,Landry Shamet,NYK,924,6.44,-0.27,6.17,3.14,2.04,4.72,-0.2,4.52,181
2027,1629014,Anfernee Simons,BOS,815,6.88,-0.72,6.16,2.97,1.97,4.66,-0.49,4.17,206
2027,1629018,Gary Trent Jr.,MIL,931,6.94,-0.47,6.46,2.62,1.93,5.5,-0.37,5.13,145
2027,1629020,Jarred Vanderbilt,LAL,765,4.32,0.05,4.37,3.62,2.01,2.34,0.03,2.36,298
2027,1629023,P.J. Washington,DAL,873,6.29,-0.18,6.11,2.6,1.85,5.66,-0.16,5.5,120
2027,1629028,Deandre Ayton,LAL,1136,5.92,0.03,5.95,3.39,1.92,4.75,0.02,4.78,167
2027,1629029,Luka Dončić,LAL,1684,7.09,-0.16,6.93,2.4,1.88,8.44,-0.19,8.25,36
2027,1629048,Goga Bitadze,ORL,628,6.0,0.05,6.04,3.23,2.0,3.42,0.03,3.44,240
2027,1629057,Robert Williams III,POR,915,4.16,0.38,4.54,3.38,1.96,3.15,0.29,3.44,241
2027,1629060,Rui Hachimura,LAL,1525,7.05,-0.03,7.02,2.75,1.97,7.59,-0.03,7.56,53
2027,1629111,Jock Landale,MEM,926,6.69,-0.53,6.15,3.29,1.89,5.23,-0.42,4.81,164
2027,1629130,Duncan Robinson,DET,1347,6.86,-0.79,6.07,2.75,2.0,7.56,-0.87,6.68,73
2027,1629216,Gabe Vincent,LAL,771,5.97,0.33,6.3,3.13,1.9,3.26,0.18,3.43,242
2027,1629234,Drew Eubanks,SAC,389,5.13,-0.05,5.08,3.43,1.94,1.54,-0.02,1.53,347
2027,1629599,Amir Coffey,MIL,297,6.77,-0.5,6.27,3.08,2.04,1.72,-0.13,1.59,341
2027,1629611,Terance Mann,BRK,1028,6.54,-0.25,6.29,3.17,1.98,5.45,-0.21,5.24,137
2027,1629614,Andrew Nembhard,IND,1117,6.62,-0.14,6.48,2.64,2.02,5.91,-0.12,5.78,109
2027,1629618,Jalen Pickett,DEN,461,4.38,-0.87,3.5,3.79,1.96,1.59,-0.32,1.27,357
2027,1629622,Max Strus,CLE,693,6.93,0.26,7.19,3.2,1.92,3.52,0.13,3.66,225
2027,1629627,Zion Williamson,NOP,1124,7.11,-0.85,6.26,3.07,1.88,6.36,-0.76,5.61,115
2027,1629628,RJ Barrett,TOR,1032,6.48,0.59,7.07,2.68,2.01,4.9,0.45,5.35,129
2027,1629630,Ja Morant,MEM,316,5.81,-0.24,5.56,3.51,1.98,1.55,-0.06,1.49,349
2027,1629631,De'Andre Hunter,CLE,871,7.17,-0.66,6.51,2.81,1.99,4.58,-0.42,4.16,207
2027,1629632,Coby White,CHI,810,7.07,-0.34,6.72,2.43,2.01,4.3,-0.21,4.09,209
2027,1629636,Darius Garland,CLE,827,6.97,-0.2,6.77,3.1,1.9,4.24,-0.12,4.11,208
2027,1629637,Jaxson Hayes,LAL,1089,6.54,0.2,6.74,3.27,1.93,5.03,0.15,5.19,140
2027,1629638,Nickeil Alexander-Walker,ATL,1814,6.73,0.73,7.47,2.47,1.97,9.74,1.06,10.8,11
2027,1629639,Tyler Herro,MIA,707,6.87,-0.67,6.2,2.98,1.96,3.78,-0.37,3.41,244
2027,1629640,Keldon Johnson,SAS,1588,7.21,-1.13,6.08,2.36,1.87,8.4,-1.31,7.08,59
2027,1629645,Kevin Porter Jr.,MIL,838,4.97,0.16,5.13,3.56,1.95,3.55,0.11,3.66,226
2027,1629651,Nic Claxton,BRK,1107,6.62,0.73,7.35,2.85,1.92,5.94,0.66,6.6,77
2027,1629652,Luguentz Dort,OKC,1067,6.43,0.14,6.58,2.95,1.9,6.56,0.15,6.71,72
2027,1629655,Daniel Gafford,DAL,651,7.2,-0.75,6.45,2.89,2.06,4.82,-0.5,4.32,194
2027,1629656,Quentin Grimes,PHI,1472,7.17,0.15,7.32,2.68,2.0,8.03,0.17,8.2,40
2027,1629661,Cameron Johnson,DEN,1039,7.01,-0.7,6.31,3.04,1.94,5.74,-0.57,5.16,142
2027,1629673,Jordan Poole,NOP,594,6.99,-0.76,6.23,2.82,1.92,3.31,-0.36,2.95,266
2027,1629674,Neemias Queta,BOS,1063,5.78,0.17,5.94,3.35,2.01,5.11,0.15,5.26,135
2027,1629675,Naz Reid,MIN,1531,6.75,0.56,7.31,2.5,1.88,8.28,0.69,8.97,19
2027,1629680,Matisse Thybulle,POR,398,4.83,-0.14,4.69,3.7,2.05,1.59,-0.05,1.55,344
2027,1629684,Grant Williams,CHO,430,6.18,0.5,6.68,3.12,1.94,2.45,0.2,2.65,278
2027,1629723,John Konchar,UTA,570,5.01,0.55,5.56,3.47,1.93,2.96,0.33,3.28,248
2027,1629731,Dean Wade,CLE,1141,6.22,0.3,6.52,3.34,2.04,5.21,0.25,5.46,123
2027,1629750,Javonte Green,DET,753,5.82,0.42,6.24,3.46,2.0,3.58,0.26,3.84,219
2027,1630162,Anthony Edwards,MIN,1576,7.16,0.79,7.96,2.62,2.0,9.05,1.0,10.05,13
2027,1630163,LaMelo Ball,CHO,910,5.97,-0.06,5.91,3.22,1.94,5.01,-0.05,4.96,156
2027,1630165,Killian Hayes,SAC,254,3.89,-0.47,3.42,3.87,1.98,0.77,-0.09,0.67,382
2027,1630166,Deni Avdija,POR,1315,6.78,-0.46,6.32,2.71,1.92,7.37,-0.5,6.88,66
2027,1630167,Obi Toppin,IND,317,6.94,-0.34,6.59,3.0,1.94,1.76,-0.09,1.67,333
2027,1630168,Onyeka Okongwu,ATL,1417,7.18,-0.14,7.05,2.58,2.04,8.11,-0.16,7.96,43
2027,1630170,Devin Vassell,SAS,1514,6.54,-0.3,6.24,2.8,1.93,7.26,-0.34,6.92,65
2027,1630171,Isaac Okoro,CHI,954,6.79,0.05,6.84,3.14,1.98,4.87,0.04,4.91,160
2027,1630172,Patrick Williams,CHI,1114,5.54,0.97,6.5,3.28,1.92,4.63,0.81,5.44,125
2027,1630173,Precious Achiuwa,SAC,1063,6.32,-0.71,5.61,2.66,1.93,5.19,-0.58,4.61,176
2027,1630174,Aaron Nesmith,IND,799,7.12,-0.31,6.82,2.85,1.98,4.55,-0.2,4.36,192
2027,1630175,Cole Anthony,MIL,333,5.59,0.83,6.42,3.1,2.01,1.59,0.24,1.82,328
2027,1630178,Tyrese Maxey,PHI,1893,7.37,-0.47,6.9,2.48,1.88,10.62,-0.68,9.94,14
2027,1630180,Saddiq Bey,NOP,1425,7.19,-0.13,7.05,3.14,1.99,8.16,-0.15,8.01,42
2027,1630182,Josh Green,CHO,562,6.34,0.33,6.67,2.76,1.98,3.29,0.17,3.46,239
2027,1630183,Jaden McDaniels,MIN,1421,6.6,0.09,6.69,2.61,1.92,7.52,0.1,7.62,49
2027,1630188,Jalen Smith,CHI,807,6.6,-0.41,6.19,3.24,1.9,4.0,-0.25,3.75,222
2027,1630191,Isaiah Stewart,DET,910,6.48,-0.54,5.95,2.98,1.91,4.83,-0.4,4.43,186
2027,1630192,Zeke Nnaji,DEN,404,4.83,-0.48,4.35,3.72,2.01,1.54,-0.15,1.38,353
2027,1630193,Immanuel Quickley,TOR,1204,6.54,0.23,6.77,3.24,1.84,5.76,0.21,5.97,101
2027,1630194,Paul Reed,DET,655,5.48,0.26,5.74,3.41,1.99,2.94,0.14,3.08,261
2027,1630198,Isaiah Joe,OKC,827,6.73,1.13,7.86,2.82,1.91,5.33,0.9,6.22,90
2027,1630200,Tre Jones,CHI,1343,7.2,-0.75,6.44,2.9,1.91,7.26,-0.76,6.5,80
2027,1630202,Payton Pritchard,BOS,1616,7.2,-0.02,7.18,2.65,1.87,9.67,-0.02,9.65,15
2027,1630208,Nick Richards,CHI,408,5.69,0.28,5.97,3.47,1.96,1.74,0.08,1.83,326
2027,1630217,Desmond Bane,ORL,1574,7.22,0.37,7.59,2.55,1.93,10.31,0.53,10.84,10
2027,1630224,Jalen Green,PHO,538,6.71,-0.54,6.17,2.67,1.93,2.93,-0.24,2.69,274
2027,1630228,Jonathan Kuminga,ATL,647,5.96,0.29,6.25,2.79,1.99,3.08,0.15,3.23,249
2027,1630230,Naji Marshall,DAL,1231,7.04,-0.56,6.48,2.54,1.92,8.92,-0.71,8.22,37
2027,1630241,Sam Merrill,CLE,1125,6.91,0.13,7.04,2.92,1.94,5.71,0.11,5.81,106
2027,1630245,Ayo Dosunmu,CHI,1347,7.18,-0.92,6.26,2.58,1.94,7.27,-0.93,6.34,85
2027,1630249,Vít Krejčí,ATL,913,5.95,0.25,6.2,3.46,1.96,4.33,0.18,4.51,182
2027,1630256,Jae'Sean Tate,HOU,284,5.41,-0.38,5.03,3.49,1.99,1.3,-0.09,1.21,360
2027,1630264,Anthony Gill,WAS,634,5.49,-0.84,4.65,3.51,1.99,3.01,-0.46,2.55,285
2027,1630311,Pat Spencer,GSW,737,2.76,0.28,3.04,3.73,2.0,1.73,0.17,1.91,320
2027,1630314,Brandon Williams,DAL,1083,5.76,-0.13,5.62,3.46,2.12,6.42,-0.15,6.27,87
2027,1630526,Jeremiah Robinson-Earl,IND,280,5.8,-1.47,4.32,3.45,1.97,1.3,-0.33,0.97,372
2027,1630529,Herbert Jones,NOP,1029,5.92,-0.21,5.71,2.94,2.0,4.85,-0.17,4.68,171
2027,1630530,Trey Murphy III,NOP,1512,7.33,-0.91,6.42,2.6,1.99,8.83,-1.1,7.73,47
2027,1630532,Franz Wagner,ORL,616,6.67,0.47,7.13,2.82,2.07,3.72,0.26,3.98,214
2027,1630533,Ziaire Williams,BRK,898,5.79,0.51,6.31,3.2,1.98,4.22,0.37,4.59,178
2027,1630534,Ochai Agbaji,TOR,703,6.84,0.12,6.96,3.03,1.93,3.52,0.06,3.58,230
2027,1630536,Sharife Cooper,WAS,499,2.56,0.04,2.6,3.85,1.95,1.1,0.02,1.12,367
2027,1630538,Bones Hyland,MIN,819,4.59,0.72,5.31,3.49,2.05,3.01,0.47,3.49,236
2027,1630540,Miles McBride,NYK,878,6.51,0.81,7.32,3.04,1.93,4.53,0.57,5.1,148
2027,1630541,Moses Moody,GSW,938,6.72,0.15,6.86,3.18,2.06,5.37,0.12,5.48,122
2027,1630543,Isaiah Jackson,IND,620,5.27,-0.37,4.89,3.57,1.99,2.61,-0.19,2.42,293
2027,1630544,Tre Mann,CHO,375,3.87,0.81,4.68,3.72,1.98,1.34,0.28,1.62,337
2027,1630545,Terrence Shannon Jr.,MIN,589,4.51,-0.1,4.42,3.69,2.07,2.13,-0.05,2.09,310
2027,1630549,Day'Ron Sharpe,BRK,910,6.15,0.33,6.48,3.33,2.0,4.54,0.24,4.78,168
2027,1630551,Justin Champagnie,WAS,959,5.92,0.18,6.1,3.52,1.92,4.9,0.15,5.05,151
2027,1630552,Jalen Johnson,ATL,1671,6.41,0.17,6.58,2.78,1.91,8.53,0.23,8.76,23
2027,1630557,Corey Kispert,ATL,635,7.38,-0.49,6.9,2.97,1.95,3.74,-0.25,3.5,234
2027,1630558,Davion Mitchell,MIA,1194,6.75,0.44,7.19,2.66,2.04,6.27,0.41,6.68,74
2027,1630559,Austin Reaves,LAL,1128,7.22,-0.05,7.17,2.81,2.01,5.76,-0.04,5.72,112
2027,1630560,Cam Thomas,BRK,623,5.72,0.61,6.34,3.37,2.06,2.9,0.31,3.2,254
2027,1630567,Scottie Barnes,TOR,1954,6.32,0.87,7.2,2.38,1.88,9.05,1.25,10.29,12
2027,1630568,Luka Garza,BOS,723,2.94,0.67,3.61,3.81,1.96,1.77,0.4,2.17,304
2027,1630570,Trendon Watford,PHI,647,4.73,-0.02,4.71,3.48,2.0,2.33,-0.01,2.32,301
2027,1630572,Sandro Mamukelashvili,TOR,1405,7.03,-0.75,6.28,2.97,2.03,7.23,-0.77,6.46,81
2027,1630573,Sam Hauser,BOS,1116,6.83,-0.07,6.76,3.02,1.96,6.34,-0.06,6.27,88
2027,1630574,Ariel Hukporti,NYK,371,1.71,0.48,2.18,3.82,1.95,0.5,0.14,0.64,385
2027,1630577,Julian Champagnie,SAS,1603,6.74,0.25,6.99,2.94,1.83,7.92,0.29,8.21,39
2027,1630578,Alperen Sengun,HOU,1319,6.76,0.47,7.22,2.83,2.05,7.53,0.52,8.05,41
2027,1630579,Jericho Sims,MIL,833,5.59,-0.87,4.71,3.61,1.94,3.97,-0.62,3.35,246
2027,1630581,Josh Giddey,CHI,908,6.67,0.2,6.86,3.01,2.01,4.55,0.13,4.68,172
2027,1630583,Santi Aldama,MEM,817,6.94,0.17,7.11,2.55,1.94,4.78,0.12,4.9,161
2027,1630591,Jalen Suggs,ORL,1004,5.94,1.36,7.3,2.76,1.97,5.41,1.24,6.65,75
2027,1630592,Jalen Wilson,BRK,538,6.07,-0.36,5.72,3.26,1.88,2.65,-0.16,2.49,289
2027,1630595,Cade Cunningham,DET,1358,6.66,1.12,7.78,2.89,2.0,7.39,1.25,8.64,26
2027,1630596,Evan Mobley,CLE,1726,7.04,-0.11,6.93,2.69,1.94,8.92,-0.14,8.78,21
2027,1630598,Aaron Wiggins,OKC,717,6.63,0.41,7.05,3.18,1.89,4.55,0.28,4.83,162
2027,1630611,Gui Santos,GSW,795,3.74,0.88,4.62,3.8,1.95,2.53,0.6,3.13,257
2027,1630619,Moussa Cisse,DAL,314,2.42,-0.16,2.26,3.76,2.05,0.79,-0.05,0.73,379
2027,1630623,Tyson Etienne,BRK,298,1.11,0.34,1.45,4.0,2.04,0.27,0.08,0.35,395
2027,1630631,Jose Alvarado,NOP,884,6.89,-0.92,5.97,2.92,1.89,4.85,-0.65,4.21,202
2027,1630643,Jay Huff,IND,984,6.19,-0.27,5.92,3.31,2.0,4.87,-0.21,4.65,175
2027,1630679,Ethan Thompson,IND,403,1.16,0.45,1.61,3.95,2.09,0.38,0.15,0.52,389
2027,1630692,Jordan Goodwin,PHO,990,5.5,-0.02,5.48,3.27,2.01,4.42,-0.02,4.4,189
2027,1630695,Micah Potter,IND,564,3.62,0.58,4.21,3.72,2.01,1.63,0.26,1.9,322
2027,1630696,Dru Smith,MIA,836,3.87,0.01,3.88,3.73,2.05,2.52,0.01,2.52,286
2027,1630700,Dyson Daniels,ATL,1464,6.46,0.04,6.5,2.56,2.0,7.54,0.04,7.58,52
2027,1630702,Jaden Hardy,WAS,482,5.36,0.6,5.96,3.28,1.97,2.23,0.25,2.48,290
2027,1630703,Scoot Henderson,POR,577,6.2,0.16,6.36,3.03,1.92,2.96,0.08,3.04,265
2027,1630811,Keaton Wallace,ATL,323,2.84,1.01,3.85,3.94,2.05,0.73,0.26,0.99,370
2027,1631093,Jaden Ivey,DET,476,5.1,0.37,5.47,3.37,1.9,1.98,0.14,2.13,309
2027,1631094,Paolo Banchero,ORL,1477,6.51,0.59,7.1,2.54,1.92,8.72,0.79,9.51,16
2027,1631095,Jabari Smith Jr.,HOU,1542,6.65,-0.33,6.32,2.65,1.94,8.66,-0.43,8.22,38
2027,1631096,Chet Holmgren,OKC,1040,5.71,0.26,5.97,3.4,1.91,5.68,0.26,5.94,102
2027,1631097,Bennedict Mathurin,IND,1051,6.6,-0.55,6.05,2.56,1.92,5.55,-0.46,5.08,150
2027,1631099,Keegan Murray,SAC,466,6.85,-0.19,6.67,3.11,2.02,2.47,-0.07,2.4,296
2027,1631101,Shaedon Sharpe,POR,987,6.29,0.73,7.01,3.14,1.95,5.13,0.59,5.73,111
2027,1631105,Jalen Duren,DET,1179,6.89,-0.02,6.87,2.77,1.95,6.64,-0.02,6.62,76
2027,1631106,Tari Eason,HOU,1015,6.28,0.1,6.37,3.03,1.96,5.38,0.08,5.46,124
2027,1631107,Nikola Jović,MIA,575,4.59,0.81,5.4,3.61,1.91,2.05,0.36,2.42,294
2027,1631108,Max Christie,DAL,1088,6.54,-0.4,6.13,2.96,1.92,7.32,-0.45,6.87,67
2027,1631109,Mark Williams,PHO,961,6.19,-0.83,5.36,3.32,1.99,4.82,-0.64,4.18,204
2027,1631110,Jeremy Sochan,SAS,358,6.27,0.06,6.33,3.27,1.98,1.65,0.02,1.66,335
2027,1631114,Jalen Williams,OKC,566,6.54,-0.22,6.32,3.06,1.9,3.54,-0.12,3.42,243
2027,1631119,Jaylin Williams,OKC,701,6.1,0.37,6.47,3.34,2.03,4.09,0.24,4.34,193
2027,1631121,Bryce McGowens,NOP,577,4.68,-0.16,4.52,3.66,1.97,2.15,-0.07,2.08,312
2027,1631123,Jamaree Bouyea,PHO,293,2.08,0.37,2.45,3.86,2.06,0.49,0.09,0.58,386
2027,1631124,Julian Strawther,DEN,524,5.84,-0.2,5.65,3.55,1.92,2.41,-0.08,2.33,300
2027,1631126,Caleb Love,POR,701,3.68,-0.5,3.18,3.86,2.03,2.14,-0.29,1.85,325
2027,1631128,Christian Braun,DEN,987,7.45,-0.23,7.23,2.61,1.93,5.79,-0.18,5.61,116
2027,1631131,Oscar Tshiebwe,UTA,272,2.27,-0.51,1.76,4.13,2.04,0.64,-0.14,0.5,392
2027,1631133,Jabari Walker,PHI,563,5.94,0.59,6.53,3.34,1.94,2.55,0.25,2.8,270
2027,1631157,Ryan Rollins,MIL,1386,5.7,-0.58,5.13,3.31,2.05,6.74,-0.68,6.06,97
2027,1631159,Leonard Miller,CHI,360,1.35,0.61,1.96,3.9,2.07,0.37,0.17,0.53,388
2027,1631165,Keon Ellis,SAC,1033,6.7,-0.47,6.23,3.0,1.99,5.34,-0.37,4.96,157
2027,1631169,Josh Minott,BOS,531,2.29,0.65,2.95,3.77,2.0,1.01,0.29,1.3,355
2027,1631170,Jaime Jaquez Jr.,MIA,1628,6.1,1.04,7.14,2.84,1.99,7.72,1.32,9.04,18
2027,1631172,Ousmane Dieng,MIL,531,3.08,0.64,3.72,3.81,1.97,1.39,0.29,1.68,332
2027,1631200,Kris Murray,POR,756,5.3,0.68,5.97,3.43,1.96,3.31,0.42,3.74,223
2027,1631204,Marcus Sasser,DET,344,5.88,-0.29,5.59,3.31,1.95,1.66,-0.08,1.58,343
2027,1631207,Dalen Terry,CHI,372,4.64,1.05,5.69,3.55,2.02,1.3,0.29,1.59,342
2027,1631212,Peyton Watson,DEN,1083,6.62,-0.36,6.25,2.89,1.92,5.64,-0.31,5.33,132
2027,1631213,Tyrese Martin,BRK,458,3.65,0.78,4.43,3.71,2.0,1.36,0.29,1.65,336
2027,1631217,Moussa Diabaté,CHO,1105,6.53,-0.93,5.6,3.19,2.06,6.66,-0.95,5.71,113
2027,1631218,Trayce Jackson-Davis,GSW,315,5.51,-0.23,5.28,3.54,1.98,1.48,-0.06,1.42,351
2027,1631221,Collin Gillespie,PHO,1451,5.74,-0.85,4.89,3.51,2.01,6.76,-1.0,5.76,110
2027,1631222,Jake LaRavia,LAL,1398,6.7,-0.41,6.29,2.79,1.92,6.62,-0.41,6.21,91
2027,1631230,Dominick Barlow,PHI,984,5.32,-0.23,5.1,3.53,2.05,3.99,-0.17,3.82,220
2027,1631243,Mouhamed Gueye,ATL,970,5.48,0.72,6.2,3.46,2.02,4.24,0.55,4.8,165
2027,1631245,Quenton Jackson,IND,452,2.61,0.08,2.68,3.88,2.02,0.94,0.03,0.97,373
2027,1631246,Vince Williams Jr.,MEM,431,5.04,0.48,5.52,3.26,2.04,1.83,0.18,2.01,316
2027,1631248,Baylor Scheierman,BOS,824,4.14,0.55,4.69,3.72,1.95,2.84,0.37,3.21,252
2027,1631250,Pete Nance,MIL,394,1.8,0.12,1.93,4.02,2.04,0.61,0.04,0.65,384
2027,1631255,Karlo Matković,NOP,622,5.19,-0.72,4.47,3.71,1.96,2.57,-0.35,2.22,303
2027,1631260,AJ Green,MIL,1388,7.11,-0.98,6.13,2.8,1.99,8.42,-1.16,7.26,56
2027,1631288,Jamal Cain,ORL,354,2.43,0.4,2.82,4.01,2.07,0.78,0.13,0.91,374
2027,1631321,Sidy Cissoko,POR,874,3.92,0.77,4.69,3.79,1.96,2.83,0.56,3.39,245
2027,1631323,Simone Fontecchio,MIA,805,5.68,1.06,6.73,3.33,1.9,3.55,0.66,4.22,201
2027,1631342,Daeqwon Plowden,SAC,521,2.4,-0.48,1.92,3.94,2.01,0.97,-0.19,0.77,377
2027,1641705,Victor Wembanyama,SAS,1307,6.07,0.36,6.43,3.26,1.99,5.82,0.34,6.16,93
2027,1641706,Brandon Miller,CHO,1166,6.02,0.45,6.47,2.92,1.99,6.47,0.48,6.95,63
2027,1641707,Taylor Hendricks,MEM,685,3.14,0.41,3.55,3.85,1.9,1.81,0.24,2.05,314
2027,1641708,Amen Thompson,HOU,1845,6.66,0.55,7.21,2.66,2.0,10.37,0.86,11.23,6
2027,1641709,Ausar Thompson,DET,1179,6.13,0.1,6.22,3.24,1.96,5.9,0.1,6.0,100
2027,1641710,Anthony Black,ORL,1132,5.91,1.23,7.13,2.96,1.98,6.06,1.26,7.32,55
2027,1641711,Gradey Dick,TOR,751,6.11,-0.26,5.85,2.77,2.03,3.36,-0.14,3.22,251
2027,1641712,Rayan Rupert,POR,627,3.66,1.41,5.07,3.61,1.96,1.9,0.73,2.63,280
2027,1641713,GG Jackson,MEM,536,4.94,0.25,5.19,3.42,2.01,2.24,0.11,2.35,299
2027,1641715,Cam Whitmore,WAS,279,3.25,0.8,4.06,3.75,2.0,0.79,0.19,0.98,371
2027,1641716,Jarace Walker,IND,1291,4.94,1.04,5.99,3.32,1.96,5.1,1.08,6.18,92
2027,1641717,Cason Wallace,OKC,1176,6.32,1.11,7.43,2.98,1.92,7.11,1.25,8.36,32
2027,1641718,Keyonte George,UTA,1032,7.37,-1.83,5.55,3.0,1.9,7.88,-1.95,5.93,103
2027,1641722,Jordan Hawkins,NOP,412,6.11,-0.23,5.88,3.12,1.93,2.01,-0.08,1.93,319
2027,1641724,Jett Howard,ORL,352,2.51,0.73,3.23,3.68,1.87,0.8,0.23,1.03,368
2027,1641729,Brice Sensabaugh,UTA,1050,6.21,0.23,6.44,3.53,1.95,6.76,0.25,7.0,61
2027,1641730,Noah Clowney,BRK,1155,4.75,0.77,5.52,3.58,1.94,4.45,0.72,5.17,141
2027,1641731,Bilal Coulibaly,WAS,903,5.94,0.91,6.84,2.86,1.97,4.63,0.71,5.34,131
2027,1641737,Adem Bona,PHI,914,5.0,-0.24,4.76,3.6,1.97,3.48,-0.17,3.31,247
2027,1641738,Kobe Brown,IND,561,5.21,0.4,5.61,3.48,1.98,2.34,0.18,2.52,287
2027,1641739,Toumani Camara,POR,1671,6.91,-1.37,5.54,2.76,1.88,9.56,-1.9,7.66,48
2027,1641740,Jaylen Clark,MIN,794,4.27,0.17,4.44,3.81,1.93,2.72,0.11,2.83,269
2027,1641750,Ryan Kalkbrenner,CHO,838,3.43,-0.3,3.13,3.9,1.99,2.65,-0.23,2.42,295
2027,1641757,Jordan Miller,LAC,896,3.82,0.7,4.52,3.82,1.96,2.99,0.55,3.53,231
2027,1641763,Julian Phillips,CHI,250,5.93,0.13,6.06,3.38,2.01,1.12,0.02,1.14,363
2027,1641764,Brandin Podziemski,GSW,1413,6.85,-0.99,5.86,2.59,1.96,8.24,-1.19,7.05,60
2027,1641765,Olivier-Maxence Prosper,MEM,694,3.15,0.41,3.56,3.73,1.91,1.84,0.24,2.08,313
2027,1641767,Ben Sheppard,IND,871,6.79,-0.5,6.29,2.87,1.99,4.73,-0.35,4.38,191
2027,1641772,Nae'Qwan Tomlin,CLE,585,2.91,-0.03,2.87,3.85,2.08,1.25,-0.01,1.24,359
2027,1641774,Tristan Vukcevic,WAS,429,2.95,0.5,3.46,3.91,1.97,1.09,0.19,1.28,356
2027,1641775,Jordan Walsh,BOS,843,4.04,0.35,4.39,3.7,1.95,2.83,0.25,3.08,262
2027,1641783,Tristan da Silva,ORL,1037,5.01,0.32,5.33,3.5,1.97,4.71,0.3,5.01,154
2027,1641796,Pelle Larsson,MIA,1113,5.03,0.09,5.12,3.51,1.99,4.35,0.08,4.43,187
2027,1641824,Matas Buzelis,CHI,1153,5.64,0.92,6.56,3.26,2.0,4.89,0.79,5.68,114
2027,1641842,Ronald Holland II,DET,976,5.86,-0.32,5.54,3.44,2.0,4.68,-0.26,4.42,188
2027,1641854,Craig Porter Jr.,CLE,764,4.7,0.02,4.72,3.61,2.04,2.64,0.01,2.65,279
2027,1641869,,BRK,293,1.16,0.1,1.27,3.82,1.96,0.28,0.02,0.3,396
2027,1641989,Elijah Harkless,UTA,273,0.99,0.89,1.89,3.93,2.04,0.28,0.25,0.54,387
2027,1642258,Zaccharie Risacher,ATL,844,5.3,0.15,5.45,3.53,2.04,3.56,0.1,3.66,227
2027,1642259,Alex Sarr,WAS,729,4.07,2.25,6.32,3.72,1.99,2.56,1.42,3.98,215
2027,1642261,Dalton Knecht,LAL,314,5.45,-0.25,5.2,3.63,1.91,1.21,-0.06,1.16,361
2027,1642262,Cody Williams,UTA,741,3.93,-0.11,3.82,3.63,1.92,3.02,-0.08,2.93,268
2027,1642263,Reed Sheppard,HOU,1258,4.09,0.71,4.8,3.5,1.99,4.35,0.76,5.1,149
2027,1642264,Stephon Castle,SAS,1301,5.39,-0.11,5.28,3.33,1.92,5.14,-0.1,5.04,153
2027,1642265,Rob Dillingham,CHI,503,2.97,0.76,3.73,3.82,2.03,1.12,0.29,1.41,352
2027,1642266,Ja'Kobe Walter,TOR,1130,5.12,0.6,5.72,3.43,1.99,4.24,0.5,4.73,170
2027,1642267,Bub Carrington,WAS,1300,5.34,2.02,7.36,3.07,1.97,6.0,2.27,8.26,34
2027,1642268,Isaiah Collier,UTA,944,4.89,0.58,5.47,3.45,1.91,4.78,0.57,5.35,130
2027,1642269,Devin Carter,SAC,350,2.27,0.48,2.75,3.8,1.97,0.61,0.13,0.74,378
2027,1642270,Donovan Clingan,POR,1030,5.41,-0.36,5.05,3.49,2.0,4.6,-0.31,4.3,195
2027,1642271,Kyle Filipowski,UTA,991,5.8,-0.67,5.13,3.41,1.99,5.95,-0.69,5.26,136
2027,1642272,Jared McCain,PHI,786,5.5,-1.04,4.46,3.6,1.91,3.29,-0.62,2.67,275
2027,1642273,Kyshawn George,WAS,847,5.45,2.19,7.64,3.24,1.94,3.99,1.6,5.59,118
2027,1642274,Yves Missi,NOP,998,6.87,-0.67,6.19,3.27,2.1,5.46,-0.54,4.93,158
2027,1642275,Tidjane Salaün,CHO,380,3.82,0.55,4.37,3.58,1.89,1.34,0.19,1.53,348
2027,1642276,Kel'el Ware,MIA,1138,5.72,0.09,5.81,3.35,1.94,5.06,0.08,5.14,143
2027,1642277,Johnny Furphy,IND,364,3.12,0.82,3.94,3.79,2.0,0.91,0.24,1.15,362
2027,1642281,Jaylon Tyson,CLE,1254,4.35,0.31,4.66,3.75,1.99,4.0,0.28,4.29,197
2027,1642285,Cam Spencer,MEM,1018,4.84,0.03,4.87,3.74,2.0,4.16,0.03,4.19,203
2027,1642345,Oso Ighodaro,PHO,1259,5.92,-0.71,5.21,3.6,1.97,6.04,-0.72,5.32,133
2027,1642346,Ryan Dunn,PHO,858,5.47,0.06,5.53,3.5,1.9,3.81,0.04,3.85,218
2027,1642347,Jamal Shead,TOR,1616,5.91,0.45,6.37,2.75,1.89,7.0,0.53,7.53,54
2027,1642348,Justin Edwards,PHI,854,4.71,0.07,4.78,3.69,1.94,3.06,0.04,3.11,258
2027,1642349,Ajay Mitchell,OKC,829,3.15,0.87,4.03,3.76,2.01,2.5,0.69,3.2,255
2027,1642363,Nique Clifford,SAC,1251,4.33,-0.18,4.16,3.68,2.04,4.19,-0.17,4.02,212
2027,1642364,Jamir Watkins,WAS,643,3.12,-0.24,2.87,3.87,2.09,1.73,-0.14,1.6,339
2027,1642366,Quinten Post,GSW,684,4.65,0.64,5.28,3.64,1.98,2.71,0.37,3.08,263
2027,1642377,Jaylen Wells,MEM,1077,6.3,0.34,6.64,3.36,1.98,5.73,0.31,6.04,98
2027,1642382,Branden Carlson,OKC,284,1.9,0.55,2.46,3.86,2.0,0.52,0.15,0.67,383
2027,1642383,Walter Clayton Jr.,MEM,785,3.64,-0.25,3.4,3.88,2.08,2.41,-0.16,2.25,302
2027,1642419,Jamison Battle,TOR,380,4.95,0.2,5.15,3.68,2.04,1.38,0.05,1.43,350
2027,1642450,Daniss Jenkins,DET,948,3.79,-0.44,3.35,3.69,2.08,2.94,-0.34,2.6,282
2027,1642461,Spencer Jones,DEN,1037,1.97,0.28,2.25,3.87,2.0,1.61,0.23,1.83,327
2027,1642843,Cooper Flagg,DAL,1099,5.34,-0.54,4.8,3.51,1.98,6.04,-0.62,5.43,127
2027,1642844,Dylan Harper,SAS,1329,4.17,0.13,4.3,3.89,1.89,4.06,0.12,4.18,205
2027,1642845,VJ Edgecombe,PHI,1516,4.02,-0.16,3.87,3.7,2.0,4.64,-0.18,4.46,185
2027,1642846,Ace Bailey,UTA,913,2.96,0.44,3.39,3.77,1.97,2.8,0.41,3.21,253
2027,1642847,Jeremiah Fears,NOP,1278,4.7,-0.3,4.4,3.57,1.94,4.78,-0.3,4.48,184
2027,1642848,Tre Johnson,WAS,924,2.91,0.52,3.43,3.85,2.06,2.32,0.42,2.74,271
2027,1642849,Nolan Traore,BRK,789,2.82,0.46,3.27,3.91,2.1,1.8,0.29,2.09,311
2027,1642851,Kon Knueppel,CHO,1268,3.69,0.3,3.99,3.96,1.85,4.31,0.35,4.66,174
2027,1642852,Derik Queen,NOP,1136,3.86,0.03,3.89,3.75,2.02,3.49,0.03,3.52,233
2027,1642853,Rasheer Fleming,PHO,403,1.62,-0.35,1.26,4.12,2.02,0.53,-0.12,0.41,393
2027,1642856,Egor Dëmin,BRK,790,2.95,0.38,3.34,3.84,1.94,1.89,0.25,2.14,307
2027,1642857,Kasparas Jakučionis,MIA,688,3.28,-0.27,3.0,3.83,1.97,1.75,-0.15,1.61,338
2027,1642860,Will Riley,WAS,996,3.93,-0.32,3.6,3.81,1.87,3.38,-0.28,3.1,259
2027,1642863,Khaman Maluach,PHO,285,1.47,-0.36,1.11,4.01,2.01,0.34,-0.08,0.26,397
2027,1642864,Hugo González,BOS,840,3.6,0.21,3.81,3.83,2.03,2.52,0.15,2.66,277
2027,1642867,Collin Murray-Boyles,TOR,1008,4.05,0.09,4.14,3.85,2.02,2.99,0.07,3.06,264
2027,1642868,Carter Bryant,SAS,582,2.6,-0.27,2.33,4.01,1.95,1.11,-0.11,1.0,369
2027,1642869,Noah Penda,ORL,449,1.06,0.62,1.67,4.01,2.0,0.43,0.25,0.68,381
2027,1642874,Danny Wolf,BRK,769,2.91,0.52,3.42,3.9,2.06,1.81,0.32,2.14,308
2027,1642875,Maxime Raynaud,SAC,1092,2.51,-0.14,2.37,3.76,1.9,2.11,-0.11,2.0,317
2027,1642877,Micah Peavy,NOP,695,3.29,0.14,3.43,3.79,2.08,1.82,0.08,1.9,323
2027,1642879,Ben Saraf,BRK,666,2.33,0.13,2.46,4.09,2.06,1.26,0.07,1.33,354
2027,1642880,Kam Jones,IND,302,0.77,0.24,1.01,3.84,1.83,0.19,0.06,0.24,399
2027,1642883,Sion James,CHO,1154,4.55,-0.03,4.52,3.66,2.07,4.84,-0.04,4.8,166
2027,1642885,Mohamed Diawara,NYK,425,1.61,-0.1,1.51,4.03,2.11,0.54,-0.03,0.51,391
2027,1642907,Cedric Coward,MEM,990,4.81,-0.38,4.44,3.67,1.99,4.02,-0.31,3.7,224
2027,1642914,Javon Small,MEM,589,2.72,-0.2,2.52,4.07,1.89,1.35,-0.1,1.25,358
2027,1642920,Kobe Sanders,LAC,977,3.26,-0.13,3.13,3.87,1.99,2.78,-0.11,2.67,276
2027,1642928,Dylan Cardwell,SAC,670,2.21,-0.01,2.21,3.64,2.05,1.15,-0.0,1.14,364
2027,1642942,,MEM,445,1.77,0.08,1.85,3.95,1.91,0.66,0.03,0.69,380
2027,1642948,Ryan Nembhard,DAL,489,3.78,-0.34,3.44,3.58,1.96,1.9,-0.17,1.73,331
2027,1642949,Yanic Konan Niederhäuser,LAC,274,1.87,0.29,2.16,4.03,2.04,0.45,0.07,0.52,390
2027,1642954,Will Richard,GSW,838,4.6,-0.81,3.78,3.58,2.01,3.28,-0.58,2.7,272
2027,1642962,Drake Powell,BRK,913,3.52,-0.62,2.9,3.76,2.08,2.61,-0.46,2.15,306
2027,1643007,Taelon Peter,IND,261,0.84,0.36,1.2,3.93,2.11,0.17,0.08,0.25,398
2027,1643016,,UTA,251,0.98,-0.23,0.75,4.15,2.05,0.25,-0.06,0.19,400
2027,1643052,,BRK,255,0.76,-0.04,0.71,3.95,2.06,0.16,-0.01,0.15,401
