pid,player,team,minutes,impact_off,impact_def,impact_total,waa_off,waa_def,waa_total,waa32_off,waa32_def,waa32_total,season,rank,rank_off,rank_def,rank_waa32
2594,Kyle Korver,ATL,2176.0,0.9,2.36,3.65,1.39,3.53,4.92,1.64,4.11,5.75,2016,22,41,9,25
200794,Paul Millsap,ATL,2381.0,1.19,1.64,2.98,2.17,2.97,5.13,2.39,3.26,5.65,2016,21,27,13,26
201143,Al Horford,ATL,2398.0,1.01,0.85,1.95,2.21,1.86,4.07,2.53,2.13,4.67,2016,29,26,26,33
201952,Jeff Teague,ATL,2041.0,0.9,0.89,1.75,1.54,1.52,3.06,2.03,2.01,4.03,2016,35,37,31,39
203145,Kent Bazemore,ATL,1854.0,-0.7,-2.48,-3.27,-0.88,-3.1,-3.98,-1.2,-4.23,-5.42,2016,387,344,394,371
101141,Ersan Ilyasova,DET,1733.0,0.04,0.02,0.09,0.18,0.13,0.32,0.35,0.26,0.61,2016,105,103,113,109
202694,Marcus Morris Sr.,DET,2619.0,-0.48,-0.37,-0.94,-0.74,-0.57,-1.31,-0.68,-0.52,-1.19,2016,300,320,277,168
202704,Reggie Jackson,DET,2209.0,1.74,0.73,2.32,2.51,1.04,3.54,2.84,1.17,4.01,2016,31,21,48,40
203083,Andre Drummond,DET,2441.0,0.29,0.23,0.19,0.43,0.37,0.8,0.43,0.38,0.81,2016,87,84,87,101
203484,Kentavious Caldwell-Pope,DET,2508.0,0.71,0.85,1.23,0.78,1.0,1.77,0.63,0.85,1.48,2016,60,65,49,86
200757,Thabo Sefolosha,ATL,1533.0,0.41,1.09,1.7,0.36,0.95,1.32,0.51,1.33,1.85,2016,72,90,51,76
201168,Tiago Splitter,ATL,514.0,0.87,0.8,1.88,0.3,0.28,0.58,1.43,1.32,2.76,2016,97,97,94,58
203934,Lamar Patterson,ATL,365.0,-1.0,-1.0,-1.0,-0.14,-0.24,-0.38,-0.53,-1.59,-2.12,2016,180,168,199,233
203471,Dennis Schroder,ATL,1433.0,-0.15,-1.2,-1.68,-0.18,-1.14,-1.32,-0.35,-1.9,-2.25,2016,301,189,346,245
1626169,Stanley Johnson,DET,1517.0,-1.0,-1.0,-1.0,-0.86,-1.07,-1.93,-1.22,-1.77,-2.99,2016,342,340,340,299
2581,Steve Blake,DET,876.0,0.16,-1.79,-1.18,-0.12,-1.1,-1.22,-0.88,-3.1,-3.98,2016,293,153,343,339
203382,Aron Baynes,DET,1104.0,-0.43,-0.32,-0.66,-0.56,-0.38,-0.94,-1.68,-1.12,-2.8,2016,261,292,238,289
203488,Mike Muscala,ATL,483.0,0.12,0.11,0.03,0.01,0.0,0.01,-0.06,-0.08,-0.14,2016,127,124,133,133
203118,Mike Scott,ATL,1003.0,-0.76,-0.63,-1.42,-0.45,-0.37,-0.81,-0.89,-0.73,-1.62,2016,246,273,234,189
2200,Pau Gasol,CHI,2100.0,0.53,0.65,1.63,1.04,1.23,2.27,1.39,1.63,3.02,2016,46,55,40,54
201565,Derrick Rose,CHI,1941.0,-0.12,-0.46,-0.61,-0.17,-0.64,-0.81,-0.23,-0.87,-1.1,2016,247,184,290,165
202703,Nikola Mirotic,CHI,1506.0,1.03,1.19,2.0,1.06,1.21,2.27,1.81,2.07,3.88,2016,47,52,41,42
202710,Jimmy Butler,CHI,2259.0,2.24,0.97,3.12,3.83,1.6,5.43,4.54,1.88,6.42,2016,19,16,30,21
203503,Tony Snell,CHI,1203.0,-0.1,-0.78,-1.09,-0.13,-0.69,-0.82,-0.36,-1.54,-1.9,2016,248,158,304,201
2544,LeBron James,CLE,2464.0,5.5,2.03,7.74,9.49,3.53,13.02,9.96,3.71,13.67,2016,4,4,10,6
2590,Mo Williams,CLE,679.0,-0.39,-0.42,-0.48,-0.21,-0.29,-0.49,-0.84,-1.3,-2.14,2016,197,209,214,236
2747,JR Smith,CLE,2154.0,0.24,0.15,0.54,0.36,0.24,0.6,0.43,0.29,0.72,2016,95,91,96,105
201567,Kevin Love,CLE,2239.0,0.73,0.56,1.25,1.43,1.09,2.52,1.76,1.33,3.1,2016,44,39,45,52
202389,Timofey Mozgov,CLE,1245.0,0.72,0.7,1.51,0.29,0.28,0.57,0.04,0.04,0.09,2016,99,99,95,126
201166,Aaron Brooks,CHI,1003.0,-0.28,-0.76,-0.83,-0.19,-0.54,-0.73,-0.48,-1.44,-1.92,2016,233,194,273,205
2210,Richard Jefferson,CLE,1160.0,-1.06,-0.98,-1.59,-0.79,-0.71,-1.5,-1.58,-1.4,-2.99,2016,311,330,305,300
201149,Joakim Noah,CHI,571.0,0.04,0.31,0.51,0.08,0.33,0.41,0.57,2.05,2.62,2016,102,114,91,62
203926,Doug McDermott,CHI,1701.0,-3.54,-1.05,-4.8,-3.9,-1.16,-5.06,-5.82,-1.73,-7.55,2016,391,392,348,387
202684,Tristan Thompson,CLE,2025.0,0.31,0.26,0.36,0.1,0.17,0.26,-0.01,0.13,0.12,2016,109,112,104,125
203521,Matthew Dellavedova,CLE,1656.0,-1.33,-0.87,-2.35,-1.64,-1.08,-2.72,-2.62,-1.72,-4.34,2016,371,380,341,346
201959,Taj Gibson,CHI,1814.0,-0.84,-0.6,-1.29,-0.92,-0.64,-1.56,-1.26,-0.88,-2.14,2016,317,348,291,237
2592,James Jones,CLE,379.0,-2.2,-1.68,-3.44,-0.35,-0.25,-0.6,-1.61,-1.08,-2.69,2016,212,248,203,281
203099,Jared Cunningham,CLE,351.0,-0.42,-1.24,-1.87,-0.12,-0.42,-0.54,-0.98,-3.44,-4.41,2016,200,154,247,348
202734,E'Twaun Moore,CHI,1129.0,-0.55,-0.57,-1.21,-0.45,-0.46,-0.92,-1.08,-1.1,-2.18,2016,260,274,254,241
2760,Anderson Varejao,CLE,430.0,-1.17,-1.43,-2.27,-0.16,-0.2,-0.36,-0.34,-0.44,-0.78,2016,174,179,187,157
101106,Andrew Bogut,GSW,1375.0,1.47,1.33,3.01,1.26,1.18,2.44,2.13,2.04,4.16,2016,45,46,43,38
201939,Stephen Curry,GSW,2450.0,7.93,2.43,10.33,13.85,4.18,18.03,14.69,4.41,19.1,2016,1,1,6,1
202691,Klay Thompson,GSW,2435.0,2.85,1.38,4.07,5.06,2.39,7.45,5.44,2.55,7.99,2016,13,10,18,15
203084,Harrison Barnes,GSW,1894.0,-0.39,-0.11,-0.78,-0.34,-0.08,-0.42,-0.39,-0.08,-0.48,2016,187,245,148,144
203110,Draymond Green,GSW,2544.0,2.59,1.97,4.41,4.51,3.45,7.96,4.55,3.48,8.03,2016,10,13,11,14
2570,Kendrick Perkins,NOP,484.0,-1.01,-3.64,-4.44,-0.36,-1.3,-1.66,-1.98,-7.03,-9.01,2016,324,252,364,391
201569,Eric Gordon,NOP,1322.0,-0.93,-0.27,-1.23,-0.85,-0.24,-1.1,-1.61,-0.46,-2.07,2016,281,339,200,227
201967,Dante Cunningham,NOP,1793.0,-1.57,-0.72,-2.26,-2.1,-0.94,-3.04,-3.08,-1.37,-4.45,2016,377,386,335,352
203076,Anthony Davis,NOP,1970.0,5.23,3.26,8.17,7.59,4.65,12.24,10.09,6.16,16.26,2016,5,7,2,2
202397,Ish Smith,PHI,2004.0,-0.47,-1.57,-2.07,-0.65,-2.21,-2.86,-0.85,-2.9,-3.75,2016,374,308,386,330
2738,Andre Iguodala,GSW,1537.0,0.65,0.93,1.85,0.57,0.79,1.36,0.82,1.11,1.93,2016,71,75,60,74
201582,Alexis Ajinca,NOP,782.0,-0.04,-0.18,-0.25,-0.04,-0.15,-0.19,-0.17,-0.6,-0.77,2016,138,137,166,154
2571,Leandro Barbosa,GSW,969.0,-1.08,-1.24,-1.99,-0.49,-0.57,-1.06,-0.76,-0.89,-1.66,2016,273,280,278,190
203105,Festus Ezeli,GSW,690.0,-1.33,-1.15,-2.57,-0.53,-0.46,-0.98,-1.64,-1.41,-3.04,2016,267,288,255,303
202087,Alonzo Gee,NOP,1466.0,-0.89,-0.75,-1.61,-0.79,-0.67,-1.46,-1.24,-1.05,-2.29,2016,308,331,299,249
2733,Shaun Livingston,GSW,1380.0,-1.25,-0.77,-1.87,-1.06,-0.63,-1.69,-1.76,-1.03,-2.78,2016,327,360,288,288
201578,Marreese Speights,GSW,757.0,-0.27,-0.52,-0.76,-0.23,-0.47,-0.7,-0.96,-2.07,-3.03,2016,226,213,256,302
201583,Ryan Anderson,NOP,1761.0,-0.75,-0.21,-0.99,-0.81,-0.23,-1.03,-1.12,-0.31,-1.44,2016,269,333,196,180
201575,Brandon Rush,GSW,963.0,-3.06,-3.99,-6.9,-1.75,-2.33,-4.08,-3.93,-5.32,-9.25,2016,388,383,388,393
202696,Nikola Vucevic,ORL,1852.0,0.31,0.33,0.5,0.44,0.43,0.87,0.65,0.61,1.26,2016,84,83,82,89
202699,Tobias Harris,ORL,2300.0,-0.18,0.1,-0.35,-0.06,0.18,0.12,0.01,0.21,0.22,2016,119,140,103,121
203095,Evan Fournier,ORL,2324.0,-0.56,-0.06,-0.89,-1.04,-0.22,-1.25,-1.23,-0.29,-1.51,2016,296,357,192,186
203506,Victor Oladipo,ORL,2158.0,0.14,0.12,-0.01,0.12,0.1,0.22,0.12,0.09,0.21,2016,111,108,116,122
203901,Elfrid Payton,ORL,1921.0,0.44,0.44,0.49,0.35,0.21,0.57,0.4,0.15,0.55,2016,100,92,99,112
2743,Kris Humphries,WAS,758.0,-0.94,-1.51,-2.3,-0.39,-0.66,-1.05,-1.0,-1.77,-2.77,2016,271,261,297,287
101162,Marcin Gortat,WAS,2088.0,0.93,0.58,1.72,1.35,0.85,2.2,1.65,1.04,2.69,2016,49,43,56,60
202322,John Wall,WAS,2501.0,1.82,2.56,4.24,3.27,4.63,7.9,3.37,4.78,8.15,2016,12,18,3,13
203078,Bradley Beal,WAS,1541.0,1.22,1.1,1.99,1.04,0.94,1.98,1.42,1.27,2.69,2016,55,56,52,61
203490,Otto Porter Jr.,WAS,2076.0,0.18,0.2,0.05,0.16,0.19,0.35,0.15,0.2,0.35,2016,103,105,101,117
201228,C.J. Watson,ORL,593.0,-0.11,-0.16,-0.05,0.03,0.07,0.1,0.35,0.65,1.0,2016,120,120,121,97
203932,Aaron Gordon,ORL,1688.0,-0.78,-0.35,-1.58,-0.99,-0.51,-1.5,-1.6,-0.87,-2.47,2016,312,354,269,262
1626209,Mario Hezonja,ORL,1307.0,-1.0,-1.0,-1.0,-0.64,-0.81,-1.45,-0.96,-1.54,-2.49,2016,307,307,320,264
2400,Drew Gooden,WAS,272.0,-0.71,-1.28,-1.6,-0.1,-0.27,-0.37,-0.76,-2.62,-3.38,2016,178,148,210,322
201196,Ramon Sessions,WAS,1453.0,-2.24,-1.17,-3.32,-2.27,-1.16,-3.43,-3.87,-1.94,-5.81,2016,383,387,349,375
203473,Dewayne Dedmon,ORL,641.0,-0.4,-0.56,-1.05,-0.34,-0.47,-0.82,-1.85,-2.56,-4.41,2016,249,246,257,349
2403,Nene,WAS,972.0,-0.03,0.07,0.37,-0.16,-0.18,-0.34,-0.74,-0.94,-1.68,2016,165,180,175,192
202390,Gary Neal,WAS,704.0,-2.41,-1.41,-3.6,-1.2,-0.66,-1.87,-4.26,-2.23,-6.49,2016,336,366,298,382
201160,Jason Smith,ORL,1081.0,-1.4,-3.86,-5.17,-0.86,-2.46,-3.32,-1.8,-5.33,-7.13,2016,381,341,389,384
101135,David Lee,BOS,807.0,-0.63,-1.27,-1.63,-0.19,-0.36,-0.55,-0.19,-0.31,-0.5,2016,202,195,231,146
202340,Avery Bradley,BOS,2280.0,-0.41,-0.56,-1.12,-0.83,-1.12,-1.95,-1.01,-1.35,-2.36,2016,344,334,344,254
203092,Tyler Zeller,BOS,624.0,-0.18,-0.19,-0.46,0.04,0.05,0.09,0.52,0.54,1.06,2016,121,119,124,95
203109,Jae Crowder,BOS,2096.0,0.87,0.77,1.49,1.06,0.93,1.99,1.24,1.09,2.33,2016,54,53,54,65
203935,Marcus Smart,BOS,1516.0,0.86,1.01,1.48,0.62,0.7,1.32,0.78,0.83,1.61,2016,73,72,66,84
203138,Hollis Thompson,PHI,1859.0,-1.15,-0.7,-2.06,-1.4,-0.87,-2.27,-1.94,-1.21,-3.15,2016,359,372,326,312
203457,Nerlens Noel,PHI,1774.0,0.16,-0.64,-0.86,0.15,-0.56,-0.42,0.19,-0.73,-0.54,2016,188,106,275,148
203477,Isaiah Canaan,PHI,1765.0,-0.68,-0.26,-1.15,-0.75,-0.31,-1.06,-1.07,-0.45,-1.53,2016,274,322,219,188
203960,JaKarr Sampson,PHI,1064.0,-0.63,-2.67,-3.64,-0.49,-1.93,-2.42,-1.24,-4.65,-5.89,2016,364,281,382,376
1626143,Jahlil Okafor,PHI,1437.0,-1.0,-1.0,-1.0,-0.76,-0.91,-1.68,-1.12,-1.57,-2.69,2016,326,327,332,282
203096,Jared Sullinger,BOS,1768.0,0.71,1.74,2.18,0.74,1.84,2.58,1.03,2.56,3.6,2016,42,67,27,44
202738,Isaiah Thomas,BOS,2384.0,2.32,0.83,3.07,3.84,1.34,5.18,4.18,1.45,5.63,2016,20,15,37,27
101161,Amir Johnson,BOS,1686.0,0.25,0.22,0.51,0.17,0.15,0.32,0.18,0.16,0.33,2016,106,104,107,119
202323,Evan Turner,BOS,1996.0,0.49,-1.16,-0.7,0.42,-1.49,-1.07,0.44,-1.89,-1.45,2016,277,86,368,182
203924,Jerami Grant,PHI,1865.0,-0.15,-1.22,-1.76,-0.37,-1.81,-2.18,-0.59,-2.63,-3.22,2016,356,255,378,313
204456,T.J. McConnell,PHI,1410.0,-1.0,-1.0,-1.0,-0.76,-0.88,-1.64,-1.16,-1.51,-2.67,2016,321,328,327,279
1626158,Richaun Holmes,PHI,603.0,-1.0,-1.0,-1.0,-0.35,-0.27,-0.62,-1.33,-0.73,-2.06,2016,215,249,211,226
201973,Jonas Jerebko,BOS,1054.0,0.88,1.32,2.24,0.45,0.67,1.12,0.71,1.08,1.79,2016,80,81,68,77
1626179,Terry Rozier,BOS,272.0,-1.0,-1.0,-1.0,-0.09,-0.16,-0.25,-0.46,-1.48,-1.94,2016,146,145,168,211
2207,Joe Johnson,BRK,2432.0,-0.24,-0.33,-0.18,-0.47,-0.49,-0.96,-0.53,-0.51,-1.04,2016,265,276,266,161
201152,Thaddeus Young,BRK,2197.0,-0.12,-0.12,-0.27,-0.17,-0.18,-0.35,-0.2,-0.21,-0.41,2016,169,185,176,140
201572,Brook Lopez,BRK,2264.0,0.13,0.08,0.19,0.42,0.19,0.61,0.56,0.24,0.8,2016,93,87,102,102
201961,Wayne Ellington,BRK,1501.0,-1.05,-0.61,-1.63,-1.2,-0.68,-1.88,-2.2,-1.24,-3.44,2016,337,367,301,325
203499,Shane Larkin,BRK,1575.0,-0.64,-1.34,-2.25,-0.75,-1.5,-2.25,-1.3,-2.54,-3.84,2016,357,323,369,334
200745,Andrea Bargnani,BRK,578.0,-2.29,-1.23,-3.37,-0.6,-0.31,-0.9,-1.83,-0.88,-2.71,2016,258,297,220,284
202388,Donald Sloan,BRK,1234.0,-0.75,-0.26,-0.97,-0.48,-0.16,-0.65,-0.8,-0.26,-1.05,2016,219,278,169,162
202711,Bojan Bogdanovic,BRK,1912.0,-1.21,-0.31,-1.6,-1.59,-0.41,-2.0,-2.17,-0.57,-2.75,2016,348,379,243,286
1626178,Rondae Hollis-Jefferson,BRK,586.0,-1.0,-1.0,-1.0,-0.28,-0.31,-0.59,-0.92,-1.12,-2.03,2016,211,230,221,224
203080,Thomas Robinson,BRK,858.0,-0.14,-0.86,-1.21,-0.13,-0.59,-0.73,-0.52,-2.0,-2.52,2016,234,159,281,266
203900,Markel Brown,BRK,896.0,-0.58,-1.14,-1.93,-0.39,-0.74,-1.13,-1.2,-2.22,-3.42,2016,284,262,309,324
2550,Kirk Hinrich,CHI,570.0,-1.32,-3.17,-4.04,-0.42,-1.23,-1.65,-1.64,-5.51,-7.15,2016,323,268,356,385
202324,Derrick Favors,UTA,1784.0,2.1,2.06,3.95,2.39,2.27,4.67,3.39,3.19,6.57,2016,23,24,19,19
202330,Gordon Hayward,UTA,2584.0,2.36,1.49,3.7,4.38,2.7,7.08,4.44,2.72,7.16,2016,14,14,16,17
203497,Rudy Gobert,UTA,1781.0,1.38,1.75,2.86,1.86,2.4,4.26,2.78,3.61,6.39,2016,26,34,17,22
203526,Raul Neto,UTA,1394.0,-1.0,-1.0,-1.0,-0.74,-0.93,-1.67,-1.08,-1.66,-2.74,2016,325,321,334,285
203918,Rodney Hood,UTA,2311.0,0.0,0.09,-0.18,-0.11,0.03,-0.08,-0.16,-0.0,-0.16,2016,136,149,127,134
203504,Trey Burke,UTA,1186.0,-0.4,-0.54,-1.21,-0.37,-0.48,-0.85,-0.86,-1.09,-1.95,2016,252,256,262,215
202692,Alec Burks,UTA,689.0,-0.9,-0.96,-2.07,-0.38,-0.4,-0.79,-1.29,-1.36,-2.64,2016,241,258,241,277
1626168,Trey Lyles,UTA,1248.0,-1.0,-1.0,-1.0,-0.67,-0.81,-1.48,-1.05,-1.56,-2.62,2016,310,313,321,275
201229,Anthony Tolliver,DET,1204.0,-0.0,-0.03,0.12,-0.27,-0.23,-0.5,-1.02,-0.83,-1.85,2016,198,225,197,200
204060,Joe Ingles,UTA,1133.0,-1.0,-1.95,-2.92,-0.63,-1.24,-1.86,-1.12,-2.25,-3.38,2016,335,306,357,323
203493,Reggie Bullock,DET,392.0,-0.66,-0.26,-1.14,-0.33,-0.14,-0.47,-2.57,-1.17,-3.74,2016,193,242,160,329
2547,Chris Bosh,MIA,1601.0,0.32,0.08,0.61,0.45,0.16,0.6,0.78,0.3,1.08,2016,96,82,105,93
2548,Dwyane Wade,MIA,2053.0,0.06,0.06,0.5,0.32,0.32,0.64,0.5,0.5,0.99,2016,91,96,92,98
2736,Luol Deng,MIA,2182.0,0.9,0.63,1.68,1.07,0.75,1.82,1.13,0.8,1.93,2016,59,51,62,75
201609,Goran Dragic,MIA,2144.0,0.45,0.39,0.94,0.67,0.58,1.25,0.79,0.69,1.48,2016,76,70,76,87
202355,Hassan Whiteside,MIA,1914.0,0.71,0.7,1.32,1.37,1.34,2.7,2.0,1.96,3.96,2016,38,42,38,41
2744,Al Jefferson,CHO,1015.0,-0.2,-0.19,-0.18,0.03,0.11,0.14,0.43,0.78,1.21,2016,118,121,115,91
101107,Marvin Williams,CHO,2202.0,-0.35,-0.49,-0.76,-0.48,-0.63,-1.11,-0.54,-0.7,-1.24,2016,282,279,289,171
201587,Nicolas Batum,CHO,2263.0,-0.18,-0.24,-0.45,0.07,0.09,0.16,0.21,0.27,0.48,2016,115,117,117,113
202689,Kemba Walker,CHO,2648.0,0.26,0.21,0.32,0.94,0.6,1.54,1.06,0.66,1.72,2016,64,60,73,81
203798,PJ Hairston,CHO,1256.0,-0.45,-1.96,-2.68,-0.41,-1.68,-2.09,-0.86,-3.33,-4.19,2016,354,265,377,342
1626159,Justise Winslow,MIA,1981.0,-1.0,-1.0,-1.0,-1.2,-1.42,-2.62,-1.47,-1.85,-3.32,2016,368,368,365,320
203469,Cody Zeller,CHO,1640.0,1.1,0.85,1.68,0.83,0.66,1.49,0.99,0.79,1.78,2016,66,63,70,79
201596,Mario Chalmers,MEM,1227.0,-1.59,-0.86,-2.36,-1.4,-0.74,-2.14,-3.01,-1.54,-4.56,2016,355,373,310,353
201177,Josh McRoberts,MIA,536.0,-0.2,-0.48,-0.64,-0.13,-0.43,-0.56,-0.79,-2.75,-3.53,2016,204,160,250,326
201150,Spencer Hawes,CHO,948.0,-0.79,-1.71,-2.52,-0.5,-1.08,-1.58,-1.3,-2.79,-4.09,2016,319,286,342,340
203148,Brian Roberts,CHO,417.0,-0.85,-0.45,-1.15,-0.33,-0.14,-0.47,-2.31,-0.92,-3.23,2016,194,243,161,314
101123,Gerald Green,MIA,1380.0,-0.37,-0.86,-1.08,-0.3,-0.76,-1.06,-0.47,-1.26,-1.72,2016,275,237,315,194
202391,Jeremy Lin,CHO,1829.0,0.34,0.53,0.84,0.27,0.4,0.67,0.31,0.46,0.77,2016,90,100,84,103
1626163,Frank Kaminsky,CHO,1533.0,-1.0,-1.0,-1.0,-0.9,-0.98,-1.88,-1.34,-1.55,-2.89,2016,338,346,336,293
2449,Luis Scola,TOR,1536.0,-0.15,0.22,0.52,-0.24,0.0,-0.24,-0.48,-0.22,-0.7,2016,143,214,134,152
200768,Kyle Lowry,TOR,2666.0,2.84,1.19,4.11,4.92,2.06,6.97,4.71,1.97,6.68,2016,15,11,23,18
201942,DeMar DeRozan,TOR,2584.0,-0.51,-0.09,-0.69,-0.98,-0.2,-1.19,-1.01,-0.22,-1.23,2016,292,353,188,169
201960,DeMarre Carroll,TOR,744.0,-0.19,-0.41,-0.5,0.02,0.14,0.17,0.37,1.39,1.76,2016,113,122,110,80
202685,Jonas Valanciunas,TOR,1453.0,-0.55,-0.15,-0.97,-0.25,-0.04,-0.29,-0.11,0.06,-0.05,2016,160,216,142,129
101133,Ian Mahinmi,IND,1685.0,-1.37,-1.45,-2.72,-1.56,-1.65,-3.21,-2.37,-2.5,-4.87,2016,379,377,376,362
101139,CJ Miles,IND,1343.0,0.48,1.54,2.05,0.38,1.09,1.47,0.65,1.62,2.26,2016,67,89,46,67
101145,Monta Ellis,IND,2488.0,-0.08,0.18,0.25,-0.14,0.15,0.01,-0.15,0.1,-0.05,2016,128,169,108,130
201588,George Hill,IND,2341.0,2.91,2.08,5.08,4.62,3.34,7.96,5.09,3.7,8.79,2016,11,12,12,10
202331,Paul George,IND,2578.0,-0.44,-0.44,-1.03,-0.86,-0.86,-1.72,-0.88,-0.89,-1.78,2016,330,342,325,195
201155,Rodney Stuckey,IND,1155.0,-0.06,0.01,0.04,-0.03,0.01,-0.02,-0.03,0.03,0.0,2016,132,134,131,127
202335,Patrick Patterson,TOR,1847.0,1.19,1.35,2.45,1.48,1.69,3.18,2.08,2.38,4.46,2016,34,38,29,35
202687,Bismack Biyombo,TOR,1670.0,-0.06,-0.06,-0.39,-0.19,-0.2,-0.38,-0.37,-0.39,-0.76,2016,181,196,189,153
203082,Terrence Ross,TOR,1595.0,-0.59,-0.36,-1.17,-0.7,-0.45,-1.14,-1.17,-0.77,-1.93,2016,285,316,253,208
201941,Jordan Hill,IND,1366.0,-0.93,-1.21,-2.11,-0.9,-1.17,-2.07,-1.7,-2.23,-3.94,2016,353,347,351,336
202709,Cory Joseph,TOR,1854.0,0.86,0.78,1.43,1.04,0.94,1.98,1.45,1.3,2.74,2016,56,57,53,59
202730,Lavoy Allen,IND,1493.0,1.19,1.41,2.51,0.85,1.0,1.84,1.05,1.24,2.3,2016,58,61,50,66
201978,Chase Budinger,IND,865.0,-0.5,-1.08,-1.61,-0.31,-0.68,-0.99,-0.93,-2.09,-3.02,2016,268,240,302,301
1626202,Joe Young,IND,361.0,-1.0,-1.0,-1.0,-0.13,-0.22,-0.35,-0.49,-1.49,-1.98,2016,170,161,193,218
201949,James Johnson,TOR,878.0,0.36,1.02,1.41,0.25,0.71,0.96,0.78,2.32,3.1,2016,83,101,65,53
2772,Trevor Ariza,HOU,2552.0,0.4,0.23,0.78,0.75,0.45,1.2,0.77,0.47,1.23,2016,78,66,80,90
201935,James Harden,HOU,2796.0,6.13,1.94,7.99,12.59,3.9,16.49,11.83,3.64,15.46,2016,2,2,7,3
201951,Ty Lawson,HOU,1266.0,0.63,1.22,1.88,0.51,1.2,1.71,0.95,2.6,3.55,2016,61,77,42,46
203093,Terrence Jones,HOU,931.0,0.53,0.47,0.79,0.34,0.29,0.64,0.93,0.77,1.7,2016,92,93,93,82
203991,Clint Capela,HOU,1330.0,-0.88,-0.62,-1.89,-0.88,-0.64,-1.51,-1.76,-1.3,-3.06,2016,313,345,292,306
201568,Danilo Gallinari,DEN,1680.0,2.2,0.92,3.09,2.32,0.91,3.23,3.46,1.3,4.76,2016,33,25,55,32
202702,Kenneth Faried,DEN,1561.0,0.3,0.2,0.4,0.19,0.14,0.33,0.21,0.16,0.37,2016,104,102,111,115
203530,Joffrey Lauvergne,DEN,965.0,-2.91,-1.21,-4.33,-1.74,-0.71,-2.44,-4.24,-1.71,-5.94,2016,365,382,306,378
203914,Gary Harris,DEN,2213.0,-2.94,-0.99,-4.31,-4.43,-1.54,-5.98,-5.21,-1.83,-7.05,2016,393,393,370,383
1626144,Emmanuel Mudiay,DEN,1900.0,-1.0,-1.0,-1.0,-1.05,-1.25,-2.31,-1.35,-1.7,-3.05,2016,360,358,359,304
1626149,Montrezl Harrell,HOU,331.0,-1.0,-1.0,-1.0,-0.21,-0.11,-0.32,-1.52,-0.49,-2.01,2016,162,210,151,221
201147,Corey Brewer,HOU,1491.0,-0.32,-0.83,-1.06,-0.32,-0.91,-1.23,-0.53,-1.61,-2.15,2016,295,241,333,238
201976,Patrick Beverley,HOU,1842.0,-0.19,-0.06,-0.27,-0.19,-0.06,-0.25,-0.25,-0.08,-0.32,2016,147,197,144,138
2749,Jameer Nelson,DEN,923.0,-0.32,-0.42,-0.41,-0.2,-0.44,-0.63,-0.54,-1.59,-2.13,2016,217,201,251,234
203115,Will Barton,DEN,2054.0,0.04,0.07,-0.03,-0.0,0.04,0.04,-0.03,0.03,0.0,2016,124,126,126,128
200751,Randy Foye,DEN,1513.0,-0.25,-1.63,-1.61,-0.29,-1.55,-1.84,-0.52,-2.53,-3.05,2016,334,232,371,305
201589,Darrell Arthur,DEN,1357.0,0.17,0.2,0.34,-0.11,-0.14,-0.26,-0.58,-0.7,-1.27,2016,152,150,162,173
1891,Jason Terry,HOU,1096.0,-0.83,-0.7,-0.9,-0.49,-0.37,-0.87,-0.87,-0.55,-1.42,2016,256,282,235,177
203999,Nikola Jokic,DEN,1588.0,-1.0,-1.0,-1.0,-1.01,-0.88,-1.89,-1.58,-1.26,-2.84,2016,340,355,328,290
2216,Zach Randolph,MEM,1789.0,0.4,0.02,0.81,0.52,0.09,0.61,0.77,0.17,0.93,2016,94,76,118,99
201144,Mike Conley,MEM,1608.0,1.78,0.52,2.32,2.05,0.59,2.64,3.35,0.96,4.32,2016,40,29,74,37
201145,Jeff Green,MEM,2035.0,-2.11,-1.66,-3.67,-2.36,-1.85,-4.21,-2.78,-2.18,-4.96,2016,389,389,379,366
201188,Marc Gasol,MEM,1627.0,1.43,1.39,3.04,1.92,1.87,3.79,3.29,3.2,6.49,2016,30,32,25,20
201584,Courtney Lee,MEM,2146.0,-0.97,-1.24,-2.05,-1.23,-1.58,-2.81,-1.42,-1.82,-3.24,2016,373,370,373,315
2754,Tony Allen,MEM,1484.0,-0.06,0.64,0.97,0.02,0.67,0.69,0.12,1.18,1.3,2016,89,123,69,88
2440,Matt Barnes,MEM,1987.0,-0.48,-0.45,-0.47,-0.57,-0.71,-1.28,-0.71,-0.97,-1.68,2016,298,294,307,193
2757,Beno Udrih,MIA,648.0,-0.79,-0.76,-1.22,-0.2,-0.19,-0.39,-0.3,-0.29,-0.59,2016,183,202,182,150
203210,JaMychal Green,MEM,1312.0,-0.47,-0.51,-1.13,-0.44,-0.47,-0.91,-0.86,-0.93,-1.8,2016,259,272,258,196
201573,Jerryd Bayless,MIL,1382.0,-1.59,-0.5,-2.12,-1.54,-0.47,-2.01,-2.87,-0.88,-3.75,2016,349,376,259,331
202328,Greg Monroe,MIL,2132.0,0.83,0.54,1.21,1.42,0.82,2.25,1.81,1.01,2.82,2016,48,40,59,57
203114,Khris Middleton,MIL,2603.0,0.98,0.83,1.61,1.89,1.4,3.28,1.92,1.35,3.27,2016,32,33,36,49
203487,Michael Carter-Williams,MIL,1500.0,0.26,-0.9,-0.85,0.12,-0.9,-0.77,0.06,-1.49,-1.43,2016,238,109,331,178
2546,Carmelo Anthony,NYK,2311.0,2.4,1.38,3.99,3.58,2.07,5.65,3.92,2.27,6.19,2016,18,17,22,23
2756,Sasha Vujacic,NYK,841.0,-1.0,-1.0,-1.0,-0.41,-0.53,-0.94,-0.84,-1.46,-2.3,2016,262,266,272,250
101181,Jose Calderon,NYK,1879.0,-3.16,-1.78,-4.55,-3.88,-2.11,-5.99,-5.25,-2.83,-8.08,2016,394,391,385,389
201577,Robin Lopez,NYK,2057.0,-0.11,-0.05,-0.18,-0.13,-0.06,-0.19,-0.16,-0.07,-0.22,2016,139,162,145,135
204001,Kristaps Porzingis,NYK,1905.0,-1.0,-1.0,-1.0,-1.14,-1.24,-2.38,-1.48,-1.66,-3.14,2016,362,362,358,310
202682,Derrick Williams,NYK,1294.0,-2.5,-1.1,-3.81,-1.88,-0.83,-2.71,-3.17,-1.41,-4.59,2016,370,384,322,355
203124,Kyle O'Quinn,NYK,689.0,-0.39,-0.93,-1.47,-0.12,-0.29,-0.41,-0.28,-0.64,-0.93,2016,185,155,215,159
202349,Greivis Vasquez,MIL,403.0,-0.85,-1.58,-2.34,-0.16,-0.3,-0.46,-0.78,-1.44,-2.22,2016,192,181,217,243
204038,Langston Galloway,NYK,1794.0,-0.06,-0.11,-0.38,-0.37,-0.47,-0.83,-0.65,-0.82,-1.47,2016,251,257,260,184
203948,Johnny O'Bryant III,MIL,775.0,-1.52,-4.97,-6.83,-0.75,-2.55,-3.3,-2.32,-8.09,-10.41,2016,380,324,391,394
203089,John Henson,MIL,870.0,-0.24,-0.18,-0.57,-0.01,0.0,-0.0,0.3,0.26,0.56,2016,130,127,135,110
1626173,Rashad Vaughn,MIL,933.0,-1.0,-1.0,-1.0,-0.45,-0.61,-1.05,-0.78,-1.58,-2.36,2016,272,275,284,255
202498,Lance Thomas,NYK,1163.0,-2.96,-1.18,-4.17,-2.64,-1.03,-3.68,-6.24,-2.4,-8.64,2016,385,390,339,390
203101,Miles Plumlee,MIL,812.0,-0.48,-0.26,-0.77,-0.27,-0.14,-0.4,-0.82,-0.43,-1.24,2016,184,226,163,172
1626170,Jerian Grant,NYK,1135.0,-1.0,-1.0,-1.0,-0.58,-0.75,-1.33,-0.91,-1.62,-2.53,2016,303,295,314,267
201142,Kevin Durant,OKC,2349.0,4.97,1.56,6.5,9.13,2.79,11.92,10.3,3.13,13.43,2016,6,5,15,7
201566,Russell Westbrook,OKC,2501.0,5.0,1.91,6.88,9.55,3.6,13.15,10.04,3.78,13.82,2016,3,3,8,4
201586,Serge Ibaka,OKC,2294.0,0.74,0.98,1.63,1.13,1.46,2.6,1.24,1.59,2.84,2016,41,50,33,56
203460,Andre Roberson,OKC,1465.0,0.24,0.21,0.25,0.08,0.07,0.15,-0.07,-0.05,-0.12,2016,116,115,122,132
203500,Steven Adams,OKC,1892.0,-0.49,-0.1,-0.92,-0.75,-0.22,-0.97,-1.06,-0.34,-1.4,2016,266,325,194,175
1495,Tim Duncan,SAS,1424.0,0.22,0.85,1.77,0.58,1.47,2.05,1.46,3.36,4.82,2016,52,74,32,30
2225,Tony Parker,SAS,1861.0,-1.96,-1.93,-3.56,-2.29,-2.24,-4.53,-3.06,-2.98,-6.04,2016,390,388,387,380
200746,LaMarcus Aldridge,SAS,2043.0,1.26,1.58,2.99,1.95,2.18,4.13,2.52,2.72,5.23,2016,27,31,20,28
201980,Danny Green,SAS,1911.0,1.18,3.97,5.18,1.56,5.31,6.87,2.09,7.15,9.25,2016,16,36,1,9
202695,Kawhi Leonard,SAS,2164.0,4.2,2.85,6.84,6.4,4.25,10.65,7.63,5.03,12.66,2016,8,8,5,8
201988,Patty Mills,SAS,1435.0,0.58,0.63,1.18,0.34,0.37,0.71,0.3,0.33,0.63,2016,88,94,88,108
201627,Anthony Morrow,OKC,869.0,2.03,0.8,2.98,1.01,0.38,1.39,2.34,0.82,3.16,2016,70,58,86,50
1938,Manu Ginobili,SAS,987.0,0.93,1.52,3.08,0.48,0.76,1.24,0.86,1.33,2.19,2016,77,79,61,68
2564,Boris Diaw,SAS,1235.0,-0.31,-0.3,-0.28,-0.3,-0.33,-0.63,-0.67,-0.78,-1.44,2016,218,238,228,181
202683,Enes Freedom,OKC,1555.0,-0.25,0.1,-0.42,-0.38,0.02,-0.36,-0.72,-0.05,-0.77,2016,175,259,128,155
203079,Dion Waiters,OKC,1911.0,-0.48,-2.07,-2.76,-0.75,-3.04,-3.79,-1.05,-4.2,-5.24,2016,386,326,393,369
203937,Kyle Anderson,SAS,1089.0,-0.14,-1.06,-1.52,-0.13,-0.74,-0.87,-0.35,-1.58,-1.93,2016,257,163,311,209
201571,D.J. Augustin,DEN,1038.0,-1.52,-0.49,-1.98,-0.93,-0.29,-1.22,-2.01,-0.6,-2.61,2016,294,350,216,274
2561,David West,SAS,1274.0,-0.42,-0.4,-0.37,-0.13,-0.11,-0.24,0.11,0.18,0.29,2016,144,164,152,120
2555,Nick Collison,OKC,651.0,-0.44,-0.96,-0.95,-0.19,-0.52,-0.7,-0.67,-2.2,-2.87,2016,227,198,270,291
2199,Tyson Chandler,PHO,1511.0,1.08,0.67,2.08,1.16,0.75,1.91,2.01,1.34,3.35,2016,57,48,63,48
200782,P.J. Tucker,PHO,2294.0,-0.25,-0.27,-0.37,-0.3,-0.31,-0.61,-0.3,-0.32,-0.62,2016,213,239,222,151
202339,Eric Bledsoe,PHO,945.0,1.23,0.76,1.9,0.82,0.49,1.3,2.25,1.32,3.56,2016,74,64,79,45
202688,Brandon Knight,PHO,1669.0,0.2,0.19,0.18,0.4,0.44,0.84,0.73,0.83,1.56,2016,85,88,81,85
202693,Markieff Morris,PHO,1492.0,0.01,-0.17,-0.25,-0.01,-0.2,-0.21,-0.05,-0.36,-0.41,2016,140,128,190,141
1717,Dirk Nowitzki,DAL,2130.0,0.15,-0.08,0.64,0.5,0.08,0.58,0.71,0.18,0.89,2016,98,78,119,100
2585,Zaza Pachulia,DAL,1819.0,-0.03,-0.02,0.16,-0.03,-0.02,-0.06,-0.05,-0.03,-0.08,2016,133,135,137,131
101109,Raymond Felton,DAL,1941.0,-0.86,-1.19,-1.84,-1.14,-1.62,-2.76,-1.5,-2.14,-3.63,2016,372,363,375,327
101114,Deron Williams,DAL,1882.0,-0.1,-0.14,-0.04,-0.14,-0.17,-0.32,-0.2,-0.23,-0.43,2016,163,170,171,143
202083,Wesley Matthews,DAL,2375.0,1.46,0.95,2.5,2.56,1.79,4.36,2.81,2.01,4.82,2016,25,20,28,31
203933,T.J. Warren,PHO,950.0,-0.52,0.02,-0.83,-0.33,-0.03,-0.37,-0.88,-0.19,-1.07,2016,179,244,138,163
203939,Dwight Powell,DAL,866.0,-0.42,-0.23,-0.86,-0.29,-0.18,-0.47,-0.93,-0.6,-1.52,2016,195,233,177,187
2734,Devin Harris,DAL,1081.0,0.0,0.0,0.27,0.12,0.12,0.24,0.51,0.51,1.03,2016,110,110,114,96
203141,Mirza Teletovic,PHO,1515.0,-1.4,-0.54,-1.79,-1.47,-0.52,-1.99,-2.51,-0.85,-3.36,2016,347,375,271,321
203458,Alex Len,PHO,1672.0,-0.23,-1.48,-2.04,-0.29,-1.6,-1.9,-0.48,-2.42,-2.89,2016,341,234,374,294
201603,Sonny Weems,PHO,448.0,-1.0,-1.0,-1.0,-0.19,-0.25,-0.44,-0.76,-1.25,-2.01,2016,189,199,204,222
200826,J.J. Barea,DAL,1468.0,-0.74,-0.24,-0.98,-0.83,-0.26,-1.09,-1.5,-0.47,-1.96,2016,279,335,207,216
202720,Jon Leuer,PHO,1111.0,-1.15,-0.98,-2.22,-0.92,-0.79,-1.71,-2.2,-1.89,-4.09,2016,329,349,317,341
101179,Ronnie Price,PHO,1088.0,-0.92,-1.63,-2.28,-0.66,-1.29,-1.96,-1.51,-3.17,-4.69,2016,345,309,363,358
101111,Charlie Villanueva,DAL,579.0,-0.21,-0.21,-0.21,-0.02,0.05,0.04,0.14,0.62,0.76,2016,125,130,125,104
203462,Archie Goodwin,PHO,1035.0,-0.8,-3.2,-4.4,-0.49,-1.9,-2.39,-1.06,-3.95,-5.01,2016,363,283,380,368
1626164,Devin Booker,PHO,1922.0,-1.0,-1.0,-1.0,-1.24,-1.13,-2.36,-1.64,-1.45,-3.09,2016,361,371,345,307
203098,John Jenkins,PHO,441.0,-0.37,-0.02,-0.6,-0.06,-0.01,-0.07,-0.23,-0.05,-0.28,2016,135,141,136,136
1626257,Salah Mejri,DAL,353.0,-1.0,-1.0,-1.0,-0.17,-0.18,-0.36,-1.01,-1.08,-2.08,2016,176,186,178,230
202329,Al-Farouq Aminu,POR,2159.0,1.02,1.11,1.98,1.32,1.44,2.77,1.5,1.64,3.14,2016,37,45,34,51
203081,Damian Lillard,POR,2433.0,3.35,1.14,4.34,6.02,1.97,7.99,6.49,2.1,8.59,2016,9,9,24,11
203086,Meyers Leonard,POR,1197.0,-0.17,-0.07,-0.51,-0.01,0.02,0.01,0.19,0.18,0.37,2016,129,129,129,116
203468,CJ McCollum,POR,2578.0,0.39,0.3,0.48,0.43,0.4,0.83,0.34,0.36,0.7,2016,86,85,85,106
203486,Mason Plumlee,POR,1916.0,0.11,0.12,0.08,0.13,0.14,0.27,0.18,0.18,0.35,2016,107,107,112,118
201950,Jrue Holiday,NOP,1647.0,1.5,0.91,2.26,1.82,1.05,2.87,2.9,1.63,4.54,2016,36,35,47,34
203459,Allen Crabbe,POR,1881.0,-0.94,-0.19,-1.4,-1.12,-0.25,-1.36,-1.48,-0.34,-1.82,2016,304,361,205,197
202334,Ed Davis,POR,1535.0,0.51,0.3,0.72,0.69,0.37,1.07,1.29,0.67,1.96,2016,82,69,89,73
203090,Maurice Harkless,POR,1300.0,-1.09,-0.76,-2.19,-1.15,-0.83,-1.98,-2.47,-1.81,-4.27,2016,346,364,323,344
203943,Noah Vonleh,POR,1134.0,-0.28,-1.72,-2.46,-0.25,-1.27,-1.52,-0.61,-2.64,-3.25,2016,314,217,361,316
200752,Rudy Gay,SAC,2197.0,0.18,0.2,0.47,0.62,0.68,1.3,0.86,0.93,1.79,2016,75,73,67,78
200765,Rajon Rondo,SAC,2318.0,-0.67,-0.81,-1.39,-1.05,-1.21,-2.26,-1.16,-1.32,-2.49,2016,358,359,352,265
201585,Kosta Koufos,SAC,1358.0,0.46,0.33,0.7,0.08,0.07,0.15,-0.33,-0.17,-0.5,2016,117,116,123,147
202326,DeMarcus Cousins,SAC,2038.0,1.65,3.24,4.74,2.42,4.33,6.76,3.12,5.42,8.54,2016,17,23,4,12
203463,Ben McLemore,SAC,1341.0,0.16,-0.22,-0.39,-0.02,-0.59,-0.61,-0.29,-1.65,-1.94,2016,214,131,282,212
101108,Chris Paul,LAC,2173.0,5.53,1.89,7.57,8.52,2.92,11.44,10.25,3.51,13.76,2016,7,6,14,5
200755,JJ Redick,LAC,1869.0,0.93,0.31,1.45,1.15,0.37,1.52,1.57,0.51,2.08,2016,65,49,90,71
201599,DeAndre Jordan,LAC,2317.0,1.54,1.31,2.82,2.5,2.13,4.63,2.81,2.4,5.21,2016,24,22,21,29
201933,Blake Griffin,LAC,1042.0,1.27,0.89,2.07,1.2,0.83,2.03,3.51,2.38,5.89,2016,53,47,58,24
202362,Lance Stephenson,LAC,1187.0,-0.94,-3.48,-4.57,-0.77,-2.8,-3.57,-1.65,-5.92,-7.57,2016,384,329,392,388
201956,Omri Casspi,SAC,1721.0,-0.76,-0.5,-1.28,-0.84,-0.55,-1.39,-1.23,-0.81,-2.04,2016,306,338,274,225
1626161,Willie Cauley-Stein,SAC,1313.0,-1.0,-1.0,-1.0,-0.83,-0.73,-1.56,-1.5,-1.17,-2.67,2016,318,336,308,280
201158,Marco Belinelli,SAC,1500.0,-1.71,-2.28,-3.91,-1.42,-1.9,-3.32,-2.05,-2.76,-4.81,2016,382,374,381,361
201954,Darren Collison,SAC,1998.0,1.6,0.37,2.0,2.16,0.52,2.69,2.79,0.68,3.47,2016,39,28,78,47
1718,Paul Pierce,LAC,1129.0,-0.37,0.2,0.46,-0.15,0.23,0.08,-0.09,0.65,0.56,2016,123,174,97,111
2037,Jamal Crawford,LAC,1878.0,-0.7,-0.64,-0.89,-0.69,-0.64,-1.32,-0.87,-0.8,-1.66,2016,302,315,293,191
2746,Josh Smith,LAC,782.0,0.14,0.27,0.56,0.06,0.15,0.21,0.17,0.52,0.68,2016,112,118,109,107
202325,Wesley Johnson,LAC,1495.0,-0.17,-0.49,-0.63,-0.26,-0.85,-1.11,-0.54,-1.81,-2.35,2016,283,221,324,253
203085,Austin Rivers,LAC,1302.0,-0.56,-1.3,-2.13,-0.59,-1.28,-1.88,-1.28,-2.68,-3.96,2016,339,296,362,337
202341,James Anderson,SAC,658.0,-1.0,-1.0,-1.0,-0.28,-0.42,-0.7,-0.63,-1.54,-2.16,2016,228,231,248,240
202332,Cole Aldrich,LAC,752.0,-0.39,-0.61,-1.03,-0.11,-0.17,-0.28,-0.12,-0.19,-0.31,2016,159,151,172,137
977,Kobe Bryant,LAL,1732.0,-0.77,-1.22,-1.42,-0.72,-1.22,-1.94,-0.96,-1.69,-2.66,2016,343,318,354,278
201579,Roy Hibbert,LAL,1780.0,-0.84,-0.87,-1.62,-1.01,-1.0,-2.01,-1.46,-1.43,-2.89,2016,350,356,337,295
203903,Jordan Clarkson,LAL,2387.0,-0.15,0.14,-0.28,-0.12,0.21,0.09,-0.08,0.22,0.14,2016,122,156,100,124
203944,Julius Randle,LAL,2108.0,-0.08,-1.09,-1.56,-0.18,-1.55,-1.74,-0.25,-1.9,-2.15,2016,331,190,372,239
1626156,D'Angelo Russell,LAL,2099.0,-1.0,-1.0,-1.0,-1.21,-1.42,-2.62,-1.4,-1.74,-3.14,2016,369,369,366,311
708,Kevin Garnett,MIN,528.0,0.06,0.45,1.21,-0.02,0.02,0.0,-0.23,-0.31,-0.54,2016,131,132,130,149
2419,Tayshaun Prince,MIN,1367.0,-0.83,-1.41,-1.79,-0.62,-1.16,-1.78,-0.98,-1.98,-2.97,2016,333,303,350,298
201937,Ricky Rubio,MIN,2151.0,1.24,0.78,1.87,1.34,0.85,2.2,1.46,0.93,2.39,2016,50,44,57,64
203952,Andrew Wiggins,MIN,2606.0,-0.78,0.09,-1.14,-1.66,-0.03,-1.69,-1.75,-0.09,-1.84,2016,328,381,139,199
1626157,Karl-Anthony Towns,MIN,2422.0,-1.0,-1.0,-1.0,-1.57,-1.43,-3.0,-1.66,-1.46,-3.12,2016,375,378,367,308
202357,Nemanja Bjelica,MIN,988.0,-1.0,-1.0,-1.0,-0.61,-0.48,-1.09,-1.46,-0.87,-2.33,2016,280,301,263,252
2755,Kevin Martin,MIN,983.0,-1.23,-0.94,-1.9,-0.66,-0.5,-1.16,-1.42,-1.02,-2.44,2016,289,310,267,259
201156,Nick Young,LAL,951.0,-0.87,-0.51,-1.23,-0.61,-0.32,-0.94,-1.74,-0.84,-2.58,2016,263,302,225,271
203498,Shabazz Muhammad,MIN,1542.0,0.8,0.51,1.04,0.73,0.41,1.14,1.12,0.58,1.7,2016,79,68,83,83
203897,Zach LaVine,MIN,2118.0,-3.2,-0.84,-4.49,-4.55,-1.26,-5.81,-5.58,-1.57,-7.15,2016,392,394,360,386
203476,Gorgui Dieng,MIN,2087.0,-0.15,-0.25,-0.49,-0.13,-0.25,-0.38,-0.14,-0.27,-0.41,2016,182,165,206,142
101138,Brandon Bass,LAL,1211.0,-0.9,-0.38,-1.13,-0.56,-0.23,-0.79,-0.89,-0.34,-1.23,2016,242,293,198,170
203527,Ryan Kelly,LAL,427.0,-0.5,-1.92,-2.63,-0.17,-0.61,-0.78,-1.08,-3.84,-4.91,2016,240,187,285,364
203940,Adreian Payne,MIN,443.0,-1.28,-4.06,-5.55,-0.36,-1.22,-1.58,-2.03,-7.12,-9.14,2016,320,253,355,392
101150,Lou Williams,LAL,1760.0,1.56,0.44,2.1,1.97,0.56,2.53,2.94,0.83,3.77,2016,43,30,77,43
1626273,Marcelo Huertas,LAL,791.0,-1.0,-1.0,-1.0,-0.39,-0.47,-0.86,-0.9,-1.34,-2.24,2016,255,263,261,244
1626167,Myles Turner,IND,1243.0,-1.0,-1.0,-1.0,-0.66,-0.8,-1.46,-1.04,-1.56,-2.6,2016,309,311,319,272
203200,Justin Holiday,CHI,688.0,-0.48,-1.6,-2.17,-0.18,-0.61,-0.79,-0.55,-1.9,-2.44,2016,243,191,286,260
1626147,Justin Anderson,DAL,567.0,-1.0,-1.0,-1.0,-0.26,-0.36,-0.62,-0.74,-1.47,-2.21,2016,216,222,232,242
203143,Pablo Prigioni,LAC,758.0,-0.69,-0.81,-0.88,-0.25,-0.4,-0.65,-0.54,-1.27,-1.82,2016,220,218,242,198
201601,Luc Mbah a Moute,LAC,1169.0,-0.83,-2.5,-3.24,-0.62,-1.96,-2.59,-1.27,-4.18,-5.45,2016,366,304,383,372
2405,Amar'e Stoudemire,MIA,734.0,-0.41,-0.37,-0.45,-0.2,-0.14,-0.34,-0.62,-0.35,-0.97,2016,166,203,164,160
203516,James Ennis III,NOP,308.0,-0.72,-0.15,-1.01,-0.2,-0.05,-0.26,-1.85,-0.52,-2.37,2016,153,204,143,256
204020,Tyler Johnson,MIA,761.0,-0.59,-0.35,-1.21,-0.29,-0.18,-0.47,-0.86,-0.57,-1.43,2016,196,235,179,179
202713,Kyle Singler,OKC,908.0,-0.83,-1.93,-2.79,-0.49,-1.15,-1.64,-1.24,-2.95,-4.19,2016,322,284,347,343
203894,Shabazz Napier,ORL,557.0,-0.39,-1.62,-2.23,-0.18,-0.67,-0.85,-0.93,-3.35,-4.28,2016,253,192,300,345
203917,Nik Stauskas,PHI,1611.0,-0.52,-2.41,-3.26,-0.6,-2.54,-3.14,-0.98,-4.02,-4.99,2016,378,298,390,367
202344,Trevor Booker,UTA,1427.0,-0.06,-0.07,-0.1,-0.09,-0.12,-0.21,-0.21,-0.27,-0.48,2016,141,146,154,145
203187,Chris Johnson,UTA,747.0,-0.27,-1.08,-1.5,-0.15,-0.56,-0.71,-0.53,-1.91,-2.44,2016,229,175,276,261
203482,Kelly Olynyk,BOS,1261.0,1.36,2.15,3.3,0.85,1.3,2.15,1.21,1.77,2.98,2016,51,62,39,55
203087,Jeremy Lamb,CHO,1131.0,-0.06,-0.23,-0.56,0.09,0.08,0.17,0.47,0.65,1.11,2016,114,113,120,92
203507,Giannis Antetokounmpo,MIL,2603.0,0.27,0.42,0.3,0.47,0.66,1.12,0.46,0.62,1.08,2016,81,80,71,94
201162,Jared Dudley,WAS,1892.0,0.95,0.6,1.7,1.05,0.66,1.71,1.33,0.84,2.17,2016,62,54,72,69
101127,Jarrett Jack,BRK,942.0,-2.5,-1.94,-4.17,-1.15,-0.89,-2.04,-2.21,-1.68,-3.88,2016,352,365,330,335
2446,Rasual Butler,SAS,357.0,-0.82,-1.1,-1.41,-0.15,-0.26,-0.41,-0.9,-1.79,-2.69,2016,186,176,208,283
203492,Ray McCallum,SAS,388.0,-0.91,-1.73,-2.85,-0.2,-0.37,-0.57,-1.16,-2.13,-3.28,2016,207,205,236,317
1626246,Boban Marjanovic,SAS,435.0,-1.0,-1.0,-1.0,-0.26,-0.19,-0.45,-1.37,-0.73,-2.1,2016,190,223,183,232
203508,Sergey Karasev,BRK,376.0,-0.22,0.04,-0.51,-0.15,-0.06,-0.21,-1.34,-0.6,-1.93,2016,142,177,146,210
2034,Mike Miller,DEN,335.0,-1.57,-3.0,-4.12,-0.25,-0.59,-0.85,-1.62,-4.28,-5.9,2016,254,219,283,377
2730,Dwight Howard,HOU,2083.0,-0.36,-0.32,-0.53,-0.55,-0.48,-1.03,-0.69,-0.61,-1.3,2016,270,291,264,174
201574,Jason Thompson,TOR,437.0,-1.02,-1.42,-2.35,-0.38,-0.41,-0.79,-2.51,-2.38,-4.89,2016,244,260,244,363
203546,Ian Clark,GSW,517.0,-0.53,-0.98,-1.71,-0.2,-0.37,-0.58,-1.04,-1.91,-2.96,2016,208,206,237,297
204028,Tarik Black,LAL,471.0,-0.64,-0.81,-1.66,-0.24,-0.3,-0.54,-1.4,-1.73,-3.13,2016,201,215,218,309
203135,Robert Sacre,LAL,286.0,-1.87,-0.9,-2.87,-0.4,-0.18,-0.58,-3.71,-1.69,-5.4,2016,209,264,180,370
1626148,Anthony Brown,LAL,549.0,-1.0,-1.0,-1.0,-0.25,-0.31,-0.56,-0.79,-1.28,-2.07,2016,205,220,223,228
203552,Seth Curry,SAC,628.0,-0.71,-0.19,-1.04,-0.35,-0.1,-0.45,-1.55,-0.43,-1.98,2016,191,250,149,219
204025,Tim Frazier,NOP,658.0,-0.96,-1.09,-2.2,-0.53,-0.61,-1.14,-2.3,-2.65,-4.94,2016,286,289,287,365
203524,Solomon Hill,IND,795.0,-0.97,-1.8,-2.98,-0.42,-0.74,-1.17,-1.1,-1.78,-2.88,2016,290,269,312,292
203481,Jeff Withey,UTA,590.0,-0.25,-0.28,-0.69,-0.12,-0.13,-0.25,-0.55,-0.61,-1.16,2016,148,157,157,167
201600,Omer Asik,NOP,1130.0,-0.49,-0.49,-0.97,-0.41,-0.41,-0.82,-0.96,-0.96,-1.92,2016,250,267,245,206
201962,Toney Douglas,NOP,1186.0,-0.7,-0.43,-1.05,-0.68,-0.39,-1.07,-1.6,-0.87,-2.48,2016,278,314,240,263
202337,Luke Babbitt,NOP,784.0,-1.43,-0.5,-2.02,-0.53,-0.18,-0.72,-1.08,-0.37,-1.45,2016,232,290,181,183
201977,Marcus Thornton,HOU,1011.0,-0.16,-0.33,-0.46,-0.03,-0.03,-0.06,0.11,0.34,0.44,2016,134,136,140,114
1626181,Norman Powell,TOR,671.0,-1.0,-1.0,-1.0,-0.34,-0.36,-0.71,-1.0,-1.13,-2.13,2016,230,247,233,235
101112,Channing Frye,ORL,1126.0,-1.23,-1.0,-1.96,-0.86,-0.68,-1.53,-1.87,-1.44,-3.31,2016,315,343,303,318
203094,Andrew Nicholson,ORL,744.0,-1.49,-1.38,-2.96,-0.8,-0.74,-1.54,-2.96,-2.74,-5.7,2016,316,332,313,374
1626166,Cameron Payne,OKC,656.0,-1.0,-1.0,-1.0,-0.36,-0.38,-0.74,-1.05,-1.22,-2.27,2016,235,254,239,248
201581,JJ Hickson,DEN,407.0,-1.13,-1.97,-3.13,-0.27,-0.48,-0.75,-1.57,-2.87,-4.44,2016,237,227,265,351
202718,Chandler Parsons,DAL,1635.0,0.81,0.48,1.26,1.01,0.59,1.6,1.63,0.95,2.58,2016,63,59,75,63
203496,Robert Covington,PHI,1704.0,0.3,1.14,1.28,0.3,1.12,1.42,0.43,1.6,2.02,2016,68,98,44,72
202338,Kevin Seraphin,NYK,483.0,-0.81,-2.64,-3.54,-0.26,-0.88,-1.14,-1.33,-4.69,-6.03,2016,287,224,329,379
1713,Vince Carter,MEM,906.0,-1.66,-1.43,-2.4,-0.97,-0.79,-1.76,-2.58,-1.99,-4.58,2016,332,351,318,354
1626171,Bobby Portis,CHI,1022.0,-1.0,-1.0,-1.0,-0.49,-0.65,-1.15,-0.82,-1.56,-2.37,2016,288,285,295,257
201946,Tyler Hansbrough,CHO,294.0,-0.4,-0.39,-0.64,-0.13,-0.12,-0.26,-1.35,-1.25,-2.6,2016,154,166,155,273
203584,Troy Daniels,CHO,419.0,-1.66,-1.05,-2.91,-0.43,-0.27,-0.69,-2.45,-1.51,-3.96,2016,225,270,212,338
2365,Chris Andersen,MEM,369.0,0.02,-0.02,0.58,0.01,0.01,0.02,0.08,0.07,0.15,2016,126,125,132,123
203922,Glenn Robinson III,IND,466.0,-0.23,-0.88,-1.44,-0.17,-0.5,-0.67,-1.26,-3.45,-4.71,2016,222,188,268,359
1626154,RJ Hunter,BOS,276.0,-1.0,-1.0,-1.0,-0.09,-0.17,-0.25,-0.46,-1.48,-1.94,2016,149,147,173,213
202066,Garrett Temple,WAS,1769.0,-0.86,-1.26,-2.04,-0.83,-1.21,-2.03,-1.07,-1.56,-2.63,2016,351,337,353,276
202714,Shelvin Mack,UTA,942.0,-0.13,-0.7,-0.98,-0.14,-0.58,-0.71,-0.48,-1.83,-2.31,2016,231,171,279,251
203953,Jabari Parker,MIL,2227.0,-0.5,-0.0,-0.95,-0.66,-0.03,-0.68,-0.73,-0.04,-0.77,2016,224,312,141,156
203898,Tyler Ennis,MIL,598.0,-0.59,-1.82,-2.8,-0.27,-0.78,-1.06,-1.25,-3.43,-4.68,2016,276,228,316,357
203112,Quincy Acy,SAC,802.0,-1.48,-0.49,-2.12,-0.97,-0.33,-1.29,-3.41,-1.19,-4.6,2016,299,352,229,356
1626196,Josh Richardson,MIA,978.0,-1.0,-1.0,-1.0,-0.6,-0.58,-1.18,-1.32,-1.21,-2.53,2016,291,299,280,268
1889,Andre Miller,MIN,407.0,-1.78,-1.39,-2.48,-0.47,-0.32,-0.79,-2.91,-1.82,-4.73,2016,245,277,226,360
203123,Kostas Papanikolaou,DEN,275.0,-0.64,-2.05,-2.84,-0.08,-0.28,-0.36,-0.65,-2.29,-2.95,2016,177,143,213,296
1626162,Kelly Oubre Jr.,WAS,605.0,-1.0,-1.0,-1.0,-0.27,-0.41,-0.67,-0.64,-1.61,-2.25,2016,223,229,246,246
1897,Metta World Peace,LAL,545.0,-1.0,-1.0,-1.0,-0.22,-0.34,-0.56,-0.57,-1.5,-2.07,2016,206,211,230,229
1626204,Larry Nance Jr.,LAL,1174.0,-1.0,-1.0,-1.0,-0.72,-0.65,-1.36,-1.4,-1.13,-2.53,2016,305,319,296,269
1626245,Cristiano Felicio,CHI,293.0,-1.0,-1.0,-1.0,-0.16,-0.11,-0.27,-1.23,-0.68,-1.91,2016,157,182,153,204
1626145,Tyus Jones,MIN,519.0,-1.0,-1.0,-1.0,-0.2,-0.32,-0.51,-0.54,-1.46,-2.01,2016,199,207,227,223
201167,Arron Afflalo,NYK,2189.0,-1.11,-0.6,-1.56,-1.98,-1.02,-3.0,-2.45,-1.25,-3.7,2016,376,385,338,328
201945,Gerald Henderson,POR,1276.0,0.08,0.11,0.22,-0.19,-0.15,-0.34,-0.78,-0.69,-1.47,2016,167,200,167,185
203613,Jonathon Simmons,SAS,687.0,-1.0,-1.0,-1.0,-0.35,-0.42,-0.77,-0.92,-1.35,-2.26,2016,239,251,249,247
201564,O.J. Mayo,MIL,1020.0,-0.22,-0.64,-0.83,-0.14,-0.44,-0.58,-0.32,-1.07,-1.4,2016,210,172,252,176
201580,JaVale McGee,DAL,330.0,-1.59,-1.42,-2.97,-0.29,-0.26,-0.55,-2.02,-1.74,-3.76,2016,203,236,209,333
1626199,Darrun Hilliard,DET,351.0,-1.0,-1.0,-1.0,-0.16,-0.19,-0.35,-0.89,-1.19,-2.09,2016,171,183,184,231
203501,Tim Hardaway Jr.,ATL,777.0,-0.99,-1.02,-2.29,-0.62,-0.64,-1.27,-2.19,-2.25,-4.43,2016,297,305,294,350
201936,Tyreke Evans,NOP,683.0,0.71,0.46,1.08,0.34,0.23,0.57,1.25,0.85,2.1,2016,101,95,98,70
202708,Norris Cole,NOP,1095.0,-0.86,-2.82,-3.7,-0.6,-2.01,-2.6,-1.25,-4.31,-5.56,2016,367,300,384,373
200797,Ryan Hollins,MEM,440.0,-1.35,-0.82,-1.96,-0.43,-0.22,-0.65,-2.56,-1.19,-3.75,2016,221,271,195,332
203186,Willie Reed,BRK,370.0,-1.0,-1.0,-1.0,-0.22,-0.13,-0.34,-1.42,-0.49,-1.92,2016,168,212,158,207
202700,Donatas Motiejunas,HOU,500.0,-0.18,-0.91,-1.25,-0.05,-0.21,-0.26,-0.19,-0.73,-0.92,2016,155,138,191,158
202697,Iman Shumpert,CLE,1146.0,0.31,0.66,0.82,0.11,0.16,0.27,-0.01,-0.31,-0.32,2016,108,111,106,139
203088,Kendall Marshall,PHI,372.0,0.17,0.15,0.11,-0.02,-0.06,-0.09,-0.39,-0.74,-1.13,2016,137,133,147,166
1626185,Jarell Martin,MEM,334.0,-1.0,-1.0,-1.0,-0.2,-0.12,-0.32,-1.4,-0.56,-1.96,2016,164,208,156,217
202681,Kyrie Irving,CLE,1519.0,2.32,1.3,3.35,2.69,1.44,4.12,4.74,2.47,7.2,2016,28,19,35,16
201171,Carl Landry,PHI,516.0,-2.14,-0.89,-2.76,-0.7,-0.24,-0.94,-3.36,-1.0,-4.35,2016,264,317,201,347
201943,Brandon Jennings,ORL,830.0,1.25,1.32,2.48,0.66,0.75,1.42,2.03,2.41,4.44,2016,69,71,64,36
203994,Jusuf Nurkic,DEN,504.0,0.3,0.12,0.03,-0.05,-0.31,-0.35,-0.69,-2.61,-3.31,2016,172,139,224,319
203930,Sean Kilpatrick,BRK,563.0,-0.3,-0.28,-0.67,-0.18,-0.17,-0.35,-1.01,-0.93,-1.94,2016,173,193,174,214
1626214,Bryce Dejean-Jones,NOP,253.0,-1.0,-1.0,-1.0,-0.08,-0.16,-0.24,-0.47,-1.53,-2.0,2016,145,144,170,220
2399,Mike Dunleavy,CHI,654.0,-0.31,-0.29,-0.15,-0.13,-0.14,-0.27,-0.52,-0.58,-1.09,2016,158,167,165,164
1626191,Chris McCullough,BRK,330.0,-1.0,-1.0,-1.0,-0.11,-0.19,-0.3,-0.46,-1.43,-1.9,2016,161,152,185,202
1626253,Axel Toupane,DEN,277.0,-1.0,-1.0,-1.0,-0.15,-0.1,-0.25,-1.28,-0.62,-1.9,2016,150,178,150,203
201563,Michael Beasley,HOU,321.0,-2.02,-1.07,-3.12,-0.5,-0.24,-0.74,-4.15,-1.9,-6.05,2016,236,287,202,381
200770,Jordan Farmar,MEM,258.0,-0.86,-0.82,-1.59,-0.14,-0.13,-0.26,-1.32,-1.22,-2.54,2016,156,173,159,270
202706,Jordan Hamilton,NOP,274.0,-0.31,-0.88,-1.34,-0.06,-0.19,-0.25,-0.53,-1.86,-2.39,2016,151,142,186,258
2544,LeBron James,CLE,2611.0,7.23,1.93,9.42,14.03,3.78,17.81,13.91,3.76,17.67,2017,2,1,6,2
2747,JR Smith,CLE,1078.0,-0.36,-0.74,-0.88,-0.16,-0.31,-0.47,-0.14,-0.17,-0.32,2017,198,192,219,140
201567,Kevin Love,CLE,1739.0,0.51,0.29,0.82,1.18,0.66,1.84,2.04,1.14,3.18,2017,62,53,75,56
202681,Kyrie Irving,CLE,2335.0,1.57,0.61,1.98,3.23,1.15,4.38,3.76,1.3,5.07,2017,31,24,47,32
202684,Tristan Thompson,CLE,2188.0,0.7,0.39,0.94,0.82,0.47,1.29,0.86,0.49,1.35,2017,78,67,85,90
2546,Carmelo Anthony,NYK,2311.0,1.96,0.71,2.94,3.2,1.2,4.4,3.62,1.38,5.0,2017,29,25,42,33
201149,Joakim Noah,NYK,957.0,0.15,0.05,0.41,0.26,0.24,0.5,1.02,1.08,2.1,2017,102,98,106,80
201565,Derrick Rose,NYK,1880.0,-1.92,-0.59,-2.49,-2.4,-0.73,-3.13,-3.28,-0.99,-4.27,2017,370,388,304,340
201584,Courtney Lee,NYK,2248.0,-0.51,-0.41,-0.71,-0.92,-0.59,-1.51,-1.1,-0.67,-1.77,2017,314,342,279,209
204001,Kristaps Porzingis,NYK,2022.0,0.71,0.93,1.25,0.98,1.17,2.15,1.25,1.45,2.71,2017,53,57,45,62
2210,Richard Jefferson,CLE,1472.0,-2.16,-1.47,-3.12,-2.03,-1.34,-3.38,-3.17,-2.04,-5.21,2017,378,381,360,369
201943,Brandon Jennings,NYK,1657.0,0.64,0.83,1.44,0.7,0.91,1.61,1.07,1.38,2.45,2017,72,72,60,69
203124,Kyle O'Quinn,NYK,1117.0,-0.71,-0.55,-1.35,-0.35,-0.27,-0.62,-0.43,-0.34,-0.77,2017,227,255,211,155
202697,Iman Shumpert,CLE,1762.0,0.37,0.58,0.86,0.21,0.29,0.5,0.17,0.2,0.36,2017,103,104,101,116
202498,Lance Thomas,NYK,877.0,-2.06,-1.31,-3.34,-1.41,-0.88,-2.29,-4.47,-2.76,-7.23,2017,349,370,320,391
2399,Mike Dunleavy,ATL,769.0,-1.03,-0.94,-1.46,-0.56,-0.48,-1.05,-1.87,-1.55,-3.42,2017,277,302,262,314
203200,Justin Holiday,NYK,1482.0,-1.82,-1.56,-3.41,-1.71,-1.46,-3.17,-2.8,-2.39,-5.19,2017,372,377,363,367
101112,Channing Frye,CLE,1286.0,-0.63,-0.5,-0.81,-0.58,-0.42,-1.01,-1.12,-0.75,-1.87,2017,272,309,245,214
1626195,Willy Hernangomez,NYK,1199.0,-1.0,-1.0,-1.0,-0.71,-0.68,-1.4,-1.34,-1.22,-2.56,2017,306,322,299,270
203895,Jordan McRae,CLE,350.0,0.5,0.99,1.34,-0.0,-0.08,-0.08,-0.45,-1.66,-2.11,2017,144,135,148,239
2756,Sasha Vujacic,NYK,375.0,-0.36,-0.54,-0.63,-0.09,-0.24,-0.33,-0.59,-2.02,-2.61,2017,175,162,195,274
1627851,Mindaugas Kuzminskas,NYK,940.0,-1.0,-1.0,-1.0,-0.58,-0.48,-1.06,-1.44,-0.91,-2.35,2017,278,310,263,255
202732,DeAndre Liggins,CLE,737.0,-1.0,-1.0,-1.0,-0.35,-0.51,-0.86,-0.72,-1.66,-2.39,2017,257,256,266,259
1627758,Ron Baker,NYK,785.0,-1.0,-1.0,-1.0,-0.36,-0.5,-0.86,-0.69,-1.54,-2.24,2017,258,260,264,248
2592,James Jones,CLE,340.0,-4.36,-1.88,-5.73,-0.53,-0.21,-0.74,-2.11,-0.69,-2.8,2017,240,294,188,284
202329,Al-Farouq Aminu,POR,1596.0,0.46,1.35,1.72,0.4,1.16,1.56,0.54,1.59,2.12,2017,73,84,46,79
203081,Damian Lillard,POR,2438.0,3.36,1.05,4.31,5.99,1.83,7.82,6.45,1.96,8.41,2017,13,10,28,14
203090,Maurice Harkless,POR,2029.0,-0.41,-0.26,-0.94,-0.66,-0.44,-1.11,-0.88,-0.59,-1.47,2017,280,317,252,198
203468,CJ McCollum,POR,2574.0,1.59,0.58,2.02,2.64,0.94,3.59,2.59,0.92,3.5,2017,36,27,59,50
203486,Mason Plumlee,POR,1949.0,0.16,0.12,0.19,0.38,0.26,0.64,0.58,0.38,0.96,2017,95,89,104,100
2207,Joe Johnson,UTA,1642.0,0.5,0.63,1.58,0.16,0.23,0.39,-0.07,-0.01,-0.09,2017,110,113,107,131
2564,Boris Diaw,UTA,1188.0,-0.6,-1.08,-1.28,-0.35,-0.67,-1.02,-0.5,-1.04,-1.53,2017,274,257,295,199
201588,George Hill,UTA,1417.0,1.16,0.53,1.84,1.19,0.53,1.72,2.15,0.96,3.11,2017,67,52,80,57
203497,Rudy Gobert,UTA,2468.0,1.86,1.32,2.98,3.39,2.38,5.77,3.6,2.51,6.11,2017,19,23,20,21
203918,Rodney Hood,UTA,1468.0,0.57,1.23,1.58,0.47,1.03,1.5,0.68,1.51,2.19,2017,74,80,55,76
204060,Joe Ingles,UTA,1760.0,-1.79,-2.48,-4.18,-1.77,-2.45,-4.22,-2.37,-3.28,-5.64,2017,393,378,388,378
1626168,Trey Lyles,UTA,1033.0,-0.23,-1.58,-2.2,-0.19,-1.03,-1.22,-0.52,-2.26,-2.78,2017,289,204,340,283
202323,Evan Turner,POR,1502.0,-0.04,-1.59,-1.6,-0.07,-1.32,-1.39,-0.14,-1.89,-2.03,2017,305,153,358,224
203459,Allen Crabbe,POR,2024.0,-0.82,-0.1,-1.13,-1.12,-0.18,-1.3,-1.42,-0.24,-1.66,2017,298,353,172,202
202334,Ed Davis,POR,725.0,0.86,0.58,1.41,0.48,0.31,0.79,1.77,1.15,2.92,2017,90,78,97,58
202714,Shelvin Mack,UTA,1080.0,0.0,-0.19,-0.28,-0.1,-0.45,-0.55,-0.43,-1.63,-2.06,2017,211,168,256,228
203943,Noah Vonleh,POR,1190.0,-0.6,-2.77,-3.76,-0.55,-2.31,-2.86,-1.27,-4.93,-6.2,2017,361,301,385,385
203481,Jeff Withey,UTA,397.0,0.81,0.7,1.43,0.12,0.1,0.23,0.44,0.37,0.81,2017,121,120,124,104
203957,Dante Exum,UTA,1101.0,-0.01,-1.89,-2.74,-0.21,-1.69,-1.9,-0.88,-4.27,-5.14,2017,333,213,372,364
203086,Meyers Leonard,POR,1103.0,-0.09,-0.22,-0.52,-0.14,-0.25,-0.4,-0.47,-0.74,-1.21,2017,189,182,202,187
2585,Zaza Pachulia,GSW,1196.0,-0.18,-0.18,-0.08,-0.15,-0.15,-0.31,-0.33,-0.33,-0.66,2017,167,189,164,152
201142,Kevin Durant,GSW,1901.0,5.4,2.52,7.95,8.12,3.77,11.89,11.33,5.25,16.58,2017,6,7,7,3
201939,Stephen Curry,GSW,2369.0,7.15,3.27,10.46,13.0,5.8,18.8,14.43,6.39,20.82,2017,1,2,1,1
202691,Klay Thompson,GSW,2470.0,1.3,1.52,2.72,2.59,2.66,5.24,2.8,2.76,5.56,2017,22,28,16,27
203110,Draymond Green,GSW,2250.0,2.25,2.44,4.6,3.6,4.36,7.96,4.11,5.14,9.26,2017,12,19,4,12
2200,Pau Gasol,SAS,1441.0,0.8,0.76,2.07,1.25,1.14,2.38,2.69,2.4,5.09,2017,50,50,48,31
2225,Tony Parker,SAS,1438.0,-1.75,-1.92,-3.29,-1.41,-1.55,-2.96,-2.0,-2.2,-4.21,2017,365,371,366,338
200746,LaMarcus Aldridge,SAS,2072.0,0.87,1.3,2.38,1.46,1.95,3.4,1.87,2.43,4.3,2017,38,45,26,42
202695,Kawhi Leonard,SAS,2167.0,5.33,2.99,8.16,8.64,4.69,13.32,10.42,5.6,16.02,2017,4,6,2,5
203937,Kyle Anderson,SAS,917.0,0.14,-0.05,-0.19,0.13,0.17,0.29,0.42,0.9,1.33,2017,117,118,112,91
2738,Andre Iguodala,GSW,1758.0,0.23,-0.19,0.63,0.23,-0.18,0.05,0.31,-0.22,0.08,2017,133,102,173,123
203546,Ian Clark,GSW,958.0,-1.91,-2.28,-4.34,-1.03,-1.23,-2.27,-2.09,-2.5,-4.59,2017,347,349,356,348
201988,Patty Mills,SAS,1498.0,0.92,0.53,1.48,0.88,0.52,1.4,1.37,0.84,2.21,2017,77,64,81,74
203473,Dewayne Dedmon,SAS,1200.0,-0.72,-0.88,-1.72,-0.83,-1.0,-1.83,-2.08,-2.51,-4.6,2017,329,333,335,349
203613,Jonathon Simmons,SAS,1250.0,-0.21,-0.72,-0.97,-0.29,-1.02,-1.31,-0.75,-2.63,-3.38,2017,302,229,338,312
2561,David West,GSW,803.0,0.16,0.32,0.99,0.21,0.37,0.58,0.93,1.63,2.56,2017,98,105,91,65
1938,Manu Ginobili,SAS,1107.0,0.56,3.14,4.39,0.4,2.02,2.42,0.83,3.68,4.51,2017,49,85,25,39
101135,David Lee,SAS,1282.0,-2.23,-1.72,-3.62,-1.3,-1.01,-2.32,-1.43,-1.12,-2.55,2017,352,364,337,268
2733,Shaun Livingston,GSW,1189.0,-0.43,-0.1,-0.32,-0.31,-0.14,-0.45,-0.54,-0.39,-0.94,2017,193,238,163,167
1627775,Patrick McCaw,GSW,959.0,-1.0,-1.0,-1.0,-0.52,-0.63,-1.15,-0.99,-1.53,-2.52,2017,286,292,286,265
201580,JaVale McGee,GSW,648.0,-2.24,-1.65,-3.81,-0.71,-0.52,-1.23,-1.83,-1.29,-3.12,2017,291,323,269,300
1626172,Kevon Looney,GSW,379.0,-0.27,-0.3,-1.02,-0.08,-0.09,-0.17,-0.57,-0.6,-1.17,2017,152,157,155,181
202722,Davis Bertans,SAS,704.0,-1.0,-1.0,-1.0,-0.4,-0.4,-0.8,-1.15,-1.16,-2.31,2017,246,271,241,251
201586,Serge Ibaka,ORL,2251.0,-0.01,-0.01,-0.05,-0.03,-0.03,-0.05,-0.04,-0.03,-0.07,2017,142,143,143,129
202696,Nikola Vucevic,ORL,1980.0,0.08,0.07,0.06,0.21,0.47,0.68,0.31,0.77,1.08,2017,93,106,86,95
203095,Evan Fournier,ORL,2060.0,-0.37,-0.14,-0.72,-0.56,-0.24,-0.8,-0.71,-0.32,-1.02,2017,247,303,196,172
203901,Elfrid Payton,ORL,2212.0,-0.27,-0.13,-0.73,-0.52,-0.31,-0.83,-0.65,-0.4,-1.05,2017,254,293,220,174
203932,Aaron Gordon,ORL,2148.0,-0.02,0.07,-0.35,0.06,0.15,0.21,0.11,0.19,0.31,2017,123,127,116,118
201609,Goran Dragic,MIA,2216.0,1.31,0.56,2.02,1.67,0.71,2.38,1.78,0.76,2.54,2017,51,40,71,66
202337,Luke Babbitt,MIA,1002.0,-0.77,-0.88,-1.68,-0.57,-0.66,-1.23,-1.45,-1.67,-3.12,2017,292,305,293,301
202355,Hassan Whiteside,MIA,2256.0,0.21,0.24,0.41,0.97,1.13,2.1,1.35,1.56,2.9,2017,55,58,50,59
203079,Dion Waiters,MIA,1234.0,-0.38,-1.61,-2.14,-0.43,-1.71,-2.14,-1.04,-3.9,-4.93,2017,343,277,374,358
1626159,Justise Winslow,MIA,560.0,0.34,0.1,-0.01,-0.04,-0.34,-0.38,-0.69,-2.7,-3.39,2017,185,146,229,313
201145,Jeff Green,ORL,1354.0,-1.16,-3.55,-4.56,-0.85,-2.66,-3.51,-1.26,-4.02,-5.28,2017,383,335,393,373
204020,Tyler Johnson,MIA,1875.0,0.03,0.06,-0.12,0.07,0.1,0.16,0.11,0.14,0.24,2017,127,124,125,119
1626209,Mario Hezonja,ORL,862.0,0.05,-0.67,-1.01,-0.13,-0.75,-0.88,-0.75,-3.03,-3.78,2017,263,178,309,328
201949,James Johnson,MIA,1796.0,0.12,0.22,0.43,0.18,0.32,0.5,0.27,0.48,0.75,2017,104,112,95,105
201571,D.J. Augustin,ORL,1392.0,-1.41,-0.97,-2.29,-1.15,-0.79,-1.94,-1.82,-1.24,-3.06,2017,336,354,312,299
203186,Willie Reed,MIA,924.0,-0.12,-0.06,-0.26,-0.16,-0.1,-0.26,-0.63,-0.4,-1.04,2017,158,193,156,173
203585,Rodney McGruder,MIA,1794.0,-1.0,-1.0,-1.0,-1.16,-1.21,-2.37,-1.6,-1.7,-3.3,2017,354,355,354,311
101145,Monta Ellis,IND,1824.0,0.23,0.83,1.27,0.2,0.73,0.94,0.25,0.9,1.15,2017,85,108,70,94
201152,Thaddeus Young,IND,2065.0,0.24,0.3,0.57,0.25,0.31,0.56,0.27,0.34,0.62,2017,99,99,98,107
201952,Jeff Teague,IND,2427.0,-0.99,-0.41,-1.37,-0.87,-0.37,-1.24,-0.65,-0.29,-0.93,2017,294,339,234,165
202331,Paul George,IND,2459.0,2.78,2.12,4.82,4.93,3.73,8.66,5.22,3.94,9.16,2017,10,14,8,13
1626167,Myles Turner,IND,2338.0,-1.32,-0.97,-2.73,-1.98,-1.47,-3.45,-2.12,-1.58,-3.7,2017,382,380,364,323
1717,Dirk Nowitzki,DAL,1317.0,-0.23,2.09,2.5,-0.01,1.7,1.69,0.27,2.95,3.22,2017,69,140,29,55
101106,Andrew Bogut,DAL,531.0,-0.03,0.5,0.74,0.08,0.4,0.48,0.69,2.56,3.25,2017,105,123,88,54
101114,Deron Williams,DAL,1506.0,-0.28,-0.27,-0.28,-0.31,-0.26,-0.56,-0.53,-0.41,-0.94,2017,214,239,207,168
202083,Wesley Matthews,DAL,2223.0,0.66,0.74,1.55,0.84,0.97,1.81,0.91,1.06,1.98,2017,64,66,56,85
203084,Harrison Barnes,DAL,2501.0,-1.41,-1.05,-2.67,-2.12,-1.59,-3.71,-2.08,-1.56,-3.64,2017,385,384,369,321
200826,J.J. Barea,DAL,665.0,-1.09,-0.76,-1.58,-0.33,-0.22,-0.55,-0.76,-0.47,-1.23,2017,212,247,189,189
201155,Rodney Stuckey,IND,628.0,-0.22,-0.39,-0.46,-0.09,-0.22,-0.31,-0.33,-1.05,-1.38,2017,168,163,190,194
2744,Al Jefferson,IND,849.0,-1.55,-1.36,-2.65,-0.5,-0.44,-0.93,-0.45,-0.4,-0.85,2017,268,289,253,162
202730,Lavoy Allen,IND,797.0,1.56,1.26,2.78,0.33,0.26,0.59,-0.32,-0.27,-0.59,2017,97,93,105,147
203552,Seth Curry,DAL,1817.0,-0.96,-0.5,-1.55,-1.02,-0.53,-1.55,-1.37,-0.72,-2.09,2017,318,348,272,235
203939,Dwight Powell,DAL,1155.0,-0.51,-0.29,-0.95,-0.29,-0.17,-0.46,-0.42,-0.25,-0.67,2017,195,230,168,153
1626147,Justin Anderson,DAL,1051.0,0.71,0.61,1.05,0.35,0.3,0.65,0.52,0.43,0.95,2017,94,92,99,102
203922,Glenn Robinson III,IND,1298.0,-0.32,-1.19,-1.78,-0.34,-1.13,-1.47,-0.74,-2.26,-3.0,2017,312,253,347,294
101139,CJ Miles,IND,1593.0,0.53,0.6,1.22,0.54,0.54,1.08,0.83,0.76,1.59,2017,80,75,78,88
1627852,Nicolas Brussino,DAL,460.0,-1.0,-1.0,-1.0,-0.18,-0.29,-0.47,-0.54,-1.53,-2.08,2017,199,201,216,232
203112,Quincy Acy,BRK,466.0,-1.21,-0.93,-2.23,-0.33,-0.25,-0.58,-1.63,-1.25,-2.87,2017,219,248,203,289
1627827,Dorian Finney-Smith,DAL,1468.0,-1.0,-1.0,-1.0,-0.8,-1.0,-1.8,-1.15,-1.71,-2.86,2017,328,331,336,288
101161,Amir Johnson,BOS,1495.0,0.4,0.22,0.71,0.39,0.22,0.62,0.64,0.38,1.01,2017,96,88,108,96
201143,Al Horford,BOS,2004.0,1.06,0.7,1.91,1.96,1.32,3.28,2.72,1.83,4.54,2017,41,36,37,38
202340,Avery Bradley,BOS,1640.0,-0.13,-0.27,-0.5,-0.23,-0.43,-0.66,-0.42,-0.76,-1.18,2017,230,218,248,184
202738,Isaiah Thomas,BOS,2339.0,1.93,0.59,2.49,3.72,1.11,4.83,4.29,1.27,5.57,2017,26,18,52,26
203109,Jae Crowder,BOS,2112.0,1.51,0.92,2.34,2.16,1.3,3.46,2.61,1.56,4.17,2017,37,32,38,45
201572,Brook Lopez,BRK,2024.0,0.58,0.61,1.21,0.89,0.8,1.7,1.18,1.01,2.19,2017,68,63,66,77
202344,Trevor Booker,BRK,1583.0,0.8,1.51,2.4,0.6,1.14,1.75,0.74,1.4,2.15,2017,65,74,49,78
202391,Jeremy Lin,BRK,784.0,0.1,0.04,0.17,-0.1,-0.06,-0.16,-0.7,-0.4,-1.1,2017,148,169,147,176
202711,Bojan Bogdanovic,BRK,1891.0,-1.98,-0.82,-2.83,-2.68,-1.1,-3.78,-3.7,-1.53,-5.22,2017,390,391,343,370
1626178,Rondae Hollis-Jefferson,BRK,1589.0,0.55,1.01,1.22,0.48,0.96,1.44,0.67,1.41,2.08,2017,75,79,57,81
1627759,Jaylen Brown,BOS,1229.0,-1.0,-1.0,-1.0,-0.65,-0.84,-1.49,-1.0,-1.68,-2.68,2017,313,315,316,280
2449,Luis Scola,BRK,409.0,-1.14,-1.1,-1.73,-0.25,-0.24,-0.49,-1.35,-1.25,-2.59,2017,204,221,197,272
203925,Joe Harris,BRK,1005.0,-1.14,-3.72,-5.01,-0.74,-2.47,-3.2,-1.73,-5.96,-7.69,2017,374,325,389,392
1626179,Terry Rozier,BOS,1125.0,-0.85,-3.18,-4.36,-0.66,-2.43,-3.1,-1.46,-5.29,-6.75,2017,369,318,387,388
203120,Justin Hamilton,BRK,1051.0,-0.81,-0.73,-1.78,-0.48,-0.43,-0.91,-0.93,-0.85,-1.78,2017,266,284,249,211
203930,Sean Kilpatrick,BRK,1558.0,-1.07,-2.5,-3.6,-1.01,-2.39,-3.4,-1.53,-3.65,-5.18,2017,379,347,386,366
201973,Jonas Jerebko,BOS,1089.0,-0.05,-0.03,0.0,-0.14,-0.19,-0.33,-0.53,-0.76,-1.29,2017,176,183,177,192
101123,Gerald Green,BOS,494.0,-0.57,-1.37,-1.73,-0.18,-0.56,-0.74,-0.92,-3.13,-4.05,2017,241,202,275,336
203092,Tyler Zeller,BOS,487.0,-1.54,-1.7,-3.27,-0.29,-0.32,-0.61,-0.79,-0.87,-1.66,2017,226,231,225,203
1627785,Isaiah Whitehead,BRK,1463.0,-1.0,-1.0,-1.0,-0.79,-0.98,-1.78,-1.13,-1.68,-2.82,2017,327,330,332,286
200768,Kyle Lowry,TOR,2094.0,4.07,1.09,5.31,6.1,1.65,7.76,7.55,2.05,9.6,2017,14,9,30,11
201942,DeMar DeRozan,TOR,2412.0,-1.05,-0.33,-1.41,-1.09,-0.34,-1.43,-0.92,-0.29,-1.21,2017,309,352,230,188
201960,DeMarre Carroll,TOR,1787.0,-0.08,-0.07,-0.01,0.07,0.1,0.17,0.18,0.23,0.42,2017,126,125,126,113
202685,Jonas Valanciunas,TOR,1928.0,-0.42,-0.15,-0.79,-0.16,-0.0,-0.16,-0.05,0.08,0.04,2017,149,194,137,125
1627783,Pascal Siakam,TOR,792.0,-1.0,-1.0,-1.0,-0.39,-0.52,-0.91,-0.81,-1.54,-2.35,2017,267,265,270,256
202397,Ish Smith,DET,1751.0,-0.37,-0.75,-1.09,-0.54,-1.14,-1.67,-0.84,-1.79,-2.62,2017,323,297,349,275
202694,Marcus Morris Sr.,DET,2364.0,0.04,0.05,0.06,0.03,0.04,0.08,0.03,0.03,0.06,2017,132,131,133,124
202699,Tobias Harris,DET,2313.0,0.67,0.51,0.97,1.16,0.85,2.01,1.33,0.96,2.29,2017,57,54,64,72
203083,Andre Drummond,DET,2243.0,0.37,0.76,0.86,0.54,1.2,1.74,0.61,1.38,1.99,2017,66,76,43,84
203484,Kentavious Caldwell-Pope,DET,2295.0,0.12,0.09,-0.07,0.04,-0.01,0.03,-0.01,-0.07,-0.07,2017,134,130,140,130
203382,Aron Baynes,DET,1039.0,-0.54,-0.53,-0.92,-0.4,-0.4,-0.8,-0.99,-0.98,-1.98,2017,248,272,242,221
203082,Terrence Ross,TOR,1786.0,-0.31,-0.41,-0.87,-0.36,-0.47,-0.83,-0.51,-0.66,-1.17,2017,255,261,258,182
202720,Jon Leuer,DET,1794.0,-0.48,-0.35,-0.86,-0.65,-0.47,-1.12,-0.95,-0.7,-1.65,2017,281,316,259,201
202335,Patrick Patterson,TOR,1444.0,1.55,1.35,2.87,1.3,1.13,2.43,1.94,1.7,3.64,2017,47,49,51,49
202709,Cory Joseph,TOR,1830.0,0.47,0.45,0.77,0.42,0.4,0.82,0.51,0.49,1.0,2017,89,83,89,97
2757,Beno Udrih,DET,502.0,-1.34,-0.96,-1.91,-0.42,-0.27,-0.69,-1.96,-1.16,-3.12,2017,234,274,212,302
1626169,Stanley Johnson,DET,1241.0,-0.67,-3.17,-4.29,-0.57,-2.49,-3.06,-1.15,-4.66,-5.81,2017,368,306,390,382
1627751,Jakob Poeltl,TOR,580.0,-1.0,-1.0,-1.0,-0.34,-0.3,-0.63,-1.24,-0.96,-2.2,2017,228,254,218,246
1626246,Boban Marjanovic,DET,253.0,1.08,0.49,1.6,0.27,0.11,0.38,3.05,1.16,4.2,2017,111,97,123,44
1626181,Norman Powell,TOR,1247.0,0.29,0.29,0.31,0.13,0.14,0.27,0.07,0.08,0.15,2017,118,119,117,121
203101,Miles Plumlee,MIL,430.0,-0.28,-0.81,-1.06,-0.08,-0.26,-0.34,-0.46,-1.62,-2.08,2017,179,158,208,233
203141,Mirza Teletovic,MIL,1022.0,-0.25,-0.35,-0.39,-0.1,-0.13,-0.23,-0.1,-0.05,-0.16,2017,154,170,161,134
203507,Giannis Antetokounmpo,MIL,2592.0,1.28,0.83,1.79,2.32,1.46,3.79,2.32,1.44,3.76,2017,34,30,35,48
203521,Matthew Dellavedova,MIL,1829.0,0.33,0.63,0.87,0.16,0.18,0.34,0.11,-0.01,0.1,2017,114,114,110,122
203953,Jabari Parker,MIL,1582.0,-2.18,-1.0,-3.57,-2.06,-0.97,-3.03,-3.01,-1.44,-4.45,2017,366,382,330,343
101107,Marvin Williams,CHO,2118.0,1.33,1.59,3.07,1.81,2.11,3.92,2.15,2.49,4.64,2017,32,38,22,37
201579,Roy Hibbert,CHO,648.0,-2.23,-1.85,-3.93,-0.85,-0.67,-1.53,-2.9,-2.2,-5.1,2017,317,336,296,363
201587,Nicolas Batum,CHO,2405.0,0.51,0.43,0.97,0.91,0.91,1.82,1.0,1.05,2.04,2017,63,61,61,82
202689,Kemba Walker,CHO,2519.0,1.82,0.81,2.54,3.6,1.49,5.09,3.83,1.56,5.38,2017,23,20,33,30
203077,Michael Kidd-Gilchrist,CHO,2198.0,1.92,1.77,3.42,2.29,2.11,4.4,2.45,2.26,4.72,2017,30,31,23,35
202328,Greg Monroe,MIL,1633.0,0.01,0.02,-0.06,0.4,0.33,0.73,0.92,0.76,1.68,2017,91,86,94,87
201563,Michael Beasley,MIL,848.0,-1.88,-2.14,-3.99,-0.86,-0.98,-1.84,-1.94,-2.22,-4.15,2017,331,337,333,337
1627763,Malcolm Brogdon,MIL,1793.0,-1.0,-1.0,-1.0,-1.19,-1.08,-2.27,-1.69,-1.48,-3.17,2017,348,360,342,307
201158,Marco Belinelli,CHO,1583.0,-4.72,-2.73,-7.3,-4.42,-2.54,-6.95,-6.45,-3.69,-10.14,2017,395,395,391,395
203469,Cody Zeller,CHO,1594.0,2.56,1.63,3.98,2.04,1.3,3.34,2.59,1.66,4.25,2017,39,35,39,43
1891,Jason Terry,MIL,1229.0,-1.05,-0.94,-1.3,-0.86,-0.72,-1.58,-1.69,-1.33,-3.02,2017,320,338,303,296
201150,Spencer Hawes,CHO,716.0,-0.56,-0.72,-1.25,-0.3,-0.39,-0.69,-1.13,-1.48,-2.6,2017,235,233,239,273
203089,John Henson,MIL,1032.0,-0.83,-1.03,-1.95,-0.33,-0.41,-0.73,-0.25,-0.31,-0.57,2017,238,249,244,146
201196,Ramon Sessions,CHO,757.0,-0.65,-1.03,-1.53,-0.31,-0.51,-0.82,-0.93,-1.65,-2.57,2017,251,240,267,271
203087,Jeremy Lamb,CHO,1034.0,1.06,0.95,1.8,0.63,0.56,1.19,1.28,1.12,2.4,2017,79,73,77,71
1626173,Rashad Vaughn,MIL,414.0,-0.52,-2.41,-3.39,-0.23,-0.9,-1.13,-1.72,-6.17,-7.89,2017,283,219,322,393
201144,Mike Conley,MEM,2072.0,2.0,0.56,2.65,3.04,0.87,3.91,3.84,1.1,4.94,2017,33,26,63,34
201188,Marc Gasol,MEM,2286.0,0.37,0.23,0.87,1.13,0.79,1.92,1.46,1.05,2.51,2017,60,55,67,68
203210,JaMychal Green,MEM,1926.0,-0.8,-0.59,-1.48,-1.29,-0.95,-2.24,-1.81,-1.34,-3.15,2017,345,363,329,306
203516,James Ennis III,MEM,1353.0,-0.28,-0.32,-0.69,-0.27,-0.31,-0.58,-0.51,-0.58,-1.08,2017,220,226,221,175
1626150,Andrew Harrison,MEM,1281.0,-1.0,-1.0,-1.0,-0.68,-0.87,-1.56,-1.03,-1.68,-2.71,2017,319,321,318,281
201937,Ricky Rubio,MIN,2282.0,3.78,1.4,5.09,5.27,1.95,7.22,5.69,2.09,7.78,2017,15,12,27,15
203476,Gorgui Dieng,MIN,2448.0,2.39,1.74,4.1,3.47,2.53,6.0,3.44,2.51,5.96,2017,17,21,17,23
203897,Zach LaVine,MIN,1638.0,-2.91,-0.59,-3.89,-3.07,-0.67,-3.74,-4.59,-1.04,-5.63,2017,388,394,297,377
203952,Andrew Wiggins,MIN,2775.0,-0.53,0.12,-0.8,-1.3,0.08,-1.23,-1.3,0.02,-1.27,2017,293,365,130,191
1626157,Karl-Anthony Towns,MIN,2820.0,-0.6,0.1,-0.89,-0.27,0.37,0.1,0.04,0.39,0.43,2017,131,227,92,112
1627735,Wade Baldwin IV,MEM,383.0,-1.0,-1.0,-1.0,-0.14,-0.24,-0.38,-0.51,-1.54,-2.05,2017,186,184,198,227
201575,Brandon Rush,MIN,984.0,-2.42,-5.67,-7.88,-1.17,-2.81,-3.99,-1.96,-4.85,-6.81,2017,391,357,394,389
2216,Zach Randolph,MEM,1550.0,-0.15,0.66,0.96,-0.13,0.49,0.36,-0.18,0.59,0.41,2017,113,179,84,114
202357,Nemanja Bjelica,MIN,1085.0,-0.5,-0.66,-1.13,-0.35,-0.47,-0.82,-0.75,-1.02,-1.77,2017,252,258,260,210
1627739,Kris Dunn,MIN,1209.0,-1.0,-1.0,-1.0,-0.64,-0.82,-1.46,-0.98,-1.67,-2.65,2017,311,313,314,278
1713,Vince Carter,MEM,1583.0,-1.66,-1.68,-2.59,-1.7,-1.73,-3.43,-2.63,-2.66,-5.29,2017,381,376,375,374
203498,Shabazz Muhammad,MIN,1359.0,-1.69,-0.37,-2.26,-1.49,-0.35,-1.83,-2.6,-0.64,-3.24,2017,330,374,231,309
202332,Cole Aldrich,MIN,493.0,-0.49,-0.52,-1.01,-0.07,-0.08,-0.16,-0.1,-0.1,-0.2,2017,150,154,149,136
201600,Omer Asik,NOP,458.0,-0.47,-0.47,-0.94,-0.16,-0.16,-0.32,-0.92,-0.92,-1.85,2017,172,195,166,213
202734,E'Twaun Moore,NOP,1618.0,0.06,0.06,0.09,-0.22,-0.26,-0.48,-0.58,-0.67,-1.25,2017,201,215,209,190
203076,Anthony Davis,NOP,2415.0,2.98,2.45,5.16,5.23,4.26,9.49,5.73,4.66,10.38,2017,9,13,5,10
203524,Solomon Hill,NOP,2205.0,0.43,-0.66,-0.38,0.44,-1.02,-0.58,0.45,-1.21,-0.77,2017,221,82,339,156
204025,Tim Frazier,NOP,1359.0,0.72,0.88,1.51,0.16,0.17,0.33,-0.38,-0.53,-0.91,2017,115,115,113,163
201568,Danilo Gallinari,DEN,1909.0,2.97,0.93,3.93,3.84,1.18,5.02,5.1,1.55,6.65,2017,24,16,44,19
203115,Will Barton,DEN,1493.0,-0.83,-0.19,-1.11,-0.49,-0.1,-0.6,-0.41,-0.07,-0.48,2017,224,286,157,144
203994,Jusuf Nurkic,DEN,1292.0,0.69,1.11,1.47,0.21,0.17,0.38,-0.25,-0.94,-1.19,2017,112,107,114,185
203999,Nikola Jokic,DEN,1816.0,4.9,1.77,6.28,5.95,2.06,8.01,8.27,2.83,11.1,2017,11,11,24,8
1626144,Emmanuel Mudiay,DEN,1254.0,0.1,-0.7,-1.05,-0.19,-1.32,-1.51,-0.82,-3.72,-4.55,2017,315,205,359,346
1627741,Buddy Hield,NOP,1718.0,-1.0,-1.0,-1.0,-0.94,-1.14,-2.08,-1.28,-1.7,-2.98,2017,342,343,350,292
201163,Wilson Chandler,DEN,1886.0,-0.91,-0.46,-1.26,-1.16,-0.57,-1.74,-1.56,-0.76,-2.33,2017,326,356,276,253
202702,Kenneth Faried,DEN,1176.0,1.38,0.51,1.86,0.79,0.29,1.08,1.04,0.38,1.41,2017,81,68,102,89
201967,Dante Cunningham,NOP,1483.0,-1.24,-1.3,-2.44,-1.32,-1.38,-2.7,-2.35,-2.47,-4.82,2017,358,367,361,355
1627750,Jamal Murray,DEN,1539.0,-1.0,-1.0,-1.0,-0.98,-0.99,-1.98,-1.5,-1.53,-3.03,2017,338,346,334,298
204038,Langston Galloway,NOP,1329.0,0.24,0.45,0.54,0.06,-0.04,0.02,-0.11,-0.71,-0.82,2017,135,128,146,158
2749,Jameer Nelson,DEN,1784.0,-1.51,-0.73,-1.85,-2.15,-0.9,-3.05,-3.2,-1.29,-4.49,2017,367,386,323,344
201582,Alexis Ajinca,NOP,545.0,-0.18,-0.51,-0.66,-0.14,-0.46,-0.6,-0.84,-2.95,-3.79,2017,225,185,257,329
202362,Lance Stephenson,NOP,312.0,-1.14,-2.08,-3.31,-0.21,-0.38,-0.59,-1.63,-2.98,-4.61,2017,222,214,235,350
203093,Terrence Jones,NOP,1140.0,-0.98,-3.2,-4.33,-0.54,-1.77,-2.31,-0.83,-2.68,-3.5,2017,351,298,376,318
1627823,Juancho Hernangomez,DEN,751.0,-1.0,-1.0,-1.0,-0.48,-0.38,-0.87,-1.48,-0.87,-2.35,2017,261,285,236,257
200771,Sergio Rodriguez,PHI,1381.0,-1.0,-1.0,-1.0,-0.73,-0.92,-1.66,-1.07,-1.66,-2.73,2017,322,324,325,282
201945,Gerald Henderson,PHI,1503.0,-0.21,-0.2,-0.32,-0.45,-0.42,-0.86,-1.0,-0.93,-1.92,2017,259,282,246,216
203496,Robert Covington,PHI,1915.0,1.07,3.39,4.36,1.06,3.37,4.43,1.3,4.11,5.41,2017,28,56,11,29
203954,Joel Embiid,PHI,711.0,-1.0,-1.0,-1.0,-0.33,-0.44,-0.77,-0.74,-1.46,-2.2,2017,245,250,254,247
203967,Dario Saric,PHI,1896.0,-1.0,-1.0,-1.0,-1.08,-1.28,-2.36,-1.38,-1.75,-3.13,2017,353,351,357,304
201566,Russell Westbrook,OKC,2504.0,4.77,2.39,7.18,9.22,4.61,13.82,9.68,4.84,14.52,2017,3,4,3,6
203460,Andre Roberson,OKC,2119.0,0.18,0.22,0.25,0.23,0.3,0.53,0.26,0.35,0.61,2017,100,103,100,108
203500,Steven Adams,OKC,2170.0,0.18,0.19,0.1,0.19,0.21,0.4,0.19,0.22,0.41,2017,108,109,109,115
203506,Victor Oladipo,OKC,2018.0,0.67,0.77,1.23,0.92,1.09,2.01,1.16,1.37,2.53,2017,58,60,54,67
1627734,Domantas Sabonis,OKC,1502.0,-1.0,-1.0,-1.0,-0.87,-1.07,-1.94,-1.23,-1.79,-3.02,2017,337,340,341,297
1626143,Jahlil Okafor,PHI,1061.0,-0.77,-3.3,-4.46,-0.47,-1.92,-2.39,-0.93,-3.64,-4.57,2017,355,283,382,347
203917,Nik Stauskas,PHI,1953.0,-0.94,-3.77,-4.98,-1.23,-4.81,-6.04,-1.62,-6.28,-7.89,2017,394,362,395,394
204456,T.J. McConnell,PHI,1898.0,-0.06,-0.21,-0.48,-0.2,-0.43,-0.63,-0.32,-0.64,-0.96,2017,229,210,250,169
203138,Hollis Thompson,PHI,664.0,-0.12,-0.74,-1.01,-0.16,-0.65,-0.82,-0.92,-3.37,-4.29,2017,253,196,291,341
203924,Jerami Grant,OKC,1323.0,-0.38,-0.52,-1.23,-0.54,-0.69,-1.22,-1.26,-1.57,-2.84,2017,290,299,301,287
101141,Ersan Ilyasova,PHI,1913.0,-1.45,-1.68,-3.04,-1.45,-1.69,-3.14,-1.79,-2.07,-3.86,2017,371,373,373,331
202713,Kyle Singler,OKC,323.0,-0.89,-2.8,-3.65,-0.16,-0.54,-0.7,-1.12,-3.93,-5.05,2017,236,197,274,362
1626158,Richaun Holmes,PHI,1048.0,1.31,1.0,2.04,0.4,0.32,0.72,-0.11,-0.01,-0.12,2017,92,87,96,132
202683,Enes Freedom,OKC,1386.0,0.02,0.13,-0.07,0.09,0.12,0.22,0.27,0.22,0.49,2017,122,122,121,111
203902,Semaj Christon,OKC,863.0,-1.0,-1.0,-1.0,-0.43,-0.6,-1.03,-0.79,-1.67,-2.46,2017,275,278,281,262
203518,Alex Abrines,OKC,932.0,-1.0,-1.0,-1.0,-0.59,-0.53,-1.12,-1.39,-1.12,-2.51,2017,282,311,273,264
2199,Tyson Chandler,PHO,1160.0,-0.35,-0.37,-0.33,-0.13,-0.17,-0.31,-0.04,-0.16,-0.2,2017,169,180,169,137
201162,Jared Dudley,PHO,1218.0,0.09,-0.03,0.27,0.02,-0.03,-0.01,-0.04,-0.08,-0.13,2017,137,132,144,133
202339,Eric Bledsoe,PHO,1955.0,1.41,0.48,1.86,2.1,0.7,2.81,2.87,0.95,3.82,2017,43,34,73,47
203933,T.J. Warren,PHO,1855.0,-0.22,0.1,-0.39,-0.32,0.06,-0.27,-0.47,0.05,-0.42,2017,162,244,132,142
1626164,Devin Booker,PHO,2461.0,-1.65,-0.47,-2.56,-2.86,-0.89,-3.75,-3.03,-0.97,-3.99,2017,389,393,321,334
200752,Rudy Gay,SAC,921.0,-0.06,0.06,0.15,0.07,0.13,0.2,0.43,0.56,0.99,2017,124,126,119,99
201167,Arron Afflalo,SAC,1462.0,-1.75,-0.7,-2.23,-2.06,-0.73,-2.79,-3.87,-1.28,-5.15,2017,359,383,305,365
201585,Kosta Koufos,SAC,1322.0,-0.49,-0.53,-1.04,-0.57,-0.62,-1.19,-1.27,-1.36,-2.63,2017,288,307,284,276
201951,Ty Lawson,SAC,1553.0,-1.53,-0.7,-2.14,-1.32,-0.6,-1.92,-1.83,-0.83,-2.66,2017,334,368,282,279
202326,DeMarcus Cousins,SAC,2250.0,1.37,2.36,3.64,2.47,3.65,6.12,2.94,4.16,7.1,2017,16,29,9,16
2440,Matt Barnes,SAC,1587.0,-0.49,-1.93,-1.91,-0.49,-1.91,-2.4,-0.74,-2.85,-3.6,2017,356,287,380,320
1626161,Willie Cauley-Stein,SAC,1290.0,-0.16,-0.16,-0.59,-0.2,-0.19,-0.39,-0.46,-0.45,-0.91,2017,187,211,178,164
202688,Brandon Knight,PHO,1012.0,0.05,-0.03,-0.12,0.06,0.07,0.13,0.22,0.34,0.56,2017,128,129,131,109
203458,Alex Len,PHO,1460.0,-1.1,-1.5,-2.87,-1.21,-1.62,-2.83,-2.23,-2.97,-5.2,2017,360,361,370,368
201229,Anthony Tolliver,SAC,1360.0,0.23,-0.01,0.43,0.01,-0.08,-0.07,-0.28,-0.24,-0.51,2017,143,133,150,145
1627737,Marquese Chriss,PHO,1636.0,-1.0,-1.0,-1.0,-0.9,-1.1,-2.0,-1.25,-1.71,-2.95,2017,339,341,344,291
202066,Garrett Temple,SAC,1543.0,-1.44,-1.85,-3.14,-1.38,-1.78,-3.17,-2.11,-2.73,-4.84,2017,373,369,377,356
2571,Leandro Barbosa,PHO,856.0,-1.73,-2.01,-3.35,-0.77,-0.91,-1.67,-1.68,-2.02,-3.71,2017,324,326,324,324
200782,P.J. Tucker,PHO,1962.0,-0.61,-0.69,-1.09,-0.77,-0.87,-1.64,-0.99,-1.13,-2.13,2017,321,327,319,241
203463,Ben McLemore,SAC,1054.0,-0.18,-1.24,-1.69,-0.26,-1.19,-1.45,-0.86,-3.38,-4.24,2017,310,225,353,339
201956,Omri Casspi,SAC,566.0,0.23,0.1,0.36,0.01,-0.02,-0.01,-0.23,-0.23,-0.46,2017,138,134,141,143
1627755,Tyler Ulis,PHO,1017.0,-1.0,-1.0,-1.0,-0.57,-0.6,-1.17,-1.14,-1.28,-2.43,2017,287,308,283,261
1627733,Dragan Bender,PHO,511.0,-1.0,-1.0,-1.0,-0.2,-0.32,-0.52,-0.56,-1.51,-2.07,2017,209,212,226,231
2736,Luol Deng,LAL,1367.0,0.46,1.64,2.3,0.31,1.1,1.41,0.41,1.48,1.9,2017,76,95,53,86
201156,Nick Young,LAL,1446.0,-2.93,-1.04,-3.76,-2.75,-0.92,-3.67,-4.68,-1.51,-6.2,2017,384,392,326,386
202389,Timofey Mozgov,LAL,1050.0,-0.12,-0.12,-0.09,-0.28,-0.18,-0.46,-1.08,-0.6,-1.68,2017,196,228,174,205
203944,Julius Randle,LAL,1947.0,-1.79,-1.16,-3.29,-2.41,-1.58,-3.99,-3.21,-2.12,-5.33,2017,392,389,368,375
1626156,D'Angelo Russell,LAL,1674.0,-0.0,-0.83,-1.28,-0.15,-1.15,-1.3,-0.34,-1.9,-2.24,2017,299,190,351,249
2772,Trevor Ariza,HOU,2515.0,0.26,0.29,0.77,0.47,0.51,0.99,0.48,0.52,1.0,2017,83,81,82,98
201569,Eric Gordon,HOU,2094.0,-0.14,-0.09,-0.19,-0.33,-0.19,-0.51,-0.45,-0.25,-0.7,2017,206,251,179,154
201583,Ryan Anderson,HOU,1944.0,-0.07,-0.04,-0.09,-0.18,-0.08,-0.26,-0.27,-0.11,-0.38,2017,159,203,151,141
201935,James Harden,HOU,2666.0,4.83,1.43,6.23,10.16,2.98,13.13,10.09,2.95,13.04,2017,5,3,13,7
203991,Clint Capela,HOU,1459.0,0.1,0.21,-0.02,-0.01,0.12,0.11,-0.14,0.08,-0.06,2017,129,141,122,128
2403,Nene,HOU,1099.0,0.86,0.36,1.61,0.3,0.1,0.4,-0.05,-0.12,-0.18,2017,109,96,127,135
1627742,Brandon Ingram,LAL,2060.0,-1.0,-1.0,-1.0,-1.18,-1.39,-2.57,-1.39,-1.74,-3.13,2017,357,359,362,305
203909,KJ McDaniels,BRK,433.0,0.49,0.95,1.17,-0.04,-0.25,-0.29,-0.86,-3.16,-4.02,2017,165,147,204,335
203903,Jordan Clarkson,LAL,2173.0,-0.25,-0.38,-0.84,-0.44,-0.63,-1.07,-0.55,-0.78,-1.32,2017,279,280,287,193
1626204,Larry Nance Jr.,LAL,1306.0,0.33,0.29,0.41,-0.03,0.02,-0.01,-0.54,-0.3,-0.84,2017,139,144,135,160
201147,Corey Brewer,HOU,1190.0,-0.58,-1.71,-2.14,-0.49,-1.53,-2.01,-1.01,-3.33,-4.33,2017,340,288,365,342
101150,Lou Williams,LAL,1758.0,1.06,0.42,1.62,1.31,0.54,1.85,1.95,0.81,2.77,2017,61,48,79,61
204028,Tarik Black,LAL,1012.0,1.45,0.82,2.12,0.19,0.14,0.32,-1.2,-0.53,-1.73,2017,116,110,118,208
1626155,Sam Dekker,HOU,1297.0,-0.38,-0.11,-0.82,-0.39,-0.16,-0.55,-0.81,-0.38,-1.19,2017,213,266,167,186
203898,Tyler Ennis,LAL,532.0,-1.41,-0.25,-1.99,-0.78,-0.19,-0.97,-4.51,-1.24,-5.75,2017,269,329,180,381
2594,Kyle Korver,ATL,1578.0,1.89,0.19,2.53,1.53,0.16,1.69,1.99,0.2,2.2,2017,70,43,115,75
2730,Dwight Howard,ATL,2016.0,-0.07,0.08,0.22,-0.14,0.02,-0.12,-0.19,-0.01,-0.2,2017,146,186,136,138
200794,Paul Millsap,ATL,2091.0,1.37,2.17,3.76,2.14,3.26,5.39,2.7,4.05,6.75,2017,21,33,12,17
203145,Kent Bazemore,ATL,1784.0,-0.77,-2.66,-3.47,-0.77,-2.64,-3.41,-1.02,-3.52,-4.54,2017,380,328,392,345
203471,Dennis Schroder,ATL,2226.0,0.03,-0.17,-0.41,-0.06,-0.4,-0.46,-0.11,-0.51,-0.62,2017,197,150,243,148
101162,Marcin Gortat,WAS,2297.0,0.9,0.54,1.71,1.38,0.84,2.22,1.5,0.92,2.42,2017,52,47,65,70
202322,John Wall,WAS,2512.0,4.04,1.99,5.94,7.13,3.5,10.63,7.22,3.53,10.75,2017,8,8,10,9
202693,Markieff Morris,WAS,2170.0,0.46,0.64,1.06,0.37,0.51,0.88,0.31,0.41,0.72,2017,88,90,83,106
203078,Bradley Beal,WAS,2391.0,-0.09,0.16,-0.19,0.0,0.27,0.27,0.06,0.29,0.34,2017,119,136,103,117
203490,Otto Porter Jr.,WAS,2337.0,0.95,0.57,1.24,1.54,0.89,2.43,1.67,0.95,2.62,2017,48,42,62,63
203488,Mike Muscala,ATL,1069.0,-0.37,-0.28,-0.8,-0.25,-0.2,-0.45,-0.56,-0.44,-1.0,2017,194,222,182,170
203094,Andrew Nicholson,WAS,323.0,0.16,0.43,0.56,-0.06,-0.23,-0.29,-0.82,-2.94,-3.76,2017,166,151,191,326
203501,Tim Hardaway Jr.,ATL,1867.0,-0.17,-0.06,-0.44,-0.53,-0.33,-0.86,-0.87,-0.55,-1.42,2017,260,295,228,196
200757,Thabo Sefolosha,ATL,1431.0,-0.04,0.5,0.73,0.0,0.46,0.46,0.06,0.77,0.82,2017,106,137,87,103
1627098,Malcolm Delaney,ATL,1098.0,-1.0,-1.0,-1.0,-0.56,-0.74,-1.3,-0.9,-1.64,-2.55,2017,300,304,308,269
203504,Trey Burke,WAS,647.0,-0.61,-0.55,-1.37,-0.25,-0.23,-0.48,-0.89,-0.81,-1.7,2017,202,223,192,207
1626162,Kelly Oubre Jr.,WAS,1460.0,-0.54,-1.57,-2.5,-0.8,-2.07,-2.87,-1.63,-4.04,-5.67,2017,363,332,384,380
201160,Jason Smith,WAS,971.0,-2.02,-2.37,-4.24,-1.31,-1.55,-2.86,-3.12,-3.71,-6.83,2017,362,366,367,390
201977,Marcus Thornton,WAS,526.0,-0.34,-0.87,-1.12,-0.07,-0.19,-0.26,-0.15,-0.47,-0.62,2017,160,155,181,149
2743,Kris Humphries,ATL,611.0,-1.17,-1.77,-2.74,-0.39,-0.62,-1.01,-1.31,-2.15,-3.46,2017,273,267,285,315
203107,Tomas Satoransky,WAS,643.0,-1.0,-1.0,-1.0,-0.3,-0.44,-0.74,-0.67,-1.65,-2.32,2017,242,234,255,252
1627815,Sheldon Mac,WAS,265.0,-1.0,-1.0,-1.0,-0.15,-0.11,-0.26,-1.29,-0.81,-2.1,2017,161,191,158,237
1627761,DeAndre' Bembry,ATL,318.0,-1.0,-1.0,-1.0,-0.11,-0.2,-0.31,-0.49,-1.52,-2.01,2017,170,173,183,222
2548,Dwyane Wade,CHI,1654.0,-0.79,-1.28,-1.62,-0.53,-0.73,-1.26,-0.55,-0.62,-1.17,2017,296,296,306,183
200765,Rajon Rondo,CHI,1679.0,0.28,-1.11,-0.68,0.25,-0.92,-0.67,0.33,-1.16,-0.84,2017,231,100,327,161
201577,Robin Lopez,CHI,2068.0,-0.24,-0.29,-0.51,-0.3,-0.36,-0.67,-0.36,-0.44,-0.8,2017,232,235,232,157
201959,Taj Gibson,CHI,1814.0,-0.47,-0.58,-0.83,-0.5,-0.63,-1.14,-0.69,-0.87,-1.56,2017,284,290,288,200
202710,Jimmy Butler,CHI,2500.0,2.01,0.72,2.7,4.06,1.44,5.49,4.4,1.55,5.95,2017,20,15,36,24
203926,Doug McDermott,CHI,1352.0,-2.36,-1.21,-3.73,-2.13,-1.1,-3.23,-3.91,-2.03,-5.95,2017,375,385,345,383
202703,Nikola Mirotic,CHI,1504.0,0.69,1.16,1.7,0.72,1.25,1.97,1.22,2.17,3.39,2017,59,71,40,51
203477,Isaiah Canaan,CHI,535.0,-0.53,-2.05,-2.73,-0.17,-0.64,-0.81,-0.76,-2.72,-3.48,2017,250,200,289,317
1626245,Cristiano Felicio,CHI,945.0,1.42,0.95,2.15,0.53,0.36,0.89,0.57,0.39,0.96,2017,87,77,93,101
203487,Michael Carter-Williams,CHI,791.0,0.03,-0.73,-0.85,-0.03,-0.38,-0.41,-0.24,-1.16,-1.39,2017,190,145,237,195
101108,Chris Paul,LAC,1736.0,7.18,2.06,9.45,8.66,2.5,11.16,12.78,3.7,16.48,2017,7,5,19,4
200755,JJ Redick,LAC,1986.0,1.35,0.59,2.21,1.84,0.79,2.62,2.37,1.01,3.38,2017,45,37,68,52
201599,DeAndre Jordan,LAC,2330.0,2.31,1.36,3.7,3.73,2.2,5.92,4.11,2.42,6.52,2017,18,17,21,20
201601,Luc Mbah a Moute,LAC,1701.0,-1.36,-1.68,-2.89,-1.65,-2.06,-3.71,-2.51,-3.14,-5.65,2017,386,375,383,379
201933,Blake Griffin,LAC,1859.0,0.39,0.18,0.55,1.42,0.6,2.02,2.35,0.98,3.33,2017,56,46,76,53
203085,Austin Rivers,LAC,1843.0,-1.43,-1.43,-3.07,-1.86,-1.86,-3.73,-2.62,-2.62,-5.24,2017,387,379,379,371
2037,Jamal Crawford,LAC,1895.0,-0.91,-1.49,-1.89,-1.06,-1.85,-2.91,-1.39,-2.47,-3.85,2017,364,350,378,330
101109,Raymond Felton,LAC,1542.0,-0.24,-1.8,-1.77,-0.33,-1.91,-2.24,-0.61,-3.13,-3.73,2017,346,252,381,325
201578,Marreese Speights,LAC,1164.0,-1.19,-0.79,-1.89,-1.17,-0.76,-1.93,-2.87,-1.83,-4.7,2017,335,358,311,353
202325,Wesley Johnson,LAC,757.0,-0.07,-0.03,-0.01,-0.09,-0.25,-0.33,-0.42,-1.41,-1.83,2017,177,164,205,212
203894,Shabazz Napier,POR,456.0,-0.55,-2.02,-2.72,-0.19,-0.68,-0.87,-1.1,-3.92,-5.02,2017,262,206,300,360
202338,Kevin Seraphin,IND,495.0,-1.95,-2.64,-4.62,-0.6,-0.82,-1.41,-2.83,-3.89,-6.72,2017,307,312,315,387
202687,Bismack Biyombo,ORL,1644.0,-0.42,-1.24,-1.87,-0.39,-1.13,-1.52,-0.54,-1.55,-2.09,2017,316,268,348,236
201228,C.J. Watson,ORL,916.0,-0.33,-0.43,-0.5,-0.19,-0.32,-0.51,-0.45,-1.0,-1.45,2017,207,207,227,197
1626199,Darrun Hilliard,DET,330.0,0.16,-0.01,-0.11,-0.04,-0.2,-0.25,-0.62,-2.25,-2.87,2017,156,148,184,290
203530,Joffrey Lauvergne,OKC,867.0,-1.38,-3.36,-4.89,-0.66,-1.62,-2.29,-1.44,-3.54,-4.97,2017,350,319,371,359
202324,Derrick Favors,UTA,1108.0,1.14,3.62,4.6,0.77,2.53,3.3,1.54,5.19,6.73,2017,40,69,18,18
203080,Thomas Robinson,LAL,514.0,-1.05,-1.94,-3.13,-0.36,-0.66,-1.03,-1.78,-3.26,-5.04,2017,276,262,294,361
1627789,Timothe Luwawu-Cabarrot,PHI,1075.0,-1.0,-1.0,-1.0,-0.54,-0.71,-1.24,-0.87,-1.6,-2.48,2017,295,300,302,263
1627752,Taurean Prince,ATL,874.0,-1.0,-1.0,-1.0,-0.42,-0.58,-1.0,-0.77,-1.6,-2.37,2017,270,275,277,258
1626163,Frank Kaminsky,CHO,1766.0,-0.15,-1.11,-1.53,-0.19,-1.18,-1.37,-0.27,-1.64,-1.91,2017,304,208,352,215
203584,Troy Daniels,MEM,1060.0,-1.57,-2.3,-4.03,-0.83,-1.21,-2.03,-1.29,-1.88,-3.17,2017,341,334,355,308
1626185,Jarell Martin,MEM,497.0,0.14,-0.2,-0.39,-0.08,-0.39,-0.47,-0.8,-2.97,-3.77,2017,200,159,240,327
1627786,Troy Williams,MEM,511.0,-1.0,-1.0,-1.0,-0.31,-0.23,-0.54,-1.39,-0.73,-2.12,2017,210,241,193,240
1627770,Kay Felder,CLE,348.0,-1.0,-1.0,-1.0,-0.13,-0.23,-0.36,-0.53,-1.61,-2.14,2017,183,181,194,242
1626171,Bobby Portis,CHI,929.0,-1.54,-1.56,-3.49,-0.94,-0.94,-1.88,-2.44,-2.45,-4.89,2017,332,344,328,357
1627756,Denzel Valentine,CHI,892.0,-1.0,-1.0,-1.0,-0.42,-0.58,-1.0,-0.76,-1.57,-2.33,2017,271,276,278,254
1627835,Paul Zipser,CHI,771.0,-1.0,-1.0,-1.0,-0.35,-0.5,-0.85,-0.69,-1.55,-2.24,2017,256,259,265,250
203503,Tony Snell,MIL,2147.0,1.79,1.1,2.74,1.51,0.96,2.46,1.37,0.89,2.26,2017,46,44,58,73
1627749,Dejounte Murray,SAS,278.0,-1.0,-1.0,-1.0,-0.09,-0.18,-0.27,-0.49,-1.57,-2.06,2017,163,165,175,229
203526,Raul Neto,UTA,305.0,-0.22,-0.83,-1.26,-0.08,-0.24,-0.33,-0.84,-2.28,-3.12,2017,178,160,199,303
101138,Brandon Bass,LAC,529.0,0.92,0.2,1.32,0.15,0.03,0.18,0.15,0.03,0.18,2017,125,117,134,120
1627748,Thon Maker,MIL,543.0,-1.0,-1.0,-1.0,-0.32,-0.26,-0.57,-1.3,-0.83,-2.14,2017,215,245,210,243
101181,Jose Calderon,LAL,509.0,-1.86,-3.21,-4.62,-0.41,-0.73,-1.14,-1.38,-2.49,-3.87,2017,285,273,307,332
201627,Anthony Morrow,OKC,610.0,0.61,0.34,1.16,0.16,0.09,0.25,0.34,0.21,0.54,2017,120,116,129,110
1626257,Salah Mejri,DAL,828.0,0.11,0.16,0.42,-0.02,-0.02,-0.04,-0.29,-0.34,-0.62,2017,141,142,142,150
1626210,Alan Williams,PHO,629.0,-0.14,-0.07,-0.42,-0.12,-0.08,-0.2,-0.65,-0.48,-1.12,2017,153,174,152,178
201166,Aaron Brooks,IND,819.0,-0.42,-0.76,-0.91,-0.25,-0.65,-0.9,-0.79,-2.5,-3.29,2017,264,224,292,310
1626254,Maurice Ndour,NYK,297.0,-1.0,-1.0,-1.0,-0.1,-0.17,-0.28,-0.56,-1.39,-1.95,2017,164,171,170,218
1626145,Tyus Jones,MIN,700.0,-0.99,-0.41,-1.84,-0.5,-0.24,-0.74,-1.84,-0.97,-2.81,2017,243,291,200,285
2754,Tony Allen,MEM,1711.0,-0.28,0.35,0.51,-0.29,0.18,-0.11,-0.41,0.12,-0.29,2017,145,232,111,139
203949,James Michael McAdoo,GSW,396.0,-1.42,-3.05,-4.68,-0.23,-0.51,-0.74,-0.89,-2.11,-3.0,2017,244,220,268,295
1626192,Pat Connaughton,POR,285.0,-1.65,-0.89,-2.75,-0.39,-0.18,-0.57,-3.71,-1.7,-5.41,2017,216,269,176,376
1626149,Montrezl Harrell,HOU,924.0,-0.46,0.02,-0.71,-0.31,-0.03,-0.34,-0.83,-0.17,-1.0,2017,180,242,145,171
1627826,Ivica Zubac,LAL,557.0,-1.0,-1.0,-1.0,-0.3,-0.27,-0.57,-1.15,-0.93,-2.08,2017,217,236,213,234
203935,Marcus Smart,BOS,2157.0,0.23,0.01,-0.08,0.24,-0.13,0.11,0.25,-0.21,0.04,2017,130,101,162,126
1626170,Jerian Grant,CHI,968.0,-1.37,-1.06,-2.65,-0.96,-0.75,-1.71,-2.61,-2.05,-4.66,2017,325,345,310,351
201589,Darrell Arthur,DEN,540.0,0.9,0.54,1.47,0.0,-0.0,0.0,-1.04,-0.64,-1.67,2017,136,138,138,204
1626196,Josh Richardson,MIA,1442.0,0.51,1.04,1.29,0.36,0.7,1.07,0.43,0.78,1.2,2017,82,91,74,93
203914,Gary Harris,DEN,1598.0,-2.69,-0.58,-3.6,-2.64,-0.59,-3.23,-3.83,-0.88,-4.71,2017,376,390,280,354
1627746,Skal Labissiere,SAC,554.0,-1.0,-1.0,-1.0,-0.32,-0.27,-0.59,-1.26,-0.9,-2.16,2017,223,246,214,245
1627834,Georgios Papagiannis,SAC,329.0,-1.0,-1.0,-1.0,-0.12,-0.2,-0.32,-0.59,-1.45,-2.04,2017,173,175,185,226
202330,Gordon Hayward,UTA,2294.0,1.97,0.9,2.78,3.42,1.54,4.96,3.93,1.76,5.69,2017,25,22,31,25
202718,Chandler Parsons,MEM,612.0,0.12,0.47,0.62,0.11,0.4,0.51,0.62,2.2,2.82,2017,101,121,90,60
203512,Lucas Nogueira,TOR,1010.0,-0.64,-0.7,-1.55,-0.38,-0.42,-0.8,-0.8,-0.88,-1.68,2017,249,264,247,206
203148,Brian Roberts,CHO,366.0,-0.8,-2.03,-2.62,-0.14,-0.43,-0.57,-0.79,-2.73,-3.53,2017,218,187,251,319
204014,Damjan Rudez,ORL,275.0,-0.51,-1.23,-1.59,-0.12,-0.38,-0.5,-1.16,-4.09,-5.25,2017,205,176,238,372
202682,Derrick Williams,CLE,726.0,-0.95,-3.44,-4.54,-0.3,-1.1,-1.41,-0.53,-1.89,-2.42,2017,308,237,346,260
200751,Randy Foye,BRK,1175.0,-0.45,-0.29,-0.41,-0.44,-0.84,-1.28,-1.06,-2.85,-3.91,2017,297,281,317,333
201954,Darren Collison,SAC,1878.0,0.71,0.05,0.85,0.88,0.1,0.98,1.19,0.14,1.33,2017,84,65,128,92
1627812,Yogi Ferrell,DAL,1102.0,-1.0,-1.0,-1.0,-0.67,-0.64,-1.3,-1.33,-1.21,-2.54,2017,301,320,290,267
203482,Kelly Olynyk,BOS,1378.0,2.0,1.95,3.8,1.59,1.51,3.09,2.45,2.26,4.72,2017,42,41,32,36
1627832,Fred VanVleet,TOR,266.0,-1.0,-1.0,-1.0,-0.09,-0.17,-0.25,-0.48,-1.55,-2.03,2017,157,166,171,225
201980,Danny Green,SAS,1639.0,0.67,2.48,3.24,0.77,2.83,3.6,1.19,4.34,5.53,2017,35,70,15,28
101187,Alan Anderson,LAC,269.0,-0.41,-0.43,-0.46,-0.12,-0.2,-0.32,-1.3,-2.36,-3.66,2017,174,177,186,322
201177,Josh McRoberts,MIA,355.0,-0.29,-0.67,-0.87,-0.1,-0.31,-0.41,-0.77,-2.69,-3.46,2017,191,172,222,316
201976,Patrick Beverley,HOU,1935.0,0.85,0.65,1.52,0.93,0.71,1.64,1.14,0.87,2.01,2017,71,59,72,83
203493,Reggie Bullock,DET,416.0,-0.16,-0.2,-0.51,-0.07,-0.08,-0.15,-0.51,-0.59,-1.1,2017,147,156,153,177
201950,Jrue Holiday,NOP,1986.0,1.48,2.34,3.73,1.81,2.94,4.75,2.3,3.75,6.05,2017,27,39,14,22
1718,Paul Pierce,LAC,250.0,-1.01,-1.72,-2.04,-0.09,-0.24,-0.34,-0.68,-2.31,-2.98,2017,181,167,201,293
1627884,Derrick Jones Jr.,PHO,502.0,-1.0,-1.0,-1.0,-0.31,-0.2,-0.51,-1.51,-0.55,-2.06,2017,208,243,187,230
101133,Ian Mahinmi,WAS,502.0,-0.96,-1.46,-2.27,-0.19,-0.29,-0.48,-0.44,-0.71,-1.15,2017,203,209,217,180
201961,Wayne Ellington,MIA,1320.0,-1.26,-0.75,-1.92,-1.41,-0.81,-2.22,-2.99,-1.69,-4.68,2017,344,372,313,352
203457,Nerlens Noel,PHI,922.0,-1.05,-0.83,-2.2,-0.39,-0.31,-0.7,-0.46,-0.36,-0.82,2017,237,270,223,159
2734,Devin Harris,DAL,954.0,-1.02,-0.97,-1.65,-0.37,-0.36,-0.73,-0.33,-0.32,-0.65,2017,239,263,233,151
201975,Jodie Meeks,ORL,666.0,-1.42,-1.55,-2.87,-0.43,-0.47,-0.9,-1.0,-1.1,-2.1,2017,265,279,261,238
202704,Reggie Jackson,DET,1343.0,0.95,1.27,2.13,0.9,1.21,2.12,1.71,2.32,4.03,2017,54,62,41,46
201962,Toney Douglas,MEM,334.0,-0.34,-0.74,-0.93,-0.04,-0.12,-0.16,-0.21,-0.71,-0.93,2017,151,149,159,166
1627747,Caris LeVert,BRK,1119.0,-1.0,-1.0,-1.0,-0.64,-0.67,-1.31,-1.22,-1.31,-2.53,2017,303,314,298,266
203915,Spencer Dinwiddie,BRK,1212.0,-3.1,-1.31,-4.68,-2.27,-0.97,-3.24,-4.23,-1.81,-6.03,2017,377,387,331,384
201936,Tyreke Evans,NOP,729.0,0.47,1.96,2.4,0.19,0.75,0.94,0.55,2.04,2.59,2017,86,111,69,64
202692,Alec Burks,UTA,553.0,-0.55,-2.04,-2.75,-0.14,-0.52,-0.67,-0.44,-1.58,-2.02,2017,233,188,271,223
202700,Donatas Motiejunas,NOP,424.0,-0.16,-0.88,-1.14,-0.08,-0.31,-0.39,-0.57,-2.06,-2.63,2017,188,161,224,277
1626166,Cameron Payne,OKC,409.0,-0.34,-1.58,-2.26,-0.06,-0.25,-0.31,-0.24,-0.88,-1.12,2017,171,152,206,179
1626184,Chasson Randle,NYK,263.0,-1.0,-1.0,-1.0,-0.16,-0.08,-0.24,-1.48,-0.46,-1.93,2017,155,198,154,217
1627855,Okaro White,MIA,402.0,-1.0,-1.0,-1.0,-0.16,-0.27,-0.42,-0.54,-1.6,-2.14,2017,192,199,215,244
201148,Brandan Wright,MEM,401.0,-0.01,-0.05,0.03,0.32,0.13,0.45,3.11,1.28,4.4,2017,107,94,120,41
203114,Khris Middleton,MIL,823.0,3.35,4.08,7.28,1.22,1.49,2.71,2.04,2.47,4.51,2017,44,51,34,40
1626153,Delon Wright,TOR,400.0,-0.03,-0.05,-0.28,-0.0,-0.0,-0.01,0.01,0.01,0.02,2017,140,139,139,127
1628021,David Nwaba,LAL,357.0,-1.0,-1.0,-1.0,-0.22,-0.12,-0.34,-1.46,-0.51,-1.97,2017,182,216,160,219
202348,Jordan Crawford,NOP,381.0,-1.0,-1.0,-1.0,-0.22,-0.15,-0.37,-1.31,-0.66,-1.97,2017,184,217,165,220
2544,LeBron James,CLE,2682.0,7.42,1.92,9.67,15.09,3.96,19.05,14.53,3.83,18.36,2018,1,1,3,1
2548,Dwyane Wade,CLE,1321.0,-1.23,-1.96,-2.68,-0.66,-0.97,-1.63,-0.46,-0.46,-0.92,2018,313,305,322,155
201565,Derrick Rose,CLE,387.0,-1.5,-1.39,-2.8,-0.32,-0.3,-0.62,-1.73,-1.6,-3.34,2018,214,230,204,307
201567,Kevin Love,CLE,1494.0,0.48,0.16,0.72,1.09,0.35,1.44,2.45,0.76,3.22,2018,64,45,81,47
203109,Jae Crowder,CLE,1866.0,1.79,1.05,2.81,2.26,1.3,3.56,3.02,1.72,4.74,2018,30,27,36,31
201143,Al Horford,BOS,2016.0,0.97,0.83,2.01,1.7,1.47,3.17,2.33,2.01,4.34,2018,32,33,32,33
202681,Kyrie Irving,BOS,1708.0,1.66,0.75,2.26,2.29,0.98,3.28,3.68,1.55,5.23,2018,31,26,50,28
1627759,Jaylen Brown,BOS,1919.0,-1.21,-3.28,-4.88,-1.53,-4.05,-5.58,-2.04,-5.36,-7.39,2018,395,373,396,390
1628369,Jayson Tatum,BOS,2213.0,-1.0,-1.0,-1.0,-1.38,-1.42,-2.8,-1.56,-1.63,-3.19,2018,369,370,363,293
202684,Tristan Thompson,CLE,975.0,-0.27,-0.04,-0.41,-0.23,-0.06,-0.29,-0.67,-0.21,-0.88,2018,159,201,135,152
203935,Marcus Smart,BOS,1394.0,0.45,0.37,0.56,0.25,0.04,0.29,0.21,-0.32,-0.11,2018,107,93,117,125
2747,JR Smith,CLE,2031.0,-0.71,-0.88,-1.32,-0.95,-1.19,-2.14,-1.16,-1.45,-2.61,2018,339,343,344,258
203382,Aron Baynes,BOS,1408.0,-0.04,0.34,0.51,-0.17,-0.25,-0.41,-0.45,-1.17,-1.62,2018,173,180,192,182
201145,Jeff Green,CLE,1601.0,-3.59,-1.2,-4.58,-3.83,-1.25,-5.08,-5.68,-1.82,-7.5,2018,393,395,350,392
1626179,Terry Rozier,BOS,1815.0,-0.68,-1.06,-2.01,-0.89,-1.35,-2.23,-1.28,-1.93,-3.21,2018,343,336,360,295
1628400,Semi Ojeleye,BOS,1027.0,-1.0,-1.0,-1.0,-0.51,-0.67,-1.18,-0.84,-1.59,-2.43,2018,275,283,288,247
2594,Kyle Korver,CLE,1350.0,-0.49,-0.51,-0.49,-0.41,-0.38,-0.79,-0.64,-0.51,-1.15,2018,236,257,233,165
203499,Shane Larkin,BOS,699.0,-0.62,-2.65,-3.63,-0.27,-1.03,-1.29,-0.89,-3.08,-3.97,2018,286,213,328,327
2585,Zaza Pachulia,GSW,928.0,-0.01,-0.17,0.15,-0.03,-0.09,-0.12,-0.12,-0.2,-0.32,2018,134,139,139,132
201142,Kevin Durant,GSW,2060.0,3.64,1.25,4.98,6.69,2.32,9.01,8.94,3.1,12.04,2018,9,9,15,7
201939,Stephen Curry,GSW,1413.0,6.67,2.06,8.82,7.06,2.12,9.18,13.17,3.88,17.05,2018,8,7,16,2
202691,Klay Thompson,GSW,2283.0,0.8,0.8,1.58,1.51,1.29,2.81,1.79,1.46,3.25,2018,35,35,37,46
203110,Draymond Green,GSW,2058.0,2.52,2.18,4.67,3.69,3.47,7.16,4.64,4.47,9.11,2018,13,15,7,13
2772,Trevor Ariza,HOU,2049.0,0.01,-0.07,0.21,0.1,0.01,0.12,0.17,0.06,0.23,2018,115,116,124,110
101108,Chris Paul,HOU,1673.0,6.35,1.94,8.56,7.92,2.46,10.38,12.27,3.84,16.1,2018,6,5,14,3
201583,Ryan Anderson,HOU,1565.0,0.4,0.16,0.65,0.22,0.08,0.3,0.15,0.03,0.18,2018,106,100,115,113
201935,James Harden,HOU,2253.0,5.32,1.58,6.93,9.46,2.8,12.26,11.11,3.29,14.39,2018,4,3,11,6
203991,Clint Capela,HOU,1846.0,0.53,0.5,0.76,0.69,0.6,1.29,0.96,0.82,1.78,2018,67,64,64,77
1627775,Patrick McCaw,GSW,837.0,-1.21,-4.41,-5.95,-0.52,-1.88,-2.4,-1.09,-3.93,-5.02,2018,352,285,381,361
200782,P.J. Tucker,HOU,1991.0,-0.5,-0.89,-1.12,-0.65,-1.22,-1.87,-0.81,-1.55,-2.36,2018,325,303,349,240
201569,Eric Gordon,HOU,1917.0,0.39,0.19,0.67,0.31,0.14,0.45,0.33,0.14,0.47,2018,97,87,105,106
1628395,Jordan Bell,GSW,691.0,-1.0,-1.0,-1.0,-0.4,-0.37,-0.77,-1.22,-1.04,-2.26,2018,233,251,229,227
201601,Luc Mbah a Moute,HOU,1378.0,-0.75,-1.47,-2.01,-0.7,-1.44,-2.14,-1.21,-2.6,-3.81,2018,340,313,364,321
201156,Nick Young,GSW,1199.0,-0.79,-0.81,-1.32,-0.69,-0.71,-1.39,-1.47,-1.52,-2.99,2018,294,310,294,280
2733,Shaun Livingston,GSW,1030.0,-0.92,-0.88,-1.54,-0.65,-0.61,-1.26,-1.53,-1.43,-2.97,2018,283,304,275,278
201956,Omri Casspi,GSW,642.0,-0.57,-0.46,-0.94,-0.27,-0.21,-0.49,-1.11,-0.86,-1.97,2018,191,214,178,198
1626172,Kevon Looney,GSW,760.0,-1.53,-1.2,-3.12,-0.61,-0.48,-1.08,-1.45,-1.15,-2.6,2018,264,298,248,257
2561,David West,GSW,958.0,0.03,-0.04,0.56,0.28,0.21,0.49,1.27,1.07,2.35,2018,93,89,94,64
202340,Avery Bradley,DET,1234.0,0.3,-0.69,-0.42,0.08,-0.59,-0.51,-0.12,-1.17,-1.29,2018,196,118,268,168
202699,Tobias Harris,DET,2323.0,0.61,0.51,0.97,1.2,0.9,2.11,1.4,1.02,2.42,2018,45,42,56,60
202704,Reggie Jackson,DET,1100.0,0.12,0.1,0.18,0.24,0.18,0.42,0.82,0.62,1.44,2018,98,95,97,84
203083,Andre Drummond,DET,2328.0,0.48,0.51,0.78,0.83,0.91,1.74,0.93,1.02,1.95,2018,58,58,55,74
1626169,Stanley Johnson,DET,1683.0,-0.2,-1.59,-2.18,-0.4,-2.2,-2.6,-0.71,-3.52,-4.23,2018,361,252,386,341
2730,Dwight Howard,CHO,2233.0,-0.48,-0.52,-0.73,-0.53,-0.58,-1.11,-0.54,-0.58,-1.12,2018,269,288,265,164
101107,Marvin Williams,CHO,1842.0,0.45,0.17,0.83,0.58,0.24,0.82,0.82,0.35,1.17,2018,82,72,89,90
202689,Kemba Walker,CHO,2493.0,2.74,0.9,3.61,4.98,1.59,6.56,5.25,1.65,6.9,2018,14,12,25,20
203087,Jeremy Lamb,CHO,1764.0,0.56,0.39,0.8,0.68,0.46,1.14,1.0,0.66,1.66,2018,73,66,71,79
1628407,Dwayne Bacon,CHO,624.0,-1.0,-1.0,-1.0,-0.27,-0.4,-0.66,-0.62,-1.54,-2.15,2018,220,215,238,218
203961,Eric Moreland,DET,737.0,-0.3,-0.73,-1.27,-0.19,-0.43,-0.62,-0.73,-1.55,-2.28,2018,215,192,241,230
1626163,Frank Kaminsky,CHO,1642.0,-0.47,-0.15,-0.83,-0.59,-0.23,-0.81,-0.96,-0.4,-1.35,2018,237,295,185,169
202397,Ish Smith,DET,1760.0,0.2,0.13,0.42,0.0,-0.02,-0.01,-0.12,-0.12,-0.23,2018,126,132,130,129
204038,Langston Galloway,DET,754.0,0.37,0.64,0.92,0.01,-0.17,-0.16,-0.47,-1.9,-2.37,2018,138,130,166,242
203469,Cody Zeller,CHO,571.0,0.16,0.15,0.16,0.04,0.03,0.07,0.08,0.06,0.13,2018,119,123,118,114
1628370,Malik Monk,CHO,738.0,-1.0,-1.0,-1.0,-0.33,-0.48,-0.81,-0.68,-1.56,-2.23,2018,238,233,249,223
1627740,Henry Ellenson,DET,291.0,-0.34,-1.27,-2.0,-0.09,-0.34,-0.43,-0.92,-3.26,-4.18,2018,177,149,221,339
1626203,Treveon Graham,CHO,934.0,-0.82,-0.44,-1.47,-0.46,-0.26,-0.72,-1.1,-0.63,-1.73,2018,223,272,196,187
201152,Thaddeus Young,IND,2366.0,-0.07,-0.05,-0.04,-0.09,-0.06,-0.15,-0.08,-0.06,-0.14,2018,136,150,136,127
201954,Darren Collison,IND,1847.0,1.02,0.12,1.3,0.95,0.1,1.06,1.18,0.12,1.3,2018,74,50,113,89
202711,Bojan Bogdanovic,IND,2262.0,-2.7,-1.07,-3.74,-4.17,-1.65,-5.82,-4.72,-1.86,-6.58,2018,396,396,373,381
203506,Victor Oladipo,IND,2290.0,0.9,0.8,1.55,1.25,1.1,2.35,1.33,1.17,2.5,2018,41,39,44,59
1626167,Myles Turner,IND,1676.0,0.15,0.14,-0.1,0.25,0.24,0.49,0.43,0.43,0.86,2018,94,94,90,99
201960,DeMarre Carroll,BRK,1917.0,0.36,0.2,0.77,0.44,0.26,0.7,0.57,0.34,0.91,2018,85,79,87,96
202389,Timofey Mozgov,BRK,344.0,-0.24,-0.29,-0.32,-0.13,-0.33,-0.46,-1.24,-3.31,-4.55,2018,184,164,217,354
1626156,D'Angelo Russell,BRK,1117.0,0.0,-0.91,-1.3,-0.08,-0.75,-0.83,-0.32,-1.73,-2.04,2018,241,146,304,203
1626178,Rondae Hollis-Jefferson,BRK,1760.0,0.29,-0.21,-0.19,0.16,-0.32,-0.16,0.12,-0.48,-0.36,2018,139,106,211,135
202344,Trevor Booker,PHI,1021.0,0.15,0.02,0.32,-0.02,-0.06,-0.09,-0.35,-0.32,-0.67,2018,133,136,137,144
203112,Quincy Acy,BRK,1154.0,-0.64,-2.17,-2.84,-0.47,-1.62,-2.09,-0.92,-3.18,-4.1,2018,336,277,372,335
203459,Allen Crabbe,BRK,1965.0,-0.91,-0.61,-1.67,-1.23,-0.84,-2.07,-1.59,-1.09,-2.69,2018,335,358,310,261
202362,Lance Stephenson,IND,1665.0,-0.59,-2.04,-2.66,-0.73,-2.55,-3.29,-1.16,-4.04,-5.2,2018,380,316,391,368
202709,Cory Joseph,IND,1953.0,-0.28,-0.47,-0.83,-0.41,-0.67,-1.07,-0.55,-0.89,-1.44,2018,262,258,289,174
1627747,Caris LeVert,BRK,1622.0,0.15,0.03,-0.1,0.03,-0.18,-0.15,-0.07,-0.45,-0.52,2018,137,125,169,138
1627734,Domantas Sabonis,IND,1628.0,-0.77,-0.56,-1.72,-1.36,-1.05,-2.41,-2.52,-1.98,-4.5,2018,354,366,332,352
203915,Spencer Dinwiddie,BRK,2019.0,-1.14,-0.21,-1.56,-1.68,-0.35,-2.04,-2.16,-0.47,-2.63,2018,333,379,224,259
1628388,T.J. Leaf,IND,426.0,-1.0,-1.0,-1.0,-0.25,-0.19,-0.44,-1.31,-0.78,-2.09,2018,181,203,170,213
202696,Nikola Vucevic,ORL,1526.0,-0.06,-0.12,-0.21,0.13,0.2,0.33,0.41,0.65,1.06,2018,105,110,96,94
203082,Terrence Ross,ORL,562.0,-0.18,-0.82,-1.09,-0.05,-0.2,-0.25,-0.15,-0.56,-0.71,2018,148,142,173,146
203095,Evan Fournier,ORL,1648.0,-1.13,-0.3,-1.58,-1.17,-0.32,-1.49,-1.74,-0.49,-2.23,2018,302,352,212,224
203901,Elfrid Payton,ORL,1646.0,0.64,1.53,1.9,0.53,1.26,1.79,0.68,1.63,2.31,2018,54,74,39,66
203932,Aaron Gordon,ORL,1711.0,0.82,1.3,1.79,0.69,1.08,1.77,0.87,1.36,2.23,2018,55,65,45,67
201609,Goran Dragic,MIA,2133.0,1.0,0.68,1.89,1.45,1.0,2.45,1.72,1.19,2.91,2018,37,36,48,53
202355,Hassan Whiteside,MIA,1222.0,0.48,1.0,1.51,0.67,1.05,1.72,1.77,2.44,4.21,2018,59,67,46,34
203079,Dion Waiters,MIA,811.0,-0.11,-0.57,-0.77,-0.15,-0.61,-0.76,-0.7,-2.56,-3.26,2018,230,173,276,298
203482,Kelly Olynyk,MIA,1568.0,0.84,1.43,2.18,0.85,1.32,2.18,1.29,1.87,3.16,2018,44,56,35,49
1626196,Josh Richardson,MIA,2402.0,0.15,0.22,0.16,0.12,0.13,0.25,0.07,0.05,0.13,2018,111,112,107,115
201949,James Johnson,MIA,1728.0,0.58,0.71,1.44,0.83,1.0,1.83,1.3,1.55,2.85,2018,52,59,49,54
204020,Tyler Johnson,MIA,1783.0,0.49,0.52,0.86,0.66,0.72,1.39,0.98,1.07,2.04,2018,65,69,62,72
203613,Jonathon Simmons,ORL,1790.0,0.51,0.65,1.18,0.08,0.1,0.18,-0.13,-0.16,-0.29,2018,114,119,114,130
201571,D.J. Augustin,ORL,1563.0,-4.25,-1.36,-5.47,-3.82,-1.21,-5.03,-5.58,-1.74,-7.32,2018,392,394,346,388
202687,Bismack Biyombo,ORL,1363.0,-0.62,-1.0,-1.77,-0.62,-0.97,-1.59,-1.2,-1.85,-3.05,2018,307,300,323,284
1628371,Jonathan Isaac,ORL,463.0,-1.0,-1.0,-1.0,-0.18,-0.29,-0.47,-0.53,-1.5,-2.04,2018,187,185,199,204
1626159,Justise Winslow,MIA,1439.0,0.13,-0.49,-0.75,-0.09,-1.03,-1.12,-0.43,-2.42,-2.85,2018,270,151,329,274
1628389,Bam Adebayo,MIA,1209.0,-1.0,-1.0,-1.0,-0.78,-0.73,-1.51,-1.46,-1.29,-2.75,2018,304,320,300,266
201961,Wayne Ellington,MIA,1744.0,-1.02,-0.77,-1.55,-1.59,-1.15,-2.74,-2.51,-1.79,-4.3,2018,367,375,342,345
101162,Marcin Gortat,WAS,1937.0,-0.32,-0.32,-0.32,-0.38,-0.37,-0.75,-0.48,-0.48,-0.96,2018,227,246,230,157
201160,Jason Smith,WAS,262.0,-0.74,-1.96,-2.49,-0.12,-0.39,-0.5,-1.12,-3.92,-5.04,2018,193,162,235,363
202322,John Wall,WAS,1270.0,2.02,2.32,4.32,1.79,2.06,3.85,3.6,4.15,7.75,2018,28,30,17,18
203078,Bradley Beal,WAS,2680.0,1.36,0.82,1.96,2.6,1.52,4.12,2.54,1.47,4.01,2018,26,21,30,38
203490,Otto Porter Jr.,WAS,2209.0,0.71,0.62,1.13,1.38,1.05,2.43,1.72,1.27,2.99,2018,38,38,47,52
200755,JJ Redick,PHI,1866.0,0.95,0.3,1.58,1.22,0.4,1.62,1.66,0.54,2.2,2018,61,41,75,68
201573,Jerryd Bayless,PHI,790.0,-0.95,-2.91,-3.77,-0.41,-1.3,-1.71,-0.93,-3.14,-4.07,2018,317,259,356,331
203496,Robert Covington,PHI,2263.0,1.39,3.39,4.75,1.87,4.58,6.45,1.97,4.82,6.78,2018,16,28,2,21
203954,Joel Embiid,PHI,1717.0,2.12,3.0,4.86,2.52,3.62,6.15,3.67,5.3,8.97,2018,17,24,5,14
1627732,Ben Simmons,PHI,2429.0,-1.0,-1.0,-1.0,-1.68,-1.7,-3.38,-1.74,-1.77,-3.51,2018,382,380,375,312
101161,Amir Johnson,PHI,1037.0,1.03,0.7,1.88,0.56,0.4,0.96,0.92,0.68,1.6,2018,80,73,76,81
1626162,Kelly Oubre Jr.,WAS,1978.0,-0.45,-0.83,-1.61,-0.92,-1.55,-2.47,-1.32,-2.19,-3.51,2018,356,341,368,313
203967,Dario Saric,PHI,2064.0,-0.38,-0.18,-0.82,-0.91,-0.52,-1.43,-1.26,-0.75,-2.01,2018,297,338,258,201
204456,T.J. McConnell,PHI,1429.0,0.14,0.15,0.14,-0.02,-0.1,-0.12,-0.23,-0.49,-0.72,2018,135,137,146,147
201975,Jodie Meeks,WAS,997.0,-1.37,-0.86,-2.08,-0.83,-0.51,-1.34,-1.88,-1.11,-2.99,2018,289,327,256,281
101133,Ian Mahinmi,WAS,1011.0,-0.41,-0.52,-0.72,-0.25,-0.35,-0.6,-0.58,-0.85,-1.43,2018,206,204,225,172
204025,Tim Frazier,WAS,764.0,-0.18,-0.42,-0.63,-0.25,-0.57,-0.82,-1.22,-2.78,-4.0,2018,240,205,263,329
203118,Mike Scott,WAS,1254.0,-1.03,-0.72,-1.65,-0.8,-0.55,-1.35,-1.47,-1.0,-2.47,2018,292,322,259,250
1627789,Timothe Luwawu-Cabarrot,PHI,699.0,0.54,0.98,1.19,-0.06,-0.48,-0.55,-1.16,-4.42,-5.58,2018,200,145,250,373
203114,Khris Middleton,MIL,2646.0,1.68,0.92,2.52,2.87,1.56,4.43,2.69,1.46,4.15,2018,23,19,29,35
203503,Tony Snell,MIL,1801.0,0.24,-0.39,-0.24,-0.32,-0.6,-0.92,-0.73,-0.9,-1.63,2018,247,231,272,183
203507,Giannis Antetokounmpo,MIL,2454.0,2.0,0.96,2.7,4.14,1.89,6.03,4.56,2.05,6.61,2018,18,13,20,22
1627748,Thon Maker,MIL,1080.0,-0.23,-1.48,-2.16,-0.21,-1.03,-1.24,-0.53,-2.19,-2.72,2018,279,197,330,263
1627763,Malcolm Brogdon,MIL,1248.0,2.08,0.8,2.73,1.17,0.46,1.64,1.28,0.52,1.8,2018,60,43,72,76
1627846,Abdel Nader,BOS,476.0,-1.0,-1.0,-1.0,-0.18,-0.3,-0.48,-0.54,-1.51,-2.05,2018,188,186,205,208
202328,Greg Monroe,BOS,911.0,1.53,0.59,2.09,0.95,0.36,1.31,2.64,0.97,3.62,2018,66,51,80,42
203521,Matthew Dellavedova,MIL,622.0,-0.73,-0.57,-1.33,-0.6,-0.4,-1.0,-3.25,-2.02,-5.28,2018,254,297,239,369
203089,John Henson,MIL,1768.0,-0.62,-0.44,-1.09,-0.71,-0.51,-1.22,-1.0,-0.72,-1.72,2018,277,314,257,186
1628464,Daniel Theis,BOS,841.0,-1.0,-1.0,-1.0,-0.46,-0.47,-0.94,-1.11,-1.18,-2.29,2018,251,273,245,231
201144,Mike Conley,MEM,316.0,3.05,1.35,4.55,0.7,0.31,1.01,5.77,2.63,8.4,2018,76,63,82,15
201188,Marc Gasol,MEM,2120.0,0.26,0.6,1.19,0.85,1.58,2.43,1.22,2.19,3.41,2018,39,57,26,45
203210,JaMychal Green,MEM,1390.0,-0.65,-0.6,-1.28,-0.66,-0.61,-1.28,-1.26,-1.17,-2.43,2018,285,306,277,248
203516,James Ennis III,MEM,1378.0,-0.61,-0.3,-0.94,-0.62,-0.31,-0.92,-1.19,-0.59,-1.78,2018,248,301,209,190
1626150,Andrew Harrison,MEM,1209.0,-1.5,-0.9,-2.67,-1.36,-0.84,-2.2,-3.03,-1.91,-4.94,2018,342,367,311,359
201950,Jrue Holiday,NOP,2604.0,1.49,0.97,2.43,2.55,1.65,4.2,2.51,1.62,4.14,2018,25,23,24,36
201967,Dante Cunningham,NOP,1368.0,-1.06,-1.14,-2.04,-1.03,-1.12,-2.15,-2.0,-2.17,-4.17,2018,341,348,339,337
202326,DeMarcus Cousins,NOP,1575.0,1.12,3.02,4.11,1.44,3.44,4.88,2.56,5.81,8.37,2018,20,37,8,16
202734,E'Twaun Moore,NOP,2333.0,-0.69,-0.4,-1.05,-1.28,-0.72,-2.0,-1.49,-0.84,-2.32,2018,331,363,298,237
203076,Anthony Davis,NOP,2411.0,3.9,2.26,5.95,6.65,3.74,10.39,7.24,4.04,11.27,2018,5,10,4,9
201148,Brandan Wright,MEM,328.0,0.08,-0.01,0.22,0.22,0.12,0.34,2.38,1.36,3.74,2018,104,101,110,41
201596,Mario Chalmers,MEM,1221.0,-0.46,-0.69,-0.79,-0.34,-0.68,-1.02,-0.63,-1.56,-2.19,2018,259,235,291,222
201936,Tyreke Evans,MEM,1420.0,-0.84,-0.32,-1.13,-0.35,-0.15,-0.5,-0.07,-0.05,-0.12,2018,194,238,157,126
1628415,Dillon Brooks,MEM,2103.0,-1.0,-1.0,-1.0,-1.23,-1.44,-2.68,-1.43,-1.77,-3.2,2018,365,359,365,294
203121,Darius Miller,NOP,1685.0,-1.61,-0.54,-2.42,-1.85,-0.64,-2.49,-2.83,-1.01,-3.84,2018,359,386,282,322
203546,Ian Clark,NOP,1268.0,-1.36,-3.21,-4.66,-0.92,-2.19,-3.11,-1.48,-3.53,-5.01,2018,379,342,385,360
202718,Chandler Parsons,MEM,591.0,-0.43,-0.27,-0.61,-0.03,-0.02,-0.05,0.31,0.15,0.46,2018,131,140,131,107
1626185,Jarell Martin,MEM,1478.0,-0.7,-2.79,-3.76,-0.8,-3.07,-3.87,-1.47,-5.51,-6.98,2018,385,323,393,384
1627767,Cheick Diallo,NOP,515.0,-1.07,-0.68,-2.14,-0.37,-0.24,-0.61,-1.82,-1.21,-3.02,2018,210,243,188,283
1717,Dirk Nowitzki,DAL,1758.0,0.78,0.87,2.34,0.95,0.98,1.93,1.37,1.39,2.76,2018,50,52,51,55
202083,Wesley Matthews,DAL,1876.0,0.48,0.34,1.03,0.43,0.26,0.7,0.51,0.28,0.79,2018,86,81,88,102
203084,Harrison Barnes,DAL,2316.0,-0.58,-0.49,-1.21,-0.89,-0.76,-1.66,-0.98,-0.83,-1.81,2018,314,337,306,192
1627812,Yogi Ferrell,DAL,1950.0,-0.33,-0.29,-0.83,-0.53,-0.47,-1.0,-0.73,-0.66,-1.39,2018,255,289,246,170
1628372,Dennis Smith Jr.,DAL,1836.0,-1.0,-1.0,-1.0,-1.08,-1.29,-2.37,-1.42,-1.81,-3.23,2018,351,350,355,297
101141,Ersan Ilyasova,ATL,1526.0,0.26,0.4,0.81,0.18,0.29,0.47,0.22,0.35,0.57,2018,96,103,85,105
203145,Kent Bazemore,ATL,1620.0,-0.69,-2.27,-2.92,-0.61,-2.01,-2.61,-0.84,-2.81,-3.66,2018,362,299,382,316
203471,Dennis Schroder,ATL,1839.0,-0.23,-0.06,-0.51,-0.27,-0.09,-0.37,-0.38,-0.14,-0.52,2018,169,216,140,139
203473,Dewayne Dedmon,ATL,1408.0,-0.09,-0.09,-0.14,-0.14,-0.14,-0.28,-0.32,-0.32,-0.64,2018,156,168,155,143
1627752,Taurean Prince,ATL,2195.0,0.16,-0.1,-0.21,0.07,-0.5,-0.43,0.03,-0.72,-0.69,2018,178,121,254,145
200826,J.J. Barea,DAL,1382.0,-0.52,-0.41,-0.6,-0.34,-0.27,-0.61,-0.4,-0.33,-0.73,2018,211,236,197,148
203457,Nerlens Noel,DAL,400.0,-0.25,-0.88,-1.4,0.01,-0.0,0.01,0.36,0.78,1.14,2018,123,131,126,93
1628381,John Collins,ATL,1579.0,-1.0,-1.0,-1.0,-0.99,-0.89,-1.88,-1.54,-1.29,-2.83,2018,326,345,317,272
201158,Marco Belinelli,ATL,1650.0,-3.68,-1.71,-5.18,-3.51,-1.61,-5.12,-5.05,-2.29,-7.34,2018,394,392,371,389
2734,Devin Harris,DAL,1143.0,-0.6,-0.5,-0.72,-0.36,-0.29,-0.65,-0.56,-0.42,-0.98,2018,218,241,200,159
203488,Mike Muscala,ATL,921.0,-0.79,-0.41,-1.29,-0.21,-0.11,-0.31,0.05,0.04,0.08,2018,163,198,148,118
1627098,Malcolm Delaney,ATL,847.0,-0.92,-1.22,-2.11,-0.83,-1.13,-1.96,-3.22,-4.43,-7.64,2018,329,328,341,394
1627761,DeAndre' Bembry,ATL,382.0,-0.1,-0.69,-1.06,-0.09,-0.34,-0.43,-0.8,-2.86,-3.66,2018,179,152,222,317
203939,Dwight Powell,DAL,1482.0,-1.44,-0.58,-2.11,-0.96,-0.38,-1.34,-1.04,-0.41,-1.44,2018,290,344,234,175
1627827,Dorian Finney-Smith,DAL,401.0,-0.2,-1.07,-1.49,-0.11,-0.43,-0.55,-0.89,-3.19,-4.08,2018,201,156,242,334
202337,Luke Babbitt,ATL,615.0,-0.73,-0.25,-0.95,-0.47,-0.14,-0.61,-2.39,-0.68,-3.08,2018,212,278,156,286
201937,Ricky Rubio,UTA,2023.0,1.01,2.24,3.23,1.25,2.77,4.01,1.52,3.38,4.9,2018,27,40,12,30
202324,Derrick Favors,UTA,1937.0,1.26,0.94,2.11,1.74,1.28,3.02,2.33,1.71,4.04,2018,33,31,38,37
203497,Rudy Gobert,UTA,1648.0,3.24,2.81,5.9,3.48,3.01,6.49,5.23,4.51,9.74,2018,15,17,10,11
204060,Joe Ingles,UTA,2309.0,-0.71,-0.62,-1.18,-0.85,-0.74,-1.59,-0.84,-0.73,-1.57,2018,308,331,301,178
1628378,Donovan Mitchell,UTA,2322.0,-1.0,-1.0,-1.0,-1.43,-1.59,-3.02,-1.52,-1.76,-3.28,2018,376,371,369,300
200794,Paul Millsap,DEN,1011.0,2.78,1.78,4.83,1.7,1.13,2.82,3.67,2.53,6.2,2018,34,34,43,23
201163,Wilson Chandler,DEN,2110.0,-1.34,-0.96,-2.15,-1.82,-1.25,-3.07,-2.17,-1.47,-3.64,2018,378,385,351,315
203914,Gary Harris,DEN,2090.0,-1.78,-0.47,-2.51,-2.14,-0.57,-2.71,-2.47,-0.66,-3.13,2018,366,388,264,290
203999,Nikola Jokic,DEN,2215.0,6.4,2.46,8.53,9.64,3.62,13.25,11.13,4.15,15.28,2018,3,2,6,5
1627750,Jamal Murray,DEN,2323.0,-0.29,0.23,-0.51,-0.81,0.18,-0.63,-1.02,0.13,-0.9,2018,216,325,98,154
2207,Joe Johnson,UTA,1074.0,-0.19,0.57,0.9,-0.17,0.0,-0.16,-0.44,-0.82,-1.26,2018,140,181,127,167
203918,Rodney Hood,UTA,1421.0,0.35,0.66,0.86,0.24,0.45,0.69,0.29,0.57,0.86,2018,87,96,73,100
203115,Will Barton,DEN,2387.0,-1.06,-0.38,-1.47,-1.33,-0.48,-1.82,-1.29,-0.47,-1.76,2018,320,365,251,189
203486,Mason Plumlee,DEN,1272.0,-0.15,-0.14,-0.32,0.15,0.14,0.28,0.72,0.66,1.38,2018,108,108,106,88
1626144,Emmanuel Mudiay,DEN,1099.0,-0.67,-3.15,-4.21,-0.55,-2.32,-2.86,-1.31,-5.12,-6.44,2018,371,292,388,380
202692,Alec Burks,UTA,898.0,-0.74,-2.59,-3.41,-0.36,-1.26,-1.62,-0.77,-2.73,-3.5,2018,311,242,352,310
202327,Ekpe Udoh,UTA,707.0,-0.48,-0.52,-0.73,-0.28,-0.33,-0.6,-1.09,-1.37,-2.46,2018,207,218,218,249
200757,Thabo Sefolosha,UTA,674.0,-0.15,-0.07,0.1,-0.02,0.01,-0.01,0.08,0.17,0.25,2018,127,138,125,108
202702,Kenneth Faried,DEN,426.0,0.34,0.14,0.51,0.05,0.02,0.07,0.16,0.06,0.22,2018,120,122,121,111
1626168,Trey Lyles,DEN,1224.0,-2.29,-0.78,-3.4,-1.68,-0.6,-2.28,-3.01,-1.11,-4.12,2018,347,381,273,336
1627736,Malik Beasley,DEN,502.0,0.88,1.43,1.92,0.11,0.15,0.26,-0.06,-0.35,-0.41,2018,110,114,102,136
2200,Pau Gasol,SAS,1653.0,-0.17,-0.13,0.27,0.44,0.56,1.0,1.15,1.38,2.54,2018,77,80,66,58
200746,LaMarcus Aldridge,SAS,2184.0,0.02,0.08,0.37,0.41,0.27,0.69,0.63,0.38,1.01,2018,88,82,86,95
201980,Danny Green,SAS,1619.0,0.28,1.31,1.73,0.37,1.58,1.95,0.62,2.55,3.16,2018,48,83,27,50
203937,Kyle Anderson,SAS,1761.0,0.49,0.61,0.9,0.67,0.88,1.56,1.01,1.34,2.36,2018,62,68,57,63
1627749,Dejounte Murray,SAS,1555.0,-0.31,-1.77,-2.48,-0.46,-2.16,-2.62,-0.85,-3.71,-4.56,2018,363,274,383,356
201952,Jeff Teague,MIN,2113.0,0.35,0.04,0.48,0.93,0.24,1.17,1.29,0.36,1.65,2018,72,54,91,80
201959,Taj Gibson,MIN,2491.0,-0.87,-0.45,-1.05,-1.56,-0.72,-2.28,-1.63,-0.73,-2.37,2018,348,374,299,243
202710,Jimmy Butler,MIN,1961.0,4.5,1.29,5.82,6.37,1.82,8.18,8.49,2.42,10.92,2018,11,11,21,10
203952,Andrew Wiggins,MIN,2678.0,-0.11,-0.9,-1.34,-0.31,-1.81,-2.12,-0.33,-1.79,-2.12,2018,337,226,378,215
1626157,Karl-Anthony Towns,MIN,2680.0,1.48,0.67,1.82,3.5,1.39,4.89,3.61,1.38,5.0,2018,19,16,33,29
1938,Manu Ginobili,SAS,1075.0,0.07,1.34,2.16,0.14,0.92,1.06,0.49,1.91,2.41,2018,75,109,54,62
200752,Rudy Gay,SAS,1033.0,0.15,0.72,1.08,0.16,0.52,0.68,0.51,1.23,1.73,2018,89,107,68,78
201988,Patty Mills,SAS,1817.0,0.58,0.51,1.18,0.79,0.71,1.5,1.13,1.03,2.17,2018,63,60,63,69
203476,Gorgui Dieng,MIN,1196.0,1.76,1.32,3.12,1.0,0.75,1.75,1.33,0.99,2.32,2018,57,47,60,65
203530,Joffrey Lauvergne,SAS,447.0,-1.89,-2.03,-4.01,-0.45,-0.48,-0.93,-2.04,-2.19,-4.23,2018,250,267,252,342
2037,Jamal Crawford,MIN,1469.0,-1.78,-0.95,-2.16,-1.8,-0.84,-2.63,-3.09,-1.31,-4.39,2018,364,384,312,347
203498,Shabazz Muhammad,MIN,394.0,-1.81,-0.6,-2.56,-0.43,-0.15,-0.58,-2.58,-0.93,-3.5,2018,203,265,158,311
1626145,Tyus Jones,MIN,1304.0,0.41,0.4,0.43,0.18,0.21,0.39,0.05,0.19,0.24,2018,101,104,95,109
202722,Davis Bertans,SAS,928.0,0.38,0.34,0.57,0.29,0.24,0.53,0.85,0.7,1.55,2018,91,88,92,82
202357,Nemanja Bjelica,MIN,1273.0,0.51,0.27,0.87,0.03,0.0,0.04,-0.56,-0.36,-0.92,2018,122,126,128,156
2199,Tyson Chandler,PHO,1025.0,0.16,-0.21,0.4,0.09,-0.1,-0.01,0.14,-0.11,0.03,2018,128,117,147,120
202339,Eric Bledsoe,MIL,2022.0,1.7,1.18,2.91,2.6,1.8,4.4,3.37,2.33,5.71,2018,24,22,22,26
203933,T.J. Warren,PHO,1905.0,-0.27,0.07,-0.42,-0.44,0.03,-0.4,-0.61,0.02,-0.59,2018,170,266,119,142
1626164,Devin Booker,PHO,1657.0,-1.22,-0.09,-1.7,-1.66,-0.23,-1.89,-2.67,-0.45,-3.12,2018,327,378,186,288
1628367,Josh Jackson,PHO,1717.0,-1.0,-1.0,-1.0,-1.05,-1.27,-2.33,-1.44,-1.9,-3.33,2018,350,349,353,305
202323,Evan Turner,POR,1826.0,-0.62,-1.9,-2.44,-0.69,-2.17,-2.86,-0.94,-2.98,-3.93,2018,372,311,384,325
202329,Al-Farouq Aminu,POR,1867.0,0.27,1.07,1.31,0.23,0.95,1.18,0.28,1.14,1.42,2018,71,98,53,85
203081,Damian Lillard,POR,2427.0,4.01,1.18,5.16,6.79,1.99,8.77,7.28,2.13,9.4,2018,10,8,18,12
203090,Maurice Harkless,POR,1170.0,0.63,0.54,0.97,0.23,0.18,0.41,0.02,-0.03,-0.02,2018,100,99,99,122
203994,Jusuf Nurkic,POR,1918.0,0.45,0.86,1.03,0.34,0.48,0.82,0.36,0.39,0.75,2018,83,84,69,103
1626192,Pat Connaughton,POR,1300.0,-0.73,-0.73,-1.61,-0.71,-0.71,-1.41,-1.46,-1.46,-2.92,2018,295,315,295,276
1627755,Tyler Ulis,PHO,1500.0,-0.17,-1.25,-1.75,-0.28,-1.54,-1.82,-0.58,-2.73,-3.31,2018,321,219,367,301
203894,Shabazz Napier,POR,1368.0,-0.35,-0.57,-1.01,-0.48,-0.75,-1.23,-1.09,-1.69,-2.78,2018,278,279,305,267
1627737,Marquese Chriss,PHO,1346.0,-0.52,-2.69,-3.66,-0.49,-2.34,-2.83,-0.87,-3.86,-4.73,2018,370,280,389,358
202334,Ed Davis,POR,1338.0,-0.35,-0.32,-0.64,-0.21,-0.2,-0.41,-0.27,-0.25,-0.51,2018,174,199,174,137
1627733,Dragan Bender,PHO,1867.0,-0.36,-2.11,-2.91,-0.67,-3.27,-3.94,-0.99,-4.66,-5.65,2018,386,307,394,375
203584,Troy Daniels,PHO,1444.0,-1.6,-0.43,-2.12,-1.62,-0.44,-2.06,-2.71,-0.74,-3.45,2018,334,376,243,308
1628455,Mike James,PHO,563.0,-1.0,-1.0,-1.0,-0.25,-0.39,-0.65,-0.64,-1.67,-2.31,2018,219,206,236,235
201588,George Hill,SAC,1671.0,1.45,0.45,2.1,1.81,0.57,2.38,2.89,0.93,3.81,2018,40,29,65,39
1626161,Willie Cauley-Stein,SAC,1828.0,-0.36,-0.47,-1.04,-0.46,-0.58,-1.04,-0.66,-0.83,-1.48,2018,260,275,266,177
1627741,Buddy Hield,SAC,1783.0,-1.01,-1.08,-2.24,-1.22,-1.31,-2.53,-1.77,-1.9,-3.67,2018,360,357,357,318
1627746,Skal Labissiere,SAC,1128.0,-0.07,-0.58,-1.04,-0.18,-0.6,-0.78,-0.61,-1.64,-2.25,2018,235,187,274,225
1628382,Justin Jackson,SAC,1361.0,-1.0,-1.0,-1.0,-0.8,-0.82,-1.62,-1.31,-1.39,-2.7,2018,312,324,307,262
202066,Garrett Temple,SAC,1420.0,-0.69,-1.96,-2.44,-0.59,-1.67,-2.26,-0.97,-2.7,-3.68,2018,346,296,374,319
2403,Nene,HOU,689.0,0.5,0.2,1.15,0.08,0.02,0.1,-0.18,-0.16,-0.34,2018,117,120,122,134
1628368,De'Aaron Fox,SAC,1808.0,-1.0,-1.0,-1.0,-1.01,-1.21,-2.23,-1.36,-1.73,-3.09,2018,344,347,347,287
201585,Kosta Koufos,SAC,1237.0,-1.21,-0.78,-1.97,-1.09,-0.69,-1.77,-2.34,-1.44,-3.78,2018,319,351,293,320
1713,Vince Carter,SAC,882.0,-0.62,-0.32,-0.13,-0.29,-0.31,-0.6,-0.64,-1.14,-1.78,2018,208,223,210,191
1627781,Malachi Richardson,SAC,267.0,-0.96,-0.96,-2.26,-0.2,-0.2,-0.4,-2.03,-2.03,-4.06,2018,171,194,175,330
200768,Kyle Lowry,TOR,2258.0,4.6,1.76,6.57,7.14,2.76,9.91,8.15,3.16,11.31,2018,7,6,13,8
201586,Serge Ibaka,TOR,1901.0,0.47,0.75,1.25,0.47,0.74,1.21,0.58,0.91,1.49,2018,69,77,61,83
201942,DeMar DeRozan,TOR,2418.0,-0.52,-0.22,-0.7,-0.14,-0.08,-0.23,0.1,0.01,0.11,2018,144,169,138,116
202685,Jonas Valanciunas,TOR,1615.0,-0.9,-0.49,-1.55,-0.57,-0.3,-0.87,-0.54,-0.27,-0.82,2018,245,293,206,150
1626181,Norman Powell,TOR,961.0,-0.05,-0.62,-0.87,-0.04,-0.32,-0.36,-0.12,-0.65,-0.77,2018,167,141,213,149
201577,Robin Lopez,CHI,1533.0,0.78,0.38,1.26,0.34,0.15,0.49,0.05,-0.01,0.04,2018,95,85,103,119
203200,Justin Holiday,CHI,2022.0,-0.25,-0.78,-1.0,-0.38,-1.21,-1.59,-0.49,-1.58,-2.07,2018,309,247,348,211
1626170,Jerian Grant,CHI,1498.0,0.52,0.31,0.68,0.11,0.12,0.22,-0.3,-0.02,-0.32,2018,113,115,111,133
1627835,Paul Zipser,CHI,764.0,0.04,-0.43,-0.67,-0.18,-0.82,-1.01,-1.13,-4.22,-5.35,2018,256,188,308,370
1628374,Lauri Markkanen,CHI,1848.0,-1.0,-1.0,-1.0,-1.21,-1.19,-2.4,-1.65,-1.61,-3.26,2018,353,355,345,299
1627756,Denzel Valentine,CHI,1880.0,-0.81,-1.18,-2.2,-1.25,-1.78,-3.03,-1.78,-2.53,-4.31,2018,377,360,377,346
101139,CJ Miles,TOR,1202.0,0.5,0.87,1.52,0.33,0.54,0.88,0.57,0.83,1.39,2018,81,86,67,87
1626153,Delon Wright,TOR,1271.0,1.44,1.17,2.46,1.05,0.84,1.89,1.74,1.39,3.13,2018,51,46,58,51
1627751,Jakob Poeltl,TOR,1360.0,-1.3,-0.87,-2.5,-1.26,-0.86,-2.13,-2.4,-1.66,-4.07,2018,338,361,315,332
1627832,Fred VanVleet,TOR,1363.0,0.31,0.3,0.33,-0.05,0.02,-0.03,-0.56,-0.31,-0.86,2018,129,143,123,151
1628384,OG Anunoby,TOR,1390.0,-1.0,-1.0,-1.0,-0.84,-0.85,-1.69,-1.37,-1.4,-2.78,2018,315,329,314,268
1626245,Cristiano Felicio,CHI,917.0,0.96,0.48,1.29,0.27,0.15,0.42,-0.04,0.04,0.0,2018,99,92,104,121
1627853,Ryan Arcidiacono,CHI,267.0,-1.0,-1.0,-1.0,-0.11,-0.15,-0.26,-0.74,-1.3,-2.04,2018,152,157,159,205
1628021,David Nwaba,CHI,1482.0,-0.02,-0.05,-0.23,-0.27,-0.33,-0.6,-0.73,-0.88,-1.61,2018,209,217,219,180
2546,Carmelo Anthony,OKC,2249.0,0.25,1.03,1.6,0.53,1.73,2.26,0.66,2.01,2.67,2018,43,75,23,56
201566,Russell Westbrook,OKC,2591.0,4.27,3.22,7.58,8.78,6.61,15.39,9.0,6.78,15.78,2018,2,4,1,4
202331,Paul George,OKC,2575.0,2.05,1.62,3.64,4.04,3.12,7.17,4.12,3.17,7.29,2018,12,14,9,19
203460,Andre Roberson,OKC,951.0,-0.09,-0.25,-0.43,-0.1,-0.19,-0.29,-0.33,-0.55,-0.88,2018,160,153,171,153
203500,Steven Adams,OKC,2253.0,0.01,0.11,-0.09,-0.01,0.13,0.12,-0.03,0.13,0.1,2018,116,135,108,117
201196,Ramon Sessions,WAS,324.0,-0.97,-1.57,-2.33,-0.17,-0.29,-0.46,-1.18,-2.14,-3.32,2018,185,182,201,303
201584,Courtney Lee,NYK,2027.0,-0.03,-0.17,0.07,-0.35,-0.32,-0.67,-0.56,-0.44,-1.0,2018,221,239,214,160
202683,Enes Freedom,NYK,1675.0,0.71,0.35,0.91,0.88,0.4,1.28,1.36,0.59,1.95,2018,68,55,77,75
203501,Tim Hardaway Jr.,NYK,1644.0,1.18,0.99,2.02,0.94,0.82,1.76,1.13,1.0,2.12,2018,56,53,59,70
204001,Kristaps Porzingis,NYK,1311.0,1.29,2.21,3.17,0.96,1.58,2.55,1.48,2.31,3.79,2018,36,49,28,40
202498,Lance Thomas,NYK,1196.0,-1.58,-2.74,-4.23,-1.36,-2.42,-3.78,-2.88,-5.17,-8.06,2018,384,368,390,395
203518,Alex Abrines,OKC,1004.0,-0.66,-0.37,-1.24,-0.54,-0.32,-0.86,-1.47,-0.91,-2.38,2018,243,290,215,246
203924,Jerami Grant,OKC,1397.0,-1.42,-0.59,-2.27,-1.36,-0.59,-1.96,-2.39,-1.08,-3.47,2018,330,369,269,309
203926,Doug McDermott,NYK,1536.0,-3.19,-1.0,-4.29,-3.27,-1.03,-4.3,-5.16,-1.63,-6.79,2018,389,391,331,382
1627758,Ron Baker,NYK,315.0,-0.48,-1.77,-2.46,-0.16,-0.59,-0.75,-1.52,-5.41,-6.93,2018,228,177,270,383
1628390,Terrance Ferguson,OKC,668.0,-1.0,-1.0,-1.0,-0.41,-0.35,-0.76,-1.32,-0.97,-2.3,2018,231,260,226,233
201563,Michael Beasley,NYK,1457.0,-1.34,-1.96,-3.21,-1.18,-1.74,-2.92,-1.79,-2.65,-4.44,2018,374,353,376,348
203124,Kyle O'Quinn,NYK,1200.0,-0.8,-0.58,-1.41,-0.28,-0.2,-0.48,0.11,0.08,0.19,2018,189,220,176,112
101109,Raymond Felton,OKC,1204.0,-0.88,-1.05,-1.6,-0.76,-0.94,-1.7,-1.59,-2.03,-3.61,2018,316,318,321,314
202335,Patrick Patterson,OKC,1110.0,0.35,0.31,0.69,0.28,0.24,0.52,0.62,0.54,1.16,2018,92,90,93,92
1628373,Frank Ntilikina,NYK,1512.0,-1.0,-1.0,-1.0,-0.87,-1.07,-1.94,-1.23,-1.78,-3.01,2018,328,333,335,282
1626195,Willy Hernangomez,CHO,420.0,0.1,-0.15,-0.32,0.0,-0.04,-0.04,-0.06,-0.23,-0.29,2018,130,133,133,131
1628422,Damyean Dotson,NYK,415.0,-1.0,-1.0,-1.0,-0.22,-0.21,-0.43,-1.11,-1.03,-2.14,2018,180,200,179,217
203962,Josh Huestis,OKC,871.0,0.08,0.06,0.05,0.02,-0.02,-0.0,-0.03,-0.19,-0.22,2018,124,127,132,128
201572,Brook Lopez,LAL,1614.0,1.11,1.28,2.48,1.11,1.22,2.32,1.72,1.84,3.55,2018,42,44,41,43
1626204,Larry Nance Jr.,LAL,1254.0,1.15,0.77,1.77,0.6,0.4,1.0,0.69,0.47,1.17,2018,78,71,78,91
1627742,Brandon Ingram,LAL,1780.0,-0.63,-1.29,-2.37,-1.0,-1.86,-2.86,-1.58,-2.89,-4.46,2018,373,346,380,350
1628366,Lonzo Ball,LAL,1594.0,-1.0,-1.0,-1.0,-0.91,-0.91,-1.83,-1.37,-1.37,-2.74,2018,322,339,318,265
201568,Danilo Gallinari,LAC,594.0,0.88,0.84,1.81,0.47,0.3,0.77,2.28,1.15,3.43,2018,84,78,83,44
201599,DeAndre Jordan,LAC,2135.0,1.83,0.92,2.85,2.96,1.5,4.46,3.64,1.85,5.49,2018,22,18,31,27
201933,Blake Griffin,LAC,1722.0,1.49,0.77,2.28,2.4,1.24,3.64,3.92,2.02,5.94,2018,29,25,40,25
201976,Patrick Beverley,LAC,299.0,0.07,0.33,0.5,0.02,0.07,0.1,0.23,0.64,0.88,2018,118,128,116,98
1628462,Milos Teodosic,LAC,1040.0,-1.0,-1.0,-1.0,-0.68,-0.58,-1.25,-1.51,-1.05,-2.56,2018,281,309,267,253
203085,Austin Rivers,LAC,1844.0,-1.66,-1.05,-2.86,-2.18,-1.4,-3.58,-3.06,-1.96,-5.02,2018,383,389,362,362
203903,Jordan Clarkson,LAL,1614.0,-1.13,-0.6,-1.89,-1.19,-0.65,-1.85,-1.91,-1.05,-2.96,2018,324,354,286,277
101150,Lou Williams,LAC,2257.0,0.75,0.07,1.03,1.72,0.3,2.02,2.16,0.42,2.57,2018,47,32,84,57
203186,Willie Reed,LAC,402.0,-0.36,-0.26,-0.65,-0.13,-0.09,-0.23,-0.92,-0.67,-1.59,2018,145,165,141,179
203944,Julius Randle,LAL,1953.0,-1.62,-0.88,-2.77,-1.92,-1.06,-2.98,-2.5,-1.38,-3.88,2018,375,387,333,323
1628398,Kyle Kuzma,LAL,2093.0,-1.0,-1.0,-1.0,-1.21,-1.27,-2.48,-1.44,-1.54,-2.98,2018,358,356,354,279
202325,Wesley Johnson,LAC,1330.0,-0.41,-1.03,-1.29,-0.38,-1.06,-1.44,-0.7,-2.14,-2.84,2018,298,248,334,273
1627936,Alex Caruso,LAL,507.0,-1.0,-1.0,-1.0,-0.19,-0.3,-0.49,-0.52,-1.42,-1.94,2018,192,193,207,194
201147,Corey Brewer,LAL,1073.0,-0.67,-1.14,-1.6,-0.52,-0.97,-1.49,-1.33,-2.63,-3.95,2018,303,286,324,326
203898,Tyler Ennis,LAL,599.0,-0.18,-1.15,-1.6,-0.18,-0.74,-0.92,-1.09,-3.98,-5.08,2018,249,189,302,366
1626155,Sam Dekker,LAC,811.0,0.1,0.11,-0.06,0.02,0.03,0.05,-0.02,-0.01,-0.03,2018,121,129,120,123
1628414,Sindarius Thornwell,LAC,1035.0,-1.0,-1.0,-1.0,-0.54,-0.71,-1.25,-0.89,-1.67,-2.56,2018,282,291,296,254
1626149,Montrezl Harrell,LAC,1158.0,-0.03,0.13,-0.11,0.13,0.12,0.25,0.57,0.26,0.83,2018,112,111,112,101
203948,Johnny O'Bryant III,CHO,337.0,-1.26,-4.21,-5.69,-0.28,-0.99,-1.27,-2.14,-7.58,-9.73,2018,284,221,327,396
1628416,Tyler Dorsey,ATL,865.0,-1.0,-1.0,-1.0,-0.4,-0.55,-0.94,-0.73,-1.53,-2.26,2018,252,253,260,228
203468,CJ McCollum,POR,2692.0,1.53,1.14,2.58,2.68,1.99,4.67,2.53,1.87,4.41,2018,21,20,19,32
2744,Al Jefferson,IND,422.0,-2.37,-2.22,-4.25,-0.32,-0.3,-0.63,-0.74,-0.69,-1.43,2018,217,232,208,173
1628380,Zach Collins,POR,963.0,-1.0,-1.0,-1.0,-0.46,-0.63,-1.09,-0.8,-1.57,-2.37,2018,267,276,280,244
1626202,Joe Young,IND,510.0,-1.62,-4.8,-6.56,-0.42,-1.33,-1.74,-1.58,-5.42,-7.0,2018,318,263,358,385
1626147,Justin Anderson,PHI,435.0,-0.98,-1.06,-2.26,-0.2,-0.21,-0.41,-0.79,-0.85,-1.63,2018,175,195,180,184
1628379,Luke Kennard,DET,1276.0,-1.0,-1.0,-1.0,-0.79,-0.82,-1.61,-1.36,-1.45,-2.81,2018,310,321,309,270
1891,Jason Terry,MIL,738.0,-0.68,-0.53,-0.46,-0.29,-0.47,-0.76,-0.78,-2.1,-2.87,2018,232,224,247,275
1628425,Sterling Brown,MIL,678.0,-1.0,-1.0,-1.0,-0.31,-0.46,-0.77,-0.67,-1.62,-2.3,2018,234,227,244,234
1626209,Mario Hezonja,ORL,1491.0,-0.87,-3.29,-4.49,-0.91,-3.27,-4.18,-1.57,-5.5,-7.07,2018,388,340,395,386
203925,Joe Harris,BRK,1733.0,-2.95,-0.84,-3.88,-3.77,-1.07,-4.85,-5.64,-1.6,-7.24,2018,391,393,336,387
201167,Arron Afflalo,ORL,601.0,-0.42,-1.73,-1.88,-0.25,-0.93,-1.17,-1.26,-4.54,-5.81,2018,273,207,319,377
201578,Marreese Speights,ORL,605.0,-0.12,-0.01,0.02,-0.08,-0.21,-0.3,-0.45,-1.51,-1.96,2018,162,147,181,197
1628386,Jarrett Allen,BRK,1263.0,-1.0,-1.0,-1.0,-0.85,-0.74,-1.58,-1.59,-1.2,-2.79,2018,306,332,303,269
202714,Shelvin Mack,ORL,1204.0,-0.67,-0.68,-1.38,-0.67,-0.65,-1.33,-1.61,-1.53,-3.15,2018,288,308,287,292
2216,Zach Randolph,SAC,1365.0,-0.42,-0.19,-0.09,-0.31,-0.25,-0.56,-0.46,-0.58,-1.04,2018,202,228,193,161
1626257,Salah Mejri,DAL,609.0,-0.16,-0.17,-0.12,-0.14,-0.13,-0.27,-0.75,-0.7,-1.45,2018,155,170,152,176
2738,Andre Iguodala,GSW,1419.0,0.4,0.34,1.14,0.53,0.47,1.0,1.1,0.99,2.09,2018,79,76,70,71
201580,JaVale McGee,GSW,539.0,0.04,-0.03,0.15,0.0,-0.01,-0.0,-0.02,-0.02,-0.04,2018,125,134,129,124
203458,Alex Len,PHO,1256.0,-2.86,-0.96,-4.03,-2.5,-0.86,-3.36,-4.71,-1.66,-6.37,2018,381,390,316,379
1626143,Jahlil Okafor,BRK,313.0,-2.93,-2.69,-5.95,-0.38,-0.35,-0.73,-2.17,-2.0,-4.17,2018,225,249,227,338
203512,Lucas Nogueira,TOR,370.0,0.24,0.26,0.35,0.12,0.16,0.28,1.05,1.37,2.42,2018,109,113,101,61
1627783,Pascal Siakam,TOR,1503.0,-1.36,-1.51,-3.14,-1.31,-1.45,-2.76,-2.11,-2.33,-4.44,2018,368,364,366,349
203917,Nik Stauskas,BRK,468.0,-1.47,-1.8,-3.49,-0.49,-0.59,-1.08,-2.62,-3.16,-5.78,2018,265,281,271,376
101181,Jose Calderon,CLE,825.0,-3.15,-1.4,-4.04,-1.63,-0.64,-2.28,-4.19,-1.41,-5.6,2018,349,377,283,374
101112,Channing Frye,CLE,614.0,-1.44,-0.97,-2.02,-0.37,-0.24,-0.61,-0.69,-0.4,-1.1,2018,213,244,189,163
1626224,Cedi Osman,CLE,605.0,-1.0,-1.0,-1.0,-0.37,-0.33,-0.71,-1.32,-1.04,-2.36,2018,222,245,220,241
1628411,Wes Iwundu,ORL,946.0,-1.0,-1.0,-1.0,-0.45,-0.62,-1.07,-0.79,-1.58,-2.37,2018,263,268,278,245
1626246,Boban Marjanovic,LAC,304.0,1.09,1.46,2.64,0.28,0.39,0.67,2.53,3.49,6.02,2018,90,91,79,24
201229,Anthony Tolliver,DET,1539.0,0.37,-0.03,0.61,0.04,-0.12,-0.08,-0.3,-0.28,-0.57,2018,132,124,149,141
1627854,Bryn Forbes,SAS,1284.0,-2.15,-3.16,-5.52,-1.74,-2.58,-4.32,-3.06,-4.54,-7.61,2018,390,382,392,393
204028,Tarik Black,HOU,454.0,0.82,1.38,2.12,-0.08,-0.17,-0.25,-1.59,-2.94,-4.53,2018,149,148,167,353
1628467,Maxi Kleber,DAL,1094.0,-1.0,-1.0,-1.0,-0.69,-0.63,-1.32,-1.42,-1.17,-2.59,2018,287,312,281,255
1627786,Troy Williams,NYK,269.0,-1.17,-1.08,-2.52,-0.26,-0.24,-0.5,-2.62,-2.42,-5.05,2018,195,210,190,364
1626188,Quinn Cook,GSW,666.0,-1.43,-0.47,-2.11,-0.64,-0.21,-0.85,-2.36,-0.77,-3.14,2018,242,302,182,291
202732,DeAndre Liggins,MIL,656.0,-0.02,0.11,0.17,-0.12,-0.37,-0.48,-0.74,-2.57,-3.31,2018,190,163,231,302
1628412,Frank Mason III,SAC,861.0,-1.0,-1.0,-1.0,-0.4,-0.56,-0.96,-0.74,-1.56,-2.29,2018,253,254,261,232
203960,JaKarr Sampson,SAC,313.0,-1.82,-1.66,-3.96,-0.45,-0.41,-0.86,-3.87,-3.57,-7.45,2018,244,269,240,391
203526,Raul Neto,UTA,440.0,0.32,0.42,0.59,-0.05,-0.12,-0.17,-0.79,-1.47,-2.25,2018,141,144,150,226
1627819,Isaiah Taylor,ATL,1033.0,-0.58,-1.43,-2.28,-0.41,-0.97,-1.37,-1.0,-2.33,-3.33,2018,293,261,325,306
203484,Kentavious Caldwell-Pope,LAL,2208.0,0.93,0.9,1.62,0.99,0.96,1.95,1.03,1.0,2.03,2018,49,48,52,73
2749,Jameer Nelson,NOP,904.0,1.15,-2.54,-0.94,0.18,-1.34,-1.16,-0.68,-3.29,-3.97,2018,272,105,359,328
1628404,Josh Hart,LAL,1313.0,-1.0,-1.0,-1.0,-0.76,-0.71,-1.47,-1.34,-1.17,-2.51,2018,300,319,297,252
203464,Brandon Paul,SAS,481.0,-1.0,-1.0,-1.0,-0.2,-0.32,-0.51,-0.57,-1.59,-2.17,2018,197,196,216,220
203107,Tomas Satoransky,WAS,1495.0,-0.48,-0.11,-0.67,-0.84,-0.24,-1.08,-1.81,-0.53,-2.35,2018,266,330,191,238
203992,Bogdan Bogdanovic,SAC,1949.0,-1.0,-1.0,-1.0,-1.26,-1.16,-2.42,-1.65,-1.47,-3.12,2018,355,362,343,289
201162,Jared Dudley,PHO,589.0,-0.25,-0.25,-0.23,-0.14,-0.12,-0.25,-0.67,-0.51,-1.19,2018,150,171,151,166
101127,Jarrett Jack,NYK,1343.0,-2.33,-2.87,-4.82,-1.78,-2.2,-3.98,-2.67,-3.32,-5.99,2018,387,383,387,378
1626220,Royce O'Neale,UTA,1010.0,-1.0,-1.0,-1.0,-0.51,-0.67,-1.18,-0.87,-1.6,-2.48,2018,276,284,290,251
201973,Jonas Jerebko,UTA,1010.0,0.29,0.22,0.66,-0.15,-0.13,-0.28,-1.1,-0.92,-2.02,2018,157,174,153,202
203077,Michael Kidd-Gilchrist,CHO,1700.0,-0.11,-0.07,-0.39,-0.18,-0.13,-0.31,-0.3,-0.23,-0.54,2018,164,190,154,140
203477,Isaiah Canaan,PHO,367.0,-2.66,-0.75,-3.49,-0.58,-0.16,-0.74,-3.55,-1.0,-4.55,2018,226,294,163,355
203930,Sean Kilpatrick,CHI,558.0,-0.76,-2.38,-3.11,-0.25,-0.84,-1.09,-1.0,-3.48,-4.49,2018,268,208,313,351
203092,Tyler Zeller,BRK,1018.0,-1.33,-0.59,-1.88,-0.87,-0.37,-1.24,-1.91,-0.81,-2.72,2018,280,334,232,264
1627739,Kris Dunn,CHI,1386.0,-0.37,-1.77,-2.41,-0.42,-1.83,-2.25,-0.85,-3.43,-4.29,2018,345,264,379,344
1627738,Deyonta Davis,MEM,838.0,-1.35,-0.39,-2.13,-0.88,-0.29,-1.17,-2.87,-1.05,-3.92,2018,274,335,202,324
1628397,Ivan Rabb,MEM,445.0,-1.0,-1.0,-1.0,-0.25,-0.2,-0.45,-1.21,-0.84,-2.05,2018,182,209,177,209
203493,Reggie Bullock,DET,1514.0,1.07,0.56,1.54,0.78,0.42,1.2,0.92,0.49,1.41,2018,70,61,74,86
1628393,Jawun Evans,LAC,712.0,-1.0,-1.0,-1.0,-0.33,-0.48,-0.81,-0.69,-1.62,-2.31,2018,239,234,253,236
1627826,Ivica Zubac,LAL,356.0,-0.18,-0.14,-0.76,-0.1,-0.09,-0.19,-0.91,-0.83,-1.74,2018,142,154,142,188
203943,Noah Vonleh,POR,793.0,-0.56,-1.96,-3.24,-0.4,-1.1,-1.51,-1.54,-3.64,-5.19,2018,305,255,338,367
1626158,Richaun Holmes,PHI,601.0,0.65,0.69,1.13,0.19,0.18,0.37,0.48,0.41,0.89,2018,102,102,100,97
202693,Markieff Morris,WAS,1811.0,-0.22,-0.34,-0.53,-0.41,-0.64,-1.05,-0.64,-1.0,-1.64,2018,261,262,284,185
202694,Marcus Morris Sr.,BOS,1250.0,-0.13,-0.22,-0.32,-0.15,-0.25,-0.4,-0.35,-0.62,-0.96,2018,172,175,194,158
1628463,Tyler Cavanaugh,ATL,430.0,-1.0,-1.0,-1.0,-0.26,-0.16,-0.42,-1.45,-0.53,-1.98,2018,176,211,164,199
203487,Michael Carter-Williams,CHO,758.0,-0.09,-1.23,-1.41,-0.11,-0.64,-0.75,-0.52,-2.14,-2.66,2018,229,158,285,260
1626171,Bobby Portis,CHI,1437.0,-1.54,-0.99,-2.85,-1.5,-0.98,-2.47,-2.54,-1.68,-4.23,2018,357,372,326,343
203710,C.J. Williams,LAC,648.0,-1.0,-1.0,-1.0,-0.34,-0.39,-0.72,-0.95,-1.31,-2.26,2018,224,237,237,229
203463,Ben McLemore,MEM,968.0,-0.51,-2.21,-2.93,-0.4,-1.59,-2.0,-1.18,-4.39,-5.57,2018,332,256,370,372
1627782,Wayne Selden,MEM,606.0,-1.44,-2.53,-4.24,-0.52,-0.93,-1.45,-1.95,-3.55,-5.5,2018,299,287,320,371
200765,Rajon Rondo,NOP,1532.0,-0.55,-0.7,-1.04,-0.45,-0.56,-1.01,-0.64,-0.77,-1.41,2018,257,270,262,171
201587,Nicolas Batum,CHO,1792.0,0.05,-0.06,0.08,0.24,0.13,0.37,0.42,0.28,0.7,2018,103,97,109,104
1628469,Antonio Blakeney,CHI,272.0,-1.0,-1.0,-1.0,-0.11,-0.15,-0.26,-0.74,-1.3,-2.04,2018,153,159,160,206
203966,Jamil Wilson,LAC,252.0,-1.0,-1.0,-1.0,-0.15,-0.09,-0.24,-1.38,-0.66,-2.04,2018,147,176,143,207
203101,Miles Plumlee,ATL,834.0,-0.72,-2.13,-2.76,-0.35,-1.12,-1.48,-0.96,-3.24,-4.2,2018,301,240,340,340
2225,Tony Parker,SAS,949.0,-0.8,-2.39,-2.74,-0.45,-1.38,-1.83,-0.98,-3.09,-4.07,2018,323,271,361,333
1628470,Torrey Craig,DEN,558.0,-1.0,-1.0,-1.0,-0.31,-0.28,-0.59,-1.2,-0.94,-2.15,2018,204,229,198,219
1628424,Kobi Simmons,MEM,563.0,-1.0,-1.0,-1.0,-0.23,-0.36,-0.59,-0.59,-1.54,-2.12,2018,205,202,228,216
202703,Nikola Mirotic,NOP,1289.0,0.79,1.64,2.33,0.62,1.21,1.83,1.13,2.08,3.21,2018,53,70,42,48
1627863,Danuel House Jr.,PHO,359.0,-0.48,-0.1,-0.8,-0.16,-0.04,-0.2,-1.26,-0.35,-1.61,2018,143,178,134,181
203920,Khem Birch,ORL,503.0,-1.0,-1.0,-1.0,-0.3,-0.22,-0.51,-1.35,-0.71,-2.06,2018,198,225,184,210
1627858,Kyle Collinsworth,DAL,447.0,-1.0,-1.0,-1.0,-0.17,-0.29,-0.46,-0.55,-1.56,-2.11,2018,186,183,203,214
202779,Dwight Buycks,DET,383.0,-0.5,-1.34,-1.93,-0.11,-0.34,-0.45,-0.63,-2.18,-2.81,2018,183,160,223,271
101123,Gerald Green,HOU,831.0,-1.06,-1.0,-1.8,-0.73,-0.68,-1.41,-2.42,-2.25,-4.67,2018,296,317,292,357
202738,Isaiah Thomas,LAL,765.0,1.02,1.95,3.01,0.71,1.33,2.04,2.89,5.32,8.22,2018,46,62,34,17
1627820,Tyrone Wallace,LAC,769.0,-1.0,-1.0,-1.0,-0.39,-0.5,-0.88,-0.86,-1.49,-2.35,2018,246,250,255,239
203897,Zach LaVine,CHI,628.0,-0.89,-3.8,-5.02,-0.26,-1.08,-1.34,-0.67,-2.55,-3.22,2018,291,212,337,296
203504,Trey Burke,NYK,682.0,-2.07,-0.52,-2.74,-0.81,-0.21,-1.01,-2.4,-0.65,-3.05,2018,258,326,183,285
1627988,Myke Henry,MEM,301.0,-1.0,-1.0,-1.0,-0.1,-0.19,-0.28,-0.48,-1.5,-1.98,2018,158,155,172,200
203953,Jabari Parker,MIL,634.0,-1.03,-0.93,-2.29,-0.28,-0.25,-0.53,-0.57,-0.52,-1.08,2018,199,222,195,162
2731,Emeka Okafor,NOP,331.0,-1.0,-1.0,-1.0,-0.16,-0.15,-0.31,-1.0,-0.93,-1.93,2018,165,179,161,193
203922,Glenn Robinson III,IND,287.0,-0.28,-0.06,-0.83,-0.14,-0.09,-0.23,-1.54,-1.05,-2.59,2018,146,172,144,256
1628436,Luke Kornet,NYK,293.0,-1.0,-1.0,-1.0,-0.13,-0.16,-0.29,-0.88,-1.19,-2.07,2018,161,166,165,212
1626166,Cameron Payne,CHI,537.0,-1.4,-1.74,-3.41,-0.5,-0.62,-1.12,-2.27,-2.8,-5.07,2018,271,282,279,365
1627885,Shaquille Harrison,PHO,332.0,-1.0,-1.0,-1.0,-0.18,-0.17,-0.35,-1.13,-1.05,-2.18,2018,166,191,168,221
203585,Rodney McGruder,MIA,256.0,-0.19,-0.12,-0.4,-0.17,-0.09,-0.26,-2.14,-1.18,-3.32,2018,154,184,145,304
1628681,Rodney Purvis,ORL,275.0,-1.0,-1.0,-1.0,-0.11,-0.15,-0.25,-0.71,-1.24,-1.95,2018,151,161,162,195
1627814,Damion Lee,ATL,376.0,-1.0,-1.0,-1.0,-0.13,-0.23,-0.36,-0.49,-1.46,-1.95,2018,168,167,187,196
201143,Al Horford,BOS,1737.0,2.12,1.36,3.75,2.82,1.77,4.59,4.27,2.66,6.93,2019,25,25,28,25
202330,Gordon Hayward,BOS,1629.0,1.85,1.69,3.58,2.35,2.07,4.42,3.82,3.32,7.14,2019,26,27,23,24
202681,Kyrie Irving,BOS,1938.0,3.26,1.47,4.64,4.8,2.13,6.93,6.5,2.88,9.37,2019,17,15,19,16
1627759,Jaylen Brown,BOS,1665.0,-0.04,-0.74,-1.11,-0.14,-0.98,-1.12,-0.28,-1.57,-1.84,2019,283,187,333,204
1628369,Jayson Tatum,BOS,2173.0,0.82,1.16,1.53,1.22,1.82,3.04,1.43,2.16,3.59,2019,36,45,26,48
203496,Robert Covington,MIN,1112.0,0.93,1.89,2.85,0.52,1.04,1.56,0.84,1.6,2.44,2019,66,77,54,68
203954,Joel Embiid,PHI,1971.0,1.87,1.7,3.37,3.04,2.61,5.64,4.06,3.42,7.47,2019,21,23,15,22
203967,Dario Saric,MIN,1843.0,0.07,0.14,0.0,0.08,0.14,0.22,0.11,0.18,0.29,2019,121,121,110,126
1627732,Ben Simmons,PHI,2487.0,2.62,1.77,4.06,5.26,3.6,8.86,5.53,3.8,9.33,2019,13,14,5,17
1628365,Markelle Fultz,PHI,387.0,-0.03,-0.76,-1.24,-0.06,-0.28,-0.34,-0.55,-2.05,-2.6,2019,176,156,212,266
101161,Amir Johnson,PHI,493.0,0.07,0.43,0.72,0.07,0.16,0.22,0.45,0.79,1.24,2019,122,124,108,91
200755,JJ Redick,PHI,2151.0,0.14,-0.23,0.3,0.4,-0.25,0.15,0.54,-0.25,0.29,2019,125,89,202,127
202694,Marcus Morris Sr.,BOS,1855.0,-0.31,-0.33,-0.54,-0.43,-0.46,-0.89,-0.61,-0.66,-1.27,2019,253,282,265,184
1626179,Terry Rozier,BOS,1571.0,-0.03,-0.32,-0.56,0.06,-0.07,-0.01,0.19,0.16,0.34,2019,137,126,153,123
204456,T.J. McConnell,PHI,1284.0,-0.48,-0.65,-1.22,-0.42,-0.56,-0.97,-0.72,-0.96,-1.68,2019,261,279,282,197
203935,Marcus Smart,BOS,1953.0,0.59,-1.33,-0.95,0.48,-1.67,-1.19,0.49,-2.12,-1.64,2019,292,83,386,194
203382,Aron Baynes,BOS,770.0,-1.0,-0.85,-1.58,-0.69,-0.56,-1.26,-2.63,-2.07,-4.7,2019,299,323,283,362
1629013,Landry Shamet,PHI,1634.0,-1.0,-1.0,-1.0,-1.24,-1.03,-2.27,-1.93,-1.42,-3.35,2019,360,372,339,309
1628464,Daniel Theis,BOS,800.0,-0.23,-0.09,-0.41,-0.06,-0.02,-0.09,-0.02,0.0,-0.02,2019,148,157,143,140
1628400,Semi Ojeleye,BOS,533.0,-1.66,-3.66,-5.52,-0.55,-1.23,-1.78,-2.36,-5.34,-7.7,2019,342,309,354,402
1627788,Furkan Korkmaz,PHI,583.0,-0.82,-1.36,-2.58,-0.36,-0.58,-0.94,-1.51,-2.44,-3.95,2019,258,268,285,327
1628413,Jonah Bolden,PHI,583.0,-1.0,-1.0,-1.0,-0.31,-0.38,-0.69,-0.97,-1.43,-2.4,2019,232,249,243,246
202954,Brad Wanamaker,BOS,316.0,-1.0,-1.0,-1.0,-0.18,-0.14,-0.31,-1.27,-0.81,-2.08,2019,174,201,175,220
201142,Kevin Durant,GSW,2408.0,3.4,0.96,4.5,7.21,2.08,9.29,8.21,2.38,10.6,2019,10,6,22,11
201939,Stephen Curry,GSW,2072.0,5.83,2.09,8.07,9.16,3.18,12.34,11.64,4.0,15.64,2019,3,3,10,4
202691,Klay Thompson,GSW,2432.0,0.05,0.3,0.38,0.16,0.5,0.66,0.2,0.52,0.72,2019,93,110,73,110
203110,Draymond Green,GSW,1896.0,1.65,2.28,3.96,2.13,3.46,5.59,2.86,4.88,7.74,2019,22,30,7,19
1627745,Damian Jones,GSW,372.0,-1.9,-0.96,-3.13,-0.58,-0.27,-0.85,-4.23,-1.94,-6.17,2019,248,311,207,389
202331,Paul George,OKC,2498.0,1.75,1.19,2.98,3.46,2.32,5.78,3.66,2.45,6.11,2019,20,20,17,27
202335,Patrick Patterson,OKC,790.0,0.21,0.98,1.3,0.05,0.27,0.33,0.01,0.14,0.15,2019,110,131,98,133
203471,Dennis Schroder,OKC,2051.0,-0.17,-0.93,-1.24,-0.22,-1.18,-1.4,-0.27,-1.4,-1.67,2019,308,215,350,196
203500,Steven Adams,OKC,2376.0,0.4,0.33,0.58,0.71,0.57,1.28,0.77,0.62,1.39,2019,73,67,69,89
1628390,Terrance Ferguson,OKC,1739.0,-1.45,-1.85,-3.74,-1.75,-2.22,-3.97,-2.55,-3.22,-5.76,2019,395,389,398,382
1626172,Kevon Looney,GSW,1290.0,-0.14,0.13,-0.34,-0.17,0.05,-0.12,-0.4,-0.01,-0.41,2019,156,198,131,152
2738,Andre Iguodala,GSW,1380.0,-0.06,-0.21,0.17,0.04,-0.09,-0.05,0.2,-0.01,0.18,2019,143,133,159,131
203518,Alex Abrines,OKC,518.0,-0.2,-0.98,-1.33,-0.1,-0.4,-0.5,-0.57,-2.07,-2.64,2019,206,173,255,269
203924,Jerami Grant,OKC,2320.0,-1.69,-1.24,-3.14,-2.43,-1.79,-4.23,-2.56,-1.89,-4.44,2019,397,396,392,353
1626188,Quinn Cook,GSW,929.0,-1.69,-1.25,-3.09,-0.92,-0.68,-1.61,-2.07,-1.53,-3.6,2019,327,349,299,317
101109,Raymond Felton,OKC,327.0,-0.86,-0.96,-1.43,-0.18,-0.22,-0.4,-1.38,-1.69,-3.07,2019,191,202,195,288
203457,Nerlens Noel,OKC,963.0,-0.16,-0.55,-0.92,0.06,-0.09,-0.03,0.51,0.42,0.93,2019,141,127,160,102
2733,Shaun Livingston,GSW,884.0,-1.36,-1.08,-2.11,-0.9,-0.67,-1.56,-2.64,-1.88,-4.52,2019,320,344,297,357
1628977,Hamidou Diallo,OKC,488.0,-1.0,-1.0,-1.0,-0.2,-0.33,-0.53,-0.58,-1.61,-2.19,2019,212,207,231,231
1628395,Jordan Bell,GSW,686.0,0.81,1.31,1.91,0.37,0.67,1.04,1.3,2.52,3.83,2019,78,93,65,45
201973,Jonas Jerebko,GSW,1087.0,-0.85,-0.56,-1.2,-0.72,-0.43,-1.15,-1.77,-0.99,-2.76,2019,289,324,258,277
101107,Marvin Williams,CHO,1923.0,0.01,-0.01,0.28,0.16,0.13,0.29,0.27,0.23,0.5,2019,114,111,113,115
201587,Nicolas Batum,CHO,2084.0,-0.05,-0.14,-0.04,0.06,-0.07,-0.02,0.12,-0.04,0.08,2019,139,128,154,137
202689,Kemba Walker,CHO,2536.0,3.0,0.93,3.96,5.72,1.78,7.5,5.91,1.84,7.74,2019,16,12,27,20
203087,Jeremy Lamb,CHO,2026.0,0.72,0.76,1.39,1.11,1.03,2.13,1.44,1.28,2.71,2019,49,47,55,63
203469,Cody Zeller,CHO,1143.0,0.57,0.28,0.76,0.26,0.13,0.4,0.22,0.12,0.33,2019,105,99,114,124
201572,Brook Lopez,MIL,2126.0,0.21,0.73,1.09,0.46,1.24,1.7,0.6,1.54,2.14,2019,61,86,44,71
202339,Eric Bledsoe,MIL,2080.0,1.32,1.01,2.42,2.25,1.73,3.98,2.87,2.2,5.07,2019,28,28,29,33
203114,Khris Middleton,MIL,2180.0,0.63,0.82,1.43,0.84,1.1,1.94,0.93,1.21,2.14,2019,56,62,50,72
203507,Giannis Antetokounmpo,MIL,2140.0,3.28,1.97,5.04,5.66,3.35,9.01,6.98,4.11,11.09,2019,12,13,8,10
1627763,Malcolm Brogdon,MIL,1637.0,0.79,0.45,1.15,0.53,0.31,0.84,0.49,0.31,0.8,2019,87,76,93,103
203077,Michael Kidd-Gilchrist,CHO,1039.0,-0.81,-0.45,-1.42,-0.62,-0.36,-0.98,-1.54,-0.91,-2.45,2019,264,312,236,253
1626195,Willy Hernangomez,CHO,696.0,0.35,0.27,0.42,0.15,0.09,0.24,0.45,0.22,0.67,2019,119,113,122,111
1628370,Malik Monk,CHO,1107.0,-0.76,-3.28,-4.49,-0.55,-2.26,-2.82,-1.16,-4.51,-5.67,2019,381,310,399,380
101141,Ersan Ilyasova,MIL,1054.0,0.09,0.23,0.53,-0.02,0.01,-0.01,-0.24,-0.29,-0.53,2019,138,148,138,158
1628978,Donte DiVincenzo,MIL,346.0,-1.0,-1.0,-1.0,-0.13,-0.23,-0.36,-0.53,-1.64,-2.17,2019,179,182,196,228
2225,Tony Parker,CHO,832.0,-2.42,-1.41,-3.32,-1.29,-0.69,-1.98,-3.52,-1.73,-5.25,2019,353,375,301,374
1628970,Miles Bridges,CHO,1502.0,-1.0,-1.0,-1.0,-0.96,-0.95,-1.91,-1.49,-1.49,-2.98,2019,348,355,330,283
203503,Tony Snell,MIL,1158.0,-0.96,-0.38,-1.37,-1.09,-0.43,-1.53,-2.85,-1.13,-3.97,2019,317,363,259,330
201933,Blake Griffin,DET,2375.0,2.0,1.09,3.18,3.39,1.83,5.23,3.8,2.05,5.84,2019,23,21,25,28
202704,Reggie Jackson,DET,2110.0,0.29,0.15,0.47,0.4,0.21,0.61,0.49,0.26,0.75,2019,94,90,102,109
203083,Andre Drummond,DET,2395.0,0.37,0.57,0.79,0.8,1.15,1.95,0.94,1.34,2.28,2019,55,64,47,69
1628379,Luke Kennard,DET,1288.0,0.12,0.08,-0.13,-0.0,-0.04,-0.04,-0.16,-0.23,-0.4,2019,142,142,146,151
1628971,Bruce Brown,DET,1347.0,-1.0,-1.0,-1.0,-0.68,-0.85,-1.53,-1.0,-1.57,-2.56,2019,318,322,324,262
201162,Jared Dudley,BRK,1101.0,0.05,0.36,0.74,-0.13,-0.1,-0.23,-0.6,-0.94,-1.54,2019,167,183,164,191
203925,Joe Harris,BRK,2076.0,-0.55,-0.22,-0.8,-0.9,-0.36,-1.26,-1.15,-0.46,-1.61,2019,300,345,237,193
1626156,D'Angelo Russell,BRK,2274.0,-1.01,-1.01,-2.34,-1.52,-1.52,-3.04,-1.69,-1.69,-3.38,2019,386,381,382,311
1627747,Caris LeVert,BRK,937.0,-0.18,-0.6,-0.99,-0.14,-0.39,-0.52,-0.41,-1.0,-1.41,2019,210,188,249,189
1628386,Jarrett Allen,BRK,1887.0,-0.34,-0.1,-0.89,-0.43,-0.17,-0.6,-0.59,-0.24,-0.83,2019,219,283,183,168
204038,Langston Galloway,DET,1523.0,-0.48,-0.22,-0.82,-0.65,-0.34,-0.99,-1.27,-0.68,-1.95,2019,266,318,233,211
203922,Glenn Robinson III,DET,548.0,-0.06,-0.51,-0.72,-0.04,-0.21,-0.25,-0.28,-1.05,-1.33,2019,169,153,193,187
203915,Spencer Dinwiddie,BRK,1618.0,1.0,0.47,1.32,0.86,0.4,1.27,1.14,0.53,1.67,2019,74,60,86,85
1626203,Treveon Graham,BRK,671.0,-0.37,-1.46,-1.98,-0.21,-0.77,-0.98,-0.87,-3.11,-3.97,2019,265,210,308,331
202334,Ed Davis,BRK,1293.0,0.25,0.15,0.48,0.02,-0.0,0.02,-0.27,-0.21,-0.48,2019,133,137,140,157
2585,Zaza Pachulia,DET,799.0,-1.27,-0.25,-0.8,-0.45,-0.16,-0.6,-0.89,-0.57,-1.45,2019,220,289,177,190
202397,Ish Smith,DET,1067.0,-0.17,-0.15,-0.17,-0.12,-0.16,-0.28,-0.3,-0.48,-0.78,2019,172,180,178,166
1629066,Rodions Kurucs,BRK,1188.0,-1.0,-1.0,-1.0,-0.63,-0.82,-1.45,-0.98,-1.69,-2.67,2019,314,316,316,272
201152,Thaddeus Young,IND,2301.0,0.81,1.15,2.11,1.11,1.56,2.67,1.15,1.63,2.78,2019,39,48,34,61
201954,Darren Collison,IND,1981.0,0.7,0.29,1.2,0.94,0.43,1.37,1.2,0.56,1.76,2019,68,57,82,84
202711,Bojan Bogdanovic,IND,2373.0,-1.47,-1.01,-2.39,-2.51,-1.72,-4.23,-2.72,-1.85,-4.58,2019,398,398,389,359
203506,Victor Oladipo,IND,1045.0,1.0,4.02,4.94,0.69,2.67,3.37,1.52,5.66,7.18,2019,32,68,14,23
1626167,Myles Turner,IND,1951.0,0.44,0.56,0.67,0.54,0.73,1.26,0.68,0.93,1.61,2019,75,75,60,86
201144,Mike Conley,MEM,2102.0,3.4,1.15,4.76,5.75,1.98,7.73,7.13,2.47,9.6,2019,14,11,24,15
201188,Marc Gasol,MEM,2233.0,0.02,0.7,1.1,0.43,1.73,2.16,0.65,2.18,2.83,2019,48,88,30,60
202066,Garrett Temple,MEM,1839.0,-0.68,-1.67,-2.08,-0.94,-2.5,-3.44,-1.3,-3.56,-4.86,2019,391,354,400,367
202718,Chandler Parsons,MEM,446.0,-0.25,-0.49,-0.59,-0.04,-0.07,-0.11,-0.05,-0.11,-0.16,2019,153,154,155,144
203210,JaMychal Green,MEM,1221.0,-0.38,-1.09,-1.44,-0.4,-1.17,-1.57,-0.87,-2.65,-3.52,2019,322,275,348,314
203937,Kyle Anderson,MEM,1180.0,0.73,1.15,1.73,0.72,1.26,1.97,1.61,3.03,4.64,2019,54,66,43,38
1628991,Jaren Jackson Jr.,MEM,1372.0,-1.0,-1.0,-1.0,-0.89,-0.99,-1.87,-1.4,-1.71,-3.11,2019,345,342,334,290
1627734,Domantas Sabonis,IND,1636.0,-0.47,-0.24,-1.05,-0.85,-0.53,-1.38,-1.56,-1.0,-2.56,2019,307,335,279,263
201936,Tyreke Evans,IND,1262.0,0.29,1.15,1.53,0.38,1.45,1.83,0.95,3.49,4.44,2019,59,92,36,40
202714,Shelvin Mack,MEM,1073.0,-0.04,-0.95,-0.96,-0.15,-0.96,-1.12,-0.58,-2.59,-3.18,2019,284,193,332,295
1628415,Dillon Brooks,MEM,282.0,-0.19,-1.2,-1.67,-0.14,-0.52,-0.65,-1.56,-5.57,-7.14,2019,229,189,277,400
202709,Cory Joseph,IND,1848.0,-0.08,-0.81,-0.92,-0.2,-1.24,-1.43,-0.31,-1.79,-2.1,2019,312,208,355,222
1628388,T.J. Leaf,IND,473.0,-1.77,-1.25,-3.41,-0.5,-0.35,-0.85,-2.32,-1.66,-3.98,2019,249,296,234,332
203926,Doug McDermott,IND,1223.0,-1.23,-0.69,-1.95,-1.24,-0.7,-1.94,-2.79,-1.57,-4.36,2019,350,373,303,349
202705,MarShon Brooks,MEM,348.0,0.68,1.87,2.7,0.14,0.46,0.6,0.92,3.2,4.12,2019,96,117,77,42
1627782,Wayne Selden,CHI,1256.0,-0.56,-2.19,-2.96,-0.49,-1.85,-2.34,-1.04,-3.84,-4.88,2019,361,294,394,368
203124,Kyle O'Quinn,IND,331.0,0.5,1.69,2.22,0.12,0.41,0.52,0.89,3.14,4.03,2019,99,119,84,44
1628988,Aaron Holiday,IND,573.0,-1.0,-1.0,-1.0,-0.25,-0.39,-0.64,-0.63,-1.62,-2.25,2019,226,230,250,237
201571,D.J. Augustin,ORL,2113.0,-2.22,-0.99,-3.0,-2.93,-1.27,-4.19,-3.46,-1.48,-4.95,2019,396,401,360,369
202696,Nikola Vucevic,ORL,2302.0,0.73,0.62,1.38,1.33,1.12,2.44,1.55,1.3,2.85,2019,41,39,49,59
203095,Evan Fournier,ORL,2395.0,-0.15,-0.56,-0.79,-0.27,-0.94,-1.21,-0.3,-1.03,-1.32,2019,294,234,329,186
203932,Aaron Gordon,ORL,2425.0,0.6,1.22,1.55,0.85,1.7,2.54,0.85,1.69,2.54,2019,40,61,31,66
1628371,Jonathan Isaac,ORL,1855.0,-0.17,-1.18,-1.73,-0.24,-1.38,-1.62,-0.35,-1.88,-2.23,2019,330,225,368,235
201609,Goran Dragic,MIA,879.0,0.23,0.48,0.98,0.15,0.28,0.43,0.44,0.74,1.18,2019,103,114,95,94
202355,Hassan Whiteside,MIA,1511.0,0.58,0.97,1.64,0.77,1.28,2.05,1.45,2.36,3.81,2019,50,65,42,46
203585,Rodney McGruder,MIA,1388.0,-0.14,-0.53,-0.7,-0.23,-0.84,-1.07,-0.54,-1.93,-2.47,2019,275,218,320,254
1626196,Josh Richardson,MIA,2265.0,0.34,0.3,0.5,0.5,0.44,0.93,0.54,0.48,1.02,2019,82,81,81,101
1627884,Derrick Jones Jr.,MIA,1021.0,0.09,0.01,-0.29,-0.19,-0.3,-0.49,-0.99,-1.35,-2.33,2019,205,205,216,244
2548,Dwyane Wade,MIA,1622.0,-1.02,-2.11,-2.57,-0.86,-1.74,-2.6,-1.08,-2.14,-3.22,2019,374,337,390,298
204020,Tyler Johnson,MIA,1341.0,-0.02,-0.07,-0.19,0.05,0.05,0.09,0.19,0.25,0.44,2019,129,132,132,118
203082,Terrence Ross,ORL,1901.0,-0.02,-0.03,-0.08,-0.11,-0.16,-0.27,-0.18,-0.27,-0.45,2019,171,176,179,154
1628964,Mo Bamba,ORL,704.0,-1.0,-1.0,-1.0,-0.31,-0.45,-0.76,-0.66,-1.55,-2.2,2019,243,250,263,232
203613,Jonathon Simmons,ORL,956.0,-0.2,-0.47,-0.58,-0.27,-0.84,-1.1,-0.98,-3.37,-4.35,2019,278,235,321,348
1626170,Jerian Grant,ORL,835.0,-0.32,-0.73,-1.14,-0.22,-0.46,-0.68,-0.73,-1.49,-2.22,2019,230,216,266,233
203482,Kelly Olynyk,MIA,1618.0,1.23,1.51,2.71,1.34,1.58,2.92,2.03,2.34,4.37,2019,38,38,33,41
1628389,Bam Adebayo,MIA,1712.0,-0.37,-0.32,-1.08,-0.37,-0.32,-0.69,-0.5,-0.43,-0.93,2019,233,270,227,172
202498,Lance Thomas,NYK,690.0,-0.92,-2.72,-3.49,-0.43,-1.38,-1.81,-1.53,-5.26,-6.8,2019,343,284,369,396
202683,Enes Freedom,NYK,1491.0,0.26,0.15,0.32,0.64,0.28,0.93,1.5,0.62,2.12,2019,83,71,96,73
203501,Tim Hardaway Jr.,NYK,1817.0,1.34,1.13,2.37,1.26,1.07,2.33,1.61,1.36,2.97,2019,45,42,53,57
203504,Trey Burke,NYK,997.0,-1.02,-0.44,-1.55,-0.44,-0.19,-0.63,-0.53,-0.23,-0.76,2019,225,287,188,165
1628373,Frank Ntilikina,NYK,797.0,0.03,-0.87,-1.29,-0.23,-1.12,-1.35,-1.33,-5.11,-6.44,2019,305,219,346,393
1713,Vince Carter,ATL,1149.0,-0.16,-0.48,0.22,-0.34,-0.39,-0.72,-1.09,-0.85,-1.94,2019,237,262,251,209
203145,Kent Bazemore,ATL,1452.0,-0.26,-0.67,-0.84,-0.2,-0.53,-0.73,-0.27,-0.74,-1.01,2019,239,209,280,176
203458,Alex Len,ATL,1392.0,-1.79,-0.68,-2.62,-1.62,-0.63,-2.24,-2.77,-1.09,-3.85,2019,359,386,291,323
1627752,Taurean Prince,ATL,1417.0,0.08,-0.22,-0.35,-0.02,-0.43,-0.45,-0.16,-1.03,-1.2,2019,202,149,260,181
1629027,Trae Young,ATL,2305.0,-1.0,-1.0,-1.0,-1.62,-1.4,-3.02,-1.82,-1.49,-3.3,2019,385,387,373,304
1627816,Alex Poythress,ATL,253.0,-1.36,-0.72,-2.22,-0.27,-0.13,-0.4,-2.86,-1.31,-4.17,2019,192,236,172,338
202391,Jeremy Lin,ATL,1244.0,-0.49,-0.39,-0.73,-0.32,-0.25,-0.57,-0.47,-0.36,-0.83,2019,214,253,203,169
1627761,DeAndre' Bembry,ATL,1642.0,-0.34,-1.54,-2.09,-0.54,-2.2,-2.74,-0.96,-3.75,-4.71,2019,377,305,397,364
1628995,Kevin Knox II,NYK,1939.0,-1.0,-1.0,-1.0,-1.14,-1.35,-2.49,-1.43,-1.8,-3.22,2019,370,368,365,299
1629011,Mitchell Robinson,NYK,1205.0,-1.0,-1.0,-1.0,-0.78,-0.67,-1.45,-1.53,-1.12,-2.65,2019,315,329,298,270
203943,Noah Vonleh,NYK,1550.0,-1.25,-1.32,-2.84,-1.34,-1.41,-2.75,-2.19,-2.3,-4.48,2019,378,378,374,354
1628416,Tyler Dorsey,MEM,625.0,-0.84,-1.68,-2.85,-0.41,-0.78,-1.18,-1.63,-3.03,-4.66,2019,290,276,310,361
1626209,Mario Hezonja,NYK,1094.0,-0.35,-1.8,-2.42,-0.29,-1.32,-1.62,-0.73,-2.92,-3.65,2019,331,240,364,320
1629019,Allonzo Trier,NYK,1289.0,-1.0,-1.0,-1.0,-0.77,-0.8,-1.57,-1.32,-1.4,-2.72,2019,323,327,314,274
1629016,Omari Spellman,ATL,704.0,-1.0,-1.0,-1.0,-0.41,-0.37,-0.78,-1.24,-1.02,-2.26,2019,246,277,241,240
1628989,Kevin Huerter,ATL,1906.0,-1.0,-1.0,-1.0,-1.22,-1.22,-2.45,-1.61,-1.61,-3.22,2019,366,370,352,300
200768,Kyle Lowry,TOR,2027.0,3.09,2.33,5.68,4.4,3.33,7.73,5.67,4.29,9.96,2019,15,18,9,14
201980,Danny Green,TOR,2060.0,-0.14,-0.15,-0.08,-0.07,-0.09,-0.16,-0.05,-0.07,-0.11,2019,161,161,161,141
202685,Jonas Valanciunas,TOR,983.0,-0.63,-0.76,-1.48,-0.06,-0.08,-0.14,0.59,0.69,1.28,2019,157,158,157,90
202695,Kawhi Leonard,TOR,1860.0,5.62,3.1,8.69,7.54,4.07,11.61,10.66,5.73,16.39,2019,5,5,3,1
1627783,Pascal Siakam,TOR,2369.0,0.33,0.31,0.42,0.52,0.45,0.97,0.56,0.48,1.04,2019,81,78,79,100
201567,Kevin Love,CLE,538.0,1.32,0.4,1.87,0.66,0.22,0.88,3.58,1.28,4.86,2019,85,70,99,36
201588,George Hill,MIL,1126.0,0.64,-0.0,0.9,0.48,0.04,0.52,0.97,0.15,1.12,2019,100,84,135,97
202684,Tristan Thompson,CLE,1108.0,-1.32,-0.37,-1.72,-0.92,-0.26,-1.18,-1.89,-0.53,-2.42,2019,291,350,206,247
203918,Rodney Hood,CLE,1743.0,-1.39,-0.34,-1.82,-1.3,-0.32,-1.62,-1.7,-0.42,-2.12,2019,332,376,228,224
1626224,Cedi Osman,CLE,2203.0,-1.45,-0.27,-1.99,-2.44,-0.51,-2.94,-2.92,-0.63,-3.55,2019,384,397,276,316
1628384,OG Anunoby,TOR,1185.0,0.37,0.31,0.29,0.18,0.1,0.27,0.17,-0.05,0.12,2019,116,103,119,135
2594,Kyle Korver,UTA,1169.0,-0.46,-0.39,-0.29,-0.39,-0.37,-0.76,-0.83,-0.88,-1.7,2019,244,272,242,198
1627790,Ante Zizic,CLE,984.0,-0.32,0.1,-0.55,-0.11,0.05,-0.06,-0.04,0.09,0.05,2019,145,177,133,138
201586,Serge Ibaka,TOR,1831.0,0.23,0.26,0.57,0.17,0.19,0.36,0.19,0.21,0.4,2019,108,106,103,120
1627832,Fred VanVleet,TOR,1584.0,1.98,1.49,3.26,1.89,1.41,3.3,2.83,2.11,4.94,2019,33,32,37,35
1629012,Collin Sexton,CLE,2320.0,-1.0,-1.0,-1.0,-1.54,-1.52,-3.05,-1.67,-1.65,-3.32,2019,387,382,383,305
1626181,Norman Powell,TOR,988.0,-1.15,-1.5,-2.8,-0.65,-0.84,-1.49,-1.38,-1.8,-3.18,2019,316,319,322,296
203903,Jordan Clarkson,CLE,1942.0,-1.58,-0.4,-2.07,-2.04,-0.52,-2.56,-2.65,-0.69,-3.34,2019,371,391,278,308
1626155,Sam Dekker,WAS,705.0,-0.58,-0.17,-0.95,-0.36,-0.14,-0.5,-1.5,-0.66,-2.16,2019,207,269,176,227
101139,CJ Miles,TOR,757.0,-0.07,0.26,0.4,-0.01,0.1,0.09,0.02,0.23,0.25,2019,130,145,120,129
1628021,David Nwaba,CLE,872.0,-1.6,-0.44,-2.12,-1.07,-0.29,-1.36,-3.27,-0.92,-4.18,2019,306,361,214,339
101108,Chris Paul,HOU,1661.0,5.86,2.55,8.75,6.86,3.03,9.89,10.59,4.7,15.28,2019,8,7,11,5
200782,P.J. Tucker,HOU,2499.0,-0.49,-0.56,-0.72,-0.92,-1.09,-2.02,-0.97,-1.17,-2.14,2019,355,351,344,225
201935,James Harden,HOU,2552.0,4.3,1.33,5.71,8.99,2.75,11.73,9.5,2.9,12.4,2019,4,4,13,8
203516,James Ennis III,HOU,1150.0,-0.9,-0.86,-1.73,-0.66,-0.62,-1.28,-1.31,-1.22,-2.53,2019,301,321,289,261
203991,Clint Capela,HOU,1999.0,0.59,0.41,0.79,1.25,0.65,1.9,1.78,0.88,2.66,2019,58,43,66,65
201950,Jrue Holiday,NOP,2172.0,1.46,0.94,2.43,2.13,1.32,3.45,2.51,1.53,4.04,2019,30,31,40,43
202703,Nikola Mirotic,NOP,1125.0,2.0,1.07,3.04,1.31,0.69,2.0,2.46,1.29,3.75,2019,53,40,64,47
202734,E'Twaun Moore,NOP,1327.0,-0.94,-0.42,-1.28,-1.01,-0.43,-1.44,-2.14,-0.86,-3.0,2019,313,358,261,284
203076,Anthony Davis,NOP,1695.0,3.55,1.68,5.08,4.58,2.12,6.7,7.19,3.3,10.49,2019,19,16,20,12
203901,Elfrid Payton,NOP,1122.0,-0.3,-0.61,-1.12,-0.14,-0.29,-0.43,-0.13,-0.3,-0.43,2019,197,190,215,153
201569,Eric Gordon,HOU,1920.0,1.01,0.75,1.91,1.03,0.78,1.81,1.26,0.95,2.21,2019,60,51,59,70
203487,Michael Carter-Williams,ORL,339.0,-0.34,-1.19,-1.57,-0.09,-0.3,-0.38,-0.66,-2.34,-3.0,2019,184,168,217,285
203121,Darius Miller,NOP,1568.0,-0.79,-0.43,-1.19,-1.06,-0.55,-1.61,-1.89,-0.97,-2.87,2019,328,360,281,280
203944,Julius Randle,NOP,2008.0,-0.43,-0.06,-0.7,-0.62,-0.13,-0.75,-0.81,-0.18,-1.0,2019,242,313,173,175
203524,Solomon Hill,NOP,768.0,-0.32,-1.13,-1.48,-0.22,-0.79,-1.02,-0.87,-3.09,-3.96,2019,270,217,311,328
101123,Gerald Green,HOU,1279.0,-1.48,-1.51,-2.66,-1.21,-1.24,-2.46,-2.21,-2.26,-4.48,2019,367,369,356,355
1629109,Gary Clark,HOU,574.0,-1.0,-1.0,-1.0,-0.27,-0.35,-0.62,-0.78,-1.4,-2.18,2019,221,237,235,229
1626143,Jahlil Okafor,NOP,844.0,-3.57,-1.8,-5.64,-1.56,-0.79,-2.35,-3.35,-1.73,-5.08,2019,362,384,312,372
1627767,Cheick Diallo,NOP,784.0,-1.13,-0.85,-2.31,-0.52,-0.4,-0.91,-1.41,-1.1,-2.51,2019,254,301,256,260
1628402,Frank Jackson,NOP,1022.0,-1.0,-1.0,-1.0,-0.51,-0.68,-1.19,-0.85,-1.62,-2.47,2019,293,299,300,255
1629026,Kenrich Williams,NOP,972.0,-1.0,-1.0,-1.0,-0.49,-0.63,-1.13,-0.89,-1.54,-2.43,2019,287,295,292,248
200746,LaMarcus Aldridge,SAS,2383.0,1.7,0.75,2.77,3.0,1.3,4.3,3.27,1.41,4.69,2019,27,24,41,37
200752,Rudy Gay,SAS,1628.0,0.73,0.7,1.7,0.68,0.65,1.34,0.93,0.89,1.83,2019,70,69,67,82
201942,DeMar DeRozan,SAS,2366.0,0.87,0.55,1.51,1.85,1.19,3.04,2.14,1.39,3.53,2019,37,34,46,50
1627751,Jakob Poeltl,SAS,1137.0,0.21,0.24,0.19,0.06,0.11,0.18,-0.05,0.08,0.03,2019,123,129,117,139
1627854,Bryn Forbes,SAS,2047.0,-1.95,-0.89,-2.98,-3.03,-1.39,-4.42,-3.88,-1.79,-5.67,2019,401,402,371,381
201952,Jeff Teague,MIN,1153.0,-0.44,-0.46,-0.75,0.01,-0.17,-0.16,0.67,-0.03,0.64,2019,162,138,184,112
201959,Taj Gibson,MIN,1552.0,-0.46,-0.38,-0.51,-0.62,-0.38,-0.99,-1.13,-0.6,-1.73,2019,267,314,244,200
202710,Jimmy Butler,PHI,2008.0,4.15,1.48,5.72,6.81,2.43,9.25,8.9,3.18,12.08,2019,11,8,16,9
203952,Andrew Wiggins,MIN,2311.0,-0.12,-1.07,-1.45,-0.29,-1.86,-2.15,-0.36,-2.14,-2.5,2019,357,241,395,256
1626157,Karl-Anthony Towns,MIN,2333.0,2.54,1.38,3.64,4.52,2.28,6.81,5.17,2.56,7.73,2019,18,17,18,21
2200,Pau Gasol,SAS,311.0,-0.63,-0.63,-0.63,0.13,0.28,0.42,2.05,3.79,5.84,2019,104,118,97,29
201988,Patty Mills,SAS,1595.0,0.57,0.13,0.85,0.49,0.12,0.6,0.64,0.15,0.79,2019,97,82,116,105
201158,Marco Belinelli,SAS,1543.0,-2.2,-1.68,-3.61,-2.12,-1.61,-3.73,-3.19,-2.4,-5.59,2019,393,392,385,379
201565,Derrick Rose,MIN,1241.0,-3.52,-1.15,-4.52,-2.59,-0.82,-3.41,-4.61,-1.42,-6.03,2019,390,399,317,387
203476,Gorgui Dieng,MIN,925.0,0.2,0.24,0.53,0.03,0.06,0.09,-0.12,-0.06,-0.18,2019,131,134,129,146
1626145,Tyus Jones,MIN,1423.0,1.11,0.59,1.37,0.88,0.45,1.33,1.31,0.65,1.96,2019,71,59,80,77
201967,Dante Cunningham,SAS,846.0,-1.45,-1.25,-2.49,-0.85,-0.72,-1.57,-2.44,-2.04,-4.48,2019,324,336,304,356
201229,Anthony Tolliver,MIN,958.0,0.15,-0.01,0.47,0.03,-0.03,0.0,-0.07,-0.12,-0.2,2019,136,135,145,147
202722,Davis Bertans,SAS,1437.0,1.28,0.74,1.93,1.23,0.7,1.92,2.05,1.14,3.19,2019,57,44,62,54
202357,Nemanja Bjelica,SAC,1651.0,0.45,0.24,0.84,0.22,0.1,0.33,0.12,0.03,0.15,2019,111,101,121,134
1626161,Willie Cauley-Stein,SAC,2034.0,-0.04,0.02,-0.17,-0.13,-0.04,-0.17,-0.19,-0.08,-0.26,2019,164,184,147,150
1627741,Buddy Hield,SAC,2355.0,-0.04,0.04,-0.09,-0.11,0.04,-0.07,-0.14,0.03,-0.11,2019,146,178,136,142
1627812,Yogi Ferrell,SAC,960.0,0.4,0.31,0.57,-0.01,-0.04,-0.05,-0.66,-0.64,-1.29,2019,144,146,148,185
1628368,De'Aaron Fox,SAC,2259.0,-1.4,-0.92,-2.7,-2.6,-1.75,-4.35,-3.1,-2.11,-5.2,2019,399,400,391,373
201937,Ricky Rubio,UTA,1690.0,0.29,0.84,1.16,0.35,1.02,1.37,0.54,1.54,2.08,2019,69,95,56,74
202324,Derrick Favors,UTA,1642.0,0.73,0.55,1.26,0.97,0.72,1.69,1.58,1.17,2.75,2019,62,54,61,62
203497,Rudy Gobert,UTA,2273.0,3.71,2.29,5.91,5.81,3.58,9.38,6.48,3.99,10.47,2019,9,10,6,13
204060,Joe Ingles,UTA,2296.0,0.07,0.15,0.42,0.34,0.54,0.88,0.47,0.71,1.18,2019,86,96,71,95
1628378,Donovan Mitchell,UTA,2308.0,0.71,1.29,1.67,1.11,2.12,3.24,1.22,2.37,3.58,2019,34,49,21,49
1628382,Justin Jackson,SAC,1433.0,-1.07,-0.14,-1.48,-1.54,-0.32,-1.87,-3.27,-0.78,-4.05,2019,346,383,229,334
203109,Jae Crowder,UTA,1881.0,-0.12,-0.21,-0.3,-0.16,-0.31,-0.47,-0.22,-0.43,-0.65,2019,204,195,223,163
202697,Iman Shumpert,SAC,1332.0,-0.21,-0.63,-0.81,-0.3,-0.99,-1.29,-0.71,-2.42,-3.12,2019,302,245,335,291
202692,Alec Burks,CLE,1238.0,-0.53,-1.81,-2.37,-0.39,-1.35,-1.74,-0.68,-2.37,-3.05,2019,340,273,366,286
1628963,Marvin Bagley III,SAC,1387.0,-1.0,-1.0,-1.0,-0.89,-0.84,-1.73,-1.51,-1.34,-2.85,2019,338,343,323,279
203957,Dante Exum,UTA,575.0,-0.59,-2.12,-2.98,-0.24,-0.79,-1.03,-1.01,-3.22,-4.24,2019,271,226,313,343
1628385,Harry Giles III,SAC,724.0,-1.0,-1.0,-1.0,-0.33,-0.48,-0.82,-0.69,-1.61,-2.3,2019,247,259,270,241
1628412,Frank Mason III,SAC,380.0,-0.0,-0.41,-0.62,-0.07,-0.3,-0.37,-0.72,-2.61,-3.33,2019,182,162,218,307
1626220,Royce O'Neale,UTA,1451.0,0.65,1.61,2.11,0.47,1.14,1.61,0.57,1.36,1.93,2019,63,85,48,79
1627777,Georges Niang,UTA,424.0,-1.69,-1.59,-3.43,-0.54,-0.5,-1.04,-3.32,-3.07,-6.39,2019,272,306,273,392
101162,Marcin Gortat,LAC,714.0,-0.93,-1.05,-1.6,-0.34,-0.39,-0.73,-0.87,-1.05,-1.92,2019,240,263,252,206
201568,Danilo Gallinari,LAC,1815.0,1.59,0.36,2.11,1.82,0.43,2.25,2.52,0.61,3.13,2019,46,35,83,55
201976,Patrick Beverley,LAC,1864.0,0.94,0.49,1.58,1.02,0.55,1.57,1.34,0.72,2.06,2019,65,53,70,75
202340,Avery Bradley,LAC,1667.0,-0.19,-0.99,-1.16,-0.29,-1.3,-1.59,-0.5,-2.11,-2.61,2019,325,242,361,267
202699,Tobias Harris,LAC,2540.0,0.35,0.29,0.55,0.95,0.65,1.6,1.07,0.71,1.78,2019,64,56,68,83
200794,Paul Millsap,DEN,1737.0,0.81,0.63,1.76,1.12,0.89,2.01,1.72,1.38,3.1,2019,52,46,57,56
203115,Will Barton,DEN,1076.0,-0.17,-0.51,-0.65,-0.03,-0.07,-0.11,0.11,0.44,0.55,2019,154,151,156,114
203914,Gary Harris,DEN,1463.0,0.14,0.13,0.06,0.18,0.19,0.37,0.36,0.4,0.76,2019,107,104,104,107
203999,Nikola Jokic,DEN,2277.0,5.8,3.26,8.79,9.24,5.14,14.38,10.43,5.77,16.2,2019,1,2,2,2
1627750,Jamal Murray,DEN,2208.0,1.11,0.94,1.66,1.29,1.1,2.39,1.34,1.15,2.49,2019,43,41,51,67
1626149,Montrezl Harrell,LAC,1852.0,2.04,0.91,2.81,2.53,1.1,3.63,3.5,1.51,5.01,2019,29,26,52,34
101150,Lou Williams,LAC,1735.0,1.41,0.22,1.9,1.86,0.37,2.23,2.86,0.6,3.46,2019,47,33,88,51
1628983,Shai Gilgeous-Alexander,LAC,1964.0,-1.0,-1.0,-1.0,-1.22,-1.25,-2.47,-1.56,-1.61,-3.16,2019,369,371,358,294
1626168,Trey Lyles,DEN,977.0,-0.1,-0.98,-1.35,-0.06,-0.46,-0.52,-0.12,-0.74,-0.86,2019,211,159,267,170
1628420,Monte Morris,DEN,1729.0,0.06,0.19,-0.02,0.08,0.18,0.25,0.11,0.24,0.35,2019,117,122,105,122
203118,Mike Scott,LAC,1210.0,-1.11,-2.24,-3.19,-0.77,-1.6,-2.38,-1.37,-2.91,-4.28,2019,365,328,384,345
203486,Mason Plumlee,DEN,1544.0,-0.31,-0.34,-0.61,-0.02,-0.06,-0.09,0.26,0.19,0.45,2019,149,150,151,117
1627823,Juancho Hernangomez,DEN,1221.0,-1.1,-0.86,-2.23,-0.79,-0.62,-1.41,-1.37,-1.08,-2.44,2019,310,332,290,250
1627736,Malik Beasley,DEN,1695.0,-0.63,-0.18,-1.14,-1.12,-0.44,-1.56,-1.93,-0.81,-2.74,2019,321,367,262,276
1626246,Boban Marjanovic,LAC,613.0,2.4,0.99,3.55,0.94,0.38,1.32,3.66,1.48,5.14,2019,72,58,87,32
2772,Trevor Ariza,WAS,2134.0,-0.26,-0.32,-0.25,-0.23,-0.32,-0.55,-0.22,-0.33,-0.55,2019,213,220,230,160
201583,Ryan Anderson,PHO,291.0,-6.04,5.24,-0.65,-0.42,0.31,-0.1,-0.78,0.07,-0.71,2019,150,280,94,164
203477,Isaiah Canaan,PHO,566.0,-1.2,-1.11,-2.34,-0.5,-0.46,-0.97,-2.29,-2.12,-4.41,2019,262,297,268,351
1626164,Devin Booker,PHO,2020.0,-0.38,0.12,-0.59,-0.65,0.08,-0.57,-0.86,0.06,-0.8,2019,215,320,124,167
1629028,Deandre Ayton,PHO,1980.0,-1.0,-1.0,-1.0,-1.4,-1.22,-2.62,-1.81,-1.51,-3.32,2019,375,379,353,306
201599,DeAndre Jordan,DAL,1887.0,1.05,0.31,1.51,1.52,0.51,2.03,2.16,0.75,2.92,2019,51,36,72,58
202083,Wesley Matthews,DAL,1927.0,-0.84,-1.25,-1.82,-1.0,-1.46,-2.46,-1.32,-1.9,-3.23,2019,368,356,378,301
1627827,Dorian Finney-Smith,DAL,1787.0,-0.8,-1.28,-2.24,-1.09,-1.71,-2.8,-1.64,-2.57,-4.21,2019,379,364,387,341
1628372,Dennis Smith Jr.,DAL,1400.0,-0.18,-1.48,-2.06,-0.25,-1.42,-1.67,-0.55,-2.63,-3.18,2019,334,231,375,297
1629029,Luka Doncic,DAL,2113.0,-1.0,-1.0,-1.0,-1.26,-1.3,-2.56,-1.49,-1.55,-3.05,2019,372,374,362,287
203933,T.J. Warren,PHO,1223.0,-0.69,-0.1,-0.93,-0.54,-0.1,-0.64,-1.01,-0.21,-1.22,2019,227,307,165,182
1628367,Josh Jackson,PHO,1800.0,-0.65,-3.04,-4.08,-0.93,-4.0,-4.93,-1.37,-5.77,-7.13,2019,402,353,403,399
2734,Devin Harris,DAL,986.0,-0.61,-0.67,-0.84,-0.41,-0.5,-0.91,-1.09,-1.42,-2.5,2019,255,278,274,257
2199,Tyson Chandler,LAL,784.0,-0.87,-0.85,-1.21,-0.5,-0.47,-0.97,-1.52,-1.42,-2.94,2019,263,298,269,281
200826,J.J. Barea,DAL,668.0,-0.42,-0.43,-0.45,-0.06,-0.04,-0.1,0.14,0.23,0.37,2019,151,160,149,121
1629059,Elie Okobo,PHO,858.0,-1.0,-1.0,-1.0,-0.42,-0.59,-1.01,-0.78,-1.65,-2.44,2019,268,281,286,251
1628467,Maxi Kleber,DAL,1296.0,0.26,0.26,0.49,0.06,0.06,0.12,-0.11,-0.12,-0.23,2019,126,130,130,148
1629151,Ryan Broekhoff,DAL,386.0,-1.0,-1.0,-1.0,-0.21,-0.16,-0.36,-1.21,-0.71,-1.92,2019,180,211,180,207
203939,Dwight Powell,DAL,1503.0,0.43,0.13,0.53,0.58,0.17,0.75,1.13,0.34,1.46,2019,89,73,107,88
1628973,Jalen Brunson,DAL,1388.0,-1.0,-1.0,-1.0,-0.84,-0.76,-1.6,-1.44,-1.19,-2.63,2019,326,334,307,268
203584,Troy Daniels,PHO,674.0,-1.72,-0.8,-2.55,-0.78,-0.36,-1.14,-2.78,-1.27,-4.06,2019,288,330,238,335
203200,Justin Holiday,CHI,2368.0,-0.1,-0.14,-0.15,-0.25,-0.63,-0.88,-0.31,-0.83,-1.14,2019,252,232,293,179
203897,Zach LaVine,CHI,1964.0,-1.67,-0.9,-2.85,-1.81,-0.99,-2.8,-2.26,-1.24,-3.5,2019,380,390,336,313
1626166,Cameron Payne,CHI,649.0,-0.96,-0.36,-1.52,-0.45,-0.19,-0.64,-1.88,-0.84,-2.72,2019,228,290,189,275
1626171,Bobby Portis,WAS,1198.0,0.0,-0.06,-0.33,-0.05,-0.09,-0.14,-0.18,-0.26,-0.45,2019,158,155,162,155
1628976,Wendell Carter Jr.,CHI,1035.0,-1.0,-1.0,-1.0,-0.53,-0.59,-1.12,-1.01,-1.29,-2.31,2019,285,304,287,242
1628469,Antonio Blakeney,CHI,754.0,-0.4,-1.74,-2.47,-0.26,-0.99,-1.25,-1.01,-3.69,-4.7,2019,298,233,337,363
201577,Robin Lopez,CHI,1430.0,-0.13,-0.15,-0.13,-0.52,-0.24,-0.76,-1.42,-0.54,-1.95,2019,245,302,199,212
1627853,Ryan Arcidiacono,CHI,1759.0,-1.91,-0.48,-2.6,-2.24,-0.59,-2.83,-3.32,-0.88,-4.2,2019,382,395,288,340
203953,Jabari Parker,CHI,1559.0,-0.2,-1.3,-1.77,-0.17,-1.06,-1.24,-0.26,-1.51,-1.77,2019,297,199,340,201
1628990,Chandler Hutchison,CHI,812.0,-1.0,-1.0,-1.0,-0.35,-0.5,-0.85,-0.67,-1.47,-2.15,2019,250,266,275,226
101133,Ian Mahinmi,WAS,445.0,-0.85,-0.8,-1.38,-0.32,-0.3,-0.62,-2.06,-1.9,-3.96,2019,222,254,219,329
202322,John Wall,WAS,1006.0,1.29,1.66,2.98,1.03,1.33,2.35,2.85,3.67,6.52,2019,44,52,39,26
202693,Markieff Morris,WAS,1183.0,-0.64,-1.0,-1.55,-0.54,-0.87,-1.41,-1.18,-1.94,-3.12,2019,311,308,327,292
203078,Bradley Beal,WAS,2747.0,1.73,0.72,2.3,3.48,1.34,4.82,3.33,1.26,4.58,2019,24,19,38,39
203490,Otto Porter Jr.,WAS,1543.0,1.92,1.19,2.96,2.18,1.24,3.41,3.73,2.01,5.75,2019,31,29,45,30
1626162,Kelly Oubre Jr.,PHO,1712.0,-0.61,-1.07,-1.95,-0.88,-1.47,-2.35,-1.4,-2.29,-3.69,2019,363,340,379,321
201145,Jeff Green,WAS,1893.0,-2.5,-0.94,-3.17,-3.22,-1.14,-4.36,-4.39,-1.53,-5.91,2019,400,403,347,383
203085,Austin Rivers,HOU,1766.0,-1.28,-0.87,-2.24,-1.57,-1.07,-2.64,-2.28,-1.55,-3.84,2019,376,385,341,322
203107,Tomas Satoransky,WAS,1974.0,0.41,0.07,0.45,0.51,0.09,0.6,0.64,0.12,0.76,2019,98,79,123,108
203895,Jordan McRae,WAS,281.0,-1.3,-0.84,-2.26,-0.29,-0.18,-0.46,-2.73,-1.68,-4.41,2019,203,243,186,352
202329,Al-Farouq Aminu,POR,2107.0,0.48,0.41,0.92,0.55,0.47,1.01,0.6,0.51,1.11,2019,79,74,75,98
203081,Damian Lillard,POR,2579.0,5.18,1.48,6.69,9.9,2.83,12.72,9.96,2.84,12.8,2019,2,1,12,7
203468,CJ McCollum,POR,2180.0,0.52,0.24,0.73,1.07,0.47,1.54,1.36,0.58,1.95,2019,67,50,76,78
203994,Jusuf Nurkic,POR,1824.0,0.43,0.36,0.58,0.36,0.32,0.68,0.42,0.38,0.8,2019,92,94,92,104
1627774,Jake Layman,POR,1215.0,-2.41,-1.4,-4.03,-2.13,-1.24,-3.37,-4.41,-2.56,-6.97,2019,389,393,357,398
2544,LeBron James,LAL,1737.0,4.65,2.8,7.84,6.72,3.85,10.56,10.24,5.77,16.01,2019,7,9,4,3
200765,Rajon Rondo,LAL,1195.0,-0.72,-2.22,-2.67,-0.46,-1.44,-1.9,-0.64,-2.02,-2.66,2019,347,292,377,271
201580,JaVale McGee,LAL,1526.0,0.32,0.27,0.79,0.39,0.33,0.72,0.67,0.58,1.24,2019,91,91,91,92
203484,Kentavious Caldwell-Pope,LAL,1793.0,0.13,0.14,0.12,0.16,0.16,0.32,0.22,0.22,0.44,2019,112,112,109,119
1627742,Brandon Ingram,LAL,1571.0,-0.43,-1.3,-2.11,-0.64,-1.71,-2.35,-1.16,-2.9,-4.06,2019,364,317,388,336
203090,Maurice Harkless,POR,1329.0,0.13,0.11,0.08,0.12,0.11,0.24,0.23,0.23,0.46,2019,120,120,118,116
1628398,Kyle Kuzma,LAL,2025.0,-0.02,-0.15,-0.45,-0.11,-0.3,-0.41,-0.17,-0.41,-0.58,2019,193,179,220,161
202323,Evan Turner,POR,1439.0,-1.2,-2.9,-3.94,-1.08,-2.67,-3.75,-1.7,-4.28,-5.98,2019,394,362,401,384
1628380,Zach Collins,POR,1210.0,-0.94,-0.92,-2.25,-1.09,-1.08,-2.17,-2.72,-2.69,-5.41,2019,358,365,343,376
1628404,Josh Hart,LAL,1471.0,0.22,0.09,0.04,0.17,0.08,0.25,0.23,0.11,0.33,2019,118,107,125,125
203086,Meyers Leonard,POR,794.0,-1.32,-0.49,-1.89,-0.79,-0.3,-1.1,-2.61,-1.01,-3.62,2019,279,333,221,318
203552,Seth Curry,POR,1253.0,0.77,0.43,1.2,0.63,0.36,0.99,1.18,0.66,1.84,2019,80,72,89,81
1628366,Lonzo Ball,LAL,1279.0,-0.23,-0.73,-0.96,-0.23,-0.77,-1.01,-0.47,-1.61,-2.08,2019,269,221,309,221
203917,Nik Stauskas,POR,918.0,-1.55,-1.17,-2.87,-1.09,-0.83,-1.92,-3.11,-2.38,-5.49,2019,349,366,319,378
202362,Lance Stephenson,LAL,959.0,-0.66,-2.14,-2.77,-0.43,-1.42,-1.85,-0.99,-3.4,-4.39,2019,344,285,376,350
1628411,Wes Iwundu,ORL,1090.0,-0.89,-2.35,-3.45,-0.72,-1.86,-2.58,-1.76,-4.51,-6.26,2019,373,325,396,390
1626185,Jarell Martin,ORL,303.0,-0.25,-1.79,-2.25,-0.14,-0.56,-0.7,-1.51,-5.42,-6.93,2019,235,191,284,397
203920,Khem Birch,ORL,578.0,0.73,0.45,1.09,0.01,0.02,0.03,-0.77,-0.38,-1.15,2019,132,139,137,180
1628515,Isaiah Briscoe,ORL,493.0,-1.0,-1.0,-1.0,-0.19,-0.31,-0.5,-0.55,-1.52,-2.07,2019,208,206,224,218
1626163,Frank Kaminsky,CHO,646.0,-0.92,-0.24,-1.3,-0.32,-0.09,-0.41,-0.93,-0.3,-1.23,2019,194,255,163,183
1628407,Dwayne Bacon,CHO,644.0,-2.9,-0.86,-4.03,-1.32,-0.39,-1.71,-5.12,-1.53,-6.65,2019,336,377,253,394
202687,Bismack Biyombo,CHO,736.0,-2.43,-1.48,-4.0,-1.03,-0.63,-1.65,-2.85,-1.75,-4.6,2019,333,359,294,360
203459,Allen Crabbe,BRK,993.0,0.12,0.25,0.28,-0.01,-0.1,-0.11,-0.21,-0.84,-1.05,2019,155,147,166,177
201956,Omri Casspi,MEM,457.0,-0.43,-0.45,-0.74,-0.18,-0.2,-0.38,-1.11,-1.2,-2.31,2019,185,203,191,243
203546,Ian Clark,NOP,863.0,-0.81,-2.72,-3.56,-0.44,-1.51,-1.95,-1.17,-4.1,-5.27,2019,351,288,381,375
203521,Matthew Dellavedova,CLE,715.0,-0.18,-3.03,-3.18,-0.35,-1.37,-1.71,-1.92,-4.38,-6.3,2019,337,267,367,391
1626192,Pat Connaughton,MIL,1074.0,-0.17,-0.14,-0.41,-0.39,-0.33,-0.72,-1.38,-1.21,-2.59,2019,238,274,232,265
1628425,Sterling Brown,MIL,901.0,-0.32,-0.74,-1.34,-0.37,-0.74,-1.11,-1.39,-2.63,-4.02,2019,280,271,306,333
1628035,Alfonzo McKinnie,GSW,874.0,-0.84,-0.59,-1.52,-0.51,-0.36,-0.86,-1.44,-1.0,-2.44,2019,251,300,239,252
202327,Ekpe Udoh,UTA,259.0,0.83,0.58,1.62,0.19,0.14,0.32,2.01,1.44,3.44,2019,113,102,111,52
202702,Kenneth Faried,HOU,661.0,-0.92,-0.4,-1.23,-0.29,-0.12,-0.41,-0.71,-0.27,-0.98,2019,195,244,171,174
1628422,Damyean Dotson,NYK,1807.0,-0.53,-0.66,-1.4,-0.78,-0.95,-1.73,-1.16,-1.41,-2.56,2019,339,331,331,264
203493,Reggie Bullock,DET,1710.0,0.27,0.46,0.7,0.29,0.49,0.78,0.42,0.73,1.15,2019,88,98,74,96
1626169,Stanley Johnson,DET,1081.0,-0.3,-1.79,-2.42,-0.3,-1.38,-1.68,-0.86,-3.47,-4.34,2019,335,246,370,347
101181,Jose Calderon,DET,573.0,-0.74,-1.96,-2.13,-0.23,-0.69,-0.92,-0.88,-2.98,-3.86,2019,256,222,302,326
1629006,Josh Okogie,MIN,1638.0,-1.0,-1.0,-1.0,-0.91,-1.11,-2.01,-1.25,-1.71,-2.97,2019,354,348,345,282
2037,Jamal Crawford,PHO,1050.0,-3.35,-1.9,-4.63,-2.17,-1.17,-3.35,-4.49,-2.27,-6.75,2019,388,394,349,395
1628969,Mikal Bridges,PHO,2149.0,-1.0,-1.0,-1.0,-1.48,-1.39,-2.87,-1.75,-1.61,-3.36,2019,383,380,372,310
1626158,Richaun Holmes,PHO,1049.0,0.79,0.37,1.01,0.51,0.22,0.73,1.06,0.41,1.47,2019,90,80,100,87
1628470,Torrey Craig,DEN,1364.0,-1.9,-2.11,-3.98,-1.66,-1.84,-3.5,-2.83,-3.15,-5.98,2019,392,388,393,385
1627733,Dragan Bender,PHO,765.0,-0.29,-1.81,-2.49,-0.28,-1.25,-1.54,-1.26,-4.77,-6.03,2019,319,238,359,388
1626204,Larry Nance Jr.,CLE,1622.0,0.68,0.36,0.95,0.81,0.41,1.21,1.29,0.63,1.93,2019,76,63,85,80
201566,Russell Westbrook,OKC,2377.0,1.63,4.24,6.02,3.21,8.26,11.47,3.62,9.29,12.91,2019,6,22,1,6
202328,Greg Monroe,TOR,426.0,0.32,0.07,0.42,0.31,0.08,0.39,2.52,0.71,3.23,2019,106,97,126,53
1628984,Devonte' Graham,CHO,615.0,-1.0,-1.0,-1.0,-0.32,-0.36,-0.68,-0.98,-1.26,-2.24,2019,231,256,240,236
1627739,Kris Dunn,CHI,1296.0,-0.34,-1.61,-2.17,-0.3,-1.3,-1.61,-0.61,-2.47,-3.09,2019,329,247,363,289
1628960,Grayson Allen,UTA,359.0,-1.0,-1.0,-1.0,-0.13,-0.23,-0.37,-0.52,-1.59,-2.11,2019,183,185,197,223
1629001,De'Anthony Melton,PHO,933.0,-1.0,-1.0,-1.0,-0.47,-0.64,-1.12,-0.83,-1.67,-2.5,2019,286,293,295,258
1627814,Damion Lee,GSW,319.0,-0.56,-0.68,-1.33,-0.15,-0.18,-0.33,-1.25,-1.54,-2.79,2019,175,194,187,278
1629004,Svi Mykhailiuk,LAL,394.0,-1.0,-1.0,-1.0,-0.16,-0.27,-0.43,-0.57,-1.68,-2.25,2019,198,196,208,238
1627826,Ivica Zubac,LAC,916.0,-0.3,-0.25,-0.94,-0.3,-0.27,-0.57,-1.08,-0.98,-2.06,2019,216,248,209,217
1629140,Johnathan Williams,LAL,326.0,-1.0,-1.0,-1.0,-0.21,-0.13,-0.35,-1.55,-0.66,-2.22,2019,178,212,174,234
203488,Mike Muscala,PHI,1178.0,0.19,0.19,0.35,0.17,0.18,0.35,0.38,0.39,0.77,2019,109,108,106,106
1627820,Tyrone Wallace,LAC,544.0,-0.58,-2.12,-2.91,-0.23,-0.82,-1.05,-1.1,-3.9,-5.0,2019,273,223,318,371
203473,Dewayne Dedmon,ATL,1489.0,0.08,0.05,0.21,0.07,0.05,0.12,0.11,0.08,0.19,2019,127,125,134,130
1626178,Rondae Hollis-Jefferson,BRK,1067.0,0.03,-0.41,-0.59,0.0,-0.24,-0.24,-0.03,-0.42,-0.45,2019,168,143,200,156
203894,Shabazz Napier,BRK,841.0,0.46,0.43,0.86,0.15,0.14,0.29,0.14,0.13,0.27,2019,115,115,112,128
1628436,Luke Kornet,NYK,726.0,0.08,0.07,-0.11,0.01,0.0,0.01,-0.06,-0.07,-0.14,2019,135,140,141,143
1626153,Delon Wright,TOR,1504.0,1.39,1.59,2.89,1.42,1.63,3.05,2.39,2.76,5.16,2019,35,37,32,31
1626245,Cristiano Felicio,CHI,686.0,-2.49,-1.02,-3.6,-0.92,-0.38,-1.3,-2.92,-1.18,-4.1,2019,303,352,245,337
1628418,Thomas Bryant,WAS,1392.0,-0.88,-0.04,-1.31,-0.86,-0.1,-0.96,-1.59,-0.27,-1.86,2019,259,338,167,205
1628972,Troy Brown Jr.,WAS,663.0,-1.0,-1.0,-1.0,-0.32,-0.39,-0.71,-0.85,-1.33,-2.18,2019,236,257,254,230
101112,Channing Frye,CLE,296.0,0.1,-0.19,0.37,-0.0,-0.02,-0.02,-0.1,-0.06,-0.16,2019,140,144,144,145
1627885,Shaquille Harrison,CHI,1255.0,0.4,0.92,1.17,0.17,0.34,0.51,0.11,0.05,0.16,2019,101,109,90,132
203084,Harrison Barnes,DAL,2290.0,-0.59,-0.2,-0.88,-0.9,-0.31,-1.21,-1.01,-0.36,-1.37,2019,295,346,225,188
1629010,Jerome Robinson,LAC,275.0,-1.0,-1.0,-1.0,-0.09,-0.17,-0.26,-0.47,-1.5,-1.96,2019,170,169,185,213
2736,Luol Deng,MIN,338.0,0.09,-0.09,0.33,-0.09,-0.06,-0.16,-1.09,-0.61,-1.71,2019,163,170,152,199
1627748,Thon Maker,DET,884.0,-0.47,-1.77,-2.64,-0.33,-1.07,-1.4,-1.09,-3.16,-4.26,2019,309,260,342,344
1628966,Keita Bates-Diop,MIN,439.0,-1.0,-1.0,-1.0,-0.17,-0.27,-0.44,-0.53,-1.51,-2.04,2019,201,200,210,215
202325,Wesley Johnson,NOP,481.0,-0.22,-0.26,-0.27,-0.08,-0.21,-0.29,-0.44,-1.48,-1.92,2019,173,164,194,208
1627786,Troy Williams,SAC,275.0,-0.32,-1.0,-1.53,-0.09,-0.25,-0.34,-0.95,-2.57,-3.52,2019,177,171,204,315
202720,Jon Leuer,DET,355.0,-0.42,-0.47,-0.8,-0.07,-0.08,-0.15,-0.42,-0.48,-0.9,2019,160,163,158,171
204025,Tim Frazier,NOP,1010.0,-0.82,-0.43,-1.23,-0.74,-0.38,-1.11,-2.17,-1.08,-3.25,2019,281,326,246,302
1626159,Justise Winslow,MIA,1737.0,0.3,0.24,0.21,0.15,-0.25,-0.1,0.1,-0.68,-0.58,2019,152,116,205,162
1628397,Ivan Rabb,MEM,624.0,-0.48,-0.25,-1.12,-0.31,-0.2,-0.51,-1.49,-1.01,-2.5,2019,209,251,192,259
1627846,Abdel Nader,OKC,621.0,-1.14,-3.54,-4.83,-0.45,-1.5,-1.95,-1.67,-5.8,-7.47,2019,352,291,380,401
1627789,Timothe Luwawu-Cabarrot,CHI,590.0,-0.21,-1.25,-1.73,-0.21,-0.85,-1.06,-1.3,-4.71,-6.01,2019,274,213,325,386
1629121,Jaylen Adams,ATL,364.0,-1.0,-1.0,-1.0,-0.13,-0.23,-0.36,-0.51,-1.54,-2.05,2019,181,186,198,216
201585,Kosta Koufos,SAC,423.0,-0.61,-1.81,-2.32,-0.14,-0.45,-0.59,-0.7,-2.43,-3.12,2019,218,192,264,293
1627737,Marquese Chriss,CLE,451.0,-0.47,-1.14,-2.0,-0.21,-0.41,-0.62,-1.35,-2.51,-3.85,2019,223,214,257,324
1626144,Emmanuel Mudiay,NYK,1425.0,-1.06,-4.35,-5.73,-1.0,-3.96,-4.96,-1.7,-6.58,-8.29,2019,403,357,402,403
201163,Wilson Chandler,PHI,1072.0,-1.2,-1.56,-2.55,-0.9,-1.2,-2.1,-1.94,-2.62,-4.56,2019,356,347,351,358
201961,Wayne Ellington,DET,1190.0,-0.93,-0.73,-1.45,-0.62,-0.48,-1.09,-1.13,-0.85,-1.99,2019,276,315,271,214
200757,Thabo Sefolosha,UTA,514.0,-0.14,-0.03,0.22,0.03,0.08,0.11,0.43,0.66,1.09,2019,128,136,127,99
1626257,Salah Mejri,DAL,350.0,0.48,0.55,1.3,0.01,0.01,0.02,-0.26,-0.28,-0.54,2019,134,141,139,159
1628401,Derrick White,SAS,1566.0,0.52,0.53,0.83,0.45,0.46,0.91,0.61,0.62,1.24,2019,84,87,78,93
203992,Bogdan Bogdanovic,SAC,1722.0,-0.68,-0.68,-1.45,-0.88,-0.88,-1.76,-1.34,-1.33,-2.67,2019,341,341,328,273
201960,DeMarre Carroll,BRK,1501.0,0.15,0.14,0.57,0.08,0.08,0.16,0.05,0.05,0.1,2019,124,123,128,136
1628414,Sindarius Thornwell,LAC,260.0,-0.49,-1.83,-2.52,-0.08,-0.3,-0.38,-0.8,-2.83,-3.62,2019,186,165,222,319
1628381,John Collins,ATL,1674.0,-0.41,0.14,-0.66,-0.34,0.13,-0.21,-0.42,0.18,-0.25,2019,166,264,115,149
1629021,Moritz Wagner,LAL,392.0,-1.0,-1.0,-1.0,-0.16,-0.27,-0.43,-0.57,-1.68,-2.25,2019,199,197,211,239
201949,James Johnson,MIA,1046.0,0.19,1.13,1.53,0.18,0.88,1.06,0.53,2.15,2.68,2019,77,105,58,64
203526,Raul Neto,UTA,422.0,0.31,0.33,0.54,-0.09,-0.1,-0.2,-1.15,-1.28,-2.43,2019,165,172,168,249
1626147,Justin Anderson,ATL,422.0,-0.41,-1.63,-2.19,-0.08,-0.31,-0.39,-0.36,-1.29,-1.64,2019,189,166,226,195
1627863,Danuel House Jr.,HOU,853.0,0.34,0.24,0.43,-0.12,-0.01,-0.14,-1.15,-0.41,-1.56,2019,159,181,142,192
1628374,Lauri Markkanen,CHI,1537.0,0.3,0.29,0.2,0.23,0.22,0.45,0.31,0.31,0.62,2019,102,100,101,113
2403,Nene,HOU,463.0,0.25,0.03,0.79,-0.03,-0.04,-0.08,-0.54,-0.4,-0.94,2019,147,152,150,173
201584,Courtney Lee,DAL,395.0,-0.66,-1.46,-1.79,-0.1,-0.28,-0.38,-0.45,-1.49,-1.94,2019,187,174,213,210
1628417,Jaron Blossomgame,CLE,384.0,-1.0,-1.0,-1.0,-0.23,-0.16,-0.39,-1.38,-0.69,-2.07,2019,190,224,181,219
201149,Joakim Noah,MEM,625.0,-0.54,-0.56,-0.78,-0.18,-0.19,-0.38,-0.52,-0.56,-1.08,2019,188,204,190,178
1628391,D.J. Wilson,MIL,755.0,-0.14,-0.94,-1.41,-0.1,-0.48,-0.57,-0.36,-1.46,-1.82,2019,217,175,272,203
202688,Brandon Knight,CLE,691.0,-2.26,-0.61,-2.98,-0.87,-0.24,-1.11,-2.55,-0.71,-3.25,2019,282,339,201,303
1717,Dirk Nowitzki,DAL,726.0,-0.56,1.9,2.09,-0.08,0.7,0.61,0.19,1.86,2.05,2019,95,167,63,76
1628975,Jevon Carter,MEM,528.0,-1.0,-1.0,-1.0,-0.24,-0.38,-0.62,-0.65,-1.73,-2.38,2019,224,227,247,245
1626184,Chasson Randle,WAS,661.0,-0.62,-0.16,-1.14,-0.31,-0.11,-0.42,-1.26,-0.54,-1.8,2019,196,252,170,202
201573,Jerryd Bayless,MIN,584.0,-1.12,-3.27,-4.24,-0.32,-0.99,-1.3,-0.99,-3.34,-4.33,2019,304,258,338,346
1627936,Alex Caruso,LAL,469.0,-0.83,-0.93,-1.97,-0.34,-0.38,-0.73,-2.01,-2.22,-4.23,2019,241,265,248,342
1627775,Patrick McCaw,TOR,350.0,-1.68,-3.87,-5.82,-0.28,-0.64,-0.92,-1.66,-3.78,-5.44,2019,257,239,296,377
203079,Dion Waiters,MIA,1014.0,-0.21,-0.78,-1.02,-0.24,-0.85,-1.09,-0.76,-2.71,-3.47,2019,277,228,326,312
201147,Corey Brewer,SAC,464.0,-0.91,-2.4,-3.04,-0.24,-0.72,-0.96,-1.09,-3.75,-4.84,2019,260,229,305,365
202326,DeMarcus Cousins,GSW,737.0,1.55,2.37,3.95,0.96,1.46,2.41,3.64,5.58,9.22,2019,42,55,35,18
203998,Bruno Caboclo,MEM,719.0,-0.61,-1.18,-2.07,-0.43,-0.8,-1.22,-1.71,-3.14,-4.85,2019,296,286,315,366
1628443,Kadeem Allen,NYK,376.0,-1.64,-0.65,-2.38,-0.52,-0.16,-0.69,-3.85,-1.11,-4.96,2019,234,303,182,370
203098,John Jenkins,NYK,301.0,-1.39,-0.45,-1.96,-0.33,-0.1,-0.43,-3.0,-0.85,-3.85,2019,200,261,169,325
200768,Kyle Lowry,TOR,1910.0,3.26,2.27,5.86,4.58,3.21,7.79,6.1,4.29,10.39,2020,10,13,7,16
201188,Marc Gasol,TOR,1087.0,0.62,2.14,3.21,0.6,1.83,2.43,1.56,4.28,5.84,2020,41,81,26,31
1627783,Pascal Siakam,TOR,1936.0,0.89,2.38,3.12,1.27,3.19,4.46,1.67,4.11,5.78,2020,22,49,8,32
1627832,Fred VanVleet,TOR,1748.0,1.47,1.21,2.54,1.71,1.45,3.15,2.36,2.03,4.39,2020,32,36,30,43
1628384,OG Anunoby,TOR,1917.0,-0.67,-1.26,-2.26,-0.96,-1.75,-2.71,-1.28,-2.31,-3.59,2020,360,330,372,290
200755,JJ Redick,NOP,1412.0,-0.29,-0.38,-0.23,-0.22,-0.29,-0.51,-0.29,-0.37,-0.66,2020,198,207,208,149
201950,Jrue Holiday,NOP,1945.0,3.68,3.23,7.0,4.6,4.03,8.64,5.8,5.08,10.88,2020,8,11,5,12
202324,Derrick Favors,NOP,1147.0,0.61,0.5,1.14,0.76,0.52,1.28,2.09,1.29,3.37,2020,77,66,79,54
1627742,Brandon Ingram,NOP,1930.0,-0.85,-0.27,-1.45,-1.49,-0.57,-2.06,-2.1,-0.84,-2.94,2020,324,365,260,256
1628366,Lonzo Ball,NOP,1855.0,0.07,-0.53,-0.78,0.07,-0.59,-0.52,0.08,-0.77,-0.68,2020,201,127,263,150
201586,Serge Ibaka,TOR,1316.0,-0.04,0.07,0.19,-0.04,0.02,-0.02,-0.08,-0.04,-0.12,2020,139,149,132,138
1626181,Norman Powell,TOR,1327.0,-2.07,-1.91,-4.07,-1.69,-1.56,-3.26,-2.62,-2.42,-5.04,2020,373,373,363,337
202734,E'Twaun Moore,NOP,947.0,-0.81,-1.52,-2.17,-0.55,-1.08,-1.63,-1.4,-2.87,-4.27,2020,296,279,327,313
1626143,Jahlil Okafor,NOP,434.0,-2.61,-1.0,-3.82,-0.58,-0.23,-0.81,-2.53,-1.01,-3.55,2020,231,282,189,287
1628404,Josh Hart,NOP,1538.0,0.75,1.03,1.57,0.52,0.73,1.25,0.52,0.75,1.27,2020,78,87,56,103
1629026,Kenrich Williams,NOP,769.0,0.15,0.14,0.14,-0.05,-0.31,-0.36,-0.52,-1.99,-2.51,2020,177,156,212,226
1629638,Nickeil Alexander-Walker,NOP,548.0,-1.0,-1.0,-1.0,-0.24,-0.38,-0.63,-0.63,-1.67,-2.31,2020,212,213,227,218
1628402,Frank Jackson,NOP,714.0,-0.81,-3.27,-4.47,-0.44,-1.69,-2.13,-1.59,-5.78,-7.37,2020,328,257,369,374
1629740,Nicolo Melli,NOP,955.0,-1.0,-1.0,-1.0,-0.6,-0.59,-1.19,-1.34,-1.28,-2.62,2020,271,287,264,236
1629056,Terence Davis,TOR,1034.0,-1.0,-1.0,-1.0,-0.64,-0.7,-1.34,-1.24,-1.52,-2.76,2020,282,292,279,244
201976,Patrick Beverley,LAC,1251.0,0.79,0.56,1.56,0.66,0.52,1.17,1.08,0.94,2.03,2020,81,76,80,90
202335,Patrick Patterson,LAC,670.0,-1.25,-0.9,-1.99,-0.6,-0.42,-1.02,-2.04,-1.39,-3.42,2020,256,288,235,280
202695,Kawhi Leonard,LAC,1706.0,2.51,1.77,4.32,4.7,3.02,7.72,7.81,4.87,12.68,2020,11,9,10,6
1627826,Ivica Zubac,LAC,1267.0,0.52,0.43,0.62,0.2,0.22,0.42,-0.14,0.09,-0.04,2020,113,114,108,136
1629013,Landry Shamet,LAC,1290.0,-0.47,-0.23,-1.03,-0.62,-0.35,-0.98,-1.4,-0.86,-2.27,2020,248,290,223,215
2544,LeBron James,LAL,2134.0,4.66,2.3,7.41,8.3,4.18,12.49,10.23,5.19,15.42,2020,3,3,4,4
201580,JaVale McGee,LAL,1093.0,-0.29,-0.29,-0.31,-0.0,-0.0,-0.01,0.46,0.47,0.93,2020,137,139,136,108
201980,Danny Green,LAL,1535.0,0.29,1.26,1.82,0.35,1.37,1.72,0.58,2.12,2.7,2020,61,102,31,66
202340,Avery Bradley,LAL,1087.0,-0.59,-1.77,-2.27,-0.56,-1.8,-2.36,-1.39,-4.71,-6.1,2020,344,280,373,357
203076,Anthony Davis,LAL,1903.0,3.59,2.44,5.94,6.05,3.96,10.02,8.5,5.52,14.02,2020,6,6,6,5
101150,Lou Williams,LAC,1645.0,0.9,0.57,1.8,1.42,0.94,2.36,2.36,1.6,3.96,2020,42,43,45,45
1626149,Montrezl Harrell,LAC,1532.0,1.86,1.03,2.8,2.46,1.34,3.8,4.2,2.26,6.47,2020,27,26,32,27
203210,JaMychal Green,LAC,1135.0,-1.14,-1.81,-2.86,-0.93,-1.5,-2.43,-1.82,-2.96,-4.78,2020,346,326,357,331
203090,Maurice Harkless,LAC,1346.0,-0.05,-0.2,-0.34,0.02,-0.02,0.0,0.15,0.23,0.38,2020,136,135,139,123
2730,Dwight Howard,LAL,1143.0,-1.78,-1.59,-2.98,-1.1,-0.98,-2.07,-1.51,-1.34,-2.85,2020,325,346,318,254
203484,Kentavious Caldwell-Pope,LAL,1557.0,0.43,0.32,0.67,0.37,0.27,0.64,0.45,0.33,0.77,2020,105,99,103,112
1626188,Quinn Cook,LAL,433.0,-1.25,-4.13,-5.47,-0.26,-0.87,-1.13,-0.98,-3.44,-4.42,2020,266,221,306,320
201162,Jared Dudley,LAL,332.0,0.33,0.68,1.4,-0.12,-0.17,-0.29,-1.64,-2.49,-4.13,2020,162,175,169,307
203584,Troy Daniels,LAL,436.0,-0.82,-1.43,-2.21,-0.32,-0.58,-0.9,-2.01,-3.66,-5.67,2020,242,227,262,350
203469,Cody Zeller,CHO,1193.0,1.14,0.92,2.03,0.73,0.59,1.32,0.83,0.7,1.53,2020,74,70,71,98
1626179,Terry Rozier,CHO,1919.0,-2.5,-1.28,-3.93,-2.96,-1.51,-4.47,-3.54,-1.81,-5.36,2020,385,387,358,345
1628407,Dwayne Bacon,CHO,624.0,-0.63,-2.4,-3.25,-0.38,-1.39,-1.77,-1.68,-5.99,-7.66,2020,309,241,352,376
1628970,Miles Bridges,CHO,1778.0,0.36,0.28,0.25,0.36,0.17,0.53,0.44,0.12,0.57,2020,110,101,114,116
1629023,P.J. Washington,CHO,1551.0,-1.0,-1.0,-1.0,-1.06,-1.26,-2.32,-1.52,-2.03,-3.55,2020,339,341,338,288
203107,Tomas Satoransky,CHI,1716.0,0.07,-0.02,0.09,-0.0,-0.09,-0.09,-0.07,-0.17,-0.24,2020,144,140,152,141
203490,Otto Porter Jr.,CHI,311.0,2.51,2.59,5.01,0.46,0.45,0.91,3.1,2.89,6.0,2020,94,94,87,29
203897,Zach LaVine,CHI,1871.0,-0.75,-0.87,-1.84,-0.85,-0.99,-1.84,-1.03,-1.2,-2.23,2020,313,320,320,206
1628374,Lauri Markkanen,CHI,1343.0,0.97,1.57,2.21,0.78,1.27,2.05,1.02,1.64,2.66,2020,51,65,33,68
1628976,Wendell Carter Jr.,CHI,1142.0,-0.4,-0.3,-1.15,-0.47,-0.38,-0.85,-1.18,-0.98,-2.16,2020,237,266,228,196
1628436,Luke Kornet,CHI,514.0,1.68,1.82,3.28,0.49,0.53,1.02,1.65,1.82,3.47,2020,86,91,78,52
1628984,Devonte' Graham,CHO,1952.0,-2.8,-0.9,-3.91,-4.54,-1.47,-6.01,-5.99,-1.95,-7.93,2020,389,389,356,378
1629632,Coby White,CHI,1455.0,-1.0,-1.0,-1.0,-0.98,-1.22,-2.19,-1.4,-2.09,-3.49,2020,331,335,334,284
101107,Marvin Williams,CHO,979.0,-0.88,-0.91,-1.46,-0.49,-0.49,-0.98,-0.77,-0.72,-1.49,2020,249,270,250,176
201587,Nicolas Batum,CHO,432.0,-0.52,-1.04,-1.35,-0.08,-0.17,-0.25,-0.15,-0.29,-0.43,2020,158,162,170,145
201152,Thaddeus Young,CHI,1402.0,0.04,1.0,1.24,0.08,1.03,1.11,0.2,1.65,1.85,2020,83,123,43,94
1627739,Kris Dunn,CHI,1128.0,-0.78,-2.97,-3.9,-0.66,-2.47,-3.13,-1.31,-4.8,-6.11,2020,369,297,385,358
1627853,Ryan Arcidiacono,CHI,806.0,-0.35,-0.31,-0.81,-0.45,-0.42,-0.87,-1.96,-1.8,-3.76,2020,239,259,236,295
1628370,Malik Monk,CHO,1015.0,-0.74,-3.25,-4.38,-0.59,-2.44,-3.03,-1.39,-5.34,-6.73,2020,367,284,384,367
203087,Jeremy Lamb,IND,1140.0,0.39,0.56,0.92,0.37,0.58,0.95,0.85,1.44,2.29,2020,91,100,72,76
203933,T.J. Warren,IND,1984.0,-0.71,-0.4,-1.2,-0.96,-0.54,-1.5,-1.2,-0.67,-1.87,2020,289,331,258,189
1626167,Myles Turner,IND,1637.0,0.49,0.81,1.02,0.62,1.19,1.81,0.98,1.99,2.98,2020,58,78,35,61
1627734,Domantas Sabonis,IND,1982.0,0.69,0.59,1.01,0.9,0.77,1.67,1.12,0.95,2.06,2020,64,61,52,85
1627763,Malcolm Brogdon,IND,1471.0,1.31,0.79,2.07,1.19,0.73,1.92,1.73,1.08,2.81,2020,54,50,57,64
202693,Markieff Morris,DET,1056.0,-0.92,-1.76,-2.53,-0.73,-1.45,-2.18,-1.6,-3.31,-4.91,2020,330,304,354,333
202704,Reggie Jackson,DET,665.0,-0.4,-0.38,-0.69,-0.14,-0.13,-0.27,-0.32,-0.29,-0.61,2020,160,181,157,147
203083,Andre Drummond,DET,1692.0,0.48,2.18,2.57,0.7,2.98,3.69,1.09,4.5,5.59,2020,28,73,12,35
203503,Tony Snell,DET,1529.0,-2.14,-0.63,-2.77,-2.58,-0.75,-3.33,-4.19,-1.21,-5.4,2020,376,383,287,347
1628971,Bruce Brown,DET,1491.0,0.06,-0.16,-0.36,-0.33,-0.84,-1.17,-0.99,-2.13,-3.12,2020,269,230,298,266
1628410,Edmond Sumner,IND,385.0,-0.99,-2.76,-3.95,-0.22,-0.69,-0.91,-1.2,-4.17,-5.38,2020,243,208,277,346
1628379,Luke Kennard,DET,843.0,0.43,0.44,0.27,0.11,0.16,0.27,-0.12,0.12,0.0,2020,120,121,116,135
201565,Derrick Rose,DET,1156.0,-1.74,-0.77,-2.31,-1.23,-0.53,-1.77,-1.95,-0.81,-2.76,2020,310,354,255,245
1627748,Thon Maker,DET,710.0,-1.55,-1.64,-3.52,-0.73,-0.77,-1.5,-2.13,-2.25,-4.39,2020,290,305,290,319
203200,Justin Holiday,IND,1587.0,-0.48,-0.99,-1.31,-0.7,-1.28,-1.98,-1.22,-2.14,-3.36,2020,319,302,343,276
204038,Langston Galloway,DET,1503.0,-0.19,-0.08,-0.23,-0.72,-0.22,-0.94,-1.72,-0.51,-2.23,2020,246,303,186,207
1626174,Christian Wood,DET,1190.0,0.05,0.1,-0.06,-0.04,0.01,-0.03,-0.25,-0.12,-0.38,2020,141,150,135,144
203926,Doug McDermott,IND,1192.0,0.02,0.0,0.05,-0.45,-0.2,-0.66,-1.76,-0.77,-2.53,2020,216,260,178,228
1628988,Aaron Holiday,IND,1448.0,0.46,0.87,1.06,0.27,0.35,0.62,0.19,-0.11,0.08,2020,106,107,91,131
204456,T.J. McConnell,IND,1159.0,-0.53,-0.8,-1.35,-0.43,-0.57,-1.0,-0.85,-1.01,-1.86,2020,251,253,261,188
204025,Tim Frazier,DET,318.0,-0.32,-2.08,-2.31,-0.1,-0.45,-0.56,-0.92,-3.35,-4.27,2020,205,168,241,314
201571,D.J. Augustin,ORL,1232.0,-1.8,-1.01,-2.54,-1.31,-0.71,-2.02,-2.04,-1.05,-3.08,2020,323,357,282,263
202696,Nikola Vucevic,ORL,1809.0,1.94,2.15,4.18,3.02,3.01,6.04,4.45,4.31,8.76,2020,15,17,11,21
203095,Evan Fournier,ORL,1902.0,-0.95,-0.5,-1.48,-1.51,-0.81,-2.32,-2.11,-1.12,-3.23,2020,340,368,294,270
203932,Aaron Gordon,ORL,1844.0,0.86,0.65,1.3,0.99,0.78,1.77,1.29,1.04,2.33,2020,60,57,51,75
1628371,Jonathan Isaac,ORL,896.0,-0.02,-0.6,-0.95,-0.03,-0.31,-0.34,-0.12,-0.63,-0.75,2020,173,143,213,151
201567,Kevin Love,CLE,1620.0,1.39,0.57,2.17,2.06,0.89,2.94,3.34,1.47,4.8,2020,33,30,47,41
202684,Tristan Thompson,CLE,1570.0,-1.32,-0.7,-1.99,-1.66,-0.86,-2.52,-2.56,-1.33,-3.89,2020,349,371,304,299
1626224,Cedi Osman,CLE,1732.0,-1.43,-0.71,-2.35,-2.42,-1.25,-3.67,-3.75,-1.96,-5.71,2020,381,382,337,351
1629012,Collin Sexton,CLE,1945.0,-3.86,-0.89,-5.13,-6.48,-1.57,-8.05,-8.6,-2.11,-10.71,2020,390,390,365,389
1629636,Darius Garland,CLE,1668.0,-1.0,-1.0,-1.0,-1.31,-1.29,-2.6,-1.92,-1.88,-3.79,2020,354,358,344,296
1628365,Markelle Fultz,ORL,1817.0,-0.55,-2.17,-3.1,-0.78,-2.91,-3.69,-1.12,-4.09,-5.21,2020,382,310,386,344
202329,Al-Farouq Aminu,ORL,326.0,0.21,0.93,1.23,0.02,0.09,0.12,0.07,0.28,0.35,2020,128,136,124,124
1626204,Larry Nance Jr.,CLE,1302.0,1.13,0.53,1.63,1.41,0.65,2.06,2.94,1.33,4.27,2020,50,44,67,44
203082,Terrence Ross,ORL,1643.0,-0.27,-0.42,-0.65,-0.25,-0.39,-0.64,-0.32,-0.51,-0.83,2020,214,218,231,155
1628964,Mo Bamba,ORL,776.0,-1.69,-3.35,-5.43,-0.65,-1.29,-1.94,-1.21,-2.37,-3.58,2020,317,294,345,289
203521,Matthew Dellavedova,CLE,708.0,-1.53,-1.42,-2.86,-1.19,-1.1,-2.3,-4.93,-4.55,-9.48,2020,338,353,328,386
203903,Jordan Clarkson,UTA,1481.0,-1.2,-0.45,-1.68,-1.16,-0.43,-1.6,-1.83,-0.68,-2.51,2020,295,350,239,227
1629645,Kevin Porter Jr.,CLE,1024.0,-1.0,-1.0,-1.0,-0.64,-0.85,-1.49,-1.07,-2.02,-3.09,2020,288,293,301,264
203487,Michael Carter-Williams,ORL,749.0,-0.38,-0.56,-0.91,-0.28,-0.42,-0.7,-1.08,-1.69,-2.77,2020,220,223,237,246
202681,Kyrie Irving,BRK,604.0,3.63,1.31,4.91,1.97,0.69,2.67,9.13,3.15,12.28,2020,36,32,62,9
203925,Joe Harris,BRK,1933.0,-0.03,-0.03,-0.03,-0.09,-0.07,-0.16,-0.14,-0.11,-0.24,2020,151,167,146,142
1627747,Caris LeVert,BRK,1222.0,-0.14,-0.84,-1.13,-0.12,-0.63,-0.76,-0.23,-1.07,-1.29,2020,227,176,269,165
1627752,Taurean Prince,BRK,1683.0,-0.13,-1.31,-1.81,-0.21,-1.53,-1.74,-0.33,-2.23,-2.56,2020,302,204,359,230
1628386,Jarrett Allen,BRK,1701.0,0.82,0.61,1.04,1.08,0.74,1.82,1.64,1.09,2.73,2020,56,54,55,65
201952,Jeff Teague,MIN,1301.0,3.48,-4.51,-0.82,2.4,-2.93,-0.53,3.21,-3.56,-0.35,2020,203,27,387,143
203496,Robert Covington,MIN,1876.0,0.18,0.81,1.08,0.28,1.19,1.46,0.39,1.65,2.05,2020,67,104,36,89
203952,Andrew Wiggins,MIN,1663.0,-0.79,-1.17,-2.17,-1.09,-1.57,-2.66,-1.76,-2.51,-4.27,2020,357,344,366,315
1626157,Karl-Anthony Towns,MIN,1052.0,3.04,1.66,4.49,2.86,1.25,4.12,7.78,2.89,10.68,2020,25,19,34,14
1626203,Treveon Graham,MIN,808.0,-0.55,-1.94,-2.58,-0.36,-1.29,-1.65,-1.21,-4.29,-5.5,2020,297,236,346,349
203943,Noah Vonleh,MIN,329.0,-0.43,-0.02,-0.66,-0.12,-0.03,-0.15,-1.01,-0.33,-1.34,2020,148,177,141,169
201599,DeAndre Jordan,BRK,1092.0,1.22,0.73,2.16,1.03,0.65,1.68,2.4,1.56,3.96,2020,62,56,68,46
202066,Garrett Temple,BRK,1566.0,-0.69,-1.1,-1.45,-0.91,-1.65,-2.56,-1.56,-2.98,-4.55,2020,352,322,368,327
203894,Shabazz Napier,MIN,1184.0,0.18,0.52,0.73,0.17,0.48,0.65,0.39,1.06,1.44,2020,104,116,85,100
1627774,Jake Layman,MIN,436.0,-0.24,-1.06,-1.45,-0.08,-0.31,-0.39,-0.47,-1.69,-2.16,2020,180,163,214,197
1629006,Josh Okogie,MIN,1370.0,-0.84,-1.1,-2.32,-0.99,-1.27,-2.26,-2.01,-2.53,-4.54,2020,336,336,342,326
1629633,Jarrett Culver,MIN,1360.0,-1.0,-1.0,-1.0,-0.79,-0.99,-1.78,-1.16,-1.81,-2.97,2020,311,316,321,258
203915,Spencer Dinwiddie,BRK,1789.0,0.5,0.28,0.7,0.62,0.34,0.96,0.87,0.47,1.34,2020,89,79,92,102
1629066,Rodions Kurucs,BRK,614.0,0.32,0.18,0.11,-0.04,-0.35,-0.39,-0.68,-2.69,-3.38,2020,181,151,224,278
203086,Meyers Leonard,MIA,953.0,-1.05,-1.28,-2.36,-0.51,-0.62,-1.13,-0.69,-0.85,-1.54,2020,267,272,267,179
1626159,Justise Winslow,MIA,328.0,0.06,-0.45,-0.66,-0.03,-0.16,-0.18,-0.36,-1.34,-1.7,2020,153,144,165,182
1628389,Bam Adebayo,MIA,2181.0,0.47,0.44,0.58,0.96,0.86,1.82,1.19,1.05,2.24,2020,57,59,48,77
1629134,Kendrick Nunn,MIA,1745.0,-1.0,-1.0,-1.0,-1.15,-1.39,-2.54,-1.56,-2.04,-3.6,2020,350,347,353,291
1629639,Tyler Herro,MIA,1323.0,-1.0,-1.0,-1.0,-0.82,-1.04,-1.86,-1.22,-1.94,-3.16,2020,315,318,324,267
202685,Jonas Valanciunas,MEM,1724.0,0.04,0.04,0.04,0.45,0.29,0.73,0.9,0.57,1.46,2020,101,96,99,99
203109,Jae Crowder,MEM,1674.0,-0.33,-0.39,-0.63,-0.4,-0.48,-0.88,-0.6,-0.73,-1.34,2020,240,248,247,170
1628415,Dillon Brooks,MEM,1955.0,-0.12,-0.88,-1.21,-0.48,-2.22,-2.69,-0.75,-3.3,-4.05,2020,359,268,382,304
1628991,Jaren Jackson Jr.,MEM,1492.0,-0.5,-0.54,-1.49,-0.4,-0.43,-0.83,-0.5,-0.54,-1.04,2020,235,249,240,159
1629630,Ja Morant,MEM,1914.0,-1.0,-1.0,-1.0,-1.37,-1.26,-2.63,-1.81,-1.63,-3.45,2020,356,363,339,281
201609,Goran Dragic,MIA,1469.0,0.17,0.07,0.57,0.21,0.09,0.3,0.37,0.17,0.55,2020,117,112,125,117
1629634,Brandon Clarke,MEM,1108.0,-1.0,-1.0,-1.0,-0.78,-0.64,-1.42,-1.66,-1.1,-2.75,2020,283,311,270,242
1627884,Derrick Jones Jr.,MIA,1198.0,-0.29,-0.07,-0.69,-0.35,-0.15,-0.5,-0.86,-0.46,-1.31,2020,196,233,162,168
1626145,Tyus Jones,MEM,1064.0,2.12,0.99,2.84,1.12,0.52,1.64,1.52,0.7,2.22,2020,65,52,81,78
1629741,Marko Guduric,MEM,416.0,-1.0,-1.0,-1.0,-0.17,-0.28,-0.45,-0.57,-1.65,-2.22,2020,192,190,205,203
203482,Kelly Olynyk,MIA,1150.0,0.53,0.46,1.02,0.51,0.45,0.96,1.17,1.02,2.19,2020,90,89,88,79
1628960,Grayson Allen,MEM,623.0,-1.87,-5.62,-7.7,-0.65,-2.08,-2.73,-2.01,-6.86,-8.87,2020,361,295,378,385
203937,Kyle Anderson,MEM,1219.0,0.42,0.54,0.87,0.48,0.72,1.21,1.16,1.87,3.04,2020,80,92,60,60
1629130,Duncan Robinson,MIA,1981.0,-1.67,-0.62,-2.44,-2.6,-0.98,-3.58,-3.36,-1.28,-4.64,2020,380,384,319,328
1629735,Chris Silva,MIA,292.0,-1.0,-1.0,-1.0,-0.18,-0.14,-0.32,-1.37,-0.93,-2.31,2020,169,192,159,219
1629001,De'Anthony Melton,MEM,1000.0,-0.71,-3.03,-4.13,-0.47,-1.9,-2.37,-1.05,-4.0,-5.04,2020,345,267,376,338
201143,Al Horford,PHI,1835.0,2.12,1.78,4.23,3.08,2.59,5.67,4.39,3.71,8.1,2020,16,16,16,22
202699,Tobias Harris,PHI,2241.0,-0.42,-0.29,-0.74,-0.17,-0.11,-0.28,0.0,0.01,0.02,2020,161,191,155,134
203954,Joel Embiid,PHI,1378.0,2.2,2.24,4.29,2.47,2.28,4.75,4.77,4.13,8.91,2020,21,25,20,20
1626196,Josh Richardson,PHI,1524.0,0.12,0.24,0.27,0.12,0.28,0.4,0.19,0.46,0.65,2020,114,120,100,115
1627732,Ben Simmons,PHI,1825.0,1.9,1.21,2.84,2.9,1.95,4.84,4.22,2.88,7.1,2020,19,18,23,23
202330,Gordon Hayward,BOS,1573.0,0.86,0.57,1.52,1.3,0.81,2.11,2.34,1.43,3.77,2020,47,47,50,48
202683,Enes Freedom,BOS,891.0,-0.37,-0.23,-0.64,0.13,0.09,0.22,1.26,0.8,2.06,2020,122,118,126,86
202689,Kemba Walker,BOS,1573.0,4.06,1.88,6.03,4.6,2.14,6.73,7.18,3.35,10.53,2020,14,12,21,15
1627759,Jaylen Brown,BOS,1724.0,-0.08,-0.1,-0.45,-0.37,-0.39,-0.76,-0.7,-0.74,-1.44,2020,228,240,232,174
1628369,Jayson Tatum,BOS,2079.0,1.74,1.83,3.18,2.33,2.45,4.78,2.73,2.87,5.59,2020,20,28,17,36
203516,James Ennis III,PHI,1128.0,-1.42,-1.79,-3.12,-0.99,-1.26,-2.25,-1.83,-2.33,-4.16,2020,334,337,340,308
1629680,Matisse Thybulle,PHI,1163.0,-1.0,-1.0,-1.0,-0.65,-0.85,-1.5,-1.02,-1.78,-2.8,2020,291,296,302,251
203935,Marcus Smart,BOS,1722.0,0.27,0.33,0.45,0.25,0.3,0.54,0.3,0.36,0.66,2020,109,109,97,114
1628464,Daniel Theis,BOS,1427.0,1.16,0.73,1.86,0.9,0.56,1.46,1.14,0.72,1.86,2020,68,62,74,93
1628400,Semi Ojeleye,BOS,909.0,-1.93,-2.23,-4.31,-1.36,-1.56,-2.92,-3.78,-4.36,-8.14,2020,364,362,364,382
1627788,Furkan Korkmaz,PHI,1394.0,-0.84,-0.76,-1.93,-0.91,-0.82,-1.73,-1.68,-1.54,-3.22,2020,301,323,296,269
1629035,Carsen Edwards,BOS,294.0,-1.0,-1.0,-1.0,-0.11,-0.2,-0.31,-0.53,-1.67,-2.2,2020,166,170,179,199
203118,Mike Scott,PHI,1101.0,-2.37,-1.8,-3.97,-1.74,-1.3,-3.04,-3.54,-2.62,-6.16,2020,368,375,347,359
1629684,Grant Williams,BOS,879.0,-1.0,-1.0,-1.0,-0.46,-0.64,-1.11,-0.84,-1.76,-2.61,2020,265,263,271,233
202954,Brad Wanamaker,BOS,1211.0,1.19,1.09,2.43,0.55,0.51,1.06,0.24,0.22,0.45,2020,85,85,82,121
1629057,Robert Williams III,BOS,348.0,-0.17,-0.1,-0.6,0.05,0.05,0.1,0.69,0.58,1.27,2020,129,129,131,104
203124,Kyle O'Quinn,PHI,271.0,0.73,0.82,1.64,0.18,0.2,0.37,1.77,1.96,3.73,2020,115,115,110,51
203526,Raul Neto,PHI,589.0,1.39,1.52,2.88,0.21,0.23,0.45,-0.25,-0.28,-0.53,2020,111,113,106,146
1629003,Shake Milton,PHI,733.0,-1.71,-0.76,-2.75,-0.85,-0.38,-1.23,-2.67,-1.21,-3.88,2020,276,321,229,298
201584,Courtney Lee,DAL,317.0,-1.4,-1.32,-2.33,-0.22,-0.2,-0.42,-1.39,-1.29,-2.68,2020,187,209,180,240
204001,Kristaps Porzingis,DAL,1650.0,2.55,2.4,4.47,2.61,2.45,5.06,3.65,3.42,7.06,2020,18,22,18,24
1626153,Delon Wright,DAL,1386.0,1.89,1.17,3.03,1.81,1.12,2.93,3.1,1.94,5.04,2020,34,33,40,39
1628467,Maxi Kleber,DAL,1697.0,1.21,0.59,1.84,1.13,0.55,1.68,1.45,0.71,2.16,2020,63,51,76,81
1629029,Luka Doncic,DAL,1856.0,1.39,0.77,1.7,2.63,1.18,3.81,3.95,1.7,5.65,2020,26,21,37,33
202397,Ish Smith,WAS,1584.0,-0.5,-0.34,-0.63,-0.67,-0.39,-1.07,-1.14,-0.62,-1.77,2020,262,298,233,184
203078,Bradley Beal,WAS,1827.0,2.12,0.72,2.74,3.13,1.01,4.14,4.49,1.43,5.93,2020,24,15,44,30
1628418,Thomas Bryant,WAS,1024.0,-1.01,-0.09,-1.44,-0.05,0.08,0.03,1.4,0.51,1.92,2020,133,157,129,92
1629060,Rui Hachimura,WAS,1301.0,-1.0,-1.0,-1.0,-0.96,-0.78,-1.74,-1.8,-1.19,-2.99,2020,303,332,293,260
1629067,Isaac Bonga,WAS,1149.0,-0.71,-0.14,-1.29,-0.78,-0.25,-1.04,-2.0,-0.78,-2.78,2020,260,312,197,248
203501,Tim Hardaway Jr.,DAL,1904.0,0.75,0.34,1.06,0.52,0.28,0.8,0.48,0.3,0.78,2020,99,88,101,110
1627827,Dorian Finney-Smith,DAL,1928.0,-1.56,-0.61,-2.26,-2.28,-0.91,-3.19,-3.07,-1.23,-4.29,2020,371,381,311,316
202722,Davis Bertans,WAS,1399.0,0.99,0.32,1.27,1.1,0.34,1.44,2.05,0.61,2.66,2020,69,53,93,69
1629678,Admiral Schofield,WAS,304.0,-1.0,-1.0,-1.0,-0.16,-0.16,-0.32,-1.14,-1.06,-2.21,2020,170,186,166,200
1628973,Jalen Brunson,DAL,915.0,-1.23,-0.29,-1.79,-0.81,-0.22,-1.04,-2.16,-0.67,-2.83,2020,261,317,187,253
203895,Jordan McRae,WAS,713.0,-1.32,-1.23,-2.52,-0.69,-0.64,-1.33,-2.34,-2.17,-4.51,2020,281,300,272,323
203552,Seth Curry,DAL,1400.0,2.2,0.6,2.89,1.55,0.42,1.97,1.85,0.5,2.35,2020,53,39,90,74
1629021,Moritz Wagner,WAS,781.0,-2.62,-1.3,-4.25,-1.39,-0.69,-2.08,-4.04,-2.01,-6.05,2020,326,364,278,356
1629185,Chris Chiozza,BRK,337.0,-0.44,-1.22,-1.87,-0.07,-0.23,-0.3,-0.41,-1.41,-1.82,2020,165,158,190,186
1628382,Justin Jackson,DAL,924.0,-0.31,0.05,-0.46,-0.63,-0.12,-0.74,-2.63,-0.67,-3.3,2020,225,291,156,273
200746,LaMarcus Aldridge,SAS,1495.0,1.73,0.6,2.72,1.99,0.73,2.72,3.28,1.25,4.53,2020,35,31,58,42
201942,DeMar DeRozan,SAS,1974.0,0.11,-0.07,0.19,0.75,0.09,0.85,1.22,0.2,1.42,2020,96,67,127,101
1626168,Trey Lyles,SAS,1134.0,-0.29,-0.18,-0.68,-0.34,-0.23,-0.57,-0.88,-0.65,-1.53,2020,206,231,191,178
1627749,Dejounte Murray,SAS,1490.0,1.03,1.64,2.07,0.93,1.53,2.47,1.26,2.14,3.4,2020,40,60,29,53
1627854,Bryn Forbes,SAS,1396.0,-2.81,-0.77,-3.67,-2.77,-0.77,-3.54,-4.53,-1.26,-5.79,2020,378,386,291,352
202694,Marcus Morris Sr.,NYK,1752.0,-0.9,-2.71,-3.47,-1.08,-3.28,-4.36,-1.46,-4.49,-5.95,2020,384,343,389,355
203944,Julius Randle,NYK,1867.0,-0.05,-0.21,-0.42,0.06,-0.04,0.02,0.14,0.07,0.21,2020,134,128,142,129
1626171,Bobby Portis,NYK,1211.0,0.57,0.58,0.94,0.22,0.22,0.45,-0.11,-0.12,-0.23,2020,112,111,109,139
1629628,RJ Barrett,NYK,1531.0,-1.0,-1.0,-1.0,-1.01,-1.24,-2.25,-1.42,-2.04,-3.47,2020,335,339,335,282
1628401,Derrick White,SAS,1430.0,1.6,0.65,2.1,1.57,0.61,2.18,2.43,0.92,3.35,2020,45,38,70,55
1628372,Dennis Smith Jr.,NYK,488.0,-0.3,-1.76,-2.39,-0.15,-0.65,-0.79,-0.85,-3.17,-4.02,2020,230,184,273,302
200752,Rudy Gay,SAS,1248.0,0.45,0.55,1.33,0.46,0.54,1.0,0.93,1.08,2.0,2020,87,95,77,91
201959,Taj Gibson,NYK,968.0,-0.56,-0.46,-0.64,-0.52,-0.32,-0.84,-1.49,-0.74,-2.23,2020,236,274,217,208
201158,Marco Belinelli,SAS,755.0,-2.79,-1.06,-3.52,-1.29,-0.46,-1.74,-3.24,-1.02,-4.26,2020,304,355,242,312
201988,Patty Mills,SAS,1239.0,1.29,0.21,1.71,0.75,0.1,0.85,0.65,0.05,0.7,2020,97,68,123,113
1627751,Jakob Poeltl,SAS,1060.0,1.22,0.85,1.86,0.85,0.57,1.42,1.62,1.05,2.67,2020,70,63,73,67
1628995,Kevin Knox II,NYK,1012.0,-1.56,-6.04,-8.05,-1.18,-4.46,-5.65,-2.69,-9.87,-12.56,2020,388,352,390,390
201961,Wayne Ellington,NYK,487.0,-1.06,-1.01,-1.8,-0.21,-0.2,-0.4,-0.4,-0.37,-0.77,2020,184,205,181,152
203901,Elfrid Payton,NYK,1136.0,-0.65,-1.56,-2.36,-0.42,-1.0,-1.42,-0.58,-1.37,-1.95,2020,284,251,322,191
1628373,Frank Ntilikina,NYK,1043.0,-0.03,-0.99,-1.42,-0.38,-1.84,-2.23,-1.64,-6.41,-8.05,2020,332,242,374,380
201144,Mike Conley,UTA,1207.0,2.78,1.96,5.01,2.54,1.81,4.35,5.41,3.88,9.29,2020,23,23,27,18
202711,Bojan Bogdanovic,UTA,1837.0,-0.62,-0.42,-0.89,-0.76,-0.5,-1.26,-1.04,-0.68,-1.72,2020,277,307,252,183
203497,Rudy Gobert,UTA,2057.0,2.92,1.76,4.65,4.62,2.78,7.4,5.87,3.53,9.41,2020,12,10,13,17
1626220,Royce O'Neale,UTA,1826.0,0.04,0.1,0.04,-0.03,0.02,-0.01,-0.07,-0.02,-0.09,2020,138,145,133,137
1628378,Donovan Mitchell,UTA,2104.0,0.92,0.77,1.41,1.48,1.16,2.64,1.83,1.42,3.25,2020,37,40,39,59
101108,Chris Paul,OKC,1993.0,3.74,1.57,5.7,6.15,2.65,8.8,8.08,3.51,11.59,2020,7,5,15,10
201568,Danilo Gallinari,OKC,1584.0,1.69,0.73,2.63,2.24,0.93,3.18,3.72,1.52,5.24,2020,31,29,46,37
203500,Steven Adams,OKC,1511.0,0.61,0.43,0.95,0.73,0.51,1.23,1.23,0.84,2.06,2020,79,71,83,87
1628390,Terrance Ferguson,OKC,1091.0,-0.39,-2.17,-2.95,-0.45,-2.04,-2.49,-1.26,-5.02,-6.29,2020,348,261,377,364
1628983,Shai Gilgeous-Alexander,OKC,2093.0,-1.14,-0.99,-2.52,-1.54,-1.33,-2.86,-1.76,-1.52,-3.28,2020,363,369,348,272
204060,Joe Ingles,UTA,1893.0,0.93,0.5,1.7,1.31,0.76,2.07,1.8,1.06,2.86,2020,49,46,53,62
1626144,Emmanuel Mudiay,UTA,728.0,-0.79,-3.27,-4.34,-0.38,-1.46,-1.84,-1.17,-4.31,-5.48,2020,314,243,355,348
203471,Dennis Schroder,OKC,1688.0,-0.01,-0.85,-0.95,-0.23,-1.04,-1.27,-0.5,-1.51,-2.01,2020,278,210,325,195
203457,Nerlens Noel,OKC,972.0,0.43,0.38,0.66,0.53,0.44,0.97,1.79,1.48,3.27,2020,88,86,89,57
1629647,Darius Bazley,OKC,999.0,-1.0,-1.0,-1.0,-0.56,-0.76,-1.32,-0.95,-1.84,-2.79,2020,280,281,289,250
201145,Jeff Green,UTA,850.0,-1.59,-1.21,-2.47,-0.97,-0.71,-1.67,-2.79,-1.97,-4.76,2020,298,333,283,330
202334,Ed Davis,UTA,283.0,0.09,0.37,0.6,-0.04,-0.08,-0.12,-0.57,-1.27,-1.84,2020,146,152,150,187
1628977,Hamidou Diallo,OKC,742.0,-0.57,-2.41,-3.37,-0.36,-1.38,-1.74,-1.27,-4.64,-5.91,2020,305,237,351,353
203488,Mike Muscala,OKC,467.0,-0.15,-0.13,-0.25,-0.07,-0.06,-0.13,-0.46,-0.37,-0.83,2020,147,159,144,156
1627777,Georges Niang,UTA,819.0,-2.84,-2.15,-5.08,-1.15,-0.86,-2.01,-2.12,-1.59,-3.71,2020,321,348,305,294
201937,Ricky Rubio,PHO,1853.0,0.42,0.17,0.69,0.51,0.23,0.74,0.68,0.31,0.99,2020,100,90,107,107
203967,Dario Saric,PHO,1479.0,-0.39,-0.21,-0.74,-0.45,-0.26,-0.71,-0.79,-0.47,-1.26,2020,221,262,200,163
1626162,Kelly Oubre Jr.,PHO,1729.0,-0.55,-0.65,-1.41,-0.82,-0.96,-1.78,-1.28,-1.49,-2.77,2020,312,319,316,247
1626164,Devin Booker,PHO,2226.0,0.98,0.48,1.19,1.46,0.68,2.14,1.62,0.75,2.37,2020,46,41,63,73
1629028,Deandre Ayton,PHO,1127.0,1.09,1.15,1.85,0.68,0.72,1.4,1.07,1.11,2.17,2020,71,74,61,80
203084,Harrison Barnes,SAC,2237.0,-0.45,-0.11,-0.59,-0.94,-0.25,-1.19,-1.14,-0.31,-1.45,2020,272,327,198,175
203473,Dewayne Dedmon,SAC,703.0,0.03,0.45,0.64,0.02,0.16,0.18,0.07,0.37,0.44,2020,125,137,117,122
1627741,Buddy Hield,SAC,1979.0,0.32,0.44,0.74,0.58,0.73,1.31,0.8,0.97,1.77,2020,75,83,59,95
1628368,De'Aaron Fox,SAC,1475.0,0.18,0.25,0.1,0.08,0.17,0.26,0.01,0.18,0.18,2020,121,124,115,130
1628963,Marvin Bagley III,SAC,288.0,0.33,0.09,-0.03,0.0,-0.07,-0.06,-0.22,-0.88,-1.1,2020,142,141,147,160
1626163,Frank Kaminsky,PHO,685.0,-0.23,-0.21,-0.53,-0.11,-0.1,-0.22,-0.4,-0.37,-0.77,2020,154,171,153,153
203382,Aron Baynes,PHO,825.0,1.22,0.57,2.12,-0.07,-0.08,-0.15,-2.23,-1.31,-3.54,2020,149,160,151,286
203992,Bogdan Bogdanovic,SAC,1556.0,-1.27,-0.85,-2.14,-1.34,-0.89,-2.23,-2.01,-1.34,-3.35,2020,333,360,308,274
1626158,Richaun Holmes,SAC,1132.0,0.98,0.47,1.36,0.74,0.34,1.08,1.44,0.63,2.07,2020,84,69,94,84
204020,Tyler Johnson,PHO,607.0,-0.58,-0.91,-1.52,-0.12,-0.19,-0.31,-0.09,-0.14,-0.23,2020,167,178,174,140
202357,Nemanja Bjelica,SAC,1852.0,1.46,0.61,2.27,1.58,0.66,2.23,1.99,0.83,2.82,2020,44,37,66,63
1628969,Mikal Bridges,PHO,1798.0,0.08,0.03,-0.15,-0.19,-0.2,-0.39,-0.4,-0.39,-0.79,2020,182,195,182,154
1628975,Jevon Carter,PHO,795.0,-0.61,-0.72,-1.53,-0.59,-0.68,-1.27,-2.4,-2.78,-5.18,2020,279,285,276,342
202709,Cory Joseph,SAC,1564.0,-0.15,-0.55,-0.67,-0.35,-0.66,-1.01,-0.71,-1.08,-1.79,2020,254,234,274,185
2772,Trevor Ariza,SAC,1317.0,-0.94,-0.86,-1.42,-0.77,-0.7,-1.47,-1.2,-1.07,-2.27,2020,287,308,280,216
1627812,Yogi Ferrell,SAC,442.0,0.3,0.3,0.36,-0.08,-0.07,-0.15,-1.03,-0.95,-1.98,2020,150,164,148,193
1627767,Cheick Diallo,PHO,412.0,-1.1,-0.56,-1.93,-0.25,-0.13,-0.38,-1.25,-0.7,-1.95,2020,178,219,158,192
1629059,Elie Okobo,PHO,605.0,-1.56,-1.43,-3.32,-0.92,-0.85,-1.76,-4.43,-4.08,-8.51,2020,308,325,303,383
202355,Hassan Whiteside,POR,1818.0,1.29,0.57,2.01,1.8,0.82,2.61,2.58,1.18,3.76,2020,38,34,49,49
203081,Damian Lillard,POR,2218.0,4.81,1.33,6.23,8.25,2.3,10.54,9.74,2.71,12.45,2020,5,4,19,7
203468,CJ McCollum,POR,2327.0,0.24,0.05,0.32,0.73,0.18,0.91,0.92,0.23,1.15,2020,95,72,113,106
203918,Rodney Hood,POR,564.0,-1.37,-0.39,-1.78,-0.5,-0.14,-0.64,-2.02,-0.57,-2.59,2020,215,271,160,232
1628380,Zach Collins,POR,261.0,-0.78,-0.21,-1.31,-0.23,-0.1,-0.32,-2.54,-1.15,-3.69,2020,171,211,154,292
200794,Paul Millsap,DEN,1135.0,0.8,0.22,1.41,0.67,0.26,0.93,1.45,0.7,2.15,2020,93,75,104,82
203115,Will Barton,DEN,1752.0,-1.45,-1.04,-2.41,-1.49,-1.07,-2.56,-1.96,-1.4,-3.36,2020,353,366,326,277
203914,Gary Harris,DEN,1613.0,0.09,0.01,-0.05,0.08,-0.01,0.07,0.09,-0.03,0.06,2020,130,125,137,133
203999,Nikola Jokic,DEN,2131.0,5.57,2.51,7.88,9.51,4.22,13.73,11.7,5.17,16.87,2020,2,2,3,2
1627750,Jamal Murray,DEN,1716.0,0.24,0.28,0.19,0.27,0.3,0.57,0.38,0.4,0.78,2020,108,108,98,111
203486,Mason Plumlee,DEN,922.0,0.35,0.32,0.76,0.42,0.31,0.73,1.54,1.04,2.58,2020,102,98,96,72
203924,Jerami Grant,DEN,1666.0,-0.85,-0.38,-1.38,-0.78,-0.35,-1.13,-0.99,-0.44,-1.43,2020,268,313,225,173
1627736,Malik Beasley,DEN,1095.0,0.01,-0.2,-0.46,-0.04,-0.18,-0.22,-0.17,-0.45,-0.62,2020,155,153,172,148
201229,Anthony Tolliver,POR,790.0,-0.45,-0.45,-0.51,-0.32,-0.3,-0.62,-1.16,-1.08,-2.24,2020,209,228,211,210
203145,Kent Bazemore,POR,1473.0,-0.83,-2.47,-3.15,-0.74,-2.25,-3.0,-1.1,-3.41,-4.51,2020,366,306,383,324
1627746,Skal Labissiere,POR,496.0,-0.75,-0.13,-1.15,-0.48,-0.15,-0.63,-3.09,-1.09,-4.18,2020,213,269,163,309
1628470,Torrey Craig,DEN,969.0,-2.02,-1.57,-3.5,-1.3,-1.0,-2.29,-2.95,-2.25,-5.2,2020,337,356,323,343
1626209,Mario Hezonja,POR,766.0,-0.48,-2.08,-2.78,-0.3,-1.16,-1.46,-1.03,-3.8,-4.83,2020,286,225,329,332
1628420,Monte Morris,DEN,1446.0,1.15,0.53,1.47,1.3,0.56,1.85,2.31,0.95,3.26,2020,55,48,75,58
1629014,Anfernee Simons,POR,1270.0,-0.84,-1.75,-3.05,-0.78,-1.55,-2.33,-1.52,-2.95,-4.47,2020,341,314,361,322
203458,Alex Len,ATL,826.0,-0.94,-0.55,-1.58,-0.58,-0.35,-0.93,-1.56,-0.94,-2.5,2020,245,283,226,225
1628381,John Collins,ATL,1242.0,1.72,0.82,2.21,1.46,0.65,2.11,2.35,0.96,3.31,2020,48,42,69,56
1629027,Trae Young,ATL,1901.0,-1.56,-0.2,-2.15,-2.06,-0.28,-2.34,-2.6,-0.35,-2.96,2020,343,377,206,257
1629629,Cam Reddish,ATL,1403.0,-1.0,-1.0,-1.0,-0.94,-1.18,-2.13,-1.37,-2.1,-3.47,2020,329,328,333,283
1629631,De'Andre Hunter,ATL,1858.0,-1.0,-1.0,-1.0,-1.33,-1.59,-2.92,-1.74,-2.2,-3.94,2020,365,359,367,301
203953,Jabari Parker,ATL,806.0,-0.2,-0.17,-0.58,-0.18,-0.16,-0.34,-0.67,-0.61,-1.29,2020,174,193,167,166
1713,Vince Carter,ATL,723.0,-0.76,-0.36,-0.19,-0.35,-0.46,-0.81,-0.89,-2.22,-3.11,2020,232,235,243,265
1628981,Bruno Fernando,ATL,638.0,-1.0,-1.0,-1.0,-0.43,-0.42,-0.86,-1.4,-1.32,-2.72,2020,238,254,238,241
1627761,DeAndre' Bembry,ATL,763.0,-0.06,-0.53,-0.73,-0.2,-0.82,-1.02,-1.07,-3.94,-5.01,2020,257,200,297,336
1628989,Kevin Huerter,ATL,1608.0,1.62,0.81,2.43,1.36,0.67,2.04,1.44,0.69,2.13,2020,52,45,64,83
200782,P.J. Tucker,HOU,2173.0,-0.88,-1.07,-1.56,-1.5,-1.85,-3.35,-1.74,-2.16,-3.91,2020,377,367,375,300
201566,Russell Westbrook,HOU,1835.0,1.97,2.73,4.91,3.55,4.87,8.42,5.21,7.14,12.35,2020,9,14,1,8
201935,James Harden,HOU,2174.0,5.17,1.43,6.75,11.04,3.1,14.15,13.7,3.86,17.57,2020,1,1,9,1
203991,Clint Capela,HOU,1156.0,0.64,0.49,0.98,1.04,0.75,1.79,3.01,2.12,5.13,2020,59,55,54,38
1627863,Danuel House Jr.,HOU,1705.0,0.44,0.4,0.75,0.31,0.28,0.59,0.26,0.24,0.5,2020,107,103,102,118
201572,Brook Lopez,MIL,1639.0,0.46,1.51,2.17,0.61,1.89,2.5,0.96,2.91,3.88,2020,39,80,24,47
202083,Wesley Matthews,MIL,1492.0,-0.97,-2.0,-2.64,-0.99,-2.15,-3.14,-1.52,-3.45,-4.97,2020,370,338,379,335
202339,Eric Bledsoe,MIL,1508.0,1.42,1.47,3.04,1.72,1.84,3.55,2.93,3.18,6.11,2020,30,35,25,28
203114,Khris Middleton,MIL,1677.0,0.78,0.64,1.45,0.83,0.67,1.51,1.14,0.91,2.06,2020,66,64,65,88
203507,Giannis Antetokounmpo,MIL,1714.0,4.03,3.24,7.12,5.97,4.71,10.68,9.26,7.26,16.53,2020,4,7,2,3
201588,George Hill,MIL,1053.0,1.06,0.45,1.85,0.48,0.2,0.68,0.35,0.11,0.46,2020,103,93,111,120
101141,Ersan Ilyasova,MIL,866.0,0.79,0.94,2.0,0.13,0.16,0.29,-0.6,-0.67,-1.27,2020,119,119,118,164
201569,Eric Gordon,HOU,862.0,-0.25,-0.36,-0.41,-0.16,-0.34,-0.51,-0.42,-1.2,-1.61,2020,199,187,221,180
203085,Austin Rivers,HOU,1390.0,-1.34,-1.24,-2.61,-1.68,-1.55,-3.23,-3.2,-2.96,-6.16,2020,372,372,362,360
201577,Robin Lopez,MIL,842.0,-0.12,0.08,0.17,-0.2,-0.52,-0.72,-0.9,-2.95,-3.85,2020,224,201,253,297
1626192,Pat Connaughton,MIL,1085.0,-0.39,-0.74,-1.16,-0.24,-0.47,-0.71,-0.4,-0.76,-1.15,2020,222,214,245,161
200757,Thabo Sefolosha,HOU,375.0,-0.39,0.62,1.07,-0.04,0.11,0.07,0.05,0.45,0.5,2020,131,154,122,119
1628425,Sterling Brown,MIL,629.0,-0.6,-2.33,-3.14,-0.25,-0.94,-1.19,-0.88,-3.17,-4.04,2020,273,220,314,303
2594,Kyle Korver,MIL,829.0,-0.33,-0.18,0.11,-0.23,-0.23,-0.45,-0.71,-0.94,-1.65,2020,193,212,192,181
203463,Ben McLemore,HOU,1432.0,-3.24,-1.49,-4.83,-3.78,-1.74,-5.52,-6.55,-3.01,-9.56,2020,387,388,370,387
203110,Draymond Green,GSW,1084.0,0.68,1.75,2.51,0.59,1.71,2.3,1.34,4.27,5.6,2020,43,82,28,34
203922,Glenn Robinson III,GSW,1553.0,-1.33,-0.52,-1.94,-1.82,-0.72,-2.54,-3.09,-1.24,-4.32,2020,351,376,284,317
1626156,D'Angelo Russell,GSW,1301.0,0.19,0.16,0.08,0.43,0.51,0.94,1.15,1.49,2.64,2020,92,97,84,71
1629672,Eric Paschall,GSW,1436.0,-1.0,-1.0,-1.0,-1.16,-0.93,-2.09,-2.01,-1.34,-3.35,2020,327,351,313,275
1627737,Marquese Chriss,GSW,1059.0,-2.58,-1.36,-4.27,-2.14,-1.16,-3.29,-4.85,-2.69,-7.54,2020,375,380,330,375
1628980,Jacob Evans,GSW,345.0,-1.72,-1.6,-3.65,-0.53,-0.49,-1.01,-4.05,-3.74,-7.79,2020,255,276,251,377
1629673,Jordan Poole,GSW,1115.0,-1.0,-1.0,-1.0,-0.68,-0.89,-1.56,-1.08,-1.94,-3.03,2020,293,299,309,262
1627814,Damion Lee,GSW,1244.0,-1.05,-0.87,-1.95,-1.09,-0.9,-2.0,-2.25,-1.85,-4.1,2020,320,345,310,306
1629016,Omari Spellman,GSW,773.0,-0.99,-1.32,-2.64,-0.46,-0.61,-1.07,-1.08,-1.41,-2.49,2020,263,264,266,224
1629065,Ky Bowman,GSW,889.0,-1.0,-1.0,-1.0,-0.51,-0.7,-1.21,-0.92,-1.9,-2.81,2020,274,273,281,252
1629010,Jerome Robinson,WAS,886.0,-0.41,-1.79,-2.53,-0.34,-1.34,-1.67,-1.1,-4.07,-5.17,2020,299,232,350,341
1629611,Terance Mann,LAC,284.0,-1.0,-1.0,-1.0,-0.16,-0.16,-0.32,-1.22,-1.13,-2.35,2020,172,188,168,220
1629750,Javonte Green,BOS,399.0,-1.0,-1.0,-1.0,-0.19,-0.25,-0.44,-0.84,-1.42,-2.26,2020,188,196,199,212
202687,Bismack Biyombo,CHO,939.0,-3.17,-1.77,-4.97,-2.09,-1.17,-3.26,-4.71,-2.61,-7.32,2020,374,378,332,372
1626195,Willy Hernangomez,CHO,307.0,-0.3,-0.27,-0.72,-0.01,-0.01,-0.02,0.12,0.12,0.24,2020,140,142,138,125
1628998,Cody Martin,CHO,761.0,-1.0,-1.0,-1.0,-0.42,-0.6,-1.03,-0.84,-1.91,-2.75,2020,258,252,265,243
203077,Michael Kidd-Gilchrist,CHO,251.0,-0.27,-0.56,-0.92,-0.11,-0.2,-0.31,-1.3,-2.39,-3.69,2020,168,172,183,293
203476,Gorgui Dieng,MIN,943.0,0.19,-1.56,-1.22,0.04,-0.73,-0.69,-0.08,-1.15,-1.24,2020,219,130,285,162
1629103,Kelan Martin,MIN,431.0,-1.0,-1.0,-1.0,-0.18,-0.29,-0.47,-0.57,-1.64,-2.21,2020,194,194,209,201
1629011,Mitchell Robinson,NYK,1230.0,2.77,1.36,3.74,2.52,1.17,3.69,4.7,2.05,6.74,2020,29,24,38,25
1627885,Shaquille Harrison,CHI,437.0,-0.76,-0.8,-1.65,-0.24,-0.26,-0.5,-1.29,-1.36,-2.65,2020,197,215,201,239
1627846,Abdel Nader,OKC,787.0,-2.81,-4.48,-7.38,-1.35,-2.18,-3.54,-3.35,-5.46,-8.81,2020,379,361,380,384
1629126,Deonte Burton,OKC,292.0,-0.33,-0.93,-1.35,-0.11,-0.38,-0.49,-1.12,-3.93,-5.05,2020,195,173,230,339
1627936,Alex Caruso,LAL,999.0,0.4,0.85,1.1,0.1,0.12,0.22,-0.18,-0.85,-1.03,2020,123,122,121,158
1628396,Tony Bradley,UTA,570.0,-1.09,-0.45,-1.87,-0.46,-0.2,-0.66,-2.05,-0.92,-2.97,2020,217,265,184,259
1627745,Damian Jones,ATL,800.0,-0.59,-0.06,-0.86,-0.38,-0.07,-0.44,-1.11,-0.26,-1.37,2020,189,244,149,171
1628422,Damyean Dotson,NYK,714.0,-0.0,0.06,-0.1,-0.43,-0.24,-0.67,-2.65,-1.6,-4.25,2020,218,255,194,311
203089,John Henson,CLE,561.0,-0.67,-0.76,-1.34,-0.28,-0.32,-0.59,-1.1,-1.26,-2.37,2020,207,224,218,222
1629048,Goga Bitadze,IND,399.0,-1.0,-1.0,-1.0,-0.16,-0.28,-0.44,-0.57,-1.69,-2.26,2020,190,189,207,213
1629744,Matt Thomas,TOR,356.0,-1.0,-1.0,-1.0,-0.19,-0.19,-0.39,-1.12,-1.12,-2.25,2020,183,197,175,211
1627756,Denzel Valentine,CHI,432.0,-0.04,-0.68,-0.96,-0.07,-0.34,-0.41,-0.62,-2.3,-2.93,2020,185,161,222,255
1628449,Chris Boucher,TOR,684.0,-0.29,-0.23,-0.55,-0.04,-0.04,-0.08,0.13,0.1,0.23,2020,143,155,143,126
1626178,Rondae Hollis-Jefferson,TOR,989.0,0.25,0.28,0.39,-0.03,-0.06,-0.09,-0.54,-0.74,-1.29,2020,145,146,145,167
1629655,Daniel Gafford,CHI,546.0,-1.0,-1.0,-1.0,-0.38,-0.33,-0.71,-1.52,-1.1,-2.61,2020,223,245,220,234
202738,Isaiah Thomas,WAS,842.0,-0.35,-0.24,-0.44,0.24,0.08,0.32,1.85,0.8,2.65,2020,116,110,130,70
1629022,Lonnie Walker IV,SAS,880.0,-0.59,-2.36,-3.34,-0.32,-1.24,-1.56,-0.68,-2.53,-3.21,2020,294,229,336,268
1629661,Cameron Johnson,PHO,1110.0,-1.0,-1.0,-1.0,-0.77,-0.66,-1.43,-1.6,-1.18,-2.78,2020,285,309,275,249
203524,Solomon Hill,MEM,927.0,-1.61,-2.31,-3.89,-1.06,-1.54,-2.6,-2.74,-4.01,-6.75,2020,355,342,360,368
1627775,Patrick McCaw,TOR,796.0,-1.24,-4.47,-5.92,-0.61,-2.2,-2.81,-1.57,-5.6,-7.17,2020,362,289,381,370
1628035,Alfonzo McKinnie,CLE,515.0,-1.19,-3.61,-4.83,-0.41,-1.33,-1.74,-1.65,-5.7,-7.35,2020,306,250,349,373
1628391,D.J. Wilson,MIL,303.0,-0.29,-1.34,-1.9,-0.08,-0.32,-0.41,-0.77,-2.76,-3.53,2020,186,165,219,285
1628978,Donte DiVincenzo,MIL,1310.0,0.24,0.19,0.15,0.03,-0.26,-0.23,-0.25,-1.16,-1.4,2020,156,132,202,172
1629637,Jaxson Hayes,NOP,973.0,-1.0,-1.0,-1.0,-0.69,-0.53,-1.22,-1.68,-0.96,-2.64,2020,275,301,256,238
202710,Jimmy Butler,MIA,1760.0,3.47,1.36,4.98,5.19,2.03,7.23,7.75,3.03,10.79,2020,13,8,22,13
203939,Dwight Powell,DAL,974.0,1.17,0.4,1.6,0.98,0.34,1.31,2.78,0.97,3.75,2020,76,58,95,50
1629641,Romeo Langford,BOS,330.0,-1.0,-1.0,-1.0,-0.13,-0.23,-0.35,-0.54,-1.68,-2.22,2020,175,180,193,204
1629033,Theo Pinson,BRK,308.0,-0.17,-0.69,-1.07,-0.08,-0.27,-0.35,-0.75,-2.66,-3.41,2020,176,166,204,279
1629058,Dzanan Musa,BRK,395.0,0.14,-0.26,-0.57,-0.03,-0.2,-0.24,-0.46,-1.74,-2.21,2020,157,147,185,202
1629004,Svi Mykhailiuk,DET,1128.0,-1.47,-0.73,-2.52,-1.61,-0.84,-2.44,-4.04,-2.16,-6.21,2020,347,370,299,362
1628972,Troy Brown Jr.,WAS,1571.0,-0.65,-0.49,-1.59,-0.94,-0.75,-1.69,-1.66,-1.36,-3.02,2020,300,329,288,261
1629018,Gary Trent Jr.,POR,1173.0,-2.21,-0.5,-3.1,-2.13,-0.53,-2.66,-4.95,-1.31,-6.25,2020,358,379,257,363
203585,Rodney McGruder,LAC,722.0,-0.15,-0.42,-0.54,-0.19,-0.62,-0.81,-0.91,-3.17,-4.08,2020,233,198,268,305
1626161,Willie Cauley-Stein,GSW,966.0,0.15,0.15,0.21,0.15,0.15,0.3,0.48,0.44,0.92,2020,118,117,119,109
202692,Alec Burks,GSW,1493.0,-2.71,-1.25,-3.93,-2.76,-1.26,-4.02,-4.08,-1.85,-5.93,2020,383,385,341,354
1629008,Michael Porter Jr.,DEN,812.0,-1.0,-1.0,-1.0,-0.54,-0.46,-1.0,-1.5,-1.03,-2.53,2020,252,277,244,229
1627823,Juancho Hernangomez,MIN,765.0,-0.59,-2.37,-3.16,-0.24,-0.94,-1.18,-0.55,-2.06,-2.61,2020,270,216,315,235
203960,JaKarr Sampson,IND,414.0,0.66,0.7,1.27,0.08,0.09,0.17,0.11,0.11,0.22,2020,127,126,128,127
202688,Brandon Knight,CLE,414.0,-3.98,-3.7,-7.66,-1.04,-0.96,-2.01,-5.17,-4.77,-9.94,2020,322,340,317,388
203920,Khem Birch,ORL,851.0,1.68,1.21,2.86,0.66,0.48,1.14,0.92,0.66,1.58,2020,82,77,86,96
1628411,Wes Iwundu,ORL,851.0,-1.06,-0.97,-2.18,-0.91,-0.84,-1.75,-3.22,-2.97,-6.2,2020,307,324,300,361
1628398,Kyle Kuzma,LAL,1329.0,-0.1,-0.85,-1.16,-0.15,-0.88,-1.03,-0.34,-1.65,-1.99,2020,259,185,307,194
1626246,Boban Marjanovic,DAL,381.0,2.41,1.1,3.72,0.56,0.26,0.82,3.36,1.53,4.9,2020,98,84,105,40
201949,James Johnson,MIN,553.0,0.0,0.17,0.45,0.03,0.15,0.18,0.25,0.93,1.18,2020,126,133,120,105
1629598,Chris Clemons,HOU,254.0,-1.0,-1.0,-1.0,-0.12,-0.17,-0.29,-0.87,-1.53,-2.4,2020,163,179,171,223
1628990,Chandler Hutchison,CHI,479.0,-0.13,-0.91,-1.32,-0.19,-0.74,-0.92,-1.4,-5.05,-6.44,2020,244,199,286,365
1629162,Jordan McLaughlin,MIN,531.0,-1.0,-1.0,-1.0,-0.36,-0.24,-0.6,-1.61,-0.67,-2.28,2020,208,238,195,217
200826,J.J. Barea,DAL,407.0,0.25,-0.18,0.52,0.03,-0.02,0.02,0.08,-0.01,0.07,2020,135,134,140,132
1628385,Harry Giles III,SAC,579.0,-0.71,-0.64,-1.74,-0.43,-0.39,-0.82,-2.19,-2.02,-4.2,2020,234,256,234,310
203504,Trey Burke,PHI,451.0,0.18,0.09,0.24,0.04,0.02,0.06,0.16,0.06,0.22,2020,132,131,134,128
1629642,Nassir Little,POR,484.0,-1.0,-1.0,-1.0,-0.27,-0.26,-0.53,-1.15,-1.07,-2.22,2020,204,222,203,205
201933,Blake Griffin,DET,475.0,0.35,1.56,2.07,0.28,1.05,1.34,1.97,7.04,9.01,2020,72,105,41,19
200765,Rajon Rondo,LAL,860.0,-1.3,-3.69,-4.66,-0.59,-1.74,-2.33,-1.05,-3.31,-4.36,2020,342,286,371,318
202331,Paul George,LAC,1292.0,2.56,2.64,5.29,2.84,2.75,5.59,5.72,5.29,11.01,2020,17,20,14,11
203459,Allen Crabbe,ATL,517.0,-0.38,-0.27,-0.69,-0.3,-0.22,-0.52,-1.89,-1.37,-3.26,2020,202,226,188,271
1629109,Gary Clark,ORL,491.0,-0.7,-0.65,-1.5,-0.2,-0.18,-0.38,-0.79,-0.73,-1.52,2020,179,202,173,177
1628966,Keita Bates-Diop,MIN,622.0,-0.93,-0.86,-2.0,-0.52,-0.48,-1.0,-2.36,-2.17,-4.53,2020,253,275,248,325
1627789,Timothe Luwawu-Cabarrot,BRK,733.0,-1.53,-1.06,-2.8,-1.15,-0.81,-1.96,-4.71,-3.36,-8.07,2020,318,349,295,381
203957,Dante Exum,CLE,428.0,-1.42,-0.58,-2.22,-0.54,-0.24,-0.78,-3.27,-1.48,-4.75,2020,229,278,196,329
2546,Carmelo Anthony,POR,1770.0,-1.54,-2.64,-3.74,-1.7,-2.98,-4.69,-2.33,-4.12,-6.45,2020,386,374,388,366
1629635,Sekou Doumbouya,DET,682.0,-1.0,-1.0,-1.0,-0.36,-0.52,-0.88,-0.77,-1.85,-2.62,2020,241,239,254,237
1629660,Ty Jerome,PHO,281.0,-1.0,-1.0,-1.0,-0.1,-0.19,-0.29,-0.52,-1.65,-2.17,2020,164,169,176,198
1629164,Brandon Goodwin,ATL,364.0,-0.36,-1.08,-1.65,-0.14,-0.48,-0.62,-1.09,-3.84,-4.93,2020,210,182,249,334
101133,Ian Mahinmi,WAS,716.0,-1.57,-1.48,-2.72,-0.97,-0.91,-1.88,-3.73,-3.46,-7.19,2020,316,334,312,371
1629652,Luguentz Dort,OKC,745.0,-1.0,-1.0,-1.0,-0.39,-0.55,-0.94,-0.78,-1.79,-2.57,2020,247,246,259,231
1629675,Naz Reid,MIN,463.0,-1.0,-1.0,-1.0,-0.2,-0.31,-0.51,-0.68,-1.55,-2.23,2020,200,203,215,209
201163,Wilson Chandler,BRK,659.0,-0.99,-2.72,-3.44,-0.39,-1.16,-1.55,-1.17,-3.9,-5.07,2020,292,247,331,340
1628394,Anzejs Pasecniks,WAS,397.0,-1.0,-1.0,-1.0,-0.24,-0.19,-0.44,-1.37,-0.89,-2.26,2020,191,217,177,214
1627780,Gary Payton II,WAS,401.0,-0.4,-1.1,-1.54,-0.14,-0.47,-0.62,-0.98,-3.44,-4.42,2020,211,183,246,321
203493,Reggie Bullock,NYK,630.0,-0.21,-0.28,-0.47,-0.11,-0.14,-0.25,-0.42,-0.57,-0.99,2020,159,174,161,157
1626245,Cristiano Felicio,CHI,328.0,-3.81,-1.56,-5.39,-0.78,-0.31,-1.09,-5.12,-2.0,-7.13,2020,264,315,216,369
1628408,P.J. Dozier,DEN,337.0,0.1,-0.11,-0.29,-0.03,-0.15,-0.17,-0.41,-1.5,-1.91,2020,152,148,164,190
1629627,Zion Williamson,NOP,629.0,-1.0,-1.0,-1.0,-0.44,-0.29,-0.74,-1.69,-0.68,-2.36,2020,226,258,210,221
203506,Victor Oladipo,IND,480.0,0.79,3.17,3.93,0.28,1.05,1.34,1.46,5.23,6.69,2020,73,106,42,26
1628367,Josh Jackson,MEM,316.0,-0.77,-3.29,-4.38,-0.21,-0.77,-0.98,-1.76,-6.28,-8.04,2020,250,206,292,379
2738,Andre Iguodala,MIA,373.0,-0.12,0.8,1.2,0.02,0.2,0.22,0.31,1.24,1.55,2020,124,138,112,97
201142,Kevin Durant,BRK,1027.0,4.99,1.29,6.76,4.09,1.11,5.2,9.83,2.75,12.58,2021,18,13,40,8
201599,DeAndre Jordan,BRK,1125.0,0.42,0.13,0.83,0.66,0.32,0.98,1.99,1.06,3.05,2021,85,75,95,69
202681,Kyrie Irving,BRK,1677.0,2.33,0.73,3.09,4.63,1.38,6.01,8.06,2.37,10.43,2021,13,8,32,13
203925,Joe Harris,BRK,1941.0,0.38,0.11,0.58,0.46,0.13,0.58,0.55,0.15,0.7,2021,107,87,120,119
201939,Stephen Curry,GSW,1891.0,4.36,1.53,6.16,6.46,2.26,8.72,8.98,3.14,12.11,2021,6,6,13,10
203952,Andrew Wiggins,GSW,2158.0,0.1,0.04,-0.01,-0.1,-0.41,-0.51,-0.22,-0.67,-0.89,2021,204,167,250,169
1626162,Kelly Oubre Jr.,GSW,1500.0,-0.09,-0.65,-0.89,-0.14,-0.77,-0.91,-0.28,-1.36,-1.65,2021,275,185,323,202
1629672,Eric Paschall,GSW,621.0,-0.44,-1.62,-2.27,-0.24,-0.8,-1.04,-1.07,-3.42,-4.49,2021,288,231,328,348
1630164,James Wiseman,GSW,732.0,-1.0,-1.0,-1.0,-0.35,-0.51,-0.86,-0.73,-1.68,-2.4,2021,266,272,278,259
1626172,Kevon Looney,GSW,1079.0,0.82,0.61,1.23,0.33,0.26,0.59,0.16,0.15,0.31,2021,106,96,104,124
1628386,Jarrett Allen,CLE,1666.0,1.23,0.84,1.74,1.46,0.91,2.37,2.29,1.36,3.65,2021,46,44,53,57
203145,Kent Bazemore,GSW,1181.0,-0.57,-1.42,-1.78,-0.49,-1.38,-1.86,-1.02,-3.18,-4.2,2021,358,301,376,338
1627747,Caris LeVert,IND,1355.0,-0.42,-0.83,-1.34,-0.33,-0.64,-0.97,-0.49,-0.94,-1.43,2021,279,267,304,191
1629013,Landry Shamet,BRK,1230.0,-1.31,-0.48,-2.05,-1.29,-0.51,-1.79,-2.59,-1.08,-3.67,2021,357,388,279,323
1627814,Damion Lee,GSW,915.0,-0.14,-0.12,-0.23,-0.41,-0.35,-0.76,-1.83,-1.57,-3.41,2021,256,287,238,311
1627752,Taurean Prince,CLE,809.0,-0.57,-2.15,-2.81,-0.3,-1.11,-1.41,-0.9,-3.23,-4.12,2021,321,247,358,336
201145,Jeff Green,BRK,1628.0,-2.99,-1.4,-3.99,-3.4,-1.54,-4.94,-4.88,-2.18,-7.06,2021,402,405,383,393
202954,Brad Wanamaker,GSW,938.0,0.1,0.79,1.1,-0.02,0.11,0.1,-0.25,-0.65,-0.9,2021,128,144,123,170
1629673,Jordan Poole,GSW,882.0,-1.07,-0.74,-2.2,-1.29,-0.95,-2.24,-5.08,-3.8,-8.88,2021,371,389,348,404
1629308,Juan Toscano-Anderson,GSW,1009.0,-1.62,-1.7,-3.36,-1.1,-1.15,-2.25,-2.5,-2.63,-5.13,2021,372,377,360,360
1628971,Bruce Brown,BRK,1302.0,-1.18,-0.5,-1.89,-1.32,-0.58,-1.9,-2.63,-1.21,-3.84,2021,359,392,296,327
1627789,Timothe Luwawu-Cabarrot,BRK,927.0,-0.83,-3.04,-4.02,-0.61,-2.19,-2.8,-1.59,-5.7,-7.29,2021,387,326,395,394
1628539,Mychal Mulder,GSW,664.0,-0.55,-0.5,-1.14,-0.53,-0.49,-1.03,-2.77,-2.56,-5.33,2021,287,314,272,364
204020,Tyler Johnson,BRK,600.0,-2.14,-1.55,-3.65,-0.68,-0.48,-1.16,-1.79,-1.26,-3.05,2021,298,337,268,294
2544,LeBron James,LAL,1382.0,3.69,2.87,7.07,4.47,3.51,7.98,8.72,6.89,15.6,2021,8,10,3,4
201188,Marc Gasol,LAL,907.0,0.39,1.39,2.29,0.35,1.0,1.35,1.14,2.75,3.89,2021,73,93,49,54
203076,Anthony Davis,LAL,1043.0,1.83,3.03,4.83,1.96,3.28,5.24,5.61,9.46,15.07,2021,17,33,7,5
203471,Dennis Schroder,LAL,1769.0,0.16,-0.92,-0.79,0.06,-1.24,-1.17,0.01,-1.77,-1.76,2021,299,127,370,204
203484,Kentavious Caldwell-Pope,LAL,1724.0,-0.14,-0.22,-0.38,-0.21,-0.32,-0.53,-0.32,-0.49,-0.81,2021,212,217,230,165
201586,Serge Ibaka,LAC,886.0,-0.02,-0.08,0.11,-0.04,-0.05,-0.1,-0.18,-0.16,-0.34,2021,153,152,152,152
201587,Nicolas Batum,LAC,1658.0,-0.26,-0.26,-0.25,-0.38,-0.35,-0.73,-0.63,-0.56,-1.19,2021,251,283,239,178
201976,Patrick Beverley,LAC,771.0,1.11,0.75,2.13,0.51,0.38,0.89,1.33,1.12,2.45,2021,92,83,92,79
202331,Paul George,LAC,1689.0,3.71,2.84,6.7,4.62,3.47,8.09,6.97,5.19,12.16,2021,7,9,5,9
202695,Kawhi Leonard,LAC,1603.0,4.15,1.41,5.65,5.83,1.98,7.81,9.99,3.38,13.37,2021,9,7,18,7
1626149,Montrezl Harrell,LAL,1397.0,1.86,1.09,2.92,2.19,1.26,3.45,4.13,2.33,6.46,2021,32,30,35,21
1627826,Ivica Zubac,LAC,1470.0,2.21,1.08,3.01,2.13,1.0,3.13,3.32,1.52,4.84,2021,37,31,50,41
202083,Wesley Matthews,LAL,1013.0,-0.62,-1.31,-1.55,-0.46,-1.19,-1.65,-1.07,-3.22,-4.29,2021,339,296,365,341
1628398,Kyle Kuzma,LAL,1729.0,-0.21,-1.06,-1.42,-0.35,-1.57,-1.92,-0.55,-2.4,-2.96,2021,363,273,386,291
101150,Lou Williams,LAC,1251.0,-0.03,0.39,0.75,0.11,0.51,0.62,0.42,1.27,1.68,2021,104,123,81,93
202335,Patrick Patterson,LAC,523.0,-1.86,-1.32,-2.97,-0.5,-0.35,-0.84,-1.72,-1.15,-2.87,2021,263,304,240,285
1628379,Luke Kennard,LAC,1124.0,-0.18,-0.09,-0.48,-0.17,-0.1,-0.27,-0.43,-0.26,-0.69,2021,175,201,169,160
202693,Markieff Morris,LAL,1101.0,-1.01,-2.89,-3.69,-0.74,-2.23,-2.97,-1.42,-4.54,-5.95,2021,390,346,398,379
1627936,Alex Caruso,LAL,1047.0,0.15,0.3,0.36,0.04,-0.0,0.03,-0.1,-0.51,-0.61,2021,136,132,142,158
202704,Reggie Jackson,LAC,1432.0,1.43,0.75,2.33,1.05,0.55,1.6,1.27,0.66,1.93,2021,63,55,76,92
1629659,Talen Horton-Tucker,LAL,1149.0,0.06,-0.68,-1.07,-0.03,-0.63,-0.66,-0.21,-1.4,-1.61,2021,236,148,301,199
202684,Tristan Thompson,BOS,1181.0,-0.63,-0.56,-1.1,-0.63,-0.55,-1.19,-1.51,-1.31,-2.82,2021,307,331,287,282
203935,Marcus Smart,BOS,1407.0,0.71,0.25,0.87,0.66,0.29,0.95,1.1,0.56,1.66,2021,86,76,100,95
1627759,Jaylen Brown,BOS,1777.0,0.31,0.34,0.44,0.25,0.3,0.55,0.29,0.37,0.66,2021,108,109,98,121
1628369,Jayson Tatum,BOS,2062.0,2.19,1.38,3.24,3.14,1.95,5.09,3.89,2.39,6.28,2021,19,17,19,23
1628464,Daniel Theis,BOS,1458.0,0.86,0.79,1.69,0.88,0.82,1.7,1.51,1.39,2.9,2021,59,63,57,72
201572,Brook Lopez,MIL,1710.0,0.79,0.45,1.51,1.17,0.7,1.88,1.82,1.11,2.93,2021,55,50,69,71
201950,Jrue Holiday,MIL,1622.0,1.82,0.7,2.67,2.26,0.92,3.18,3.49,1.45,4.94,2021,35,27,52,40
203114,Khris Middleton,MIL,2047.0,1.13,0.52,1.73,1.92,0.9,2.82,2.46,1.15,3.61,2021,43,35,54,59
203507,Giannis Antetokounmpo,MIL,1785.0,5.89,2.67,8.47,9.14,4.1,13.24,13.55,6.05,19.6,2021,2,2,1,1
1628978,Donte DiVincenzo,MIL,1687.0,1.28,1.57,2.63,1.42,1.75,3.16,1.95,2.41,4.36,2021,36,46,22,47
201952,Jeff Teague,BOS,858.0,-1.49,-1.04,-2.26,-0.73,-0.45,-1.18,-1.68,-0.83,-2.52,2021,303,344,260,265
1629684,Grant Williams,BOS,996.0,0.2,-0.07,-0.19,-0.05,-0.51,-0.56,-0.52,-2.26,-2.78,2021,216,154,280,281
1626171,Bobby Portis,MIL,1201.0,-0.44,-0.25,-0.84,-0.48,-0.29,-0.77,-1.09,-0.68,-1.78,2021,258,300,220,206
1626192,Pat Connaughton,MIL,1337.0,-0.71,-0.63,-1.31,-0.52,-0.46,-0.98,-0.64,-0.57,-1.21,2021,284,313,264,180
1629057,Robert Williams III,BOS,889.0,0.71,0.65,1.09,0.71,0.61,1.32,2.58,2.19,4.76,2021,74,73,71,43
1628391,D.J. Wilson,HOU,387.0,-0.56,-2.09,-2.86,-0.16,-0.56,-0.72,-1.02,-3.63,-4.65,2021,247,196,290,351
1630202,Payton Pritchard,BOS,1141.0,-1.0,-1.0,-1.0,-0.76,-0.66,-1.42,-1.56,-1.13,-2.69,2021,325,349,309,276
1627854,Bryn Forbes,MIL,1173.0,-2.88,-0.93,-3.84,-2.37,-0.76,-3.13,-4.5,-1.43,-5.93,2021,392,400,321,377
1628400,Semi Ojeleye,BOS,870.0,-2.7,-2.14,-4.93,-1.45,-1.15,-2.6,-3.6,-2.85,-6.45,2021,383,396,361,387
101108,Chris Paul,PHO,2051.0,4.98,1.65,7.09,7.09,2.4,9.49,8.77,3.0,11.77,2021,5,5,10,11
203109,Jae Crowder,PHO,1496.0,-0.81,-0.97,-1.63,-0.76,-0.91,-1.67,-1.14,-1.38,-2.52,2021,341,350,343,266
1626164,Devin Booker,PHO,2050.0,1.0,0.93,1.72,1.59,1.36,2.96,2.04,1.7,3.75,2021,40,40,33,56
1628969,Mikal Bridges,PHO,2159.0,-0.19,0.03,-0.38,-0.28,0.02,-0.26,-0.33,0.01,-0.32,2021,173,239,137,151
1629028,Deandre Ayton,PHO,1960.0,1.43,0.93,2.03,1.73,1.12,2.85,2.15,1.38,3.53,2021,41,38,39,62
203501,Tim Hardaway Jr.,DAL,1772.0,-0.11,-0.06,-0.13,-0.37,-0.15,-0.51,-0.64,-0.24,-0.88,2021,205,281,177,168
203939,Dwight Powell,DAL,868.0,1.9,0.78,2.77,1.11,0.46,1.57,2.86,1.19,4.06,2021,64,53,85,51
1626196,Josh Richardson,DAL,1600.0,-0.3,-0.39,-0.72,-0.33,-0.43,-0.75,-0.49,-0.63,-1.12,2021,254,268,252,176
1627827,Dorian Finney-Smith,DAL,1730.0,-0.39,-0.21,-0.63,-0.62,-0.33,-0.95,-0.97,-0.52,-1.5,2021,277,330,233,196
1629029,Luka Doncic,DAL,2050.0,2.06,1.19,2.86,4.34,2.3,6.65,5.91,3.07,8.98,2021,11,11,11,15
1627745,Damian Jones,SAC,476.0,-0.96,-1.76,-2.87,-0.21,-0.39,-0.6,-0.76,-1.39,-2.15,2021,222,218,245,229
1626166,Cameron Payne,PHO,949.0,-0.24,-0.07,-0.4,-0.36,-0.15,-0.51,-1.37,-0.61,-1.98,2021,206,277,178,216
1628467,Maxi Kleber,DAL,1201.0,0.48,0.34,0.91,0.31,0.22,0.53,0.43,0.31,0.73,2021,110,99,111,116
1629661,Cameron Johnson,PHO,1286.0,-0.04,-0.06,-0.31,0.02,0.01,0.02,0.11,0.11,0.22,2021,137,138,141,126
201949,James Johnson,NOP,914.0,-0.54,-1.03,-1.24,-0.23,-0.46,-0.69,-0.33,-0.75,-1.08,2021,242,227,265,175
203504,Trey Burke,DAL,804.0,0.41,0.38,0.82,0.19,0.18,0.37,0.46,0.43,0.89,2021,116,117,114,111
1628975,Jevon Carter,PHO,631.0,1.19,1.24,2.28,0.18,0.19,0.37,-0.3,-0.32,-0.62,2021,117,119,112,159
1628973,Jalen Brunson,DAL,1513.0,-0.3,0.06,-0.45,-0.57,-0.04,-0.61,-1.19,-0.19,-1.37,2021,224,320,150,185
204038,Langston Galloway,PHO,404.0,-0.11,-0.09,-0.11,-0.17,-0.08,-0.25,-1.54,-0.71,-2.25,2021,171,202,160,238
1630182,Josh Green,DAL,387.0,-1.0,-1.0,-1.0,-0.16,-0.27,-0.42,-0.56,-1.67,-2.24,2021,196,197,215,236
1626161,Willie Cauley-Stein,DAL,820.0,0.61,0.44,1.02,0.32,0.23,0.55,0.83,0.58,1.42,2021,109,97,108,99
202710,Jimmy Butler,MIA,1586.0,3.16,1.16,4.53,3.9,1.43,5.33,6.47,2.38,8.85,2021,16,14,29,16
1628389,Bam Adebayo,MIA,1972.0,1.69,1.03,2.45,2.54,1.49,4.02,3.36,1.95,5.31,2021,24,23,28,35
1629130,Duncan Robinson,MIA,2099.0,0.23,0.21,0.36,0.34,0.31,0.64,0.41,0.37,0.78,2021,103,95,96,114
1629639,Tyler Herro,MIA,1457.0,-0.26,-1.71,-2.37,-0.29,-1.61,-1.9,-0.51,-2.57,-3.08,2021,360,243,387,296
202339,Eric Bledsoe,NOP,1955.0,0.96,1.06,2.23,1.47,1.62,3.1,1.98,2.18,4.17,2021,38,43,24,50
203500,Steven Adams,NOP,1469.0,2.44,1.68,4.09,2.24,1.55,3.79,3.44,2.37,5.81,2021,26,28,26,30
1627742,Brandon Ingram,NOP,1910.0,-0.31,0.09,-0.49,-0.21,0.13,-0.08,-0.2,0.19,-0.01,2021,149,219,121,136
1628366,Lonzo Ball,NOP,1603.0,-0.05,-0.07,-0.39,0.04,0.03,0.07,0.15,0.15,0.3,2021,132,133,135,125
1629627,Zion Williamson,NOP,1881.0,2.27,1.02,2.84,2.92,1.23,4.14,3.91,1.61,5.52,2021,23,19,36,33
201609,Goran Dragic,MIA,1207.0,-0.38,-0.37,-0.36,-0.27,-0.38,-0.65,-0.45,-0.88,-1.33,2021,234,236,243,184
1629740,Nicolo Melli,DAL,506.0,-0.7,-1.78,-2.33,-0.19,-0.56,-0.75,-0.72,-2.42,-3.14,2021,255,207,291,299
2738,Andre Iguodala,MIA,1199.0,-0.32,0.27,0.52,-0.19,0.15,-0.04,-0.25,0.15,-0.09,2021,145,208,117,138
202340,Avery Bradley,HOU,546.0,-0.79,-2.27,-2.91,-0.32,-1.04,-1.36,-1.5,-5.21,-6.71,2021,313,258,350,390
1630173,Precious Achiuwa,MIA,647.0,-1.0,-1.0,-1.0,-0.3,-0.43,-0.74,-0.72,-1.59,-2.31,2021,252,248,253,248
200755,JJ Redick,NOP,654.0,-0.38,-0.28,-0.15,-0.09,-0.07,-0.16,-0.1,-0.07,-0.17,2021,160,164,158,142
1628404,Josh Hart,NOP,1203.0,0.27,0.25,0.37,0.04,0.05,0.09,-0.24,-0.19,-0.44,2021,130,134,129,155
1629637,Jaxson Hayes,NOP,864.0,-0.37,0.13,-0.69,-0.14,0.05,-0.09,-0.18,0.06,-0.12,2021,151,186,130,140
203090,Maurice Harkless,SAC,695.0,-0.48,-0.88,-1.38,-0.12,-0.21,-0.33,-0.08,-0.14,-0.22,2021,182,178,200,148
1629644,KZ Okpala,MIA,398.0,-0.07,-0.66,-1.12,-0.02,-0.13,-0.15,-0.16,-0.62,-0.78,2021,157,145,174,162
201571,D.J. Augustin,MIL,1000.0,-0.32,-0.33,-0.32,-0.36,-0.22,-0.59,-1.15,-0.47,-1.62,2021,219,278,205,200
203648,Thanasis Antetokounmpo,MIL,451.0,-0.15,-0.33,-0.46,-0.11,-0.35,-0.45,-0.77,-2.68,-3.45,2021,200,171,241,314
1628470,Torrey Craig,PHO,722.0,-3.01,-2.8,-5.66,-1.18,-1.09,-2.27,-3.0,-2.78,-5.78,2021,373,382,355,375
1629750,Javonte Green,BOS,418.0,-0.95,-1.03,-2.01,-0.19,-0.21,-0.4,-0.84,-0.92,-1.76,2021,192,209,201,205
1630174,Aaron Nesmith,BOS,567.0,-1.0,-1.0,-1.0,-0.31,-0.32,-0.63,-1.08,-1.17,-2.24,2021,231,254,231,237
1628411,Wes Iwundu,DAL,459.0,-0.33,-1.29,-1.71,-0.19,-0.7,-0.89,-1.3,-4.63,-5.93,2021,270,210,314,378
200794,Paul Millsap,DEN,1077.0,0.28,0.19,0.92,0.21,0.15,0.35,0.41,0.32,0.72,2021,119,113,118,117
203914,Gary Harris,DEN,994.0,-0.59,-0.53,-1.21,-0.51,-0.47,-0.97,-1.37,-1.26,-2.64,2021,280,307,266,273
203999,Nikola Jokic,DEN,2245.0,5.97,1.84,7.66,11.29,3.42,14.71,13.2,3.97,17.17,2021,1,1,6,3
1627750,Jamal Murray,DEN,1535.0,0.64,0.44,0.81,0.8,0.49,1.29,1.33,0.76,2.1,2021,77,67,83,88
1629008,Michael Porter Jr.,DEN,1735.0,0.01,0.19,-0.12,0.37,0.35,0.72,0.75,0.55,1.3,2021,99,92,94,102
203115,Will Barton,DEN,1557.0,-0.71,-1.22,-1.78,-0.6,-1.03,-1.64,-0.73,-1.23,-1.96,2021,338,323,349,214
1628408,P.J. Dozier,DEN,991.0,-0.46,-1.78,-2.45,-0.4,-1.5,-1.91,-1.11,-4.01,-5.12,2021,362,286,380,359
1628420,Monte Morris,DEN,1058.0,0.53,0.36,0.74,0.45,0.25,0.7,1.07,0.5,1.57,2021,101,89,105,97
1630267,Facundo Campazzo,DEN,1278.0,-1.0,-1.0,-1.0,-0.9,-0.87,-1.77,-1.59,-1.5,-3.09,2021,353,369,338,298
1628392,Isaiah Hartenstein,CLE,502.0,0.11,0.07,-0.15,-0.07,-0.09,-0.15,-0.64,-0.77,-1.42,2021,158,161,164,189
1629599,Amir Coffey,LAC,356.0,-1.4,-1.02,-2.69,-0.3,-0.21,-0.51,-1.89,-1.31,-3.21,2021,207,249,202,303
1629611,Terance Mann,LAC,1137.0,-0.9,-0.39,-1.5,-0.74,-0.34,-1.08,-1.59,-0.75,-2.34,2021,291,347,235,253
203083,Andre Drummond,CLE,1142.0,0.13,1.51,1.61,0.2,1.22,1.42,0.6,2.78,3.37,2021,71,115,37,66
1626204,Larry Nance Jr.,CLE,971.0,0.41,0.92,1.33,0.35,0.81,1.16,1.07,2.51,3.59,2021,79,94,59,60
1629012,Collin Sexton,CLE,1907.0,-3.26,-0.83,-4.42,-4.05,-1.08,-5.13,-5.4,-1.45,-6.85,2021,403,407,354,391
1629636,Darius Garland,CLE,1621.0,-0.9,-2.9,-4.18,-1.17,-3.53,-4.7,-1.97,-5.82,-7.79,2021,400,381,405,399
1630171,Isaac Okoro,CLE,1984.0,-1.0,-1.0,-1.0,-1.15,-1.36,-2.5,-1.41,-1.76,-3.17,2021,380,380,374,301
202330,Gordon Hayward,CHO,1351.0,0.96,0.75,1.86,1.07,0.77,1.83,2.07,1.39,3.47,2021,56,54,64,64
203469,Cody Zeller,CHO,882.0,-0.19,-0.11,-0.27,-0.19,-0.1,-0.29,-0.67,-0.33,-1.0,2021,179,211,170,171
1626179,Terry Rozier,CHO,2138.0,-2.88,-1.59,-4.55,-3.77,-2.07,-5.84,-4.15,-2.28,-6.43,2021,406,406,394,386
1628984,Devonte' Graham,CHO,1436.0,-0.01,0.1,-0.06,-0.07,0.05,-0.02,-0.21,0.03,-0.18,2021,142,162,131,143
1629023,P.J. Washington,CHO,1777.0,0.3,0.22,0.19,0.21,-0.14,0.06,0.2,-0.43,-0.23,2021,133,114,176,149
1626224,Cedi Osman,CLE,1341.0,-0.49,-2.92,-3.56,-0.51,-2.55,-3.06,-1.03,-4.61,-5.64,2021,391,308,401,371
1628970,Miles Bridges,CHO,1673.0,-0.51,-0.29,-1.12,-0.84,-0.53,-1.37,-1.41,-0.93,-2.34,2021,315,359,283,254
1630163,LaMelo Ball,CHO,1305.0,-1.0,-1.0,-1.0,-0.84,-0.94,-1.78,-1.36,-1.7,-3.06,2021,355,360,345,295
1629731,Dean Wade,CLE,1073.0,-0.37,-0.25,-0.83,-0.32,-0.23,-0.55,-0.85,-0.62,-1.47,2021,213,259,207,194
202687,Bismack Biyombo,CHO,1187.0,-1.16,-1.62,-2.74,-1.07,-1.51,-2.58,-2.26,-3.21,-5.47,2021,382,376,381,368
1629685,Dylan Windler,CLE,457.0,-1.0,-1.0,-1.0,-0.17,-0.29,-0.46,-0.54,-1.52,-2.05,2021,202,203,221,222
1628998,Cody Martin,CHO,745.0,0.15,0.16,0.16,-0.06,-0.33,-0.39,-0.59,-2.25,-2.84,2021,190,156,234,283
1628422,Damyean Dotson,CLE,790.0,-0.37,-1.42,-1.87,-0.23,-0.85,-1.08,-0.81,-2.9,-3.71,2021,292,228,333,326
1629667,Jalen McDaniels,CHO,788.0,-0.05,-0.46,-0.77,-0.16,-0.56,-0.72,-0.87,-2.48,-3.35,2021,248,198,292,307
201580,JaVale McGee,CLE,592.0,-0.74,-1.67,-2.08,-0.1,-0.16,-0.26,0.17,0.82,0.99,2021,174,168,183,109
203506,Victor Oladipo,HOU,957.0,0.66,2.29,2.98,0.47,1.65,2.12,1.25,4.42,5.67,2021,54,84,23,31
1626167,Myles Turner,IND,1341.0,0.6,0.91,1.29,0.54,0.85,1.39,0.93,1.55,2.48,2021,72,82,55,76
1627734,Domantas Sabonis,IND,2054.0,1.25,0.93,1.97,2.05,1.5,3.55,2.64,1.92,4.56,2021,28,32,27,45
1627763,Malcolm Brogdon,IND,1756.0,0.61,0.24,0.88,0.93,0.37,1.3,1.43,0.57,2.01,2021,76,60,93,91
203493,Reggie Bullock,NYK,1772.0,-0.09,-0.09,-0.08,-0.3,-0.29,-0.59,-0.54,-0.5,-1.04,2021,220,250,222,172
203901,Elfrid Payton,NYK,1361.0,-0.11,-0.58,-0.77,-0.1,-0.5,-0.61,-0.19,-0.85,-1.05,2021,225,169,274,173
203944,Julius Randle,NYK,2382.0,0.59,0.92,1.42,0.92,1.39,2.31,0.96,1.45,2.41,2021,48,62,31,81
1629011,Mitchell Robinson,NYK,788.0,2.61,2.33,4.62,1.23,1.09,2.31,3.29,2.89,6.19,2021,49,47,44,25
1629628,RJ Barrett,NYK,2282.0,-0.77,-3.09,-4.31,-1.35,-5.1,-6.45,-1.56,-5.79,-7.34,2021,407,395,407,395
203457,Nerlens Noel,NYK,1388.0,0.71,1.31,1.93,0.74,1.43,2.17,1.41,2.77,4.18,2021,53,71,30,49
203200,Justin Holiday,IND,1973.0,-0.77,-0.97,-1.53,-1.03,-1.29,-2.33,-1.32,-1.64,-2.96,2021,375,374,372,292
203926,Doug McDermott,IND,1489.0,0.53,0.19,0.81,0.13,0.02,0.15,-0.27,-0.16,-0.42,2021,123,122,138,154
202692,Alec Burks,NYK,1099.0,-1.49,-1.63,-3.03,-0.82,-0.9,-1.71,-1.2,-1.31,-2.51,2021,343,355,341,264
1630193,Immanuel Quickley,NYK,1118.0,-1.0,-1.0,-1.0,-0.71,-0.66,-1.37,-1.43,-1.21,-2.63,2021,316,342,310,272
1628988,Aaron Holiday,IND,1062.0,0.67,1.69,2.15,0.24,0.51,0.74,0.0,-0.41,-0.41,2021,98,110,82,153
204456,T.J. McConnell,IND,1602.0,-0.31,-0.25,-0.53,-0.31,-0.25,-0.55,-0.44,-0.35,-0.79,2021,214,255,210,164
1628995,Kevin Knox II,NYK,405.0,-1.17,-4.69,-6.25,-0.31,-1.18,-1.49,-1.91,-6.85,-8.76,2021,331,256,363,403
1630167,Obi Toppin,NYK,645.0,-1.0,-1.0,-1.0,-0.32,-0.4,-0.72,-0.88,-1.38,-2.26,2021,249,260,247,241
1628373,Frank Ntilikina,NYK,290.0,0.07,-0.52,-0.77,-0.13,-0.5,-0.62,-1.61,-5.77,-7.38,2021,229,181,275,397
202696,Nikola Vucevic,ORL,2104.0,2.04,2.38,4.57,3.28,3.51,6.79,4.14,4.33,8.47,2021,10,16,4,17
203095,Evan Fournier,ORL,1130.0,-0.64,-0.27,-0.88,-0.47,-0.19,-0.66,-1.0,-0.39,-1.4,2021,237,298,196,187
203932,Aaron Gordon,ORL,1272.0,0.36,0.19,0.4,0.29,0.17,0.46,0.52,0.34,0.86,2021,111,104,115,112
1628407,Dwayne Bacon,ORL,1678.0,-0.96,-3.49,-4.6,-1.19,-4.31,-5.51,-1.88,-6.77,-8.65,2021,405,384,406,402
1629643,Chuma Okeke,ORL,1008.0,-1.0,-1.0,-1.0,-0.51,-0.66,-1.17,-0.88,-1.57,-2.45,2021,300,309,311,262
203487,Michael Carter-Williams,ORL,746.0,-0.15,-0.27,-0.32,-0.06,-0.16,-0.22,-0.19,-0.59,-0.78,2021,168,157,184,163
203920,Khem Birch,ORL,1365.0,-0.74,-0.44,-1.15,-0.74,-0.43,-1.18,-1.44,-0.83,-2.27,2021,304,348,254,242
203082,Terrence Ross,ORL,1178.0,-0.61,-1.85,-2.38,-0.35,-1.06,-1.41,-0.48,-1.5,-1.98,2021,322,274,351,217
1630175,Cole Anthony,ORL,1139.0,-1.0,-1.0,-1.0,-0.58,-0.76,-1.35,-0.92,-1.63,-2.56,2021,311,321,322,267
203482,Kelly Olynyk,MIA,1850.0,0.07,0.46,0.62,0.16,0.78,0.94,0.25,1.15,1.4,2021,88,121,62,101
1629134,Kendrick Nunn,MIA,1491.0,-2.06,-2.04,-4.24,-1.97,-1.95,-3.93,-3.08,-3.04,-6.12,2021,397,399,392,380
201980,Danny Green,PHI,1761.0,0.37,0.89,1.59,0.47,1.09,1.56,0.68,1.52,2.2,2021,65,85,45,85
202699,Tobias Harris,PHI,1815.0,-0.22,-0.16,-0.35,0.06,0.03,0.09,0.24,0.15,0.39,2021,131,128,136,123
203552,Seth Curry,PHI,1500.0,0.5,0.3,0.95,0.39,0.23,0.62,0.45,0.26,0.71,2021,105,90,109,118
203954,Joel Embiid,PHI,1457.0,3.42,1.86,5.19,3.85,2.08,5.92,6.66,3.57,10.23,2021,14,15,16,14
1627732,Ben Simmons,PHI,1680.0,1.54,1.48,2.81,2.23,2.27,4.5,3.55,3.69,7.25,2021,22,29,12,20
201566,Russell Westbrook,WAS,2109.0,0.46,2.24,2.97,0.87,3.8,4.67,1.13,4.81,5.94,2021,20,65,2,26
203078,Bradley Beal,WAS,1900.0,1.9,0.76,2.62,2.73,1.06,3.79,3.77,1.46,5.23,2021,27,20,47,36
1629067,Isaac Bonga,WAS,366.0,0.31,0.14,0.06,-0.06,-0.29,-0.35,-0.86,-3.17,-4.03,2021,186,158,223,333
1630166,Deni Avdija,WAS,1141.0,-1.0,-1.0,-1.0,-0.61,-0.79,-1.4,-0.96,-1.7,-2.65,2021,320,327,325,274
1629003,Shake Milton,PHI,1293.0,-0.29,-0.44,-0.94,-0.38,-0.54,-0.92,-0.86,-1.2,-2.05,2021,276,284,285,223
202397,Ish Smith,WAS,794.0,-0.41,-0.86,-1.0,-0.22,-0.58,-0.79,-0.64,-2.05,-2.69,2021,260,224,297,277
1628972,Troy Brown Jr.,WAS,456.0,-1.18,-0.6,-2.17,-0.3,-0.17,-0.47,-1.42,-0.85,-2.28,2021,203,251,189,244
201577,Robin Lopez,WAS,1160.0,-1.65,-0.73,-2.1,-1.52,-0.57,-2.09,-3.55,-1.19,-4.75,2021,369,398,294,353
2730,Dwight Howard,PHI,1061.0,-0.88,-1.22,-1.65,-0.54,-0.79,-1.33,-0.92,-1.43,-2.36,2021,310,317,326,256
1627788,Furkan Korkmaz,PHI,950.0,-0.12,-0.58,-0.97,-0.17,-0.53,-0.7,-0.65,-1.63,-2.28,2021,244,204,284,245
202722,Davis Bertans,WAS,1268.0,0.78,0.33,1.15,0.72,0.31,1.02,1.43,0.62,2.04,2021,83,72,97,90
203118,Mike Scott,PHI,759.0,-0.46,-0.91,-1.1,-0.3,-0.81,-1.11,-1.04,-3.39,-4.43,2021,294,252,329,345
1630178,Tyrese Maxey,PHI,830.0,-1.0,-1.0,-1.0,-0.51,-0.54,-1.05,-1.2,-1.4,-2.61,2021,289,310,286,271
203526,Raul Neto,WAS,1241.0,-0.2,-0.17,-0.33,-0.36,-0.29,-0.66,-1.03,-0.83,-1.87,2021,238,279,224,209
1629021,Moritz Wagner,WAS,632.0,-1.83,-3.35,-5.45,-0.61,-1.12,-1.73,-1.83,-3.34,-5.17,2021,349,328,359,361
1629680,Matisse Thybulle,PHI,1145.0,0.4,0.69,0.83,0.26,0.49,0.75,0.39,0.86,1.26,2021,97,107,84,103
200768,Kyle Lowry,TOR,1438.0,2.26,0.57,3.22,2.64,0.79,3.42,4.7,1.55,6.25,2021,33,21,60,24
203382,Aron Baynes,TOR,894.0,-0.48,-0.68,-0.77,-0.35,-0.83,-1.18,-1.03,-3.11,-4.14,2021,305,275,331,337
1627783,Pascal Siakam,TOR,1791.0,0.96,1.53,2.4,1.49,2.01,3.5,2.2,2.83,5.03,2021,30,42,17,39
1627832,Fred VanVleet,TOR,1652.0,0.39,0.3,0.6,0.84,0.61,1.45,1.54,1.11,2.65,2021,69,66,72,75
1628384,OG Anunoby,TOR,1320.0,-0.12,-0.11,-0.51,-0.05,-0.05,-0.1,0.01,0.01,0.02,2021,154,155,153,135
1626181,Norman Powell,TOR,1991.0,-2.35,-0.78,-3.16,-2.83,-0.94,-3.77,-3.31,-1.11,-4.42,2021,396,401,346,344
1629744,Matt Thomas,TOR,272.0,-0.39,-0.63,-1.02,-0.08,-0.15,-0.23,-0.78,-1.43,-2.21,2021,170,163,179,233
1628449,Chris Boucher,TOR,1228.0,-0.43,-0.23,-0.63,0.04,-0.0,0.04,0.82,0.37,1.19,2021,135,135,143,106
1627761,DeAndre' Bembry,TOR,877.0,-0.19,-1.33,-1.61,-0.25,-1.16,-1.41,-1.0,-3.86,-4.86,2021,323,232,362,358
1629638,Nickeil Alexander-Walker,NOP,893.0,-0.32,-1.61,-2.27,-0.33,-1.35,-1.68,-1.2,-4.49,-5.69,2021,342,269,373,372
1629056,Terence Davis,SAC,933.0,0.42,0.72,0.87,0.22,0.46,0.68,0.44,1.18,1.62,2021,102,111,86,96
1626169,Stanley Johnson,TOR,875.0,-0.37,-1.7,-2.28,-0.31,-1.26,-1.57,-1.02,-3.79,-4.81,2021,334,257,371,355
1630201,Malachi Flynn,TOR,842.0,-1.0,-1.0,-1.0,-0.46,-0.64,-1.1,-0.85,-1.83,-2.68,2021,293,297,305,275
203897,Zach LaVine,CHI,1818.0,-0.96,-0.32,-1.43,-0.67,-0.18,-0.85,-0.61,-0.13,-0.74,2021,265,336,191,161
1628374,Lauri Markkanen,CHI,1147.0,0.53,0.65,0.92,0.31,0.4,0.71,0.31,0.44,0.75,2021,100,100,90,115
1628976,Wendell Carter Jr.,CHI,1260.0,-0.3,-0.19,-0.88,-0.56,-0.43,-0.99,-1.51,-1.21,-2.72,2021,285,319,255,279
1629632,Coby White,CHI,1895.0,-0.29,-1.11,-1.84,-0.66,-2.05,-2.71,-0.99,-2.91,-3.89,2021,384,335,393,330
1630172,Patrick Williams,CHI,1807.0,-1.0,-1.0,-1.0,-1.27,-1.52,-2.79,-1.7,-2.17,-3.87,2021,386,386,382,329
201568,Danilo Gallinari,ATL,1033.0,2.1,0.68,3.05,1.75,0.57,2.32,4.43,1.46,5.9,2021,47,37,75,27
1628381,John Collins,ATL,1728.0,1.05,0.62,1.4,1.52,0.78,2.3,2.33,1.15,3.48,2021,50,41,63,63
1629027,Trae Young,ATL,1940.0,1.45,0.66,1.79,2.31,0.94,3.25,3.14,1.24,4.38,2021,34,26,51,46
1629629,Cam Reddish,ATL,668.0,-0.56,-2.57,-3.51,-0.34,-1.38,-1.72,-1.47,-5.41,-6.88,2021,345,270,377,392
1629631,De'Andre Hunter,ATL,632.0,-0.42,-0.06,-0.75,-0.83,-0.35,-1.17,-5.07,-2.28,-7.34,2021,301,358,242,396
203992,Bogdan Bogdanovic,ATL,1174.0,-0.29,-0.13,-0.38,-0.27,-0.11,-0.38,-0.61,-0.23,-0.85,2021,189,237,173,166
203490,Otto Porter Jr.,CHI,518.0,2.13,2.58,4.68,0.66,0.77,1.43,2.41,2.66,5.08,2021,70,77,65,38
203524,Solomon Hill,ATL,1325.0,-0.93,-2.82,-3.66,-0.84,-2.66,-3.5,-1.47,-4.79,-6.26,2021,395,361,403,383
1627853,Ryan Arcidiacono,CHI,394.0,-0.24,-0.22,-0.55,-0.28,-0.26,-0.55,-2.51,-2.32,-4.83,2021,215,240,213,357
1628989,Kevin Huerter,ATL,1877.0,0.27,0.28,0.22,0.03,0.09,0.12,-0.1,-0.01,-0.11,2021,125,136,124,139
1629655,Daniel Gafford,WAS,679.0,-0.05,0.06,-0.32,-0.15,-0.08,-0.22,-0.88,-0.58,-1.46,2021,169,192,161,193
1628990,Chandler Hutchison,WAS,296.0,-0.69,-2.52,-3.42,-0.14,-0.5,-0.64,-1.18,-4.19,-5.37,2021,233,187,276,365
1629164,Brandon Goodwin,ATL,523.0,-0.91,-2.79,-3.85,-0.29,-0.94,-1.23,-1.17,-4.06,-5.23,2021,308,244,347,363
202322,John Wall,HOU,1155.0,-0.44,-0.89,-1.09,-0.15,-0.15,-0.3,0.08,0.76,0.84,2021,180,193,180,113
1626174,Christian Wood,HOU,1191.0,0.8,0.76,1.2,0.46,0.44,0.9,0.56,0.54,1.09,2021,91,88,88,107
1627863,Danuel House Jr.,HOU,832.0,0.06,-0.06,-0.03,-0.03,-0.18,-0.21,-0.23,-0.92,-1.15,2021,166,149,192,177
1630256,Jae'Sean Tate,HOU,1862.0,-1.0,-1.0,-1.0,-1.29,-1.21,-2.5,-1.76,-1.62,-3.37,2021,381,390,368,309
1629650,Moses Brown,OKC,859.0,-1.28,-1.23,-2.9,-0.64,-0.61,-1.25,-1.62,-1.56,-3.18,2021,309,334,300,302
1629652,Luguentz Dort,OKC,1425.0,-0.32,-1.85,-2.57,-0.41,-1.92,-2.33,-0.84,-3.6,-4.45,2021,376,288,390,346
1629676,Isaiah Roby,OKC,1268.0,-0.06,-0.81,-1.19,-0.11,-0.73,-0.84,-0.31,-1.53,-1.83,2021,264,172,319,207
1630177,Theo Maledon,OKC,1618.0,-1.0,-1.0,-1.0,-0.88,-1.07,-1.95,-1.22,-1.68,-2.9,2021,366,366,352,286
1630197,Aleksej Pokusevski,OKC,1019.0,-1.0,-1.0,-1.0,-0.49,-0.66,-1.15,-0.82,-1.57,-2.39,2021,296,302,312,257
1629660,Ty Jerome,OKC,722.0,-2.78,-1.16,-4.21,-1.1,-0.45,-1.55,-3.17,-1.29,-4.46,2021,333,378,261,347
1629645,Kevin Porter Jr.,HOU,741.0,-1.16,-4.47,-6.08,-0.51,-1.93,-2.44,-1.43,-5.22,-6.65,2021,378,311,391,389
1628425,Sterling Brown,HOU,1083.0,-1.29,-0.93,-2.36,-1.0,-0.72,-1.72,-2.25,-1.64,-3.89,2021,346,372,317,331
1629004,Svi Mykhailiuk,OKC,1183.0,-0.25,-1.39,-1.91,-0.27,-1.22,-1.49,-0.69,-2.8,-3.49,2021,332,238,369,318
1629026,Kenrich Williams,OKC,1308.0,-1.07,-0.73,-1.9,-1.02,-0.7,-1.71,-2.06,-1.42,-3.48,2021,344,373,315,317
1630231,Kenyon Martin Jr.,HOU,936.0,-1.0,-1.0,-1.0,-0.49,-0.66,-1.15,-0.85,-1.71,-2.56,2021,297,303,313,268
1628382,Justin Jackson,OKC,522.0,-0.36,-2.04,-2.76,-0.14,-0.63,-0.78,-0.76,-2.83,-3.59,2021,259,188,302,320
202685,Jonas Valanciunas,MEM,1633.0,2.05,0.96,3.04,2.37,1.11,3.49,3.66,1.71,5.38,2021,31,25,41,34
203937,Kyle Anderson,MEM,1746.0,-0.06,0.04,-0.04,0.19,0.25,0.44,0.42,0.48,0.9,2021,113,118,106,110
1628415,Dillon Brooks,MEM,1825.0,-0.19,-1.02,-1.36,-0.53,-2.21,-2.74,-0.86,-3.49,-4.36,2021,385,315,396,342
1628960,Grayson Allen,MEM,1166.0,-4.09,-3.0,-7.45,-3.01,-2.21,-5.21,-5.64,-4.15,-9.79,2021,404,402,397,406
1629630,Ja Morant,MEM,1877.0,2.15,2.02,3.78,2.38,2.23,4.61,3.03,2.85,5.88,2021,21,24,14,28
200746,LaMarcus Aldridge,SAS,619.0,0.28,1.31,2.05,0.26,0.52,0.78,1.45,1.88,3.32,2021,95,108,80,67
201942,DeMar DeRozan,SAS,1850.0,-0.44,-0.28,-0.5,0.01,-0.16,-0.14,0.28,-0.13,0.15,2021,156,139,185,130
1627749,Dejounte Murray,SAS,1969.0,0.29,0.47,0.55,0.39,0.71,1.09,0.49,0.93,1.42,2021,81,91,68,100
1629022,Lonnie Walker IV,SAS,1363.0,-0.47,-2.2,-3.0,-0.54,-2.3,-2.84,-1.08,-4.33,-5.42,2021,388,318,399,367
1629640,Keldon Johnson,SAS,1790.0,0.98,0.97,1.56,1.12,1.1,2.22,1.52,1.5,3.02,2021,52,52,43,70
1629001,De'Anthony Melton,MEM,921.0,0.63,0.55,0.46,0.09,-0.1,-0.01,-0.51,-1.33,-1.84,2021,140,124,171,208
1629634,Brandon Clarke,MEM,1275.0,2.24,1.93,3.96,1.89,1.62,3.52,3.45,2.94,6.39,2021,29,36,25,22
201988,Patty Mills,SAS,1459.0,-0.47,-0.23,-0.43,-0.53,-0.27,-0.8,-0.94,-0.49,-1.43,2021,261,316,216,192
1627751,Jakob Poeltl,SAS,1658.0,1.12,0.86,1.83,1.43,1.07,2.5,2.23,1.67,3.9,2021,45,45,46,53
203476,Gorgui Dieng,MEM,496.0,-1.21,-0.69,-1.69,-0.16,-0.09,-0.25,0.07,0.01,0.08,2021,172,199,165,134
1630217,Desmond Bane,MEM,1366.0,-1.0,-1.0,-1.0,-0.9,-0.85,-1.75,-1.54,-1.38,-2.92,2021,350,370,334,288
200752,Rudy Gay,SAS,1179.0,-0.43,-0.51,-0.55,-0.26,-0.34,-0.6,-0.35,-0.52,-0.87,2021,223,234,236,167
1626145,Tyus Jones,MEM,1104.0,1.66,1.42,2.6,0.93,0.79,1.72,1.34,1.13,2.48,2021,58,61,61,77
1630170,Devin Vassell,SAS,914.0,-1.0,-1.0,-1.0,-0.5,-0.63,-1.13,-0.96,-1.63,-2.58,2021,295,305,303,270
201937,Ricky Rubio,MIN,1596.0,0.26,-0.01,0.4,0.31,0.04,0.36,0.5,0.12,0.61,2021,118,101,134,122
1626157,Karl-Anthony Towns,MIN,1516.0,3.06,1.56,4.47,4.14,1.91,6.05,7.64,3.33,10.97,2021,12,12,21,12
1627736,Malik Beasley,MIN,1068.0,-0.98,-0.29,-1.47,-0.73,-0.24,-0.97,-1.64,-0.59,-2.23,2021,281,345,208,235
1627774,Jake Layman,MIN,586.0,-0.41,-0.98,-1.48,-0.2,-0.47,-0.68,-0.96,-2.18,-3.14,2021,240,214,267,300
1629006,Josh Okogie,MIN,1100.0,-0.71,-1.18,-2.22,-0.68,-1.07,-1.76,-1.75,-2.66,-4.4,2021,352,338,353,343
201933,Blake Griffin,DET,1047.0,0.25,0.2,0.66,0.56,0.59,1.15,2.06,2.27,4.34,2021,80,81,73,48
203486,Mason Plumlee,DET,1351.0,0.88,0.45,1.48,0.96,0.53,1.48,1.83,1.06,2.89,2021,68,57,79,73
203924,Jerami Grant,DET,1610.0,-0.92,-0.85,-1.86,-0.86,-0.79,-1.65,-1.12,-1.02,-2.14,2021,340,364,327,226
1626153,Delon Wright,DET,1556.0,0.2,0.02,0.25,0.64,0.28,0.92,1.41,0.71,2.12,2021,90,78,102,87
1630165,Killian Hayes,DET,611.0,-1.0,-1.0,-1.0,-0.29,-0.44,-0.74,-0.69,-1.74,-2.44,2021,253,245,259,260
1630162,Anthony Edwards,MIN,2086.0,-1.0,-1.0,-1.0,-1.32,-1.55,-2.88,-1.55,-1.92,-3.47,2021,389,393,384,315
1626156,D'Angelo Russell,MIN,1095.0,-0.38,-0.12,-0.71,0.27,0.19,0.46,1.7,0.99,2.69,2021,112,105,113,74
201565,Derrick Rose,NYK,1119.0,-0.46,-0.89,-1.07,-0.18,-0.27,-0.45,-0.07,0.21,0.14,2021,201,206,217,131
1629675,Naz Reid,MIN,1224.0,-0.42,-0.15,-0.96,-0.51,-0.25,-0.76,-1.26,-0.7,-1.95,2021,257,312,211,212
1628367,Josh Jackson,DET,1426.0,-0.68,-2.92,-3.87,-0.82,-3.32,-4.14,-1.54,-5.98,-7.52,2021,399,356,404,398
1627823,Juancho Hernangomez,MIN,805.0,-1.3,-0.98,-2.43,-0.77,-0.59,-1.36,-2.38,-1.82,-4.2,2021,314,352,298,339
1626143,Jahlil Okafor,DET,306.0,-1.46,-1.35,-2.96,-0.19,-0.18,-0.37,-1.09,-1.0,-2.09,2021,188,212,193,224
1629633,Jarrett Culver,MIN,459.0,-0.46,-2.24,-3.09,-0.22,-0.85,-1.06,-1.37,-4.97,-6.34,2021,290,225,335,385
1629635,Sekou Doumbouya,DET,801.0,-1.08,-4.13,-5.67,-0.69,-2.55,-3.24,-2.21,-7.96,-10.17,2021,393,339,402,407
203084,Harrison Barnes,SAC,1884.0,-0.9,-0.28,-1.15,-1.32,-0.4,-1.72,-1.83,-0.56,-2.39,2021,347,394,248,258
1626158,Richaun Holmes,SAC,1639.0,0.6,0.2,0.78,0.75,0.24,0.99,1.2,0.37,1.57,2021,84,70,107,98
1627741,Buddy Hield,SAC,2207.0,0.21,0.1,0.33,0.64,0.29,0.93,0.87,0.38,1.25,2021,89,79,101,104
1628368,De'Aaron Fox,SAC,1842.0,-0.26,0.11,-0.42,-0.11,0.16,0.06,-0.05,0.23,0.19,2021,134,173,116,128
1628963,Marvin Bagley III,SAC,1040.0,-0.96,-0.33,-1.68,-0.7,-0.28,-0.97,-1.62,-0.73,-2.34,2021,282,340,219,255
202709,Cory Joseph,SAC,1293.0,-0.88,-0.58,-1.37,-0.89,-0.55,-1.44,-1.81,-1.09,-2.9,2021,329,367,288,287
202355,Hassan Whiteside,SAC,490.0,0.73,1.58,2.52,0.3,0.59,0.89,1.7,3.14,4.84,2021,93,102,74,42
202357,Nemanja Bjelica,SAC,524.0,0.73,0.04,1.05,0.27,0.05,0.33,1.31,0.36,1.67,2021,120,106,132,94
1630169,Tyrese Haliburton,SAC,1534.0,-1.0,-1.0,-1.0,-1.1,-0.9,-2.0,-1.81,-1.26,-3.08,2021,367,379,342,297
203081,Damian Lillard,POR,2176.0,5.17,1.4,6.72,8.9,2.43,11.32,10.72,2.94,13.66,2021,3,3,8,6
203468,CJ McCollum,POR,1484.0,1.27,0.31,1.66,1.21,0.3,1.51,1.84,0.47,2.31,2021,67,48,99,82
203496,Robert Covington,POR,2061.0,0.88,1.46,2.49,1.16,1.92,3.08,1.38,2.27,3.65,2021,39,51,20,58
203994,Jusuf Nurkic,POR,833.0,1.59,1.47,2.97,0.88,0.82,1.7,2.4,2.22,4.62,2021,60,64,58,44
1627884,Derrick Jones Jr.,POR,1218.0,-0.55,-0.12,-0.95,-0.28,-0.05,-0.33,-0.21,0.01,-0.2,2021,183,241,154,144
201144,Mike Conley,UTA,1348.0,0.97,0.31,1.61,1.19,0.46,1.66,2.51,1.07,3.58,2021,61,49,87,61
202711,Bojan Bogdanovic,UTA,1993.0,-0.49,-0.45,-0.73,-0.61,-0.56,-1.17,-0.74,-0.67,-1.41,2021,302,329,293,188
203497,Rudy Gobert,UTA,1981.0,1.83,1.44,3.3,3.07,2.42,5.49,4.13,3.25,7.37,2021,15,18,9,19
1626220,Royce O'Neale,UTA,2001.0,0.61,0.8,1.38,0.78,1.01,1.79,0.94,1.23,2.17,2021,57,68,48,86
1628378,Donovan Mitchell,UTA,1598.0,0.23,0.23,0.25,0.63,0.42,1.05,1.3,0.8,2.1,2021,82,80,89,89
202324,Derrick Favors,UTA,913.0,1.52,1.05,2.66,0.95,0.66,1.61,2.38,1.66,4.04,2021,62,58,70,52
204060,Joe Ingles,UTA,1649.0,1.83,0.66,2.82,1.95,0.72,2.68,2.77,1.05,3.82,2021,44,34,67,55
203903,Jordan Clarkson,UTA,1613.0,-0.03,-0.02,-0.02,0.01,0.02,0.02,0.04,0.07,0.11,2021,138,140,139,132
2546,Carmelo Anthony,POR,1513.0,-2.84,-1.54,-3.87,-3.21,-1.64,-4.84,-5.37,-2.64,-8.01,2021,401,403,388,400
202683,Enes Freedom,POR,1601.0,0.67,0.18,0.87,0.99,0.27,1.25,1.73,0.48,2.21,2021,78,56,103,84
1629018,Gary Trent Jr.,POR,1614.0,-0.13,-1.15,-1.61,-0.16,-1.2,-1.37,-0.27,-1.75,-2.02,2021,317,200,366,219
203918,Rodney Hood,POR,856.0,-0.98,-1.72,-2.67,-0.5,-0.89,-1.39,-1.16,-2.1,-3.26,2021,318,306,340,304
1627777,Georges Niang,UTA,1052.0,-1.46,-1.57,-3.06,-0.78,-0.84,-1.62,-1.1,-1.18,-2.28,2021,336,353,332,246
1629671,Miye Oni,UTA,470.0,-0.59,-1.08,-1.93,-0.22,-0.4,-0.61,-1.19,-2.17,-3.36,2021,226,226,249,308
1628385,Harry Giles III,POR,310.0,-0.64,-2.62,-3.59,-0.11,-0.41,-0.51,-0.74,-2.66,-3.4,2021,208,174,251,310
1627885,Shaquille Harrison,DEN,280.0,0.11,0.28,0.36,0.0,0.0,0.01,-0.04,-0.16,-0.21,2021,139,141,144,146
1629723,John Konchar,MEM,506.0,0.61,0.4,0.8,0.3,0.14,0.44,1.76,0.67,2.43,2021,114,103,119,80
201143,Al Horford,OKC,732.0,1.23,1.67,3.29,0.7,0.83,1.53,2.66,2.89,5.55,2021,66,74,56,32
201588,George Hill,OKC,620.0,-0.04,-0.17,0.19,-0.01,-0.03,-0.04,-0.01,-0.04,-0.05,2021,146,142,148,137
1628983,Shai Gilgeous-Alexander,OKC,1074.0,-1.84,-0.32,-2.49,-0.6,-0.08,-0.68,-0.01,0.11,0.1,2021,241,324,162,133
1629647,Darius Bazley,OKC,1586.0,-0.2,-1.63,-2.28,-0.23,-1.55,-1.78,-0.39,-2.32,-2.71,2021,356,229,385,278
203488,Mike Muscala,OKC,577.0,-0.47,-0.25,-0.63,-0.19,-0.09,-0.28,-0.89,-0.37,-1.27,2021,177,213,166,182
1628977,Hamidou Diallo,OKC,1117.0,-0.49,-2.27,-3.1,-0.45,-1.85,-2.3,-1.16,-4.42,-5.58,2021,374,294,389,369
1628997,Caleb Martin,CHO,689.0,0.29,0.55,0.69,0.03,-0.04,-0.01,-0.24,-1.03,-1.27,2021,141,137,151,183
201567,Kevin Love,CLE,582.0,0.39,1.41,2.06,0.22,0.54,0.76,1.15,2.26,3.41,2021,96,112,77,65
1630180,Saddiq Bey,DET,1704.0,-1.0,-1.0,-1.0,-1.2,-1.2,-2.39,-1.73,-1.72,-3.44,2021,377,385,367,313
1629010,Jerome Robinson,WAS,282.0,-0.47,-1.93,-2.67,-0.14,-0.5,-0.63,-1.38,-4.9,-6.28,2021,232,189,277,384
1628372,Dennis Smith Jr.,DET,385.0,-0.88,-3.55,-4.7,-0.21,-0.81,-1.02,-1.25,-4.5,-5.76,2021,286,220,330,374
203107,Tomas Satoransky,CHI,1155.0,0.76,0.23,1.08,0.32,0.06,0.38,-0.06,-0.17,-0.24,2021,115,98,125,150
202066,Garrett Temple,CHI,1329.0,-0.54,-0.9,-1.06,-0.63,-1.45,-2.09,-1.24,-3.37,-4.61,2021,370,332,379,350
1627756,Denzel Valentine,CHI,888.0,-0.3,-1.03,-1.36,-0.2,-0.7,-0.89,-0.5,-1.77,-2.27,2021,271,215,316,243
203960,JaKarr Sampson,IND,288.0,-0.02,-0.11,-0.15,-0.03,-0.1,-0.13,-0.32,-1.15,-1.48,2021,155,150,172,195
1629103,Kelan Martin,IND,286.0,-0.68,-2.02,-2.85,-0.14,-0.48,-0.62,-1.28,-4.52,-5.8,2021,230,190,269,376
202334,Ed Davis,MIN,267.0,-0.54,-0.46,-0.79,-0.11,-0.09,-0.2,-1.12,-0.83,-1.95,2021,164,175,167,213
200782,P.J. Tucker,HOU,1186.0,-0.81,-1.68,-2.04,-0.6,-1.43,-2.03,-1.09,-2.98,-4.07,2021,368,325,378,334
201935,James Harden,BRK,1448.0,5.81,1.58,7.6,7.9,2.19,10.09,15.02,4.21,19.23,2021,4,4,15,2
1628021,David Nwaba,HOU,615.0,-0.36,-0.34,-0.66,-0.32,-0.29,-0.61,-1.73,-1.6,-3.34,2021,227,261,225,306
1629014,Anfernee Simons,POR,1012.0,-4.87,-1.27,-6.52,-3.22,-0.86,-4.07,-7.01,-1.91,-8.92,2021,398,404,336,405
1630271,Brodric Thomas,CLE,344.0,-1.0,-1.0,-1.0,-0.17,-0.16,-0.33,-1.03,-0.96,-2.0,2021,184,205,186,218
203922,Glenn Robinson III,SAC,334.0,-2.52,-0.76,-3.31,-0.45,-0.13,-0.58,-2.86,-0.81,-3.67,2021,217,295,175,324
1626163,Frank Kaminsky,PHO,652.0,0.37,0.29,0.64,0.06,0.05,0.1,-0.12,-0.09,-0.21,2021,129,129,133,147
1629109,Gary Clark,ORL,590.0,-1.64,-1.52,-3.26,-0.47,-0.43,-0.9,-1.42,-1.31,-2.73,2021,273,299,256,280
1626168,Trey Lyles,SAS,315.0,-0.29,-0.26,-0.69,-0.09,-0.08,-0.18,-0.83,-0.76,-1.59,2021,162,165,163,198
1628396,Tony Bradley,OKC,607.0,0.53,0.4,0.66,0.2,0.12,0.33,0.8,0.4,1.21,2021,121,116,122,105
1630198,Isaiah Joe,PHI,333.0,-1.0,-1.0,-1.0,-0.15,-0.21,-0.36,-0.83,-1.43,-2.25,2021,187,194,203,239
1630205,Lamar Stevens,CLE,416.0,-1.0,-1.0,-1.0,-0.15,-0.26,-0.41,-0.52,-1.51,-2.03,2021,194,195,214,220
1629713,Justin James,SAC,267.0,-0.79,-0.36,-1.36,-0.14,-0.07,-0.21,-1.34,-0.61,-1.96,2021,167,191,159,215
1629020,Jarred Vanderbilt,MIN,1034.0,-1.15,-0.97,-2.51,-0.85,-0.72,-1.57,-1.99,-1.71,-3.7,2021,335,363,318,325
1629162,Jordan McLaughlin,MIN,820.0,0.14,0.15,0.08,0.06,0.06,0.12,0.11,0.11,0.22,2021,126,130,126,127
1630183,Jaden McDaniels,MIN,1321.0,-1.0,-1.0,-1.0,-0.82,-0.91,-1.72,-1.32,-1.61,-2.93,2021,348,357,344,289
203991,Clint Capela,ATL,1734.0,0.17,0.16,0.24,0.78,0.54,1.32,1.47,0.99,2.46,2021,75,69,78,78
201961,Wayne Ellington,DET,899.0,-0.57,-0.42,-0.66,-0.44,-0.25,-0.69,-1.34,-0.58,-1.92,2021,243,293,212,210
200765,Rajon Rondo,ATL,683.0,-2.26,-1.4,-3.27,-0.89,-0.52,-1.41,-2.47,-1.36,-3.84,2021,324,368,281,328
1630191,Isaiah Stewart,DET,1288.0,-1.0,-1.0,-1.0,-0.87,-0.87,-1.75,-1.51,-1.52,-3.03,2021,351,365,339,293
1630181,R.J. Hampton,ORL,796.0,-1.0,-1.0,-1.0,-0.37,-0.52,-0.89,-0.71,-1.58,-2.29,2021,272,282,282,247
1630192,Zeke Nnaji,DEN,348.0,-1.0,-1.0,-1.0,-0.2,-0.2,-0.39,-1.16,-1.16,-2.32,2021,191,216,197,250
203458,Alex Len,WAS,950.0,-0.33,-0.22,-0.58,-0.25,-0.17,-0.42,-0.73,-0.5,-1.23,2021,197,233,190,181
1629726,Garrison Mathews,WAS,915.0,0.2,0.21,0.2,-0.11,0.02,-0.09,-0.85,-0.2,-1.05,2021,152,176,140,174
1629622,Max Strus,MIA,445.0,-0.21,-0.03,-0.46,-0.13,-0.05,-0.19,-0.98,-0.44,-1.42,2021,163,182,155,190
1630221,Josh Hall,OKC,299.0,-1.0,-1.0,-1.0,-0.1,-0.18,-0.28,-0.47,-1.47,-1.93,2021,178,170,194,211
203967,Dario Saric,PHO,788.0,0.05,0.04,0.01,-0.02,-0.03,-0.05,-0.18,-0.25,-0.44,2021,147,146,149,156
1630184,Kira Lewis Jr.,NOP,802.0,-1.0,-1.0,-1.0,-0.41,-0.55,-0.96,-0.85,-1.6,-2.44,2021,278,289,289,261
1626195,Willy Hernangomez,NOP,767.0,-0.17,-0.04,-0.3,-0.03,-0.0,-0.03,0.1,0.06,0.16,2021,144,151,145,129
202734,E'Twaun Moore,PHO,341.0,-0.36,-0.77,-0.91,-0.12,-0.39,-0.51,-1.01,-3.55,-4.56,2021,209,179,246,349
1629216,Gabe Vincent,MIA,603.0,-0.88,-2.61,-3.71,-0.34,-1.09,-1.43,-1.29,-4.44,-5.73,2021,328,271,356,373
1629234,Drew Eubanks,SAS,672.0,-2.31,-1.97,-4.55,-0.76,-0.65,-1.42,-1.78,-1.51,-3.29,2021,326,351,307,305
1629677,Luka Samanic,SAS,276.0,-0.07,-0.58,-1.04,-0.04,-0.16,-0.2,-0.47,-1.68,-2.14,2021,165,153,187,227
1628410,Edmond Sumner,IND,786.0,-1.45,-1.34,-2.93,-0.84,-0.78,-1.62,-2.72,-2.51,-5.22,2021,337,362,324,362
1629060,Rui Hachimura,WAS,1576.0,-1.03,-2.08,-3.44,-1.18,-2.3,-3.48,-1.91,-3.69,-5.59,2021,394,383,400,370
201152,Thaddeus Young,CHI,1407.0,-0.22,-0.23,-0.18,-0.21,-0.21,-0.42,-0.3,-0.3,-0.6,2021,198,221,204,157
201569,Eric Gordon,HOU,697.0,-0.97,-0.49,-1.19,-0.63,-0.24,-0.87,-2.63,-0.85,-3.47,2021,269,333,209,316
202326,DeMarcus Cousins,HOU,632.0,-0.02,0.48,0.71,0.18,0.77,0.95,1.25,4.59,5.85,2021,87,120,66,29
203085,Austin Rivers,NYK,756.0,-0.26,-0.48,-0.71,-0.32,-0.65,-0.97,-1.55,-3.16,-4.71,2021,283,262,308,352
1629139,Yuta Watanabe,TOR,647.0,-1.05,-1.1,-2.25,-0.7,-0.74,-1.44,-3.18,-3.35,-6.53,2021,330,341,320,388
1628778,Paul Watson,TOR,261.0,0.42,0.29,0.63,-0.06,-0.02,-0.08,-1.12,-0.5,-1.62,2021,150,159,147,201
1628436,Luke Kornet,BOS,309.0,0.51,0.48,0.84,0.06,0.06,0.12,0.35,0.32,0.67,2021,127,131,127,120
1628401,Derrick White,SAS,980.0,0.63,0.54,1.07,0.47,0.4,0.87,1.23,1.03,2.27,2021,94,86,91,83
203210,JaMychal Green,DEN,1002.0,-1.52,-1.28,-2.65,-1.04,-0.86,-1.9,-2.25,-1.83,-4.07,2021,361,375,337,335
203110,Draymond Green,GSW,1786.0,0.83,1.03,2.01,0.95,1.32,2.27,1.3,1.89,3.19,2021,51,59,34,68
1630214,Xavier Tillman,MEM,969.0,-1.0,-1.0,-1.0,-0.59,-0.59,-1.18,-1.29,-1.28,-2.56,2021,306,322,299,269
1628964,Mo Bamba,ORL,652.0,-0.04,-0.19,-0.57,-0.02,-0.06,-0.07,-0.07,-0.13,-0.2,2021,148,147,157,145
1628370,Malik Monk,CHO,758.0,-2.86,-2.63,-5.82,-1.29,-1.18,-2.47,-3.21,-2.96,-6.17,2021,379,391,364,382
1630185,Nico Mannion,GSW,324.0,-1.0,-1.0,-1.0,-0.12,-0.22,-0.33,-0.52,-1.62,-2.14,2021,185,180,206,228
1629002,Chimezie Metu,SAC,413.0,-1.1,-1.02,-2.4,-0.32,-0.29,-0.61,-1.9,-1.76,-3.66,2021,228,263,226,322
1630235,Trent Forrest,UTA,267.0,-1.0,-1.0,-1.0,-0.13,-0.15,-0.27,-0.98,-1.19,-2.18,2021,176,183,181,231
203516,James Ennis III,ORL,903.0,-1.42,-0.79,-2.06,-0.91,-0.48,-1.39,-2.59,-1.32,-3.91,2021,319,371,270,332
1630240,Saben Lee,DET,695.0,-1.0,-1.0,-1.0,-0.42,-0.43,-0.86,-1.23,-1.27,-2.5,2021,267,292,257,263
202694,Marcus Morris Sr.,LAC,1338.0,-0.92,-0.68,-1.4,-0.78,-0.57,-1.35,-1.27,-0.91,-2.18,2021,312,354,295,232
1629642,Nassir Little,POR,595.0,-1.3,-0.17,-1.92,-0.71,-0.16,-0.86,-3.36,-0.9,-4.26,2021,268,343,188,340
1629669,Jaylen Nowell,MIN,682.0,-0.43,-0.58,-1.39,-0.3,-0.38,-0.67,-1.31,-1.63,-2.94,2021,239,253,244,290
1628402,Frank Jackson,DET,670.0,-1.89,-0.89,-3.12,-1.28,-0.64,-1.92,-5.62,-2.91,-8.53,2021,364,387,306,401
203463,Ben McLemore,HOU,794.0,-0.71,-2.4,-3.14,-0.32,-1.1,-1.42,-0.78,-2.72,-3.5,2021,327,264,357,319
1630222,Mason Jones,HOU,305.0,-1.0,-1.0,-1.0,-0.13,-0.18,-0.31,-0.77,-1.35,-2.12,2021,181,184,195,225
202689,Kemba Walker,BOS,1230.0,2.83,1.3,4.28,2.61,1.22,3.82,5.47,2.58,8.05,2021,25,22,38,18
2772,Trevor Ariza,MIA,757.0,-0.75,-0.99,-1.29,-0.32,-0.48,-0.8,-0.84,-1.4,-2.25,2021,262,265,271,240
1627846,Abdel Nader,PHO,307.0,-3.39,-4.11,-7.53,-0.41,-0.49,-0.9,-2.15,-2.64,-4.79,2021,274,290,273,354
203503,Tony Snell,ATL,888.0,-2.43,-0.79,-3.13,-1.46,-0.45,-1.92,-3.72,-1.1,-4.82,2021,365,397,262,356
204001,Kristaps Porzingis,DAL,1222.0,2.14,1.39,3.38,1.73,1.11,2.84,3.15,1.98,5.13,2021,42,39,42,37
1630230,Naji Marshall,NOP,628.0,-1.0,-1.0,-1.0,-0.29,-0.43,-0.72,-0.7,-1.61,-2.31,2021,250,246,258,249
1629641,Romeo Langford,BOS,251.0,-0.09,-0.8,-1.28,-0.09,-0.34,-0.43,-1.18,-4.19,-5.37,2021,199,166,237,366
202329,Al-Farouq Aminu,ORL,400.0,-0.1,0.0,0.05,-0.01,-0.01,-0.02,-0.04,-0.09,-0.13,2021,143,143,146,141
1626184,Chasson Randle,ORL,755.0,-0.8,-2.45,-3.28,-0.41,-1.36,-1.77,-1.38,-4.76,-6.14,2021,354,291,375,381
1630168,Onyeka Okongwu,ATL,513.0,-1.0,-1.0,-1.0,-0.32,-0.27,-0.59,-1.35,-0.97,-2.32,2021,221,266,218,251
1629076,Tyler Cook,DET,394.0,-0.21,-0.05,-0.52,-0.11,-0.05,-0.17,-0.89,-0.48,-1.37,2021,161,177,156,186
1629048,Goga Bitadze,IND,503.0,-0.78,-0.83,-2.0,-0.28,-0.3,-0.58,-1.38,-1.46,-2.85,2021,218,242,228,284
1629658,Jaylen Hoard,OKC,286.0,-0.15,-0.28,-0.83,-0.06,-0.09,-0.15,-0.66,-0.92,-1.58,2021,159,160,168,197
203087,Jeremy Lamb,IND,681.0,-0.04,-0.04,-0.05,0.09,0.06,0.15,0.64,0.44,1.09,2021,124,125,128,108
1626159,Justise Winslow,MEM,452.0,1.01,2.87,3.67,0.09,0.23,0.33,-0.24,-0.96,-1.2,2021,122,126,110,179
201959,Taj Gibson,NYK,825.0,-0.54,-0.52,-0.61,-0.35,-0.3,-0.65,-1.14,-0.9,-2.04,2021,235,276,229,221
1629610,DaQuan Jeffries,HOU,434.0,-1.09,-1.87,-3.23,-0.26,-0.45,-0.71,-1.21,-2.2,-3.41,2021,245,235,263,312
1629717,Armoni Brooks,HOU,477.0,-1.0,-1.0,-1.0,-0.23,-0.29,-0.52,-0.84,-1.38,-2.22,2021,211,230,227,234
1629052,Oshae Brissett,IND,481.0,-0.49,-0.13,-0.95,-0.36,-0.15,-0.51,-2.48,-1.12,-3.6,2021,210,280,182,321
1629651,Nic Claxton,BRK,531.0,-1.59,-1.32,-3.31,-0.39,-0.32,-0.71,-0.93,-0.77,-1.7,2021,246,285,232,203
1630237,Anthony Lamb,HOU,383.0,-1.0,-1.0,-1.0,-0.21,-0.2,-0.4,-1.12,-1.04,-2.16,2021,193,222,198,230
1630273,Freddie Gillespie,TOR,365.0,-1.0,-1.0,-1.0,-0.21,-0.2,-0.41,-1.21,-1.12,-2.33,2021,195,223,199,252
201572,Brook Lopez,MIL,268.0,0.39,0.55,1.28,0.07,0.07,0.14,0.68,0.64,1.33,2022,135,129,136,102
201950,Jrue Holiday,MIL,1953.0,1.92,0.82,2.95,2.42,1.07,3.49,3.21,1.43,4.64,2022,27,20,34,27
203114,Khris Middleton,MIL,1935.0,0.24,0.1,0.48,0.58,0.32,0.9,0.89,0.5,1.39,2022,84,78,95,100
203507,Giannis Antetokounmpo,MIL,1998.0,5.88,2.22,8.07,8.36,3.12,11.48,11.13,4.14,15.28,2022,1,1,5,1
1628960,Grayson Allen,MIL,1648.0,-2.4,-1.09,-3.58,-2.09,-0.95,-3.04,-2.91,-1.32,-4.23,2022,414,426,375,388
201142,Kevin Durant,BRK,1829.0,4.0,1.37,5.7,4.57,1.48,6.05,6.58,2.1,8.69,2022,12,8,24,11
201933,Blake Griffin,BRK,848.0,0.39,0.15,0.81,0.25,0.14,0.39,0.89,0.57,1.47,2022,115,108,123,96
201935,James Harden,BRK,2214.0,5.04,1.66,6.97,7.26,2.44,9.7,8.75,2.95,11.7,2022,3,3,11,3
203925,Joe Harris,BRK,390.0,0.03,-0.04,0.14,0.01,-0.0,0.0,0.03,0.01,0.04,2022,148,143,152,143
1629651,Nic Claxton,BRK,876.0,0.43,0.38,0.49,0.16,0.13,0.29,0.32,0.22,0.54,2022,124,116,125,128
1626192,Pat Connaughton,MIL,1441.0,0.4,0.15,0.64,0.31,0.12,0.43,0.47,0.2,0.67,2022,113,101,128,124
201988,Patty Mills,BRK,2100.0,-1.89,0.88,-0.69,-2.06,0.76,-1.3,-2.43,0.81,-1.63,2022,345,425,53,207
201588,George Hill,MIL,1075.0,0.76,0.42,1.64,0.29,0.16,0.45,0.24,0.11,0.35,2022,112,103,121,134
200746,LaMarcus Aldridge,BRK,936.0,0.41,0.13,1.05,0.23,0.08,0.31,0.63,0.25,0.89,2022,122,110,133,114
200794,Paul Millsap,BRK,347.0,-0.16,0.37,0.72,0.0,0.06,0.06,0.16,0.34,0.5,2022,141,145,139,129
1628975,Jevon Carter,BRK,779.0,0.01,-0.16,-0.24,-0.01,-0.09,-0.1,-0.07,-0.32,-0.4,2022,158,148,166,156
203648,Thanasis Antetokounmpo,MIL,396.0,-0.78,-0.86,-1.55,-0.29,-0.33,-0.63,-2.2,-2.53,-4.72,2022,257,269,260,404
1629670,Jordan Nwora,MIL,1007.0,-0.3,-1.38,-1.95,-0.17,-0.72,-0.89,-0.37,-1.46,-1.83,2022,299,218,357,240
1630572,Sandro Mamukelashvili,MIL,338.0,-1.0,-1.0,-1.0,-0.19,-0.11,-0.3,-1.35,-0.51,-1.86,2022,190,227,172,246
201949,James Johnson,BRK,1049.0,-1.62,-2.41,-3.65,-0.76,-1.15,-1.9,-1.34,-2.1,-3.44,2022,384,360,396,354
1627761,DeAndre' Bembry,BRK,935.0,-0.71,-1.3,-2.04,-0.42,-0.76,-1.18,-1.19,-2.17,-3.35,2022,326,303,363,351
1628971,Bruce Brown,BRK,1590.0,-0.9,-0.55,-1.59,-0.79,-0.49,-1.28,-1.24,-0.78,-2.02,2022,343,364,317,260
1630560,Cam Thomas,BRK,1001.0,-1.0,-1.0,-1.0,-0.42,-0.56,-0.98,-0.71,-1.36,-2.06,2022,304,304,332,262
2544,LeBron James,LAL,1914.0,4.94,1.7,7.21,5.99,2.16,8.15,8.24,3.0,11.24,2022,5,4,16,4
201566,Russell Westbrook,LAL,2463.0,0.59,1.48,2.4,0.93,2.57,3.5,1.0,2.83,3.82,2022,26,57,9,34
201599,DeAndre Jordan,LAL,574.0,-1.44,-1.47,-2.57,-0.1,-0.1,-0.2,0.72,0.74,1.47,2022,169,187,168,97
203076,Anthony Davis,LAL,1273.0,2.16,1.54,3.73,2.25,1.6,3.85,5.38,3.82,9.2,2022,20,23,20,7
203145,Kent Bazemore,LAL,481.0,-0.69,-1.66,-2.08,-0.18,-0.53,-0.7,-0.86,-2.95,-3.82,2022,274,222,323,375
201939,Stephen Curry,GSW,2000.0,3.77,2.79,6.9,4.87,3.52,8.39,6.43,4.63,11.06,2022,4,6,2,5
203110,Draymond Green,GSW,1183.0,1.07,1.69,2.97,0.56,0.97,1.53,0.85,1.7,2.55,2022,63,81,38,60
203952,Andrew Wiggins,GSW,2073.0,0.11,0.18,0.21,-0.0,-0.02,-0.02,-0.06,-0.12,-0.18,2022,150,146,155,151
1626172,Kevon Looney,GSW,1634.0,0.19,0.18,0.21,0.02,0.03,0.05,-0.1,-0.06,-0.16,2022,143,141,146,150
1629673,Jordan Poole,GSW,2020.0,0.01,0.05,-0.27,-0.47,-0.37,-0.84,-0.79,-0.64,-1.43,2022,291,315,277,198
2738,Andre Iguodala,GSW,533.0,0.69,-2.96,-1.64,0.07,-0.49,-0.42,-0.11,-0.95,-1.06,2022,217,130,318,182
202357,Nemanja Bjelica,GSW,990.0,-0.33,-0.57,-0.57,-0.1,-0.16,-0.26,-0.03,-0.04,-0.07,2022,175,188,188,148
1627814,Damion Lee,GSW,1118.0,-0.03,0.01,0.07,-0.13,-0.2,-0.33,-0.49,-0.85,-1.34,2022,198,200,208,193
2546,Carmelo Anthony,LAL,1566.0,-2.25,-1.57,-3.25,-2.05,-1.37,-3.43,-3.3,-2.15,-5.45,2022,419,424,406,412
200765,Rajon Rondo,CLE,590.0,-1.1,-1.06,-1.71,-0.34,-0.32,-0.65,-1.3,-1.21,-2.51,2022,261,285,256,299
1629308,Juan Toscano-Anderson,GSW,876.0,0.31,1.02,1.36,0.09,0.3,0.39,0.09,0.31,0.4,2022,116,124,102,132
1628370,Malik Monk,LAL,1920.0,-1.73,-0.87,-2.88,-1.93,-0.99,-2.92,-2.57,-1.33,-3.9,2022,412,422,379,379
2730,Dwight Howard,LAL,887.0,-2.18,-1.44,-3.11,-0.9,-0.57,-1.48,-1.99,-1.18,-3.17,2022,362,384,337,343
203490,Otto Porter Jr.,GSW,1225.0,1.08,1.22,2.33,0.58,0.66,1.24,0.86,0.97,1.83,2022,76,79,63,82
1627780,Gary Payton II,GSW,1080.0,-1.04,-1.01,-1.96,-0.5,-0.48,-0.98,-0.83,-0.8,-1.64,2022,305,320,315,209
202330,Gordon Hayward,CHO,1404.0,2.1,1.04,3.35,1.57,0.78,2.35,2.52,1.24,3.76,2022,37,30,51,35
203486,Mason Plumlee,CHO,1630.0,1.3,0.84,2.35,1.29,0.84,2.14,2.01,1.32,3.34,2022,45,38,46,43
1626162,Kelly Oubre Jr.,CHO,1771.0,-1.68,-1.19,-2.97,-1.62,-1.15,-2.76,-2.24,-1.59,-3.84,2022,411,415,397,376
1628970,Miles Bridges,CHO,2537.0,-0.2,0.07,-0.4,-0.42,0.02,-0.4,-0.47,-0.01,-0.48,2022,209,305,150,160
1630163,LaMelo Ball,CHO,2187.0,0.33,0.36,0.24,0.71,0.64,1.35,0.94,0.81,1.75,2022,70,70,65,87
203200,Justin Holiday,IND,1856.0,-2.1,-0.81,-2.63,-1.87,-0.7,-2.57,-2.48,-0.91,-3.39,2022,402,421,353,353
1626167,Myles Turner,IND,1121.0,1.43,1.22,2.5,0.71,0.6,1.31,1.27,1.03,2.31,2022,72,71,69,67
1627734,Domantas Sabonis,IND,1928.0,0.98,0.58,1.41,1.49,0.83,2.32,2.18,1.19,3.37,2022,38,32,47,41
1627763,Malcolm Brogdon,IND,1092.0,2.12,0.56,2.77,1.17,0.32,1.49,2.49,0.69,3.18,2022,64,46,96,44
1630537,Chris Duarte,IND,1376.0,-1.0,-1.0,-1.0,-0.6,-0.74,-1.34,-0.89,-1.33,-2.22,2022,350,338,359,275
1628998,Cody Martin,CHO,1598.0,1.14,0.71,1.77,0.47,0.31,0.78,0.19,0.16,0.35,2022,92,87,97,135
203087,Jeremy Lamb,IND,807.0,-0.48,-0.45,-0.84,-0.06,-0.06,-0.12,0.19,0.17,0.37,2022,160,163,160,133
1628470,Torrey Craig,IND,1417.0,-2.18,-3.18,-5.15,-1.37,-2.0,-3.37,-2.03,-2.94,-4.97,2022,418,410,416,407
202397,Ish Smith,WAS,990.0,-0.6,-1.23,-1.5,-0.3,-0.76,-1.06,-0.7,-2.1,-2.8,2022,312,271,364,319
1629023,P.J. Washington,CHO,1577.0,0.85,0.75,1.33,0.45,0.41,0.86,0.4,0.37,0.77,2022,86,91,84,119
1629667,Jalen McDaniels,CHO,816.0,-1.73,-1.09,-3.03,-0.87,-0.56,-1.43,-2.7,-1.73,-4.44,2022,359,379,333,393
204456,T.J. McConnell,IND,563.0,0.81,0.25,1.15,0.18,0.06,0.25,0.63,0.22,0.85,2022,129,114,140,116
203924,Jerami Grant,DET,1317.0,-0.35,-0.3,-0.68,-0.14,-0.12,-0.26,-0.07,-0.06,-0.13,2022,176,202,176,149
1628402,Frank Jackson,DET,996.0,-0.8,-1.03,-2.11,-0.66,-0.82,-1.48,-2.04,-2.53,-4.58,2022,363,345,367,397
1630165,Killian Hayes,DET,1486.0,-1.23,-4.8,-6.48,-1.09,-4.15,-5.24,-1.87,-7.0,-8.87,2022,428,398,427,428
1630180,Saddiq Bey,DET,2421.0,-0.45,-0.16,-0.95,-0.58,-0.22,-0.8,-0.6,-0.23,-0.83,2022,287,335,214,171
1630191,Isaiah Stewart,DET,1671.0,0.59,0.6,0.74,0.34,0.34,0.68,0.35,0.35,0.7,2022,98,98,92,122
201942,DeMar DeRozan,CHI,2498.0,-1.41,-0.6,-1.74,-1.26,-0.61,-1.86,-1.01,-0.53,-1.53,2022,380,407,344,203
202696,Nikola Vucevic,CHI,2215.0,0.44,1.69,2.34,1.0,2.9,3.9,1.31,3.62,4.94,2022,19,51,6,26
203897,Zach LaVine,CHI,2100.0,1.37,0.5,1.78,2.06,0.69,2.75,2.66,0.88,3.54,2022,31,24,59,36
1628366,Lonzo Ball,CHI,1100.0,-1.36,1.49,-0.08,-0.47,0.81,0.34,-0.27,1.52,1.25,2022,120,316,48,105
1630172,Patrick Williams,CHI,400.0,-2.78,-1.12,-4.35,-0.45,-0.19,-0.64,-2.17,-0.98,-3.15,2022,258,310,207,340
202709,Cory Joseph,DET,1406.0,-0.85,-0.46,-1.16,-0.83,-0.41,-1.24,-1.64,-0.77,-2.42,2022,337,370,290,292
203482,Kelly Olynyk,DET,675.0,0.1,0.18,0.43,0.11,0.12,0.22,0.58,0.56,1.14,2022,130,120,129,108
1628977,Hamidou Diallo,DET,1097.0,-0.59,-1.61,-2.47,-0.45,-1.12,-1.56,-1.13,-2.71,-3.84,2022,367,311,390,377
1627936,Alex Caruso,CHI,1011.0,1.73,2.64,4.34,0.64,0.97,1.61,0.74,1.13,1.86,2022,60,76,39,80
1628972,Troy Brown Jr.,CHI,926.0,-0.22,-0.56,-1.12,-0.24,-0.45,-0.69,-0.89,-1.55,-2.45,2022,270,255,301,294
1629750,Javonte Green,CHI,1385.0,-0.14,-0.08,-0.19,-0.22,-0.12,-0.34,-0.55,-0.27,-0.83,2022,201,240,177,172
1626168,Trey Lyles,DET,1383.0,-1.68,-0.45,-2.22,-1.31,-0.35,-1.67,-2.31,-0.63,-2.94,2022,374,408,272,327
1628367,Josh Jackson,DET,709.0,-0.65,-1.32,-2.19,-0.37,-0.71,-1.08,-1.59,-2.94,-4.52,2022,316,295,355,396
1630245,Ayo Dosunmu,CHI,1893.0,-1.0,-1.0,-1.0,-1.06,-1.01,-2.07,-1.42,-1.32,-2.75,2022,391,396,381,313
202689,Kemba Walker,NYK,859.0,1.8,1.38,3.39,0.96,0.76,1.72,2.88,2.35,5.24,2022,52,55,54,23
203095,Evan Fournier,NYK,2150.0,-0.31,-0.38,-0.6,-0.34,-0.43,-0.77,-0.39,-0.49,-0.88,2022,283,286,298,174
203944,Julius Randle,NYK,2268.0,0.49,1.62,2.09,0.69,2.32,3.01,0.8,2.68,3.47,2022,30,73,12,38
1629011,Mitchell Robinson,NYK,1702.0,1.52,0.98,2.23,1.6,0.99,2.59,2.45,1.49,3.94,2022,33,29,36,33
1629628,RJ Barrett,NYK,2215.0,-0.09,-1.23,-1.71,-0.22,-1.76,-1.98,-0.3,-2.1,-2.39,2022,385,241,415,286
203935,Marcus Smart,BOS,2101.0,0.94,1.0,1.91,0.98,1.09,2.07,1.13,1.28,2.42,2022,46,52,32,64
1627759,Jaylen Brown,BOS,2033.0,0.23,0.25,0.33,0.35,0.43,0.78,0.48,0.59,1.07,2022,93,97,80,109
1628369,Jayson Tatum,BOS,2482.0,2.68,2.63,5.04,3.8,3.65,7.45,3.9,3.72,7.63,2022,7,11,1,17
1629057,Robert Williams III,BOS,1647.0,0.45,0.46,0.43,0.88,0.66,1.54,1.69,1.19,2.88,2022,62,59,64,49
1629684,Grant Williams,BOS,1668.0,-0.56,-0.56,-1.4,-0.83,-0.83,-1.67,-1.48,-1.48,-2.95,2022,375,371,368,328
203471,Dennis Schroder,BOS,1644.0,0.23,0.62,0.88,0.05,0.24,0.29,-0.06,0.1,0.04,2022,125,135,113,144
1629641,Romeo Langford,BOS,696.0,-1.05,-0.96,-2.34,-0.59,-0.54,-1.13,-2.56,-2.36,-4.91,2022,320,336,326,405
201565,Derrick Rose,NYK,563.0,0.85,0.63,1.81,0.28,0.22,0.5,1.25,1.0,2.25,2022,108,104,117,68
1630174,Aaron Nesmith,BOS,526.0,0.08,-0.39,-0.64,-0.08,-0.37,-0.44,-0.68,-2.52,-3.2,2022,224,174,278,344
1630579,Jericho Sims,NYK,494.0,-1.0,-1.0,-1.0,-0.22,-0.22,-0.44,-0.9,-0.9,-1.81,2022,225,242,215,236
202692,Alec Burks,NYK,2092.0,-0.71,-0.62,-1.17,-0.65,-0.57,-1.22,-0.71,-0.63,-1.34,2022,333,343,338,194
1630193,Immanuel Quickley,NYK,1589.0,0.98,0.77,1.41,0.83,0.64,1.47,1.26,0.95,2.21,2022,66,61,66,70
1630167,Obi Toppin,NYK,1118.0,0.01,0.12,-0.15,-0.09,0.0,-0.09,-0.37,-0.14,-0.51,2022,156,178,153,162
1630202,Payton Pritchard,BOS,926.0,0.49,0.39,0.67,0.08,0.08,0.15,-0.22,-0.1,-0.32,2022,134,126,134,154
201609,Goran Dragic,BRK,455.0,-0.65,-1.12,-1.32,-0.13,-0.35,-0.48,-0.64,-2.1,-2.73,2022,229,201,273,312
1627832,Fred VanVleet,TOR,2195.0,0.81,0.7,1.48,1.22,0.97,2.2,1.51,1.17,2.68,2022,41,41,40,57
1628384,OG Anunoby,TOR,1568.0,0.96,0.95,1.69,0.74,0.73,1.47,1.08,1.06,2.14,2022,67,68,55,73
1630173,Precious Achiuwa,TOR,1587.0,-0.89,-3.52,-4.74,-0.79,-3.04,-3.83,-1.24,-4.7,-5.94,2022,422,365,423,417
1630567,Scottie Barnes,TOR,2403.0,-1.0,-1.0,-1.0,-1.34,-1.28,-2.62,-1.41,-1.34,-2.75,2022,403,409,404,314
203078,Bradley Beal,WAS,1263.0,1.26,1.65,2.94,0.97,1.19,2.16,2.07,2.41,4.48,2022,43,54,27,28
203484,Kentavious Caldwell-Pope,WAS,2070.0,-0.33,-0.31,-0.61,-0.41,-0.38,-0.78,-0.51,-0.48,-0.99,2022,284,302,286,179
203915,Spencer Dinwiddie,WAS,1782.0,0.64,0.46,1.13,0.67,0.48,1.15,0.99,0.71,1.69,2022,78,74,76,90
1628398,Kyle Kuzma,WAS,1977.0,-0.23,-0.99,-1.31,-0.27,-1.12,-1.39,-0.36,-1.47,-1.83,2022,355,263,391,241
1629655,Daniel Gafford,WAS,1326.0,0.73,0.44,0.9,0.54,0.28,0.82,1.04,0.47,1.5,2022,89,82,104,95
203920,Khem Birch,TOR,904.0,0.02,-0.01,0.1,-0.16,-0.12,-0.28,-0.84,-0.58,-1.42,2022,183,212,178,197
1629018,Gary Trent Jr.,TOR,2236.0,-1.66,-1.18,-3.11,-2.01,-1.44,-3.45,-2.27,-1.63,-3.89,2022,420,423,408,378
1630166,Deni Avdija,WAS,1720.0,-0.63,-2.18,-3.19,-0.63,-2.05,-2.68,-0.96,-3.05,-4.01,2022,407,340,417,383
203526,Raul Neto,WAS,1182.0,-0.44,-0.46,-0.82,-0.31,-0.33,-0.64,-0.7,-0.73,-1.43,2022,259,276,261,199
1626149,Montrezl Harrell,WAS,1445.0,0.86,0.25,1.14,1.1,0.31,1.41,2.39,0.68,3.08,2022,68,48,98,45
1629004,Svi Mykhailiuk,TOR,623.0,-0.07,-0.71,-0.99,-0.11,-0.47,-0.59,-0.69,-2.55,-3.24,2022,253,192,313,348
202722,Davis Bertans,WAS,720.0,-0.04,0.09,0.15,-0.0,0.03,0.03,0.02,0.12,0.14,2022,144,147,147,140
1628988,Aaron Holiday,WAS,921.0,-0.31,-1.92,-2.38,-0.22,-1.04,-1.26,-0.75,-2.97,-3.72,2022,342,243,385,368
1628449,Chris Boucher,TOR,1476.0,0.59,0.35,1.03,0.79,0.48,1.27,1.66,1.03,2.69,2022,75,64,77,56
1630625,Dalano Banton,TOR,605.0,-1.0,-1.0,-1.0,-0.22,-0.33,-0.54,-0.51,-1.3,-1.82,2022,241,244,262,238
203500,Steven Adams,MEM,1830.0,1.24,0.9,2.18,1.19,0.86,2.05,1.62,1.18,2.79,2022,47,44,45,51
1628991,Jaren Jackson Jr.,MEM,1988.0,-0.42,-1.12,-1.86,-0.34,-0.94,-1.28,-0.39,-1.08,-1.46,2022,344,287,374,200
1629001,De'Anthony Melton,MEM,1462.0,0.79,1.66,2.18,0.54,1.17,1.71,0.78,1.74,2.51,2022,53,83,30,62
1629630,Ja Morant,MEM,1655.0,1.44,0.81,1.92,1.08,0.6,1.67,1.42,0.79,2.21,2022,55,50,70,71
1630217,Desmond Bane,MEM,2061.0,-0.65,-0.25,-1.18,-0.74,-0.31,-1.05,-0.91,-0.38,-1.29,2022,311,359,249,190
1628374,Lauri Markkanen,CLE,1739.0,0.43,0.57,0.79,0.32,0.43,0.75,0.41,0.55,0.97,2022,97,100,81,111
1628386,Jarrett Allen,CLE,1643.0,1.41,0.86,2.0,1.37,0.8,2.17,2.13,1.22,3.35,2022,42,34,50,42
1629012,Collin Sexton,CLE,288.0,-0.72,-3.1,-4.09,-0.08,-0.32,-0.4,-0.58,-2.09,-2.67,2022,210,175,257,310
1629636,Darius Garland,CLE,2225.0,-0.27,-0.04,-0.65,-0.91,-0.42,-1.33,-1.26,-0.62,-1.88,2022,348,385,293,249
1630596,Evan Mobley,CLE,2138.0,-1.0,-1.0,-1.0,-1.11,-1.24,-2.34,-1.28,-1.48,-2.76,2022,398,402,403,316
1630171,Isaac Okoro,CLE,1802.0,-0.9,-0.56,-1.85,-1.5,-1.02,-2.51,-2.37,-1.63,-4.0,2022,401,414,383,382
203937,Kyle Anderson,MEM,1301.0,0.13,0.32,0.47,0.23,0.53,0.76,0.63,1.46,2.09,2022,94,111,72,77
1629723,John Konchar,MEM,1162.0,1.23,0.98,1.86,0.77,0.59,1.37,1.56,1.15,2.71,2022,69,66,71,55
201567,Kevin Love,CLE,1503.0,0.45,0.24,1.02,0.43,0.25,0.68,0.74,0.47,1.21,2022,99,93,109,106
201937,Ricky Rubio,CLE,862.0,0.24,0.26,0.7,0.03,-0.06,-0.03,-0.12,-0.65,-0.77,2022,151,136,161,169
1626224,Cedi Osman,CLE,1303.0,-1.96,-2.23,-4.28,-1.41,-1.61,-3.02,-2.59,-2.94,-5.53,2022,413,411,411,414
1630533,Ziaire Williams,MEM,1231.0,-1.0,-1.0,-1.0,-0.63,-0.62,-1.25,-1.14,-1.1,-2.24,2022,338,341,345,278
1626145,Tyus Jones,MEM,1408.0,-0.22,-0.02,-0.39,-0.07,0.02,-0.06,0.01,0.06,0.07,2022,154,166,151,141
1629634,Brandon Clarke,MEM,1107.0,0.83,0.43,1.11,0.72,0.33,1.04,1.96,0.83,2.79,2022,81,69,94,52
1626156,D'Angelo Russell,MIN,1901.0,-0.03,0.06,-0.12,0.47,0.29,0.76,0.84,0.48,1.32,2022,95,88,103,103
1626157,Karl-Anthony Towns,MIN,2248.0,3.75,1.67,5.32,5.26,2.3,7.56,6.16,2.67,8.83,2022,6,5,13,8
1629006,Josh Okogie,MIN,464.0,-0.12,-1.05,-1.44,-0.11,-0.46,-0.58,-0.85,-3.11,-3.97,2022,249,193,307,380
1630162,Anthony Edwards,MIN,2222.0,-0.83,-1.23,-2.51,-1.1,-1.56,-2.66,-1.28,-1.8,-3.08,2022,405,400,410,336
1630183,Jaden McDaniels,MIN,1615.0,-0.18,-0.8,-1.37,-0.38,-1.12,-1.49,-0.76,-2.06,-2.82,2022,364,296,392,321
1626174,Christian Wood,HOU,1882.0,0.7,0.48,1.09,0.78,0.53,1.31,1.08,0.73,1.8,2022,73,65,73,84
1628464,Daniel Theis,HOU,908.0,-0.03,0.07,0.13,0.03,0.13,0.16,0.19,0.58,0.77,2022,132,137,126,120
1629645,Kevin Porter Jr.,HOU,1718.0,-1.16,-4.68,-6.22,-1.05,-4.17,-5.22,-1.52,-5.95,-7.47,2022,427,395,428,425
1630224,Jalen Green,HOU,1932.0,-1.0,-1.0,-1.0,-1.09,-0.95,-2.04,-1.45,-1.2,-2.65,2022,388,399,376,308
1630256,Jae'Sean Tate,HOU,1914.0,-0.74,-0.36,-1.2,-0.89,-0.45,-1.34,-1.23,-0.62,-1.85,2022,351,381,302,244
201569,Eric Gordon,HOU,1529.0,-1.53,-0.69,-1.88,-1.47,-0.58,-2.05,-2.57,-0.94,-3.51,2022,390,413,339,355
1629162,Jordan McLaughlin,MIN,786.0,-0.16,-0.08,-0.39,-0.16,-0.11,-0.27,-0.75,-0.52,-1.27,2022,179,213,173,189
201571,D.J. Augustin,HOU,789.0,-1.11,-0.7,-1.42,-0.53,-0.25,-0.78,-1.77,-0.62,-2.39,2022,285,327,227,287
1628021,David Nwaba,HOU,514.0,-0.7,-0.47,-1.05,-0.24,-0.15,-0.39,-1.31,-0.76,-2.07,2022,207,256,186,264
1630578,Alperen Sengun,HOU,1352.0,-1.0,-1.0,-1.0,-0.66,-0.71,-1.37,-1.06,-1.24,-2.29,2022,354,346,356,280
1627736,Malik Beasley,MIN,1720.0,-0.72,-0.42,-1.29,-0.64,-0.38,-1.03,-0.91,-0.55,-1.46,2022,307,342,287,201
1627752,Taurean Prince,MIN,1063.0,-1.45,-1.6,-3.08,-0.86,-0.95,-1.81,-1.94,-2.15,-4.09,2022,378,375,377,386
1629675,Naz Reid,MIN,1070.0,-0.08,-0.07,-0.48,-0.07,-0.07,-0.14,-0.2,-0.2,-0.4,2022,162,167,162,157
1629020,Jarred Vanderbilt,MIN,1722.0,0.67,0.62,0.96,0.48,0.45,0.94,0.61,0.57,1.18,2022,83,86,78,107
1630231,Kenyon Martin Jr.,HOU,1449.0,-0.49,-1.56,-2.06,-0.36,-1.16,-1.51,-0.56,-1.85,-2.41,2022,366,292,398,290
1629717,Armoni Brooks,HOU,772.0,-0.62,-2.34,-3.23,-0.26,-0.95,-1.2,-0.79,-2.85,-3.64,2022,328,261,378,362
1630528,Josh Christopher,HOU,1183.0,-1.0,-1.0,-1.0,-0.51,-0.66,-1.17,-0.8,-1.37,-2.17,2022,324,323,348,273
1629669,Jaylen Nowell,MIN,865.0,-2.47,-0.63,-3.43,-1.12,-0.3,-1.42,-2.94,-0.84,-3.78,2022,357,403,243,372
202685,Jonas Valanciunas,NOP,2106.0,2.11,1.12,3.32,2.65,1.41,4.06,3.24,1.72,4.96,2022,17,19,26,25
1627742,Brandon Ingram,NOP,1678.0,0.4,0.4,0.59,0.61,0.45,1.06,1.08,0.71,1.79,2022,80,77,79,86
1628404,Josh Hart,NOP,1664.0,0.59,0.24,0.74,0.25,0.12,0.37,0.13,0.11,0.24,2022,118,109,130,138
1628984,Devonte' Graham,NOP,1975.0,1.35,0.97,2.23,1.29,0.92,2.21,1.55,1.11,2.67,2022,40,39,44,58
1629638,Nickeil Alexander-Walker,NOP,1288.0,-0.35,-1.73,-2.35,-0.3,-1.33,-1.63,-0.63,-2.57,-3.21,2022,372,272,405,345
201980,Danny Green,PHI,1226.0,0.01,0.99,1.39,0.07,0.69,0.76,0.24,1.4,1.64,2022,96,131,60,93
202699,Tobias Harris,PHI,2322.0,0.43,0.61,1.13,0.83,0.95,1.79,1.01,1.11,2.12,2022,51,62,41,75
203552,Seth Curry,PHI,1934.0,-0.17,-0.19,-0.15,-0.22,-0.2,-0.43,-0.31,-0.27,-0.58,2022,220,245,209,164
203954,Joel Embiid,PHI,2087.0,3.36,1.64,4.97,4.47,2.17,6.64,5.68,2.75,8.42,2022,10,9,15,14
1630178,Tyrese Maxey,PHI,2435.0,-1.68,-0.31,-2.38,-2.21,-0.45,-2.66,-2.28,-0.47,-2.76,2022,406,427,303,317
202066,Garrett Temple,NOP,970.0,-0.1,0.73,1.08,-0.19,-0.28,-0.47,-0.77,-2.26,-3.03,2022,228,228,234,333
1630530,Trey Murphy III,NOP,741.0,-1.0,-1.0,-1.0,-0.4,-0.31,-0.72,-1.26,-0.7,-1.97,2022,277,300,250,257
1627777,Georges Niang,PHI,1550.0,-0.26,-0.21,-0.44,-0.22,-0.18,-0.4,-0.35,-0.29,-0.64,2022,211,246,203,167
1627788,Furkan Korkmaz,PHI,1279.0,0.02,-0.44,-0.63,-0.03,-0.37,-0.4,-0.13,-0.78,-0.91,2022,212,155,279,177
1629637,Jaxson Hayes,NOP,1233.0,-0.22,0.18,-0.43,-0.02,0.12,0.1,0.2,0.22,0.43,2022,138,153,131,131
1629680,Matisse Thybulle,PHI,1549.0,0.57,0.87,1.23,0.5,0.81,1.31,0.8,1.35,2.15,2022,74,84,49,72
1630198,Isaiah Joe,PHI,541.0,-0.17,-1.03,-1.53,-0.1,-0.41,-0.51,-0.59,-2.16,-2.75,2022,237,189,291,315
203083,Andre Drummond,PHI,1324.0,0.16,0.35,0.55,0.15,0.28,0.42,0.31,0.52,0.83,2022,114,118,105,117
203107,Tomas Satoransky,NOP,833.0,-0.43,-1.87,-2.15,-0.18,-0.72,-0.9,-0.44,-1.66,-2.09,2022,300,223,358,268
1630184,Kira Lewis Jr.,NOP,281.0,0.23,-0.18,-0.4,-0.05,-0.24,-0.3,-0.81,-2.94,-3.76,2022,191,159,223,371
1630230,Naji Marshall,NOP,636.0,0.17,0.1,0.07,-0.01,-0.15,-0.16,-0.28,-1.1,-1.37,2022,163,149,187,195
1630529,Herbert Jones,NOP,2135.0,-1.0,-1.0,-1.0,-1.18,-1.2,-2.38,-1.39,-1.42,-2.81,2022,399,404,401,320
1630194,Paul Reed,PHI,271.0,0.53,0.54,0.74,-0.01,-0.02,-0.03,-0.48,-0.52,-1.0,2022,152,150,156,180
203926,Doug McDermott,SAS,1149.0,-0.71,-0.44,-0.9,-0.49,-0.27,-0.76,-1.08,-0.53,-1.61,2022,282,319,231,206
1627749,Dejounte Murray,SAS,2113.0,1.87,1.54,3.26,2.01,1.66,3.67,2.32,1.91,4.23,2022,22,25,19,31
1627751,Jakob Poeltl,SAS,1789.0,3.15,1.72,4.78,2.86,1.55,4.42,3.9,2.11,6.01,2022,16,17,22,20
1628401,Derrick White,SAS,1977.0,1.43,1.1,2.5,1.53,1.18,2.71,1.93,1.48,3.41,2022,32,31,28,39
1629640,Keldon Johnson,SAS,2162.0,-0.55,-0.24,-1.12,-0.77,-0.37,-1.14,-0.94,-0.47,-1.41,2022,322,362,280,196
1628964,Mo Bamba,ORL,1661.0,-0.39,-0.62,-1.28,-0.28,-0.45,-0.72,-0.35,-0.57,-0.93,2022,278,266,304,178
1628976,Wendell Carter Jr.,ORL,1690.0,-0.03,0.02,-0.34,-0.24,-0.17,-0.41,-0.51,-0.39,-0.89,2022,214,257,198,176
1630175,Cole Anthony,ORL,1894.0,-0.65,-2.99,-4.03,-0.73,-3.18,-3.91,-1.0,-4.28,-5.28,2022,423,357,426,411
1630532,Franz Wagner,ORL,2227.0,-1.0,-1.0,-1.0,-1.24,-1.21,-2.44,-1.4,-1.36,-2.76,2022,400,406,402,318
1630591,Jalen Suggs,ORL,1180.0,-1.0,-1.0,-1.0,-0.52,-0.67,-1.2,-0.81,-1.4,-2.21,2022,329,325,350,274
203082,Terrence Ross,ORL,1258.0,-0.69,-1.97,-2.51,-0.4,-1.19,-1.59,-0.64,-1.96,-2.6,2022,369,301,400,305
1629649,Ignas Brazdeikis,ORL,450.0,-0.11,-0.23,-0.61,-0.23,-0.33,-0.56,-1.97,-2.73,-4.69,2022,247,250,263,403
1630181,R.J. Hampton,ORL,1218.0,-1.04,-4.18,-5.67,-0.66,-2.58,-3.24,-1.22,-4.65,-5.87,2022,416,347,421,416
1629022,Lonnie Walker IV,SAS,1406.0,-1.03,-4.01,-5.3,-0.81,-3.1,-3.91,-1.39,-5.22,-6.61,2022,424,368,424,423
1630170,Devin Vassell,SAS,1727.0,-0.75,-1.19,-2.33,-0.72,-1.12,-1.83,-1.03,-1.59,-2.62,2022,379,354,393,307
1629021,Moritz Wagner,ORL,808.0,-2.72,-1.35,-4.28,-1.08,-0.54,-1.62,-2.85,-1.44,-4.28,2022,370,397,327,391
1629234,Drew Eubanks,POR,1128.0,-1.72,-0.73,-2.66,-0.72,-0.31,-1.03,-1.06,-0.46,-1.51,2022,308,355,251,202
1627854,Bryn Forbes,SAS,1132.0,-0.9,-1.09,-1.96,-0.61,-0.74,-1.35,-1.34,-1.64,-2.99,2022,353,339,360,331
201577,Robin Lopez,ORL,558.0,-1.21,-0.83,-1.71,-0.43,-0.26,-0.69,-2.02,-1.14,-3.16,2022,271,306,229,342
1628966,Keita Bates-Diop,SAS,805.0,-1.03,-1.57,-2.68,-0.45,-0.68,-1.13,-1.27,-1.94,-3.21,2022,321,312,351,346
1630200,Tre Jones,SAS,986.0,-2.12,-0.86,-3.31,-1.1,-0.46,-1.56,-2.49,-1.05,-3.54,2022,368,401,308,358
201144,Mike Conley,UTA,1878.0,2.42,0.98,3.79,2.67,1.13,3.8,3.68,1.57,5.25,2022,21,18,31,22
202711,Bojan Bogdanovic,UTA,1949.0,-0.56,-0.39,-0.68,-0.56,-0.37,-0.93,-0.71,-0.46,-1.17,2022,302,331,281,187
203497,Rudy Gobert,UTA,1939.0,4.39,2.49,6.97,4.73,2.66,7.39,6.21,3.48,9.69,2022,8,7,8,6
1626220,Royce O'Neale,UTA,2197.0,1.08,0.84,1.95,1.2,0.95,2.16,1.35,1.08,2.42,2022,44,43,42,65
1628378,Donovan Mitchell,UTA,2078.0,-0.6,-0.22,-0.98,-0.01,0.06,0.06,0.27,0.21,0.48,2022,142,151,141,130
202324,Derrick Favors,OKC,591.0,0.76,0.59,1.5,0.34,0.27,0.61,1.68,1.35,3.03,2022,102,99,106,46
1628983,Shai Gilgeous-Alexander,OKC,1741.0,0.11,0.17,0.01,0.46,0.36,0.82,0.88,0.63,1.51,2022,90,89,87,94
1629647,Darius Bazley,OKC,1731.0,-0.63,-3.0,-4.02,-0.68,-3.0,-3.67,-1.03,-4.42,-5.45,2022,421,351,422,413
1629652,Luguentz Dort,OKC,1491.0,0.2,-0.1,-0.23,-0.07,-0.74,-0.8,-0.37,-1.96,-2.33,2022,288,168,361,283
1630581,Josh Giddey,OKC,1561.0,-1.0,-1.0,-1.0,-0.73,-0.9,-1.64,-1.03,-1.46,-2.49,2022,373,358,372,297
202355,Hassan Whiteside,UTA,1051.0,1.57,0.9,2.74,0.83,0.49,1.32,1.74,1.04,2.79,2022,71,63,75,53
204060,Joe Ingles,UTA,1031.0,1.41,0.75,2.54,0.77,0.43,1.2,1.7,1.01,2.72,2022,77,67,82,54
1629676,Isaiah Roby,OKC,869.0,-1.29,-0.65,-2.2,-0.79,-0.42,-1.22,-2.62,-1.44,-4.06,2022,334,366,294,385
1630544,Tre Mann,OKC,1214.0,-1.0,-1.0,-1.0,-0.54,-0.69,-1.23,-0.83,-1.4,-2.23,2022,335,330,352,276
203903,Jordan Clarkson,UTA,1900.0,0.02,0.19,0.3,0.11,0.27,0.37,0.18,0.39,0.56,2022,119,121,107,127
1629672,Eric Paschall,UTA,642.0,-2.88,-0.91,-3.95,-0.91,-0.29,-1.2,-3.12,-1.0,-4.12,2022,330,386,238,387
1629026,Kenrich Williams,OKC,936.0,0.02,0.02,0.01,-0.14,-0.16,-0.31,-0.72,-0.83,-1.55,2022,195,203,189,204
1630197,Aleksej Pokusevski,OKC,1112.0,-1.35,-5.21,-7.01,-0.84,-3.15,-3.99,-1.82,-6.66,-8.47,2022,425,373,425,427
1630177,Theo Maledon,OKC,808.0,-0.88,-3.79,-5.12,-0.44,-1.74,-2.18,-1.42,-5.25,-6.68,2022,393,308,413,424
1630526,Jeremiah Robinson-Earl,OKC,994.0,-1.0,-1.0,-1.0,-0.44,-0.54,-0.98,-0.81,-1.27,-2.08,2022,306,309,328,267
1630215,Jared Butler,UTA,323.0,-1.0,-1.0,-1.0,-0.09,-0.17,-0.26,-0.41,-1.28,-1.69,2022,177,179,199,218
1630190,Elijah Hughes,POR,386.0,-0.53,-1.59,-2.39,-0.07,-0.23,-0.3,-0.36,-1.24,-1.6,2022,192,169,221,205
1630249,Vit Krejci,OKC,606.0,-1.0,-1.0,-1.0,-0.22,-0.33,-0.55,-0.52,-1.31,-1.83,2022,242,247,264,242
101108,Chris Paul,PHO,1952.0,3.73,1.87,6.11,4.33,2.23,6.56,5.64,2.93,8.56,2022,11,10,14,13
203109,Jae Crowder,PHO,1752.0,-0.2,-0.52,-0.5,-0.15,-0.37,-0.52,-0.18,-0.45,-0.63,2022,238,208,282,166
1626164,Devin Booker,PHO,2107.0,1.55,1.56,2.96,1.86,1.8,3.65,2.2,2.1,4.3,2022,23,27,18,30
1628969,Mikal Bridges,PHO,2610.0,0.46,0.35,0.66,0.95,0.7,1.65,1.0,0.73,1.73,2022,57,56,58,89
1629028,Deandre Ayton,PHO,1577.0,0.94,0.82,1.49,0.86,0.72,1.57,1.32,1.07,2.4,2022,61,60,56,66
203115,Will Barton,DEN,2106.0,-0.73,-0.95,-1.47,-0.86,-1.14,-2.0,-1.03,-1.38,-2.41,2022,386,376,395,291
203932,Aaron Gordon,DEN,2174.0,1.09,0.67,1.67,1.18,0.72,1.9,1.31,0.81,2.12,2022,49,45,57,76
203999,Nikola Jokic,DEN,2241.0,5.35,2.12,7.37,8.08,3.16,11.24,9.66,3.76,13.42,2022,2,2,4,2
1628420,Monte Morris,DEN,2064.0,1.05,0.38,1.35,1.09,0.4,1.48,1.28,0.47,1.74,2022,65,49,85,88
201580,JaVale McGee,PHO,1062.0,-1.5,-1.5,-2.6,-0.66,-0.66,-1.31,-0.89,-0.89,-1.77,2022,346,348,349,232
1626166,Cameron Payne,PHO,1149.0,0.8,2.51,3.27,0.46,1.47,1.92,0.79,2.6,3.39,2022,48,90,25,40
1629661,Cameron Johnson,PHO,1547.0,0.43,0.33,0.62,0.31,0.24,0.55,0.41,0.31,0.73,2022,105,102,114,121
1628408,P.J. Dozier,DEN,288.0,0.33,0.7,0.88,-0.05,-0.2,-0.25,-0.81,-2.89,-3.69,2022,174,160,210,365
1630267,Facundo Campazzo,DEN,1034.0,-0.6,-1.0,-1.45,-0.31,-0.53,-0.84,-0.61,-1.12,-1.73,2022,292,277,324,226
1629013,Landry Shamet,PHO,1310.0,-0.13,-0.21,-0.55,-0.32,-0.42,-0.74,-0.91,-1.18,-2.09,2022,280,279,295,269
201145,Jeff Green,DEN,1723.0,-1.84,-1.03,-2.42,-1.71,-0.91,-2.62,-2.44,-1.27,-3.71,2022,404,419,373,367
203085,Austin Rivers,DEN,1310.0,-0.33,-0.9,-1.14,-0.36,-1.13,-1.49,-0.84,-2.8,-3.64,2022,365,293,394,363
203210,JaMychal Green,DEN,1009.0,-0.74,-0.78,-1.3,-0.45,-0.48,-0.93,-1.15,-1.23,-2.38,2022,303,313,316,285
203081,Damian Lillard,POR,946.0,4.29,1.11,5.61,2.39,0.64,3.03,6.87,1.9,8.77,2022,29,21,67,9
203468,CJ McCollum,POR,1969.0,1.19,0.31,1.65,1.3,0.36,1.66,1.73,0.49,2.22,2022,56,37,88,69
203496,Robert Covington,POR,1791.0,0.03,-0.01,0.23,0.03,-0.0,0.03,0.04,0.0,0.04,2022,145,138,154,145
203994,Jusuf Nurkic,POR,1448.0,1.54,1.23,2.74,1.24,0.98,2.22,2.23,1.76,4.0,2022,39,40,37,32
1626181,Norman Powell,POR,1353.0,-2.13,-0.65,-2.75,-0.95,-0.29,-1.25,-1.0,-0.31,-1.31,2022,339,389,239,191
203084,Harrison Barnes,SAC,2338.0,-0.59,-0.25,-0.75,-0.84,-0.32,-1.17,-0.95,-0.36,-1.31,2022,325,374,258,192
203090,Maurice Harkless,SAC,795.0,-0.4,-1.26,-1.63,-0.16,-0.53,-0.69,-0.46,-1.59,-2.06,2022,272,214,325,263
1626158,Richaun Holmes,SAC,975.0,0.46,0.14,0.64,0.26,0.08,0.34,0.68,0.22,0.9,2022,121,105,135,113
1628368,De'Aaron Fox,SAC,1840.0,0.14,0.17,0.1,0.45,0.34,0.8,0.76,0.55,1.31,2022,91,92,93,104
1630169,Tyrese Haliburton,SAC,2390.0,-0.51,0.12,-0.78,-0.2,0.23,0.03,-0.05,0.28,0.23,2022,146,232,115,139
202684,Tristan Thompson,SAC,778.0,-0.98,-0.9,-1.73,-0.45,-0.41,-0.87,-1.52,-1.37,-2.89,2022,298,314,292,323
1627741,Buddy Hield,SAC,2171.0,-0.02,0.41,0.48,0.01,0.5,0.51,0.02,0.6,0.62,2022,107,144,74,125
203469,Cody Zeller,POR,304.0,-0.38,-0.18,-0.47,-0.07,-0.02,-0.09,-0.6,-0.17,-0.77,2022,157,170,157,170
1626204,Larry Nance Jr.,POR,937.0,0.7,0.23,1.02,0.36,0.13,0.5,1.02,0.4,1.42,2022,109,95,127,98
1630558,Davion Mitchell,SAC,1826.0,-1.0,-1.0,-1.0,-0.86,-1.03,-1.89,-1.14,-1.45,-2.59,2022,383,377,384,303
1629014,Anfernee Simons,POR,1531.0,-1.62,-0.26,-2.21,-1.41,-0.28,-1.7,-2.45,-0.54,-2.99,2022,376,412,235,332
1629056,Terence Davis,SAC,482.0,0.05,-0.29,-0.45,-0.01,-0.09,-0.1,-0.13,-0.54,-0.67,2022,159,152,167,168
1629642,Nassir Little,POR,995.0,-1.34,-0.46,-2.19,-0.78,-0.31,-1.09,-2.14,-0.91,-3.05,2022,317,363,252,334
203991,Clint Capela,ATL,1903.0,3.34,1.52,4.83,3.34,1.51,4.85,4.4,1.99,6.39,2022,15,15,23,18
203992,Bogdan Bogdanovic,ATL,1680.0,0.46,0.2,0.75,0.58,0.25,0.83,0.97,0.42,1.4,2022,88,80,110,99
1628381,John Collins,ATL,1514.0,3.01,1.23,4.02,2.38,0.94,3.32,3.73,1.45,5.17,2022,28,22,43,24
1629027,Trae Young,ATL,2412.0,1.94,0.76,2.43,2.93,1.07,4.0,3.22,1.15,4.36,2022,18,16,35,29
1629631,De'Andre Hunter,ATL,1461.0,0.13,0.09,0.02,-0.18,-0.37,-0.55,-0.65,-1.15,-1.8,2022,243,224,283,234
203501,Tim Hardaway Jr.,DAL,1139.0,-0.08,-0.05,-0.04,-0.07,-0.11,-0.18,-0.17,-0.38,-0.55,2022,164,171,174,163
203939,Dwight Powell,DAL,1687.0,1.37,0.37,1.89,1.33,0.38,1.71,1.97,0.58,2.55,2022,54,35,86,61
204001,Kristaps Porzingis,DAL,1371.0,0.28,0.23,0.42,0.49,0.36,0.85,1.25,0.89,2.14,2022,87,85,89,74
1627827,Dorian Finney-Smith,DAL,2373.0,0.37,0.32,0.72,0.36,0.31,0.67,0.33,0.28,0.61,2022,100,96,99,126
1629029,Luka Doncic,DAL,2098.0,2.32,2.17,4.16,3.49,3.25,6.73,4.49,4.18,8.68,2022,9,13,3,12
1628989,Kevin Huerter,ATL,2015.0,-0.18,0.04,-0.41,-0.27,-0.02,-0.29,-0.38,-0.05,-0.43,2022,187,264,158,159
1628973,Jalen Brunson,DAL,2305.0,1.03,0.61,1.49,1.16,0.68,1.84,1.2,0.7,1.9,2022,50,47,61,78
1629629,Cam Reddish,ATL,899.0,-0.89,-2.77,-3.99,-0.48,-1.4,-1.88,-1.37,-3.85,-5.22,2022,381,317,407,410
203476,Gorgui Dieng,ATL,324.0,-0.55,-0.41,-0.7,0.08,0.03,0.11,1.3,0.58,1.88,2022,137,127,148,79
1626153,Delon Wright,ATL,1278.0,0.2,0.09,0.39,0.39,0.23,0.61,1.12,0.68,1.8,2022,103,94,116,85
203493,Reggie Bullock,DAL,1710.0,0.24,0.44,0.83,0.07,0.16,0.22,-0.01,0.05,0.04,2022,131,132,122,146
1628425,Sterling Brown,DAL,557.0,-0.37,-1.42,-1.88,-0.12,-0.46,-0.58,-0.57,-2.03,-2.59,2022,250,197,309,304
1628467,Maxi Kleber,DAL,1299.0,0.18,0.79,1.12,0.1,0.43,0.53,0.13,0.55,0.68,2022,106,123,83,123
203504,Trey Burke,DAL,384.0,-0.17,-0.36,-0.44,-0.05,-0.16,-0.21,-0.37,-1.28,-1.65,2022,170,161,190,210
1628373,Frank Ntilikina,DAL,600.0,-0.4,-1.87,-2.54,-0.21,-0.83,-1.04,-1.08,-3.93,-5.01,2022,310,237,369,408
1630182,Josh Green,DAL,915.0,-1.03,-1.38,-2.8,-0.57,-0.76,-1.34,-1.6,-2.08,-3.68,2022,352,333,365,364
200768,Kyle Lowry,MIA,1928.0,0.66,-0.0,1.11,0.92,0.22,1.14,1.29,0.39,1.68,2022,79,58,118,92
200782,P.J. Tucker,MIA,1794.0,-2.42,-2.42,-4.33,-2.35,-2.35,-4.71,-3.3,-3.3,-6.6,2022,426,428,420,422
202710,Jimmy Butler,MIA,1744.0,3.3,1.4,4.97,3.72,1.58,5.29,5.66,2.4,8.06,2022,14,12,21,16
1628389,Bam Adebayo,MIA,1667.0,1.5,1.87,3.16,1.71,1.92,3.62,2.79,3.0,5.78,2022,24,28,17,21
1629130,Duncan Robinson,MIA,1861.0,1.52,1.49,2.98,1.21,1.18,2.39,1.48,1.45,2.93,2022,36,42,29,48
1629639,Tyler Herro,MIA,1881.0,-0.95,-1.8,-3.08,-0.94,-1.74,-2.68,-1.24,-2.29,-3.53,2022,408,388,414,357
203473,Dewayne Dedmon,MIA,967.0,-0.54,-0.6,-0.86,-0.39,-0.45,-0.84,-1.18,-1.42,-2.6,2022,293,298,305,306
1629622,Max Strus,MIA,1404.0,-0.96,-0.74,-1.85,-0.82,-0.63,-1.45,-1.5,-1.17,-2.66,2022,360,369,346,309
202693,Markieff Morris,MIA,264.0,-1.02,-2.74,-3.49,-0.11,-0.36,-0.48,-0.96,-3.35,-4.31,2022,230,194,274,392
1629216,Gabe Vincent,MIA,1436.0,-0.98,-2.42,-3.56,-0.95,-2.34,-3.29,-1.82,-4.47,-6.29,2022,417,390,419,421
1628997,Caleb Martin,MIA,1221.0,-1.1,-1.12,-2.32,-0.86,-0.88,-1.74,-1.88,-1.92,-3.8,2022,377,378,371,374
1630209,Omer Yurtseven,MIA,629.0,-1.0,-1.0,-1.0,-0.26,-0.31,-0.58,-0.76,-1.09,-1.85,2022,251,262,253,245
202331,Paul George,LAC,971.0,1.22,5.39,6.82,0.71,2.89,3.6,1.83,6.95,8.77,2022,25,72,7,10
202339,Eric Bledsoe,LAC,1254.0,0.04,0.53,0.84,0.02,0.26,0.28,0.01,0.31,0.32,2022,126,142,108,136
202694,Marcus Morris Sr.,LAC,1431.0,-1.25,-1.75,-2.73,-0.83,-1.17,-2.0,-1.17,-1.67,-2.85,2022,387,372,399,322
202704,Reggie Jackson,LAC,2104.0,0.08,0.79,1.08,0.08,0.78,0.87,0.09,0.88,0.97,2022,85,128,52,112
1627826,Ivica Zubac,LAC,1705.0,0.93,0.66,1.38,0.98,0.67,1.65,1.49,1.01,2.49,2022,58,53,62,63
1628379,Luke Kennard,LAC,1709.0,-2.14,-1.33,-3.62,-1.68,-1.04,-2.72,-2.2,-1.36,-3.57,2022,410,417,386,360
1629611,Terance Mann,LAC,2065.0,-0.18,-0.09,-0.42,-0.24,-0.13,-0.38,-0.31,-0.18,-0.49,2022,205,258,181,161
1626159,Justise Winslow,LAC,702.0,0.26,0.17,0.28,-0.05,-0.36,-0.42,-0.64,-2.48,-3.12,2022,218,162,275,337
1629599,Amir Coffey,LAC,1428.0,-2.31,-1.37,-3.9,-1.7,-1.01,-2.71,-2.68,-1.59,-4.27,2022,409,418,382,390
1630541,Moses Moody,GSW,550.0,-1.0,-1.0,-1.0,-0.25,-0.25,-0.5,-0.89,-0.94,-1.83,2022,234,259,228,243
1626179,Terry Rozier,CHO,2231.0,-1.64,-0.55,-2.22,-1.67,-0.56,-2.22,-1.71,-0.57,-2.28,2022,396,416,334,279
1629731,Dean Wade,CLE,874.0,-0.67,-0.61,-1.42,-0.34,-0.31,-0.65,-0.97,-0.89,-1.86,2022,262,288,254,247
1630205,Lamar Stevens,CLE,932.0,-1.16,-3.02,-4.39,-0.57,-1.5,-2.07,-1.37,-3.67,-5.04,2022,392,334,409,409
1630208,Nick Richards,CHO,335.0,-1.39,-0.74,-2.34,-0.28,-0.14,-0.42,-2.16,-0.99,-3.15,2022,219,267,184,341
1630547,James Bouknight,CHO,267.0,-1.0,-1.0,-1.0,-0.09,-0.13,-0.22,-0.64,-1.13,-1.77,2022,171,180,182,233
1629656,Quentin Grimes,NYK,682.0,-1.0,-1.0,-1.0,-0.3,-0.34,-0.64,-0.84,-1.07,-1.91,2022,260,273,271,253
1630540,Miles McBride,NYK,336.0,-1.0,-1.0,-1.0,-0.1,-0.18,-0.28,-0.42,-1.31,-1.73,2022,184,190,204,227
1630557,Corey Kispert,WAS,1620.0,-1.0,-1.0,-1.0,-0.87,-0.75,-1.62,-1.35,-1.05,-2.4,2022,371,380,362,289
1629052,Oshae Brissett,IND,1383.0,0.31,0.29,0.34,0.13,0.14,0.27,0.11,0.14,0.25,2022,127,119,124,137
201143,Al Horford,BOS,1844.0,1.08,0.82,2.34,1.32,1.09,2.41,1.92,1.61,3.53,2022,35,36,33,37
1626196,Josh Richardson,BOS,1424.0,-0.85,-0.97,-1.78,-0.66,-0.76,-1.42,-1.11,-1.28,-2.39,2022,358,349,366,288
202683,Enes Freedom,BOS,371.0,1.74,1.88,3.71,0.19,0.2,0.39,0.66,0.71,1.37,2022,117,113,120,101
1627823,Juancho Hernangomez,UTA,410.0,-0.93,-0.59,-1.61,-0.3,-0.2,-0.5,-2.15,-1.41,-3.56,2022,235,274,211,359
1630201,Malachi Flynn,TOR,477.0,-1.51,-1.39,-3.17,-0.35,-0.33,-0.68,-1.69,-1.56,-3.25,2022,266,289,265,349
1630551,Justin Champagnie,TOR,250.0,-1.0,-1.0,-1.0,-0.11,-0.08,-0.19,-1.06,-0.6,-1.66,2022,166,195,164,213
1627884,Derrick Jones Jr.,CHI,778.0,-1.27,-0.59,-2.06,-0.38,-0.18,-0.56,-0.72,-0.35,-1.07,2022,248,297,205,183
1628396,Tony Bradley,CHI,492.0,1.11,1.17,2.06,0.23,0.25,0.48,0.89,0.96,1.85,2022,110,112,111,81
1629744,Matt Thomas,CHI,426.0,-2.13,-1.4,-3.56,-0.5,-0.32,-0.82,-2.86,-1.77,-4.63,2022,290,321,259,398
1627863,Danuel House Jr.,UTA,652.0,-0.48,-0.8,-1.25,-0.21,-0.37,-0.58,-0.92,-1.6,-2.51,2022,252,238,284,300
203488,Mike Muscala,OKC,508.0,0.45,0.14,0.74,-0.03,-0.02,-0.06,-0.69,-0.32,-1.01,2022,155,156,159,181
1629660,Ty Jerome,OKC,716.0,-0.38,-1.58,-2.17,-0.14,-0.54,-0.67,-0.42,-1.55,-1.96,2022,264,204,329,256
201152,Thaddeus Young,TOR,742.0,0.68,1.01,2.02,0.26,0.36,0.62,0.77,1.05,1.82,2022,101,106,90,83
202340,Avery Bradley,LAL,1291.0,-1.15,-2.64,-3.58,-0.89,-2.16,-3.05,-1.75,-4.41,-6.16,2022,415,382,418,419
1630559,Austin Reaves,LAL,1265.0,-1.0,-1.0,-1.0,-0.72,-0.58,-1.31,-1.39,-0.9,-2.29,2022,347,356,340,281
203458,Alex Len,SAC,541.0,-0.59,-0.67,-1.22,-0.14,-0.16,-0.3,-0.53,-0.61,-1.14,2022,193,205,191,186
1628963,Marvin Bagley III,SAC,1019.0,-1.0,-0.6,-1.93,-0.65,-0.42,-1.06,-1.74,-1.16,-2.9,2022,313,344,296,325
1630235,Trent Forrest,UTA,679.0,-1.12,-1.64,-3.03,-0.3,-0.45,-0.75,-0.76,-1.12,-1.88,2022,281,275,306,250
1630543,Isaiah Jackson,IND,484.0,-1.0,-1.0,-1.0,-0.2,-0.2,-0.4,-0.86,-0.81,-1.67,2022,213,233,212,216
1630240,Saben Lee,DET,539.0,-0.96,-2.15,-3.44,-0.23,-0.49,-0.72,-0.82,-1.75,-2.57,2022,279,251,319,302
1630568,Luka Garza,DET,329.0,-1.0,-1.0,-1.0,-0.14,-0.14,-0.27,-0.86,-0.86,-1.71,2022,180,206,185,222
203585,Rodney McGruder,DET,675.0,-0.55,-0.37,-0.78,-0.43,-0.24,-0.67,-2.16,-1.15,-3.31,2022,265,307,224,350
201976,Patrick Beverley,MIN,1339.0,0.96,0.4,1.69,0.66,0.31,0.97,1.11,0.58,1.69,2022,82,75,100,91
1629111,Jock Landale,SAS,485.0,-1.0,-1.0,-1.0,-0.22,-0.22,-0.43,-0.91,-0.91,-1.82,2022,221,248,216,239
1630563,Joshua Primo,SAS,865.0,-1.0,-1.0,-1.0,-0.36,-0.5,-0.85,-0.66,-1.38,-2.04,2022,296,294,322,261
203901,Elfrid Payton,PHO,481.0,-0.4,-1.39,-1.82,-0.12,-0.43,-0.55,-0.66,-2.32,-2.97,2022,244,198,299,329
1628372,Dennis Smith Jr.,POR,565.0,-0.46,-1.94,-2.6,-0.14,-0.54,-0.68,-0.63,-2.29,-2.92,2022,267,207,330,326
1630188,Jalen Smith,IND,803.0,-1.25,-0.21,-1.85,-0.69,-0.16,-0.85,-2.47,-0.67,-3.14,2022,297,352,192,339
1629604,CJ Elleby,POR,1091.0,-0.32,-1.67,-2.38,-0.23,-1.0,-1.23,-0.6,-2.38,-2.98,2022,336,252,380,330
203463,Ben McLemore,POR,1131.0,-1.51,-0.48,-1.96,-0.96,-0.29,-1.25,-2.24,-0.66,-2.89,2022,340,391,240,324
1630535,Greg Brown III,POR,564.0,-1.0,-1.0,-1.0,-0.18,-0.28,-0.45,-0.45,-1.18,-1.63,2022,226,225,236,208
201587,Nicolas Batum,LAC,1315.0,0.38,0.52,1.23,0.26,0.35,0.61,0.45,0.58,1.03,2022,104,107,91,110
1628392,Isaiah Hartenstein,LAC,1083.0,0.57,0.46,0.76,0.03,0.07,0.1,-0.56,-0.29,-0.85,2022,139,139,137,173
1630549,Day'Ron Sharpe,BRK,339.0,-1.0,-1.0,-1.0,-0.16,-0.12,-0.28,-1.05,-0.64,-1.69,2022,185,215,179,219
201959,Taj Gibson,NYK,837.0,-0.33,-0.37,-0.19,-0.16,-0.16,-0.32,-0.47,-0.41,-0.88,2022,197,216,193,175
1630214,Xavier Tillman,MEM,615.0,0.37,0.45,0.55,0.06,0.07,0.12,0.02,-0.0,0.02,2022,136,134,138,147
1629048,Goga Bitadze,IND,672.0,0.59,0.45,0.71,-0.03,0.03,-0.0,-0.81,-0.29,-1.1,2022,149,157,149,185
203918,Rodney Hood,MIL,606.0,-1.9,-1.76,-3.57,-0.76,-0.7,-1.46,-3.22,-2.98,-6.2,2022,361,361,354,420
101150,Lou Williams,ATL,724.0,-0.44,-0.42,-0.4,-0.15,-0.18,-0.33,-0.42,-0.66,-1.08,2022,199,209,206,184
1627789,Timothe Luwawu-Cabarrot,ATL,598.0,-2.93,-1.36,-4.38,-0.96,-0.44,-1.4,-3.92,-1.8,-5.72,2022,356,392,300,415
203914,Gary Harris,ORL,1538.0,-0.88,-0.74,-1.65,-1.02,-0.86,-1.88,-1.91,-1.6,-3.51,2022,382,393,370,356
1630538,Bones Hyland,DEN,1169.0,-1.0,-1.0,-1.0,-0.59,-0.6,-1.2,-1.09,-1.14,-2.23,2022,331,337,343,277
1630192,Zeke Nnaji,DEN,596.0,-3.25,-1.7,-4.95,-0.7,-0.36,-1.06,-1.66,-0.8,-2.46,2022,314,353,276,295
1629685,Dylan Windler,CLE,404.0,-0.23,-0.71,-1.09,-0.08,-0.22,-0.29,-0.56,-1.51,-2.07,2022,188,176,217,265
1630527,Brandon Boston Jr.,LAC,662.0,-1.0,-1.0,-1.0,-0.25,-0.37,-0.62,-0.55,-1.35,-1.9,2022,256,260,285,252
1629185,Chris Chiozza,GSW,321.0,0.87,2.24,3.02,0.03,0.04,0.07,-0.25,-0.95,-1.2,2022,140,140,143,188
1629650,Moses Brown,CLE,326.0,-0.52,-2.06,-2.91,-0.09,-0.33,-0.43,-0.71,-2.42,-3.12,2022,222,181,266,338
202954,Brad Wanamaker,IND,276.0,-0.72,-0.49,-0.94,-0.22,-0.11,-0.33,-2.49,-1.14,-3.63,2022,200,249,175,361
201568,Danilo Gallinari,ATL,1540.0,1.33,0.16,1.82,1.38,0.25,1.64,2.48,0.52,3.0,2022,59,33,112,47
1626171,Bobby Portis,MIL,1825.0,-0.08,-0.06,-0.23,-0.11,-0.08,-0.19,-0.16,-0.11,-0.27,2022,167,196,165,153
1628400,Semi Ojeleye,MIL,335.0,-1.49,-1.38,-2.9,-0.29,-0.26,-0.55,-2.06,-1.91,-3.97,2022,245,270,230,381
1629633,Jarrett Culver,MEM,310.0,-0.7,-2.9,-3.93,-0.15,-0.56,-0.71,-1.33,-4.73,-6.05,2022,275,210,335,418
1629681,Killian Tillie,MEM,402.0,0.37,0.51,0.6,-0.03,-0.17,-0.19,-0.54,-2.0,-2.54,2022,168,158,200,301
1630583,Santi Aldama,MEM,302.0,-1.0,-1.0,-1.0,-0.09,-0.16,-0.24,-0.41,-1.28,-1.69,2022,172,182,194,220
1629003,Shake Milton,PHI,1032.0,-0.44,-0.71,-1.3,-0.32,-0.46,-0.78,-0.87,-1.2,-2.07,2022,286,280,310,266
1630613,Duane Washington Jr.,IND,874.0,-1.0,-1.0,-1.0,-0.33,-0.46,-0.8,-0.61,-1.28,-1.89,2022,289,281,311,251
1630595,Cade Cunningham,DET,1890.0,-1.0,-1.0,-1.0,-0.93,-1.11,-2.04,-1.2,-1.52,-2.71,2022,389,387,389,311
1629643,Chuma Okeke,ORL,1549.0,0.22,0.1,0.04,0.07,-0.2,-0.13,-0.01,-0.6,-0.61,2022,161,133,213,165
1627747,Caris LeVert,IND,1617.0,-0.09,-0.38,-0.51,-0.06,-0.24,-0.29,-0.07,-0.29,-0.36,2022,189,164,225,155
1630228,Jonathan Kuminga,GSW,1051.0,-1.0,-1.0,-1.0,-0.51,-0.55,-1.06,-1.0,-1.14,-2.14,2022,315,324,331,271
1629103,Kelan Martin,IND,407.0,0.21,0.42,0.54,-0.07,-0.27,-0.34,-0.81,-2.89,-3.7,2022,202,172,232,366
203503,Tony Snell,POR,736.0,-1.02,-0.96,-1.83,-0.35,-0.33,-0.69,-1.1,-1.02,-2.12,2022,273,290,267,270
203457,Nerlens Noel,NYK,511.0,0.34,0.65,0.96,0.16,0.31,0.47,0.93,1.9,2.82,2022,111,117,101,50
1626195,Willy Hernangomez,NOP,713.0,0.55,0.24,0.76,0.11,0.05,0.16,0.04,0.02,0.06,2022,133,122,142,142
201961,Wayne Ellington,LAL,725.0,-0.68,-0.57,-0.87,-0.31,-0.22,-0.53,-1.09,-0.71,-1.81,2022,240,278,218,237
1630631,Jose Alvarado,NOP,695.0,-1.0,-1.0,-1.0,-0.33,-0.33,-0.66,-0.96,-0.97,-1.94,2022,263,282,268,254
1629002,Chimezie Metu,SAC,1118.0,-0.81,-2.91,-3.93,-0.48,-1.72,-2.2,-1.02,-3.62,-4.63,2022,394,318,412,399
1627745,Damian Jones,SAC,890.0,-2.39,-0.82,-3.31,-0.89,-0.3,-1.19,-1.76,-0.6,-2.36,2022,327,383,244,284
1627783,Pascal Siakam,TOR,2341.0,2.87,2.06,4.89,3.48,2.46,5.93,3.68,2.59,6.27,2022,13,14,10,19
201586,Serge Ibaka,LAC,786.0,-0.84,-0.7,-1.27,-0.2,-0.16,-0.36,-0.12,-0.12,-0.24,2022,204,234,195,152
1630553,Keon Johnson,POR,628.0,-1.0,-1.0,-1.0,-0.21,-0.31,-0.52,-0.48,-1.18,-1.66,2022,239,239,255,214
1628415,Dillon Brooks,MEM,844.0,0.61,0.7,1.23,-0.23,-0.27,-0.5,-1.95,-2.31,-4.26,2022,236,253,233,389
1630264,Anthony Gill,WAS,380.0,-0.88,-0.41,-1.2,-0.2,-0.07,-0.27,-1.44,-0.42,-1.86,2022,181,235,163,248
1629659,Talen Horton-Tucker,LAL,1341.0,-0.22,-1.55,-2.16,-0.17,-1.04,-1.21,-0.32,-1.68,-2.0,2022,332,219,387,259
1630598,Aaron Wiggins,OKC,1102.0,-1.0,-1.0,-1.0,-0.53,-0.58,-1.1,-0.97,-1.18,-2.15,2022,319,328,341,272
1630570,Trendon Watford,POR,798.0,-1.0,-1.0,-1.0,-0.39,-0.29,-0.68,-1.18,-0.57,-1.75,2022,268,299,241,230
1629726,Garrison Mathews,HOU,1556.0,-2.17,-0.57,-2.89,-1.74,-0.47,-2.21,-2.66,-0.72,-3.38,2022,395,420,314,352
1629632,Coby White,CHI,1470.0,-0.12,0.15,-0.36,-0.5,-0.1,-0.6,-1.3,-0.43,-1.73,2022,255,322,169,228
1630556,Kessler Edwards,BRK,880.0,-1.0,-1.0,-1.0,-0.35,-0.49,-0.84,-0.64,-1.34,-1.98,2022,294,291,320,258
200752,Rudy Gay,UTA,928.0,-0.09,0.3,0.65,-0.07,0.04,-0.04,-0.24,-0.18,-0.42,2022,153,173,144,158
1630688,Ish Wainright,PHO,304.0,-1.0,-1.0,-1.0,-0.09,-0.17,-0.26,-0.44,-1.37,-1.8,2022,178,183,201,235
1629139,Yuta Watanabe,TOR,399.0,-0.47,-1.43,-1.93,-0.09,-0.3,-0.39,-0.52,-1.81,-2.32,2022,208,184,245,282
1629833,Keljin Blevins,POR,299.0,-1.46,-2.21,-3.77,-0.18,-0.3,-0.48,-1.35,-2.44,-3.78,2022,231,226,246,373
202326,DeMarcus Cousins,DEN,654.0,-0.27,-0.41,-0.48,-0.02,0.04,0.02,0.17,0.72,0.89,2022,147,154,145,115
1628432,Davon Reed,DEN,592.0,-0.19,-0.05,-0.69,-0.17,-0.1,-0.27,-1.01,-0.7,-1.71,2022,182,220,170,223
202083,Wesley Matthews,MIL,853.0,-0.84,-0.97,-1.36,-0.56,-0.58,-1.14,-1.89,-1.83,-3.72,2022,323,332,342,369
1630561,David Duke Jr.,BRK,305.0,-1.0,-1.0,-1.0,-0.09,-0.16,-0.24,-0.4,-1.27,-1.68,2022,173,185,196,217
1630587,Isaiah Livers,DET,353.0,-1.0,-1.0,-1.0,-0.16,-0.13,-0.3,-1.0,-0.72,-1.72,2022,194,217,183,224
1629678,Admiral Schofield,ORL,404.0,-0.56,-2.24,-3.28,-0.15,-0.56,-0.71,-1.02,-3.65,-4.67,2022,276,211,336,402
1630168,Onyeka Okongwu,ATL,899.0,-2.83,-0.81,-4.02,-1.03,-0.3,-1.33,-1.88,-0.56,-2.44,2022,349,394,247,293
202738,Isaiah Thomas,CHO,297.0,-2.89,-2.25,-4.87,-0.52,-0.39,-0.91,-4.48,-3.26,-7.74,2022,301,326,288,426
2772,Trevor Ariza,LAL,401.0,-0.71,-1.16,-1.36,-0.12,-0.29,-0.41,-0.58,-1.91,-2.49,2022,215,199,242,298
1629164,Brandon Goodwin,CLE,441.0,-0.89,-2.81,-3.79,-0.19,-0.65,-0.84,-0.99,-3.46,-4.45,2022,295,229,347,394
1629109,Gary Clark,NOP,305.0,-1.7,-2.07,-3.8,-0.27,-0.33,-0.59,-2.09,-2.57,-4.66,2022,254,265,269,401
1628418,Thomas Bryant,WAS,392.0,-0.14,0.02,-0.33,0.17,0.1,0.26,1.75,0.92,2.67,2022,128,115,132,59
1629060,Rui Hachimura,WAS,846.0,-1.53,-0.86,-2.66,-0.79,-0.46,-1.25,-2.51,-1.52,-4.03,2022,341,367,312,384
1627737,Marquese Chriss,DAL,299.0,-1.12,-3.05,-4.38,-0.1,-0.28,-0.38,-0.52,-1.41,-1.94,2022,206,191,237,255
202362,Lance Stephenson,IND,714.0,-2.0,-1.35,-2.9,-0.67,-0.42,-1.09,-2.03,-1.18,-3.21,2022,318,350,297,347
1626147,Justin Anderson,IND,297.0,-1.64,-0.87,-2.51,-0.33,-0.16,-0.49,-3.05,-1.4,-4.45,2022,232,283,197,395
202681,Kyrie Irving,BRK,994.0,2.28,0.75,3.12,1.91,0.64,2.55,6.07,2.04,8.11,2022,34,26,68,15
1628978,Donte DiVincenzo,SAC,883.0,0.23,0.42,0.5,0.09,0.21,0.3,0.21,0.59,0.79,2022,123,125,119,118
1626169,Stanley Johnson,LAL,1014.0,-2.42,-2.23,-4.81,-1.19,-1.1,-2.29,-2.41,-2.22,-4.63,2022,397,405,388,400
1630314,Brandon Williams,POR,602.0,-1.0,-1.0,-1.0,-0.2,-0.3,-0.49,-0.47,-1.18,-1.65,2022,233,236,248,211
1629117,Wenyen Gabriel,LAL,333.0,-1.02,-1.02,-2.25,-0.23,-0.23,-0.46,-1.86,-1.86,-3.72,2022,227,254,222,370
1630846,Olivier Sarr,OKC,373.0,-1.0,-1.0,-1.0,-0.19,-0.12,-0.31,-1.2,-0.52,-1.72,2022,196,230,180,225
1626208,Keifer Sykes,IND,513.0,-1.0,-1.0,-1.0,-0.19,-0.24,-0.43,-0.64,-1.05,-1.69,2022,223,231,226,221
202687,Bismack Biyombo,PHO,458.0,-2.29,-2.13,-4.34,-0.53,-0.49,-1.03,-2.56,-2.37,-4.93,2022,309,329,321,406
202691,Klay Thompson,GSW,856.0,-0.71,-0.92,-1.18,-0.28,-0.4,-0.68,-0.63,-1.02,-1.65,2022,269,268,289,212
1630678,Terry Taylor,IND,634.0,-1.0,-1.0,-1.0,-0.33,-0.22,-0.55,-1.25,-0.5,-1.75,2022,246,284,219,231
1628380,Zach Collins,SAS,424.0,-0.01,-0.04,-0.52,-0.09,-0.1,-0.18,-0.8,-0.86,-1.66,2022,165,186,171,215
1630322,Lindy Waters III,OKC,409.0,-1.0,-1.0,-1.0,-0.17,-0.17,-0.35,-0.87,-0.87,-1.73,2022,203,221,202,229
1628365,Markelle Fultz,ORL,327.0,-0.43,-1.97,-2.67,-0.08,-0.33,-0.41,-0.67,-2.4,-3.07,2022,216,177,270,335
1627739,Kris Dunn,POR,290.0,-0.44,-1.49,-1.96,-0.06,-0.22,-0.28,-0.54,-1.92,-2.46,2022,186,165,220,296
201143,Al Horford,BOS,1780.0,1.07,0.49,2.07,1.32,0.71,2.03,2.02,1.14,3.16,2023,52,42,65,52
203935,Marcus Smart,BOS,1817.0,0.99,1.77,2.79,0.81,1.47,2.28,1.07,1.94,3.01,2023,47,63,23,55
1627759,Jaylen Brown,BOS,2221.0,0.41,1.2,1.52,0.62,1.61,2.23,0.76,1.91,2.67,2023,49,79,17,63
1628369,Jayson Tatum,BOS,2513.0,4.48,3.11,7.38,6.16,4.22,10.38,6.24,4.26,10.51,2023,3,3,2,5
1628401,Derrick White,BOS,2129.0,1.76,1.14,2.93,1.86,1.21,3.07,2.15,1.4,3.55,2023,32,34,38,42
200782,P.J. Tucker,PHI,1785.0,-0.79,-0.95,-1.17,-0.84,-1.11,-1.95,-1.21,-1.66,-2.87,2023,366,370,370,327
201935,James Harden,PHI,1951.0,2.39,0.78,3.5,3.43,1.22,4.65,4.8,1.74,6.54,2023,18,15,37,20
202699,Tobias Harris,PHI,2206.0,-0.09,-0.08,-0.02,0.08,0.06,0.13,0.16,0.13,0.29,2023,136,132,138,133
203954,Joel Embiid,PHI,2085.0,4.9,2.11,7.04,6.54,2.8,9.34,8.27,3.53,11.8,2023,4,2,6,4
1630178,Tyrese Maxey,PHI,1806.0,-0.37,0.04,-0.66,-0.21,0.07,-0.13,-0.22,0.12,-0.1,2023,173,240,136,151
1629684,Grant Williams,BOS,1808.0,-0.92,-1.21,-2.34,-0.9,-1.17,-2.06,-1.26,-1.63,-2.89,2023,378,372,374,329
1627763,Malcolm Brogdon,BOS,1536.0,0.71,0.34,1.2,0.77,0.4,1.17,1.43,0.76,2.19,2023,77,67,90,77
1626149,Montrezl Harrell,PHI,604.0,1.78,0.99,2.86,0.71,0.4,1.1,3.16,1.78,4.94,2023,83,72,91,26
201933,Blake Griffin,BOS,527.0,-1.77,-1.41,-2.85,-0.39,-0.3,-0.69,-1.44,-1.08,-2.51,2023,270,300,250,302
1627863,Danuel House Jr.,PHI,717.0,-1.05,-1.12,-2.08,-0.42,-0.45,-0.86,-1.38,-1.49,-2.87,2023,288,309,294,328
1629001,De'Anthony Melton,PHI,1939.0,0.99,1.33,2.11,1.07,1.64,2.7,1.39,2.22,3.61,2023,37,53,15,40
1627777,Georges Niang,PHI,1323.0,-0.55,-0.63,-1.09,-0.47,-0.54,-1.01,-0.94,-1.09,-2.04,2023,305,323,308,261
1629680,Matisse Thybulle,POR,1083.0,0.39,0.77,1.0,0.21,0.48,0.69,0.49,1.19,1.68,2023,106,109,77,95
1630573,Sam Hauser,BOS,1127.0,-0.39,-0.3,-0.84,-0.13,-0.1,-0.22,-0.06,-0.04,-0.09,2023,185,201,185,150
201939,Stephen Curry,GSW,1749.0,4.96,1.56,6.91,5.18,1.62,6.81,7.72,2.41,10.13,2023,6,6,16,6
202691,Klay Thompson,GSW,2031.0,0.0,0.12,0.4,0.04,0.17,0.22,0.07,0.23,0.3,2023,131,143,121,131
203110,Draymond Green,GSW,2088.0,0.81,0.78,1.86,0.95,1.05,1.99,1.16,1.34,2.5,2023,54,55,44,67
203952,Andrew Wiggins,GSW,1096.0,-0.05,-0.06,-0.14,-0.02,-0.03,-0.05,-0.03,-0.04,-0.08,2023,162,165,162,148
1626172,Kevon Looney,GSW,1790.0,0.15,0.12,0.18,0.13,0.1,0.23,0.18,0.13,0.32,2023,130,123,133,129
2544,LeBron James,LAL,1762.0,3.39,2.17,6.19,3.81,2.5,6.31,5.77,3.82,9.59,2023,7,13,7,8
201566,Russell Westbrook,LAL,1864.0,-0.21,0.49,0.67,-0.16,0.43,0.27,-0.2,0.56,0.36,2023,126,216,83,128
201976,Patrick Beverley,LAL,1704.0,0.44,1.5,2.33,0.44,1.42,1.86,0.67,2.12,2.79,2023,56,96,26,59
203076,Anthony Davis,LAL,1697.0,1.93,1.08,3.1,2.33,1.31,3.64,3.82,2.15,5.97,2023,26,24,31,22
1629022,Lonnie Walker IV,LAL,1141.0,-1.54,-1.79,-3.54,-0.98,-1.14,-2.12,-2.14,-2.47,-4.61,2023,383,378,373,383
1630559,Austin Reaves,LAL,1603.0,-0.55,-0.04,-0.8,-0.71,-0.13,-0.85,-1.31,-0.29,-1.6,2023,287,357,198,229
1629673,Jordan Poole,GSW,2192.0,0.16,0.13,0.02,0.11,0.07,0.18,0.09,0.04,0.14,2023,132,128,137,143
1629134,Kendrick Nunn,LAL,829.0,-0.55,-2.1,-2.77,-0.21,-0.77,-0.98,-0.5,-1.83,-2.33,2023,298,241,341,291
203210,JaMychal Green,GSW,702.0,-0.51,-0.46,-0.69,-0.31,-0.25,-0.56,-1.37,-1.07,-2.44,2023,249,276,237,298
1630164,James Wiseman,DET,768.0,-1.92,-3.87,-6.63,-0.64,-1.25,-1.89,-1.78,-3.35,-5.13,2023,363,349,380,392
1630228,Jonathan Kuminga,GSW,1243.0,-0.66,-0.96,-2.07,-0.43,-0.61,-1.04,-0.81,-1.11,-1.93,2023,309,315,312,257
1629308,Juan Toscano-Anderson,UTA,620.0,0.01,0.23,0.33,-0.02,-0.03,-0.05,-0.13,-0.42,-0.55,2023,163,166,163,176
1628978,Donte DiVincenzo,GSW,1707.0,-0.15,-0.17,-0.41,-0.19,-0.22,-0.41,-0.31,-0.35,-0.66,2023,224,231,229,180
1629117,Wenyen Gabriel,LAL,891.0,-0.99,-0.78,-1.91,-0.78,-0.62,-1.4,-2.84,-2.26,-5.1,2023,337,366,315,391
1630346,Matt Ryan,MIN,258.0,-0.32,-0.52,-0.99,-0.06,-0.1,-0.15,-0.58,-1.05,-1.62,2023,175,178,186,233
1630541,Moses Moody,GSW,705.0,-0.84,-0.6,-1.88,-0.37,-0.28,-0.64,-1.38,-1.07,-2.45,2023,264,294,246,299
202711,Bojan Bogdanovic,DET,1697.0,-1.51,-0.68,-1.86,-1.1,-0.48,-1.58,-1.51,-0.64,-2.15,2023,352,391,300,273
1630180,Saddiq Bey,DET,1907.0,-0.97,-0.35,-1.59,-0.77,-0.28,-1.05,-0.96,-0.35,-1.31,2023,311,364,247,215
1630191,Isaiah Stewart,DET,1272.0,-0.41,-0.22,-1.02,-0.47,-0.31,-0.78,-1.23,-0.88,-2.11,2023,279,324,255,269
1630595,Cade Cunningham,DET,376.0,0.76,1.8,2.17,0.02,0.01,0.03,-0.28,-1.05,-1.33,2023,151,150,152,216
1631093,Jaden Ivey,DET,2068.0,-1.0,-1.0,-1.0,-0.91,-1.07,-1.98,-1.07,-1.34,-2.41,2023,369,374,365,293
203082,Terrence Ross,ORL,1226.0,-2.89,-1.88,-4.56,-1.73,-1.11,-2.84,-3.16,-2.0,-5.17,2023,402,403,371,395
1628976,Wendell Carter Jr.,ORL,1520.0,1.79,1.36,2.88,1.14,0.86,2.0,1.52,1.15,2.67,2023,53,49,58,64
1630532,Franz Wagner,ORL,2399.0,2.36,1.76,3.73,2.51,1.87,4.38,2.48,1.85,4.33,2023,21,21,11,33
1630591,Jalen Suggs,ORL,1108.0,-0.82,-3.44,-4.65,-0.57,-2.22,-2.79,-1.4,-5.23,-6.63,2023,401,343,405,408
1631094,Paolo Banchero,ORL,2166.0,-1.0,-1.0,-1.0,-1.03,-1.2,-2.23,-1.16,-1.43,-2.59,2023,389,382,375,308
1631216,Caleb Houstan,ORL,724.0,-1.0,-1.0,-1.0,-0.26,-0.38,-0.64,-0.54,-1.26,-1.8,2023,265,264,275,248
1630165,Killian Hayes,DET,1930.0,-0.97,-4.37,-5.73,-0.98,-4.18,-5.15,-1.31,-5.5,-6.81,2023,408,379,409,409
1631105,Jalen Duren,DET,1516.0,-1.0,-1.0,-1.0,-0.74,-0.66,-1.4,-1.2,-0.97,-2.17,2023,338,362,322,275
1629626,Bol Bol,ORL,1384.0,-0.59,-2.34,-3.2,-0.42,-1.61,-2.03,-0.71,-2.7,-3.41,2023,375,310,396,346
1628995,Kevin Knox II,DET,844.0,-1.94,-4.45,-6.66,-0.67,-1.53,-2.19,-1.55,-3.53,-5.08,2023,387,354,392,390
202709,Cory Joseph,DET,1084.0,-0.65,-0.34,-0.78,-0.62,-0.23,-0.86,-1.94,-0.62,-2.56,2023,289,346,231,305
1628964,Mo Bamba,ORL,718.0,0.32,0.29,0.39,0.14,0.11,0.26,0.56,0.4,0.96,2023,127,121,131,111
1628977,Hamidou Diallo,DET,875.0,-0.23,-0.66,-1.09,-0.16,-0.37,-0.52,-0.57,-1.23,-1.8,2023,242,217,274,249
1629643,Chuma Okeke,ORL,456.0,-0.24,-1.25,-1.7,-0.04,-0.18,-0.22,-0.15,-0.57,-0.71,2023,186,171,218,181
1630181,R.J. Hampton,DET,674.0,-1.61,-6.01,-8.01,-0.43,-1.57,-2.0,-1.22,-4.41,-5.63,2023,371,316,394,401
1627741,Buddy Hield,IND,2277.0,0.68,0.31,1.14,0.56,0.24,0.8,0.52,0.22,0.73,2023,96,83,110,116
1630169,Tyrese Haliburton,IND,1688.0,0.29,0.32,0.28,0.74,0.38,1.12,1.44,0.62,2.06,2023,79,68,96,83
1630188,Jalen Smith,IND,1195.0,0.56,0.54,0.76,0.15,0.15,0.3,-0.05,-0.03,-0.08,2023,124,118,126,149
1630537,Chris Duarte,IND,812.0,0.17,0.21,0.22,-0.05,-0.28,-0.33,-0.47,-1.79,-2.26,2023,210,174,248,285
203078,Bradley Beal,WAS,1514.0,2.25,1.12,3.47,1.89,0.94,2.84,3.02,1.51,4.53,2023,35,33,51,30
204001,Kristaps Porzingis,WAS,1925.0,0.03,0.03,0.03,0.65,0.33,0.98,1.12,0.57,1.69,2023,86,77,103,94
1628398,Kyle Kuzma,WAS,2018.0,-0.47,-1.67,-2.17,-0.49,-1.75,-2.25,-0.6,-2.14,-2.74,2023,391,328,401,316
1628420,Monte Morris,WAS,1538.0,-0.38,-0.11,-0.52,-0.28,-0.08,-0.36,-0.4,-0.12,-0.52,2023,218,269,181,174
1630166,Deni Avdija,WAS,1807.0,0.01,-0.73,-1.05,-0.11,-1.03,-1.14,-0.21,-1.57,-1.78,2023,318,193,363,247
1630543,Isaiah Jackson,IND,928.0,-0.19,-0.05,-0.63,-0.19,-0.11,-0.31,-0.73,-0.51,-1.24,2023,205,232,192,210
1631097,Bennedict Mathurin,IND,1974.0,-1.0,-1.0,-1.0,-1.03,-0.99,-2.02,-1.32,-1.24,-2.57,2023,373,383,357,307
1629060,Rui Hachimura,LAL,1269.0,-0.31,-1.54,-2.06,-0.29,-1.23,-1.52,-0.67,-2.64,-3.3,2023,345,273,378,342
204456,T.J. McConnell,IND,1353.0,1.14,0.61,1.9,0.72,0.39,1.12,1.17,0.65,1.81,2023,80,71,94,90
1629052,Oshae Brissett,IND,976.0,-0.35,-0.67,-1.23,-0.25,-0.44,-0.69,-0.78,-1.29,-2.06,2023,271,260,289,263
1630174,Aaron Nesmith,IND,1658.0,-0.47,-0.56,-1.3,-0.73,-0.84,-1.57,-1.33,-1.53,-2.86,2023,350,360,347,325
203115,Will Barton,WAS,860.0,-0.71,-1.75,-2.19,-0.26,-0.68,-0.94,-0.5,-1.48,-1.98,2023,296,265,324,259
1626153,Delon Wright,WAS,1072.0,0.53,0.33,1.02,0.5,0.33,0.83,1.48,1.02,2.49,2023,95,87,104,68
1629655,Daniel Gafford,WAS,1484.0,1.02,0.56,1.37,0.94,0.47,1.41,1.63,0.78,2.42,2023,70,57,79,69
1630264,Anthony Gill,WAS,545.0,0.14,-0.03,0.26,-0.21,-0.09,-0.3,-1.77,-0.66,-2.43,2023,200,242,183,295
1629048,Goga Bitadze,ORL,391.0,1.12,0.88,1.73,0.02,0.02,0.04,-0.59,-0.4,-0.99,2023,148,151,151,199
203991,Clint Capela,ATL,1576.0,1.37,0.61,2.01,1.29,0.58,1.86,2.14,0.95,3.09,2023,57,45,73,53
1627749,Dejounte Murray,ATL,2501.0,1.6,1.43,2.94,2.39,2.13,4.53,2.51,2.23,4.74,2023,19,23,10,28
1628381,John Collins,ATL,1955.0,1.15,1.08,2.08,1.33,1.24,2.57,1.78,1.65,3.43,2023,41,41,35,48
1629027,Trae Young,ATL,2276.0,3.43,1.15,4.37,4.72,1.52,6.24,5.45,1.74,7.19,2023,8,7,21,14
1629631,De'Andre Hunter,ATL,1957.0,-1.61,-1.26,-3.02,-1.93,-1.51,-3.44,-2.6,-2.03,-4.63,2023,404,407,390,384
201569,Eric Gordon,HOU,1819.0,0.41,-0.21,0.59,-0.28,-0.33,-0.61,-0.68,-0.52,-1.2,2023,258,270,262,207
1628981,Bruno Fernando,HOU,362.0,-1.21,-1.14,-2.57,-0.29,-0.27,-0.56,-2.17,-2.06,-4.23,2023,250,274,243,372
1629645,Kevin Porter Jr.,HOU,1844.0,-1.77,-0.71,-2.8,-1.74,-0.73,-2.47,-2.43,-1.03,-3.45,2023,397,404,331,347
1630224,Jalen Green,HOU,2365.0,-3.46,-0.88,-4.79,-4.16,-1.09,-5.25,-4.43,-1.17,-5.6,2023,409,409,368,400
1631095,Jabari Smith Jr.,HOU,2256.0,-1.0,-1.0,-1.0,-1.08,-1.21,-2.29,-1.18,-1.38,-2.56,2023,393,388,376,306
1630231,Kenyon Martin Jr.,HOU,2069.0,-0.37,-1.22,-1.59,-0.39,-1.32,-1.71,-0.48,-1.63,-2.11,2023,355,301,384,270
1630552,Jalen Johnson,ATL,944.0,-0.78,-1.26,-2.43,-0.42,-0.65,-1.07,-1.1,-1.68,-2.78,2023,314,311,319,320
203200,Justin Holiday,ATL,625.0,-0.74,-1.73,-2.14,-0.19,-0.53,-0.72,-0.59,-1.9,-2.49,2023,276,233,307,301
1628988,Aaron Holiday,ATL,772.0,-0.29,-1.8,-2.18,-0.25,-0.76,-1.01,-1.1,-2.4,-3.5,2023,306,261,335,349
1630168,Onyeka Okongwu,ATL,1704.0,-0.09,0.12,-0.3,-0.0,0.12,0.11,0.05,0.18,0.23,2023,140,159,130,136
1631106,Tari Eason,HOU,1552.0,-1.0,-1.0,-1.0,-0.72,-0.79,-1.51,-1.06,-1.25,-2.3,2023,344,358,344,289
1630578,Alperen Sengun,HOU,2013.0,-0.92,-0.24,-1.61,-0.9,-0.26,-1.16,-1.12,-0.33,-1.45,2023,320,373,239,220
1629726,Garrison Mathews,HOU,610.0,-1.4,-0.37,-1.86,-0.51,-0.14,-0.65,-2.24,-0.63,-2.86,2023,267,335,201,326
1630528,Josh Christopher,HOU,729.0,-0.72,-3.04,-4.15,-0.27,-1.07,-1.35,-0.91,-3.36,-4.27,2023,333,267,366,373
201142,Kevin Durant,BRK,1516.0,4.59,1.48,6.46,4.39,1.44,5.83,7.59,2.5,10.09,2023,10,9,25,7
202681,Kyrie Irving,BRK,2026.0,3.25,0.86,4.26,4.17,1.12,5.29,5.4,1.46,6.86,2023,15,11,40,18
1626220,Royce O'Neale,BRK,2155.0,0.1,0.57,0.76,0.16,0.77,0.93,0.2,0.93,1.13,2023,87,116,63,105
1627732,Ben Simmons,BRK,1027.0,0.81,1.73,2.3,0.52,1.29,1.81,1.3,3.62,4.92,2023,58,86,33,27
1629651,Nic Claxton,BRK,2074.0,0.4,0.36,0.49,0.48,0.42,0.9,0.59,0.51,1.1,2023,91,89,87,107
202685,Jonas Valanciunas,NOP,1863.0,0.52,1.32,1.99,0.74,1.39,2.14,1.11,1.92,3.03,2023,50,69,29,54
203468,CJ McCollum,NOP,2362.0,0.57,1.1,1.88,0.83,1.57,2.4,0.93,1.74,2.67,2023,44,61,19,65
1627742,Brandon Ingram,NOP,1369.0,0.93,1.04,1.82,0.83,0.85,1.68,1.66,1.6,3.26,2023,61,62,60,49
1629627,Zion Williamson,NOP,843.0,2.95,1.95,4.18,1.65,0.94,2.59,5.44,2.78,8.22,2023,40,38,52,9
1630529,Herbert Jones,NOP,1765.0,0.11,0.23,0.13,0.05,0.11,0.16,0.03,0.1,0.13,2023,133,138,132,144
201988,Patty Mills,BRK,518.0,-0.61,-1.12,-1.33,-0.15,-0.4,-0.55,-0.65,-2.12,-2.77,2023,247,212,278,318
1630549,Day'Ron Sharpe,BRK,486.0,-0.05,-0.02,-0.47,-0.16,-0.14,-0.3,-1.26,-1.16,-2.43,2023,201,218,202,296
1630530,Trey Murphy III,NOP,2155.0,-0.87,-0.34,-1.54,-1.03,-0.43,-1.46,-1.22,-0.51,-1.73,2023,341,384,286,240
1630631,Jose Alvarado,NOP,1116.0,0.69,1.68,2.16,0.36,0.96,1.32,0.66,1.95,2.61,2023,73,100,49,66
1628410,Edmond Sumner,BRK,636.0,-1.04,-1.12,-2.28,-0.44,-0.47,-0.91,-1.86,-2.01,-3.87,2023,292,318,298,366
1626204,Larry Nance Jr.,NOP,1120.0,-0.05,-0.08,0.02,-0.05,-0.05,-0.1,-0.14,-0.12,-0.26,2023,167,175,170,160
202693,Markieff Morris,BRK,320.0,-1.07,-2.18,-2.92,-0.16,-0.39,-0.55,-1.14,-3.03,-4.17,2023,248,219,276,370
1630560,Cam Thomas,BRK,812.0,-1.72,-3.77,-5.87,-0.66,-1.44,-2.1,-1.63,-3.51,-5.14,2023,381,353,388,393
1628984,Devonte' Graham,NOP,1174.0,-0.12,-0.03,-0.18,-0.1,-0.03,-0.12,-0.24,-0.06,-0.3,2023,171,191,164,164
1630230,Naji Marshall,NOP,1550.0,-0.32,-1.37,-1.84,-0.34,-1.35,-1.69,-0.61,-2.34,-2.95,2023,354,287,386,332
1629139,Yuta Watanabe,BRK,784.0,-1.29,-0.87,-2.13,-0.52,-0.35,-0.87,-1.47,-0.95,-2.43,2023,290,337,266,297
1630556,Kessler Edwards,SAC,330.0,-2.46,-1.5,-4.29,-0.39,-0.24,-0.62,-2.77,-1.7,-4.46,2023,261,302,234,377
1630700,Dyson Daniels,NOP,910.0,-1.0,-1.0,-1.0,-0.37,-0.5,-0.87,-0.65,-1.33,-1.98,2023,291,295,304,260
200768,Kyle Lowry,MIA,1518.0,0.69,0.53,1.73,0.65,0.59,1.24,1.13,1.1,2.23,2023,74,78,71,75
202710,Jimmy Butler,MIA,1879.0,3.54,0.81,4.68,4.45,1.09,5.54,6.33,1.58,7.91,2023,11,8,43,11
1628389,Bam Adebayo,MIA,2345.0,2.02,2.12,3.99,2.94,3.04,5.99,3.29,3.39,6.68,2023,9,18,4,19
1628997,Caleb Martin,MIA,1874.0,-0.07,-0.15,-0.25,-0.09,-0.19,-0.28,-0.13,-0.27,-0.4,2023,195,188,221,170
1629639,Tyler Herro,MIA,2054.0,0.03,-0.2,-0.44,0.02,-0.2,-0.18,0.02,-0.24,-0.22,2023,179,152,224,156
201942,DeMar DeRozan,CHI,2402.0,0.52,0.14,0.98,1.04,0.4,1.44,1.23,0.5,1.73,2023,68,54,92,92
202696,Nikola Vucevic,CHI,2419.0,0.05,0.4,0.72,0.47,0.9,1.37,0.64,1.07,1.72,2023,72,90,56,93
1627936,Alex Caruso,CHI,1360.0,1.24,2.85,4.12,0.68,1.57,2.26,0.86,1.97,2.83,2023,48,73,20,57
1630172,Patrick Williams,CHI,2099.0,-0.56,-2.77,-3.72,-0.67,-3.13,-3.79,-0.81,-3.73,-4.54,2023,405,355,408,381
1630245,Ayo Dosunmu,CHI,1862.0,-0.61,-2.09,-2.97,-0.65,-2.13,-2.77,-0.89,-2.88,-3.77,2023,400,350,404,361
1629632,Coby White,CHI,1504.0,0.51,0.02,0.2,0.09,-0.33,-0.25,-0.23,-0.93,-1.17,2023,189,130,263,206
1629750,Javonte Green,CHI,432.0,0.5,0.62,1.21,0.03,0.04,0.07,-0.13,-0.15,-0.28,2023,145,147,143,162
1629622,Max Strus,MIA,1957.0,0.19,0.2,0.3,0.21,0.23,0.43,0.27,0.29,0.56,2023,116,110,111,124
203473,Dewayne Dedmon,MIA,366.0,-0.86,-1.39,-1.92,-0.17,-0.32,-0.49,-1.12,-2.34,-3.46,2023,234,221,258,348
1629216,Gabe Vincent,MIA,1535.0,-0.32,-1.77,-2.18,-0.35,-1.68,-2.03,-0.65,-2.85,-3.5,2023,376,289,400,350
201609,Goran Dragic,CHI,779.0,-1.17,-1.68,-2.34,-0.47,-0.75,-1.23,-1.38,-2.38,-3.76,2023,325,325,333,359
203083,Andre Drummond,CHI,791.0,0.41,1.01,1.51,0.13,0.32,0.44,0.26,0.61,0.87,2023,115,124,105,114
1629130,Duncan Robinson,MIA,630.0,-0.14,-0.39,-0.49,-0.05,-0.16,-0.21,-0.2,-0.68,-0.88,2023,183,176,210,193
1629312,Haywood Highsmith,MIA,856.0,-1.03,-3.05,-4.17,-0.41,-1.29,-1.71,-0.97,-3.21,-4.18,2023,356,307,383,371
1627783,Pascal Siakam,TOR,2457.0,1.58,0.9,2.51,2.4,1.31,3.71,2.56,1.38,3.94,2023,24,22,32,36
1627832,Fred VanVleet,TOR,2290.0,1.47,1.02,2.52,2.17,1.52,3.69,2.52,1.76,4.27,2023,25,26,22,34
1628384,O.G. Anunoby,TOR,2188.0,0.54,0.72,1.1,0.68,0.92,1.6,0.79,1.09,1.88,2023,64,74,55,88
1629018,Gary Trent Jr.,TOR,1912.0,-1.3,-0.91,-2.42,-1.21,-0.85,-2.05,-1.52,-1.07,-2.6,2023,377,396,348,309
1630567,Scottie Barnes,TOR,2463.0,0.23,0.22,0.06,0.45,0.45,0.91,0.52,0.52,1.04,2023,90,94,80,109
1627747,Caris LeVert,CLE,1937.0,-0.41,-0.78,-1.16,-0.4,-0.76,-1.16,-0.51,-0.98,-1.49,2023,321,305,336,222
1628378,Donovan Mitchell,CLE,2163.0,0.99,0.63,1.53,1.66,1.03,2.68,2.15,1.33,3.48,2023,38,37,47,45
1628386,Jarrett Allen,CLE,1986.0,1.98,1.6,3.37,2.2,1.72,3.92,2.87,2.2,5.07,2023,22,25,14,25
1629636,Darius Garland,CLE,2221.0,2.13,1.42,3.28,2.12,1.42,3.54,2.27,1.52,3.79,2023,28,27,27,39
1630596,Evan Mobley,CLE,2459.0,1.04,1.16,1.81,1.3,1.46,2.75,1.31,1.48,2.79,2023,36,44,24,60
1630173,Precious Achiuwa,TOR,1022.0,-0.69,-1.23,-2.19,-0.5,-0.86,-1.36,-1.42,-2.34,-3.76,2023,334,331,349,360
1630171,Isaac Okoro,CLE,1483.0,-0.28,-0.35,-0.96,-0.53,-0.61,-1.14,-1.22,-1.39,-2.61,2023,319,339,313,310
201567,Kevin Love,CLE,1075.0,-0.04,0.46,0.81,0.15,0.61,0.76,0.71,2.06,2.77,2023,98,119,70,61
1631132,Christian Koloko,TOR,728.0,-1.0,-1.0,-1.0,-0.33,-0.36,-0.69,-0.87,-1.05,-1.92,2023,272,283,269,256
1629731,Dean Wade,CLE,792.0,-0.13,-0.54,-0.75,-0.08,-0.27,-0.35,-0.3,-0.97,-1.26,2023,216,185,244,212
1626224,Cedi Osman,CLE,1310.0,-1.61,-2.0,-3.64,-0.99,-1.24,-2.24,-1.65,-2.06,-3.71,2023,390,380,379,357
201152,Thaddeus Young,TOR,712.0,0.51,0.89,1.78,0.21,0.34,0.55,0.75,1.12,1.87,2023,111,111,100,89
1627823,Juancho Hernangomez,TOR,528.0,-0.9,-2.93,-3.85,-0.22,-0.73,-0.94,-0.84,-2.94,-3.78,2023,297,247,332,363
203526,Raul Neto,CLE,438.0,-1.39,-1.03,-2.27,-0.33,-0.23,-0.56,-1.85,-1.28,-3.13,2023,251,284,232,336
203500,Steven Adams,MEM,1072.0,1.23,1.85,3.17,0.62,0.94,1.56,1.19,1.78,2.97,2023,65,80,53,56
1629630,Ja Morant,MEM,1788.0,1.66,1.26,2.66,1.78,1.32,3.11,2.6,1.92,4.52,2023,31,35,30,31
1629723,John Konchar,MEM,1340.0,0.15,0.22,0.29,0.19,0.38,0.57,0.47,0.99,1.46,2023,110,112,97,97
1630217,Desmond Bane,MEM,1706.0,1.47,1.03,2.3,1.39,0.95,2.34,2.06,1.38,3.44,2023,45,40,50,46
1630583,Santi Aldama,MEM,1477.0,-1.21,-1.28,-2.82,-1.18,-1.25,-2.43,-2.19,-2.32,-4.51,2023,396,393,381,379
203095,Evan Fournier,NYK,407.0,-0.21,-0.37,-0.43,-0.02,-0.05,-0.07,-0.06,-0.18,-0.25,2023,165,167,171,158
203944,Julius Randle,NYK,2499.0,0.69,0.82,1.54,1.14,1.17,2.3,1.21,1.19,2.4,2023,46,50,39,71
1628973,Jalen Brunson,NYK,2168.0,1.04,0.37,1.32,1.24,0.43,1.67,1.45,0.49,1.94,2023,62,47,84,87
1629011,Mitchell Robinson,NYK,1488.0,0.42,0.34,0.55,0.67,0.45,1.12,1.45,0.94,2.39,2023,81,76,81,72
1629628,RJ Barrett,NYK,2308.0,-0.27,-1.53,-2.13,-0.42,-2.09,-2.5,-0.49,-2.33,-2.82,2023,398,312,403,322
1626145,Tyus Jones,MEM,1755.0,0.29,0.18,0.38,0.45,0.28,0.73,0.75,0.47,1.21,2023,101,95,106,100
1629634,Brandon Clarke,MEM,968.0,0.9,0.56,1.37,0.81,0.39,1.2,2.76,1.17,3.94,2023,76,64,95,37
1630193,Immanuel Quickley,NYK,2103.0,1.93,0.99,2.66,2.03,1.04,3.07,2.35,1.2,3.55,2023,33,30,45,43
1631223,David Roddy,MEM,1108.0,-1.0,-1.0,-1.0,-0.47,-0.62,-1.09,-0.76,-1.37,-2.12,2023,315,326,316,271
1628392,Isaiah Hartenstein,NYK,1464.0,2.27,2.28,4.34,1.76,1.77,3.54,2.83,2.85,5.68,2023,29,36,12,24
1630214,Xavier Tillman,MEM,1079.0,-0.65,-0.45,-1.31,-0.22,-0.15,-0.37,-0.16,-0.11,-0.27,2023,220,248,207,161
1629629,Cam Reddish,POR,895.0,-1.22,-4.65,-6.13,-0.45,-1.67,-2.12,-0.97,-3.56,-4.53,2023,384,320,399,380
201565,Derrick Rose,NYK,325.0,0.27,1.76,2.43,0.06,0.27,0.33,0.52,1.89,2.41,2023,123,135,107,70
1630167,Obi Toppin,NYK,948.0,1.0,0.88,1.67,0.49,0.43,0.92,1.17,1.0,2.16,2023,89,88,85,80
1631222,Jake LaRavia,MEM,375.0,-1.0,-1.0,-1.0,-0.11,-0.2,-0.31,-0.42,-1.27,-1.7,2023,206,194,225,235
203497,Rudy Gobert,MIN,1986.0,2.53,1.87,4.55,3.02,2.25,5.27,3.97,2.95,6.92,2023,16,17,9,17
1626156,D'Angelo Russell,MIN,2088.0,0.24,0.12,0.27,0.47,0.25,0.72,0.65,0.34,1.0,2023,103,91,109,110
1626157,Karl-Anthony Towns,MIN,831.0,3.11,2.32,5.4,1.55,1.11,2.66,4.8,3.31,8.11,2023,39,39,41,10
1630162,Anthony Edwards,MIN,2545.0,0.36,0.28,0.25,0.46,0.41,0.86,0.44,0.41,0.85,2023,92,92,89,115
1630183,Jaden McDaniels,MIN,2175.0,-1.91,-2.14,-4.38,-2.33,-2.61,-4.94,-2.73,-3.06,-5.79,2023,407,408,407,403
1628983,Shai Gilgeous-Alexander,OKC,2147.0,2.03,0.82,2.64,2.73,1.04,3.76,3.37,1.26,4.62,2023,23,19,46,29
1629026,Kenrich Williams,OKC,1060.0,1.08,0.65,1.76,0.28,0.17,0.45,-0.08,-0.05,-0.13,2023,113,103,122,154
1629652,Luguentz Dort,OKC,2053.0,0.18,0.08,-0.01,-0.09,-0.46,-0.54,-0.22,-0.79,-1.02,2023,244,189,297,202
1630197,Aleksej Pokusevski,OKC,645.0,0.05,-0.71,-1.06,-0.14,-0.65,-0.78,-0.96,-3.6,-4.57,2023,280,206,320,382
1630581,Josh Giddey,OKC,2176.0,0.28,0.13,-0.04,0.23,0.04,0.26,0.22,-0.01,0.21,2023,128,107,144,139
203937,Kyle Anderson,MIN,1763.0,-0.64,-0.73,-1.27,-0.24,-0.32,-0.56,-0.14,-0.25,-0.4,2023,252,258,259,171
1630544,Tre Mann,OKC,1038.0,-0.5,-2.43,-3.32,-0.38,-1.58,-1.95,-1.07,-4.09,-5.15,2023,367,297,395,394
1629162,Jordan McLaughlin,MIN,585.0,0.51,0.43,0.85,0.05,0.04,0.09,-0.17,-0.13,-0.31,2023,141,139,145,165
1630526,Jeremiah Robinson-Earl,OKC,743.0,-1.53,-0.96,-2.82,-0.56,-0.36,-0.93,-1.69,-1.11,-2.8,2023,295,342,270,321
1631114,Jalen Williams,OKC,2048.0,-1.0,-1.0,-1.0,-1.1,-1.06,-2.16,-1.36,-1.3,-2.66,2023,386,392,364,313
1629669,Jaylen Nowell,MIN,1093.0,0.17,-0.04,-0.14,0.05,-0.1,-0.05,-0.01,-0.38,-0.39,2023,164,140,187,169
1629647,Darius Bazley,OKC,544.0,-1.49,-2.93,-4.76,-0.36,-0.69,-1.05,-1.36,-2.52,-3.88,2023,312,291,326,367
1631172,Ousmane Dieng,OKC,491.0,-1.0,-1.0,-1.0,-0.16,-0.26,-0.42,-0.46,-1.27,-1.73,2023,227,220,240,241
1627752,Taurean Prince,MIN,1039.0,-0.52,-1.43,-1.93,-0.31,-0.89,-1.2,-0.75,-2.18,-2.93,2023,324,277,355,330
203488,Mike Muscala,OKC,802.0,1.83,1.15,3.19,0.68,0.43,1.11,1.72,1.1,2.82,2023,82,75,86,58
1630647,Eugene Omoruyi,DET,578.0,-0.14,-0.3,-0.59,-0.06,-0.11,-0.17,-0.29,-0.54,-0.84,2023,178,179,193,189
203085,Austin Rivers,MIN,917.0,-0.99,-1.37,-2.21,-0.62,-0.88,-1.5,-1.9,-2.75,-4.65,2023,342,347,354,385
1630198,Isaiah Joe,OKC,1212.0,-1.04,-0.39,-1.7,-1.05,-0.45,-1.5,-2.71,-1.23,-3.94,2023,343,387,295,368
1627751,Jakob Poeltl,SAS,1743.0,0.92,0.54,1.43,0.92,0.53,1.46,1.38,0.8,2.18,2023,67,58,76,78
1629640,Keldon Johnson,SAS,1799.0,-0.32,-0.12,-0.71,-0.34,-0.16,-0.5,-0.5,-0.24,-0.74,2023,238,288,211,183
1630170,Devin Vassell,SAS,1046.0,-0.14,0.01,-0.46,-0.12,-0.04,-0.16,-0.37,-0.19,-0.56,2023,177,198,167,177
1630200,Tre Jones,SAS,1777.0,-0.46,0.04,-0.69,-0.5,-0.01,-0.51,-0.74,-0.04,-0.78,2023,240,332,159,184
1631110,Jeremy Sochan,SAS,1339.0,-1.0,-1.0,-1.0,-0.57,-0.72,-1.3,-0.85,-1.34,-2.19,2023,331,344,330,277
202330,Gordon Hayward,CHO,1435.0,0.85,0.3,1.43,0.55,0.21,0.76,0.84,0.33,1.17,2023,99,84,114,102
203486,Mason Plumlee,CHO,1921.0,0.95,0.18,1.39,0.88,0.19,1.06,1.14,0.26,1.39,2023,85,59,116,98
1626162,Kelly Oubre Jr.,CHO,1400.0,-0.27,-0.98,-1.28,-0.22,-0.78,-1.0,-0.41,-1.48,-1.89,2023,304,249,342,255
1626179,Terry Rozier,CHO,2019.0,0.08,0.53,0.64,0.14,0.7,0.85,0.2,0.95,1.16,2023,93,122,67,103
1629023,P.J. Washington,CHO,2204.0,0.14,-0.02,-0.09,0.1,-0.14,-0.04,0.09,-0.2,-0.11,2023,161,129,203,153
1629667,Jalen McDaniels,CHO,1725.0,-0.33,-1.43,-1.92,-0.38,-1.51,-1.89,-0.6,-2.36,-2.96,2023,364,298,391,333
203926,Doug McDermott,SAS,1090.0,-2.92,-1.02,-3.73,-1.48,-0.49,-1.98,-2.89,-0.91,-3.8,2023,370,400,301,365
1626196,Josh Richardson,SAS,1277.0,-0.53,-1.57,-2.01,-0.31,-0.97,-1.28,-0.53,-1.7,-2.23,2023,330,278,356,280
1628380,Zach Collins,SAS,1266.0,-0.29,-0.19,-0.63,-0.25,-0.18,-0.43,-0.57,-0.42,-1.0,2023,228,262,219,201
1628372,Dennis Smith Jr.,CHO,1238.0,-0.8,-2.9,-3.84,-0.46,-1.66,-2.12,-0.82,-2.94,-3.77,2023,385,322,398,362
1630208,Nick Richards,CHO,1069.0,-3.04,-1.61,-4.8,-1.46,-0.76,-2.22,-2.87,-1.49,-4.36,2023,388,399,337,376
1628966,Keita Bates-Diop,SAS,1288.0,-1.6,-0.47,-2.1,-1.2,-0.35,-1.55,-2.43,-0.7,-3.13,2023,349,395,267,337
1630550,JT Thor,CHO,856.0,0.08,-0.6,-0.96,-0.05,-0.41,-0.45,-0.34,-1.51,-1.85,2023,231,177,280,252
1630547,James Bouknight,CHO,435.0,-1.14,-3.51,-4.98,-0.23,-0.76,-0.99,-1.23,-4.3,-5.53,2023,300,253,338,398
203476,Gorgui Dieng,SAS,293.0,-0.7,-1.5,-1.87,0.0,0.06,0.07,0.44,1.63,2.07,2023,146,160,139,82
1629641,Romeo Langford,SAS,757.0,-1.13,-0.62,-2.02,-0.52,-0.3,-0.82,-1.83,-1.1,-2.93,2023,285,338,251,331
1629676,Isaiah Roby,SAS,376.0,-0.38,-1.67,-2.26,-0.07,-0.26,-0.32,-0.4,-1.44,-1.84,2023,209,181,241,251
1630177,Theo Maledon,CHO,719.0,-1.23,-4.88,-6.5,-0.43,-1.63,-2.06,-1.39,-5.05,-6.44,2023,379,317,397,407
1630539,Kai Jones,CHO,489.0,-0.27,-1.14,-1.73,-0.08,-0.32,-0.41,-0.49,-1.75,-2.24,2023,225,186,260,282
1631109,Mark Williams,CHO,750.0,-1.0,-1.0,-1.0,-0.33,-0.31,-0.65,-0.94,-0.81,-1.75,2023,268,285,256,244
1631121,Bryce McGowens,CHO,719.0,-1.0,-1.0,-1.0,-0.25,-0.36,-0.61,-0.52,-1.22,-1.74,2023,259,263,271,242
201144,Mike Conley,UTA,1850.0,2.23,0.36,3.03,2.04,0.4,2.43,2.85,0.59,3.44,2023,43,29,93,47
203482,Kelly Olynyk,UTA,1759.0,-0.17,-0.18,-0.14,0.02,-0.02,0.0,0.12,0.04,0.16,2023,155,153,161,141
203903,Jordan Clarkson,UTA,1811.0,0.35,0.69,1.19,0.25,0.48,0.73,0.33,0.63,0.96,2023,102,106,78,112
1628374,Lauri Markkanen,UTA,2061.0,1.51,0.66,2.03,1.25,0.54,1.79,1.46,0.63,2.08,2023,60,46,75,81
1629020,Jarred Vanderbilt,UTA,1730.0,0.54,0.61,0.88,0.38,0.42,0.8,0.52,0.56,1.08,2023,97,98,88,108
203484,Kentavious Caldwell-Pope,DEN,2187.0,-0.18,-0.19,-0.28,-0.35,-0.39,-0.74,-0.46,-0.51,-0.97,2023,277,290,277,197
203932,Aaron Gordon,DEN,1895.0,0.63,0.24,0.84,0.46,0.17,0.63,0.53,0.2,0.73,2023,108,93,123,117
203999,Nikola Jokic,DEN,2097.0,7.79,2.46,10.22,10.11,3.17,13.28,12.76,3.98,16.74,2023,1,1,3,1
1627750,Jamal Murray,DEN,1972.0,0.54,0.46,0.63,0.84,0.59,1.43,1.19,0.81,2.0,2023,69,60,72,84
1629008,Michael Porter Jr.,DEN,1666.0,1.25,0.88,1.92,1.22,0.84,2.06,1.89,1.29,3.18,2023,51,48,61,51
1629012,Collin Sexton,UTA,1037.0,-4.61,-1.23,-6.05,-1.65,-0.44,-2.09,-2.59,-0.7,-3.3,2023,380,402,290,343
1631117,Walker Kessler,UTA,1583.0,-1.0,-1.0,-1.0,-0.74,-0.65,-1.39,-1.15,-0.94,-2.09,2023,336,363,321,266
1628971,Bruce Brown,DEN,2061.0,-0.34,-0.94,-1.38,-0.31,-0.86,-1.17,-0.35,-0.98,-1.33,2023,323,279,350,217
200752,Rudy Gay,UTA,754.0,-0.36,-0.01,0.14,-0.12,-0.17,-0.3,-0.38,-1.02,-1.4,2023,202,199,215,218
1627736,Malik Beasley,UTA,1855.0,0.03,-0.13,-0.19,-0.02,-0.24,-0.27,-0.05,-0.39,-0.44,2023,194,168,235,172
1628432,Davon Reed,DEN,292.0,-0.56,-0.28,-0.87,-0.07,-0.03,-0.1,-0.55,-0.25,-0.8,2023,168,182,165,187
1630538,Bones Hyland,DEN,957.0,0.4,0.52,0.59,0.12,0.14,0.26,0.11,0.05,0.16,2023,129,126,128,142
201145,Jeff Green,DEN,966.0,-1.98,-1.87,-3.34,-0.93,-0.87,-1.8,-2.08,-1.94,-4.02,2023,359,376,351,369
1629659,Talen Horton-Tucker,UTA,1180.0,-0.29,-1.71,-2.33,-0.21,-1.02,-1.23,-0.53,-2.21,-2.75,2023,326,243,362,317
201599,DeAndre Jordan,DEN,544.0,-1.83,-2.71,-4.15,-0.24,-0.36,-0.6,-0.16,-0.21,-0.37,2023,256,259,272,167
202397,Ish Smith,DEN,357.0,-0.99,-2.47,-3.07,-0.14,-0.44,-0.58,-0.85,-2.93,-3.78,2023,253,207,291,364
1631128,Christian Braun,DEN,1033.0,-1.0,-1.0,-1.0,-0.47,-0.52,-0.99,-0.89,-1.14,-2.04,2023,301,327,306,262
1628427,Vlatko Cancar,DEN,795.0,-1.35,-1.11,-2.61,-0.54,-0.45,-0.99,-1.55,-1.28,-2.83,2023,302,341,296,323
1630192,Zeke Nnaji,DEN,664.0,-1.39,-0.95,-2.67,-0.45,-0.31,-0.76,-1.49,-1.06,-2.55,2023,278,321,257,303
1629638,Nickeil Alexander-Walker,UTA,782.0,-0.61,-2.49,-3.32,-0.23,-0.87,-1.1,-0.71,-2.6,-3.31,2023,316,254,352,344
1630534,Ochai Agbaji,UTA,1100.0,-1.0,-1.0,-1.0,-0.51,-0.41,-0.92,-1.09,-0.7,-1.8,2023,294,336,281,250
1631323,Simone Fontecchio,UTA,700.0,-1.0,-1.0,-1.0,-0.22,-0.32,-0.54,-0.47,-1.11,-1.58,2023,245,250,261,227
101108,Chris Paul,PHO,1718.0,3.12,1.72,5.42,3.05,1.73,4.78,4.55,2.62,7.17,2023,17,16,13,15
1626164,Devin Booker,PHO,1657.0,1.99,1.14,3.04,1.9,1.01,2.91,2.96,1.51,4.47,2023,34,32,48,32
1628969,Mikal Bridges,PHO,2616.0,1.39,0.94,2.25,2.12,1.42,3.55,2.11,1.41,3.52,2023,27,28,28,44
1629028,Deandre Ayton,PHO,1835.0,1.26,1.23,2.29,1.32,1.24,2.56,1.85,1.73,3.58,2023,42,43,36,41
1629661,Cameron Johnson,BRK,1066.0,0.53,0.31,0.75,0.43,0.27,0.7,1.17,0.78,1.95,2023,104,97,108,86
201580,JaVale McGee,DAL,337.0,-0.52,-0.66,-0.73,-0.04,-0.07,-0.11,-0.12,-0.35,-0.48,2023,170,172,176,173
203493,Reggie Bullock,DAL,2098.0,0.61,0.61,1.43,0.37,0.37,0.74,0.33,0.32,0.65,2023,100,99,98,121
203915,Spencer Dinwiddie,DAL,2430.0,-0.21,-0.16,-0.28,-0.11,-0.11,-0.23,-0.06,-0.08,-0.14,2023,187,195,194,155
1627827,Dorian Finney-Smith,DAL,1765.0,0.18,0.84,1.12,0.15,0.69,0.84,0.21,0.93,1.14,2023,94,120,68,104
1629029,Luka Doncic,DAL,2107.0,2.36,1.04,3.12,3.94,1.59,5.53,5.27,2.09,7.36,2023,12,12,18,13
203501,Tim Hardaway Jr.,DAL,1901.0,0.03,0.07,0.25,0.01,0.03,0.04,-0.0,0.02,0.02,2023,149,155,148,147
1626174,Christian Wood,DAL,1532.0,0.81,0.84,1.62,0.73,0.68,1.41,1.24,1.09,2.33,2023,71,70,69,73
1626166,Cameron Payne,PHO,867.0,0.84,2.23,3.1,0.29,0.81,1.09,0.54,1.64,2.18,2023,84,101,62,79
1628470,Torrey Craig,PHO,1770.0,-2.02,-2.91,-4.66,-1.74,-2.52,-4.27,-2.39,-3.48,-5.87,2023,406,405,406,405
1629111,Jock Landale,PHO,893.0,-0.0,-0.0,-0.01,-0.14,-0.1,-0.24,-0.7,-0.51,-1.21,2023,188,208,188,208
1628467,Maxi Kleber,DAL,773.0,0.39,0.27,0.87,0.05,0.03,0.09,-0.12,-0.11,-0.22,2023,142,141,149,157
1630182,Josh Green,DAL,1346.0,-0.3,0.01,-0.62,-0.37,-0.1,-0.46,-0.89,-0.33,-1.21,2023,232,296,189,209
1627814,Damion Lee,PHO,1337.0,-0.49,-0.76,-1.1,-0.42,-0.69,-1.1,-0.84,-1.45,-2.29,2023,317,313,327,287
1629006,Josh Okogie,PHO,1237.0,-0.86,-1.29,-2.35,-0.68,-1.0,-1.68,-1.51,-2.19,-3.7,2023,353,356,358,355
203967,Dario Saric,PHO,742.0,0.2,0.4,0.6,-0.03,-0.07,-0.1,-0.4,-0.85,-1.24,2023,169,170,177,211
202687,Bismack Biyombo,PHO,785.0,-1.47,-4.45,-5.77,-0.49,-1.54,-2.02,-1.13,-3.77,-4.9,2023,374,329,393,389
203084,Harrison Barnes,SAC,2391.0,-0.91,-0.37,-1.13,-1.09,-0.43,-1.52,-1.12,-0.44,-1.57,2023,346,389,287,225
1627734,Domantas Sabonis,SAC,2459.0,2.84,0.89,3.64,4.18,1.28,5.46,4.46,1.36,5.82,2023,14,10,34,23
1628368,De'Aaron Fox,SAC,2213.0,-0.7,-0.11,-0.96,-0.53,-0.06,-0.59,-0.49,-0.04,-0.52,2023,255,340,172,175
1628989,Kevin Huerter,SAC,1976.0,-0.03,0.09,-0.15,-0.19,0.0,-0.19,-0.31,-0.03,-0.35,2023,180,234,156,166
203081,Damian Lillard,POR,1920.0,3.27,0.77,4.31,3.59,0.89,4.48,4.95,1.25,6.2,2023,20,14,57,21
203924,Jerami Grant,POR,2058.0,0.49,0.12,0.64,0.55,0.15,0.69,0.7,0.19,0.88,2023,107,85,127,113
203994,Jusuf Nurkic,POR,1328.0,0.42,0.49,0.94,0.29,0.34,0.63,0.55,0.64,1.19,2023,109,102,101,101
1628404,Josh Hart,POR,2237.0,0.05,0.04,0.06,0.05,0.04,0.09,0.06,0.05,0.11,2023,143,142,146,145
1629014,Anfernee Simons,POR,1989.0,-0.9,-0.08,-1.25,-1.02,-0.14,-1.16,-1.35,-0.21,-1.57,2023,322,381,204,226
1628370,Malik Monk,SAC,1538.0,-0.32,-0.08,-0.61,-0.36,-0.13,-0.49,-0.67,-0.28,-0.95,2023,235,292,199,196
1629056,Terence Davis,SAC,755.0,0.48,1.23,1.56,0.09,0.19,0.28,-0.03,-0.22,-0.25,2023,125,131,117,159
1626159,Justise Winslow,POR,694.0,-0.3,-1.14,-1.53,-0.17,-0.62,-0.79,-0.79,-2.81,-3.6,2023,282,222,317,352
1629234,Drew Eubanks,POR,1407.0,-2.66,-1.32,-4.14,-1.53,-0.76,-2.29,-2.22,-1.11,-3.32,2023,394,401,339,345
1630558,Davion Mitchell,SAC,1256.0,-1.91,-2.02,-4.13,-1.34,-1.41,-2.75,-2.66,-2.81,-5.47,2023,399,398,387,397
1631101,Shaedon Sharpe,POR,1637.0,-1.0,-1.0,-1.0,-0.77,-0.76,-1.53,-1.14,-1.12,-2.26,2023,347,365,340,286
1626168,Trey Lyles,SAC,1115.0,-1.73,-1.37,-3.13,-0.81,-0.64,-1.45,-1.3,-1.03,-2.33,2023,339,368,318,292
1629642,Nassir Little,POR,862.0,-0.33,-0.84,-1.5,-0.21,-0.44,-0.64,-0.73,-1.42,-2.15,2023,266,244,292,274
1626158,Richaun Holmes,SAC,307.0,1.29,0.56,1.95,0.08,0.04,0.12,0.19,0.08,0.27,2023,138,133,147,134
201572,Brook Lopez,MIL,2117.0,0.01,0.12,0.52,0.02,0.13,0.15,0.03,0.14,0.17,2023,135,154,129,140
201950,Jrue Holiday,MIL,1947.0,1.69,0.88,2.84,2.01,1.11,3.13,2.69,1.51,4.2,2023,30,31,42,35
203507,Giannis Antetokounmpo,MIL,1818.0,5.12,3.58,8.73,6.12,4.27,10.39,8.93,6.24,15.17,2023,2,4,1,2
1628960,Grayson Allen,MIL,1802.0,-0.98,-0.83,-1.85,-0.78,-0.66,-1.45,-1.01,-0.85,-1.86,2023,340,367,323,253
1628975,Jevon Carter,MIL,1607.0,-0.91,-1.58,-2.52,-0.73,-1.27,-2.0,-1.04,-1.81,-2.85,2023,372,361,382,324
1626171,Bobby Portis,MIL,1572.0,0.21,0.22,0.4,0.18,0.19,0.37,0.28,0.29,0.57,2023,118,113,118,123
201588,George Hill,MIL,720.0,0.99,-0.05,1.45,0.06,-0.06,0.01,-0.73,-0.3,-1.03,2023,154,136,173,203
1629670,Jordan Nwora,IND,1070.0,-0.89,-3.27,-4.38,-0.5,-1.83,-2.33,-1.13,-4.05,-5.17,2023,395,333,402,396
202083,Wesley Matthews,MIL,681.0,-0.77,-1.17,-1.43,-0.32,-0.68,-1.01,-1.23,-3.1,-4.33,2023,307,280,325,375
1630194,Paul Reed,PHI,661.0,0.49,0.53,0.75,0.16,0.18,0.34,0.51,0.62,1.13,2023,122,117,119,106
202331,Paul George,LAC,1786.0,2.59,2.87,5.73,2.65,2.83,5.49,3.8,4.0,7.8,2023,13,20,5,12
202694,Marcus Morris Sr.,LAC,1683.0,-0.57,-1.14,-1.38,-0.49,-1.08,-1.57,-0.69,-1.62,-2.32,2023,351,330,367,290
202704,Reggie Jackson,LAC,1515.0,0.18,0.19,0.64,-0.01,-0.34,-0.35,-0.2,-1.09,-1.29,2023,217,163,265,214
1626181,Norman Powell,LAC,1394.0,-3.18,-2.01,-5.1,-1.79,-1.13,-2.92,-2.2,-1.39,-3.59,2023,403,406,372,351
1627826,Ivica Zubac,LAC,2003.0,-0.53,-0.33,-1.01,-0.26,-0.15,-0.41,-0.19,-0.09,-0.28,2023,226,266,208,163
202322,John Wall,LAC,680.0,-0.77,-1.37,-1.66,-0.22,-0.49,-0.71,-0.57,-1.68,-2.25,2023,275,251,302,284
201587,Nicolas Batum,LAC,1533.0,-0.23,-0.22,-0.06,0.04,0.05,0.09,0.3,0.32,0.63,2023,144,144,141,122
203496,Robert Covington,LAC,681.0,0.66,1.17,2.1,0.12,0.22,0.35,0.08,0.16,0.23,2023,120,127,112,137
1628379,Luke Kennard,LAC,1193.0,-0.8,-0.91,-1.95,-0.39,-0.44,-0.83,-0.52,-0.59,-1.1,2023,286,303,293,204
1627745,Damian Jones,UTA,415.0,-1.61,-0.61,-2.25,-0.18,-0.07,-0.25,-0.63,-0.23,-0.86,2023,190,228,178,190
1629611,Terance Mann,LAC,1708.0,1.19,0.64,1.74,0.8,0.44,1.23,0.95,0.52,1.48,2023,75,65,82,96
202695,Kawhi Leonard,LAC,1590.0,6.24,2.47,9.08,5.78,2.31,8.09,9.21,3.69,12.9,2023,5,5,8,3
1626195,Willy Hernangomez,NOP,401.0,0.02,0.02,0.07,-0.0,-0.0,-0.01,-0.05,-0.05,-0.1,2023,157,161,157,152
1629614,Andrew Nembhard,IND,1886.0,-1.0,-1.0,-1.0,-0.91,-1.0,-1.92,-1.2,-1.35,-2.55,2023,365,375,359,304
1630175,Cole Anthony,ORL,1358.0,-0.75,-0.49,-1.57,-0.62,-0.42,-1.04,-1.21,-0.85,-2.07,2023,310,348,284,264
1630284,Kevon Harris,ORL,409.0,-1.0,-1.0,-1.0,-0.14,-0.19,-0.33,-0.61,-1.03,-1.64,2023,211,209,222,234
203925,Joe Harris,BRK,1364.0,-0.19,-0.21,-0.19,-0.17,-0.16,-0.33,-0.33,-0.28,-0.61,2023,212,223,212,178
203585,Rodney McGruder,DET,473.0,-0.59,-0.36,-0.75,-0.27,-0.11,-0.38,-1.8,-0.67,-2.47,2023,222,268,195,300
1630540,Miles McBride,NYK,687.0,-0.01,-0.64,-0.98,-0.13,-0.57,-0.7,-0.79,-2.94,-3.73,2023,273,202,310,358
1630579,Jericho Sims,NYK,736.0,0.74,0.74,1.49,0.06,0.06,0.13,-0.47,-0.47,-0.93,2023,137,137,140,195
1629004,Svi Mykhailiuk,CHO,425.0,-1.22,-0.63,-1.99,-0.32,-0.17,-0.5,-2.1,-1.15,-3.26,2023,239,281,216,341
1629675,Naz Reid,MIN,1101.0,-0.54,-0.99,-1.8,-0.23,-0.42,-0.65,-0.31,-0.56,-0.87,2023,269,255,285,192
1630587,Isaiah Livers,DET,1069.0,0.3,0.3,0.39,-0.02,-0.01,-0.03,-0.42,-0.38,-0.8,2023,160,169,160,188
1630202,Payton Pritchard,BOS,561.0,-0.13,-0.76,-1.04,0.0,-0.03,-0.02,0.16,0.51,0.67,2023,159,162,166,120
1628436,Luke Kornet,BOS,700.0,0.5,0.29,0.76,0.04,0.03,0.07,-0.26,-0.13,-0.38,2023,147,145,150,168
1630201,Malachi Flynn,TOR,620.0,-0.76,-2.79,-3.76,-0.21,-0.78,-0.99,-0.7,-2.49,-3.19,2023,303,245,343,339
203897,Zach LaVine,CHI,2480.0,0.31,0.29,0.58,0.95,0.71,1.66,1.15,0.84,1.99,2023,63,56,66,85
1627884,Derrick Jones Jr.,CHI,779.0,-0.03,-0.01,-0.19,-0.07,-0.06,-0.13,-0.38,-0.35,-0.73,2023,174,183,174,182
1630205,Lamar Stevens,CLE,1017.0,-0.74,-2.66,-3.55,-0.41,-1.46,-1.87,-0.98,-3.5,-4.48,2023,362,308,389,378
1630586,Usman Garuba,HOU,868.0,1.03,0.99,1.58,0.23,0.22,0.45,0.04,0.05,0.09,2023,114,108,113,146
1630227,Daishen Nix,HOU,820.0,-0.68,-2.76,-3.89,-0.32,-1.22,-1.53,-1.01,-3.69,-4.7,2023,348,282,377,386
1630572,Sandro Mamukelashvili,SAS,588.0,-0.83,-2.78,-3.88,-0.14,-0.49,-0.63,-0.26,-0.88,-1.14,2023,263,210,303,205
1630699,MarJon Beauchamp,MIL,620.0,-1.0,-1.0,-1.0,-0.23,-0.35,-0.58,-0.53,-1.34,-1.87,2023,254,256,268,254
1631260,AJ Green,MIL,314.0,-1.0,-1.0,-1.0,-0.15,-0.11,-0.26,-1.09,-0.63,-1.72,2023,191,213,196,237
203939,Dwight Powell,DAL,1330.0,-0.21,-0.21,-0.21,0.01,-0.07,-0.07,0.24,-0.02,0.22,2023,166,156,179,138
1629033,Theo Pinson,DAL,285.0,-1.79,-1.68,-3.5,-0.28,-0.26,-0.54,-2.5,-2.31,-4.82,2023,246,271,242,388
1630702,Jaden Hardy,DAL,614.0,-1.0,-1.0,-1.0,-0.23,-0.3,-0.53,-0.61,-1.13,-1.74,2023,243,257,252,243
1630593,McKinley Wright IV,DAL,303.0,-0.69,-0.65,-1.55,-0.1,-0.09,-0.19,-0.8,-0.74,-1.54,2023,181,192,184,223
1630598,Aaron Wiggins,OKC,1167.0,-1.2,-0.92,-2.33,-1.04,-0.81,-1.84,-2.64,-2.07,-4.72,2023,360,386,345,387
1630322,Lindy Waters III,OKC,459.0,0.78,0.62,1.4,-0.01,-0.0,-0.01,-0.73,-0.56,-1.28,2023,158,164,158,213
1631099,Keegan Murray,SAC,2169.0,-1.0,-1.0,-1.0,-1.18,-1.1,-2.28,-1.38,-1.26,-2.64,2023,392,394,369,312
1629599,Amir Coffey,LAC,552.0,-0.26,-0.88,-1.3,-0.07,-0.21,-0.28,-0.26,-0.73,-0.99,2023,196,184,228,200
1629002,Chimezie Metu,SAC,617.0,-1.77,-1.07,-2.99,-0.5,-0.3,-0.8,-1.68,-1.03,-2.71,2023,283,334,253,314
1628972,Troy Brown Jr.,LAL,1680.0,-0.33,-0.8,-1.4,-0.4,-0.87,-1.27,-0.67,-1.41,-2.07,2023,329,306,353,265
1631100,AJ Griffin,ATL,1260.0,-1.0,-1.0,-1.0,-0.65,-0.59,-1.25,-1.21,-0.99,-2.2,2023,327,351,311,278
1629637,Jaxson Hayes,NOP,510.0,0.32,0.31,0.29,0.07,0.09,0.16,0.31,0.41,0.72,2023,134,134,134,118
1631119,Jaylin Williams,OKC,857.0,-1.0,-1.0,-1.0,-0.38,-0.43,-0.81,-0.83,-1.11,-1.94,2023,284,299,288,258
1630233,Nathan Knight,MIN,264.0,0.1,0.11,0.07,-0.09,-0.06,-0.15,-1.24,-0.85,-2.09,2023,176,190,175,267
1629013,Landry Shamet,PHO,726.0,-0.29,-0.41,-0.85,-0.21,-0.28,-0.49,-0.98,-1.27,-2.24,2023,236,246,249,283
1629650,Moses Brown,LAC,263.0,-1.88,-1.73,-3.89,-0.22,-0.2,-0.43,-1.93,-1.78,-3.7,2023,229,252,226,356
1630613,Duane Washington Jr.,PHO,352.0,-0.89,-3.23,-4.45,-0.17,-0.61,-0.78,-1.22,-4.32,-5.53,2023,281,224,314,399
1629003,Shake Milton,PHI,1398.0,-0.91,-0.61,-1.61,-0.82,-0.55,-1.37,-1.55,-1.06,-2.61,2023,335,369,309,311
1627788,Furkan Korkmaz,PHI,305.0,-0.26,-1.21,-1.62,-0.06,-0.24,-0.31,-0.6,-2.13,-2.73,2023,207,180,236,315
1628449,Chris Boucher,TOR,1332.0,0.75,0.41,1.31,0.59,0.34,0.93,1.13,0.66,1.78,2023,88,81,102,91
1628415,Dillon Brooks,MEM,2045.0,0.38,1.45,1.79,0.13,0.56,0.7,0.04,0.27,0.31,2023,105,125,74,130
1630553,Keon Johnson,POR,368.0,-1.24,-4.29,-5.98,-0.2,-0.71,-0.91,-1.29,-4.56,-5.84,2023,293,238,328,404
1631133,Jabari Walker,POR,556.0,-1.0,-1.0,-1.0,-0.17,-0.27,-0.44,-0.44,-1.16,-1.61,2023,230,225,245,231
201959,Taj Gibson,WAS,415.0,-0.21,-0.16,0.19,-0.13,-0.14,-0.26,-1.0,-1.14,-2.14,2023,192,203,205,272
1631098,Johnny Davis,WAS,368.0,-1.0,-1.0,-1.0,-0.11,-0.2,-0.31,-0.44,-1.32,-1.75,2023,208,196,227,245
1630692,Jordan Goodwin,WAS,993.0,-0.51,-0.7,-1.42,-0.3,-0.41,-0.7,-0.74,-1.0,-1.75,2023,274,275,282,246
1629660,Ty Jerome,GSW,742.0,-0.53,-0.18,-0.87,-0.36,-0.15,-0.51,-1.58,-0.7,-2.29,2023,241,293,209,288
1626167,Myles Turner,IND,1686.0,1.4,1.12,2.43,1.11,0.86,1.97,1.56,1.17,2.73,2023,55,51,59,62
1630256,Jae'Sean Tate,HOU,618.0,-0.11,-0.07,-0.21,-0.19,-0.13,-0.33,-1.24,-0.85,-2.09,2023,213,235,200,268
1631108,Max Christie,LAL,435.0,-1.0,-1.0,-1.0,-0.14,-0.23,-0.36,-0.44,-1.26,-1.7,2023,219,211,233,236
1629678,Admiral Schofield,ORL,408.0,-2.91,-1.68,-4.74,-0.65,-0.36,-1.01,-4.03,-2.23,-6.25,2023,308,352,273,406
1631104,Blake Wesley,SAS,580.0,-1.0,-1.0,-1.0,-0.19,-0.3,-0.49,-0.48,-1.24,-1.72,2023,237,236,254,238
1628962,Udoka Azubuike,UTA,325.0,-0.82,-0.49,-1.57,-0.12,-0.07,-0.19,-0.91,-0.56,-1.47,2023,182,200,180,221
203552,Seth Curry,BRK,1091.0,-0.28,-0.28,-0.29,-0.19,-0.19,-0.38,-0.47,-0.45,-0.92,2023,223,237,223,194
1630237,Anthony Lamb,GSW,1055.0,-1.5,-1.38,-3.03,-1.09,-1.01,-2.1,-2.96,-2.73,-5.68,2023,382,390,361,402
1631103,Malaki Branham,SAS,1377.0,-1.0,-1.0,-1.0,-0.59,-0.75,-1.34,-0.87,-1.35,-2.22,2023,332,345,334,279
1629656,Quentin Grimes,NYK,1937.0,-1.41,-0.51,-2.25,-1.29,-0.47,-1.76,-1.59,-0.58,-2.17,2023,357,397,299,276
1629646,Charles Bassey,SAS,424.0,-0.13,-0.02,-0.48,0.01,0.01,0.02,0.17,0.13,0.3,2023,153,157,153,132
1631230,Dominick Barlow,SAS,353.0,-1.0,-1.0,-1.0,-0.17,-0.11,-0.28,-1.15,-0.47,-1.61,2023,197,226,197,232
1630557,Corey Kispert,WAS,1883.0,0.05,0.2,-0.02,-0.42,0.05,-0.37,-0.77,-0.01,-0.79,2023,221,314,142,186
1630570,Trendon Watford,POR,1066.0,-1.92,-0.86,-3.11,-0.87,-0.4,-1.26,-1.65,-0.77,-2.42,2023,328,371,279,294
1628373,Frank Ntilikina,DAL,572.0,-0.29,-1.4,-1.9,-0.13,-0.5,-0.62,-0.65,-2.37,-3.02,2023,262,204,305,335
202692,Alec Burks,DET,977.0,-0.2,-0.21,-0.2,0.04,-0.04,-0.0,0.39,0.05,0.44,2023,156,146,168,127
1628963,Marvin Bagley III,DET,856.0,-1.57,-0.68,-2.52,-0.72,-0.33,-1.06,-2.19,-1.05,-3.23,2023,313,359,264,340
1630163,LaMelo Ball,CHO,1195.0,0.74,1.02,1.37,0.59,0.93,1.51,1.42,2.41,3.82,2023,66,82,54,38
1631102,TyTy Washington Jr.,HOU,390.0,-1.0,-1.0,-1.0,-0.13,-0.17,-0.3,-0.59,-1.01,-1.6,2023,203,205,217,230
1628991,Jaren Jackson Jr.,MEM,1686.0,0.21,0.19,0.13,0.18,0.18,0.36,0.26,0.27,0.53,2023,119,114,120,125
202722,Davis Bertans,DAL,442.0,0.32,0.07,0.55,-0.08,-0.04,-0.12,-0.96,-0.45,-1.4,2023,172,187,169,219
1631115,Orlando Robinson,MIA,365.0,-1.0,-1.0,-1.0,-0.15,-0.16,-0.3,-0.82,-0.9,-1.72,2023,204,214,213,239
203914,Gary Harris,ORL,1102.0,-1.63,-1.29,-2.88,-1.03,-0.81,-1.84,-2.42,-1.9,-4.32,2023,361,385,346,374
203471,Dennis Schroder,LAL,1789.0,-0.97,-1.03,-1.91,-0.95,-1.0,-1.95,-1.34,-1.42,-2.77,2023,368,377,360,319
1628418,Thomas Bryant,LAL,959.0,-0.84,-0.5,-1.49,-0.18,-0.1,-0.28,0.15,0.11,0.27,2023,198,229,190,135
1630688,Ish Wainright,PHO,835.0,-0.32,-0.59,-0.88,-0.2,-0.41,-0.6,-0.71,-1.52,-2.23,2023,257,239,283,281
1626192,Pat Connaughton,MIL,1305.0,-0.58,-1.49,-1.92,-0.28,-0.71,-0.98,-0.27,-0.71,-0.98,2023,299,272,329,198
1630577,Julian Champagnie,SAS,281.0,-1.0,-1.0,-1.0,-0.11,-0.1,-0.21,-0.82,-0.76,-1.59,2023,184,197,191,228
1629021,Moritz Wagner,ORL,1006.0,-0.36,-0.15,-0.66,-0.18,-0.08,-0.26,-0.4,-0.21,-0.61,2023,193,230,182,179
1630240,Saben Lee,PHO,337.0,-1.68,-1.55,-3.5,-0.17,-0.16,-0.33,-0.8,-0.74,-1.54,2023,214,227,214,224
1628365,Markelle Fultz,ORL,1602.0,0.04,0.02,-0.15,-0.15,-0.18,-0.33,-0.4,-0.45,-0.86,2023,215,215,220,191
203992,Bogdan Bogdanovic,ATL,1367.0,0.97,0.43,1.55,0.78,0.37,1.15,1.49,0.72,2.21,2023,78,66,99,76
203933,T.J. Warren,BRK,588.0,0.06,0.27,0.45,0.03,0.08,0.12,0.19,0.32,0.5,2023,139,148,135,126
203114,Khris Middleton,MIL,690.0,-0.05,0.0,0.16,0.18,0.17,0.35,1.18,1.1,2.27,2023,121,115,124,74
203506,Victor Oladipo,MIA,977.0,-0.99,-2.84,-3.68,-0.44,-1.33,-1.78,-0.87,-2.79,-3.66,2023,358,319,385,353
1630533,Ziaire Williams,MEM,486.0,0.4,0.43,0.45,-0.04,-0.25,-0.29,-0.66,-2.49,-3.16,2023,199,173,238,338
1626169,Stanley Johnson,SAS,398.0,-2.03,-1.13,-3.25,-0.39,-0.22,-0.61,-2.36,-1.3,-3.66,2023,260,304,230,354
1629057,Robert Williams III,BOS,763.0,1.88,1.28,3.02,1.09,0.72,1.8,4.3,2.78,7.08,2023,59,52,64,16
204060,Joe Ingles,MIL,882.0,0.51,0.32,1.27,0.26,0.2,0.46,0.71,0.64,1.36,2023,112,104,115,99
1627780,Gary Payton II,POR,344.0,1.43,0.86,2.44,0.26,0.16,0.43,2.01,1.23,3.23,2023,117,105,125,50
201937,Ricky Rubio,CLE,487.0,0.31,0.88,1.46,0.01,0.01,0.03,-0.17,-0.62,-0.78,2023,152,158,154,185
1627739,Kris Dunn,UTA,501.0,-0.81,-0.38,-1.16,-0.33,-0.14,-0.48,-2.11,-0.89,-3.0,2023,233,286,206,334
203109,Jae Crowder,MIL,294.0,-0.11,-0.16,-0.0,0.03,0.01,0.04,0.43,0.28,0.71,2023,150,149,155,119
1626167,Myles Turner,IND,1921.0,2.27,1.31,3.56,2.18,1.25,3.43,2.82,1.62,4.43,2024,31,31,39,31
1628971,Bruce Brown,IND,1694.0,-1.08,-0.83,-1.94,-0.79,-0.6,-1.39,-1.03,-0.79,-1.82,2024,348,366,317,250
1630167,Obi Toppin,IND,1565.0,0.12,0.15,0.13,0.18,0.13,0.31,0.35,0.2,0.55,2024,118,113,123,124
1630169,Tyrese Haliburton,IND,2002.0,1.49,0.63,1.85,2.34,0.84,3.18,3.28,1.14,4.43,2024,35,28,49,32
1631097,Bennedict Mathurin,IND,1377.0,-0.5,-0.28,-1.16,-0.74,-0.5,-1.24,-1.83,-1.28,-3.11,2024,335,363,298,338
1628378,Donovan Mitchell,CLE,1745.0,3.16,2.5,5.63,3.23,2.51,5.74,4.81,3.72,8.54,2024,19,20,13,9
1628386,Jarrett Allen,CLE,2182.0,2.0,1.14,3.0,2.52,1.41,3.93,2.99,1.67,4.66,2024,27,26,33,29
1629622,Max Strus,CLE,1995.0,-0.69,-2.12,-2.84,-0.71,-2.06,-2.77,-0.89,-2.54,-3.42,2024,400,355,410,352
1629636,Darius Garland,CLE,1710.0,1.73,3.72,5.23,1.41,3.09,4.5,1.94,4.32,6.27,2024,24,45,6,24
1630596,Evan Mobley,CLE,1374.0,0.78,0.73,1.18,0.65,0.59,1.24,1.23,1.12,2.36,2024,66,67,63,66
1627777,Georges Niang,CLE,1643.0,-0.26,-0.53,-0.64,-0.28,-0.72,-1.0,-0.46,-1.28,-1.74,2024,309,282,336,240
1627741,Buddy Hield,IND,1934.0,1.06,1.13,2.39,0.91,0.96,1.87,1.11,1.18,2.3,2024,57,59,42,68
1629614,Andrew Nembhard,IND,1549.0,-2.39,-1.12,-3.73,-2.03,-0.96,-3.0,-3.29,-1.58,-4.87,2024,404,408,368,396
1630188,Jalen Smith,IND,944.0,0.06,0.21,-0.0,-0.24,-0.01,-0.24,-1.22,-0.27,-1.5,2024,182,264,152,206
1630174,Aaron Nesmith,IND,1811.0,-1.35,-0.48,-2.04,-1.64,-0.62,-2.26,-2.45,-0.94,-3.39,2024,386,404,322,349
1627747,Caris LeVert,CLE,1704.0,-0.33,-0.74,-0.98,-0.28,-0.63,-0.91,-0.4,-0.9,-1.3,2024,295,283,325,195
1630171,Isaac Okoro,CLE,1693.0,-0.85,-0.72,-1.84,-0.88,-0.75,-1.63,-1.38,-1.18,-2.56,2024,360,372,341,306
1629731,Dean Wade,CLE,1009.0,-0.47,-0.77,-1.27,-0.25,-0.4,-0.65,-0.56,-0.91,-1.48,2024,273,270,281,204
201572,Brook Lopez,MIL,2150.0,0.25,0.38,1.08,0.37,0.48,0.85,0.47,0.58,1.05,2024,80,93,70,103
203081,Damian Lillard,MIL,2272.0,3.67,0.89,4.89,5.16,1.31,6.47,5.99,1.55,7.54,2024,11,9,38,17
203114,Khris Middleton,MIL,1378.0,-0.32,-0.3,-0.35,-0.02,-0.06,-0.08,0.26,0.12,0.38,2024,154,160,166,132
203507,Giannis Antetokounmpo,MIL,2328.0,4.98,1.74,6.81,7.56,2.65,10.22,8.71,3.05,11.76,2024,2,2,12,3
1627736,Malik Beasley,MIL,2099.0,-1.98,-1.54,-3.56,-2.12,-1.65,-3.77,-2.5,-1.95,-4.45,2024,411,410,400,383
203944,Julius Randle,NYK,1452.0,1.32,1.57,2.98,1.32,1.45,2.77,2.37,2.49,4.87,2024,43,47,31,27
1628404,Josh Hart,NYK,2421.0,0.91,1.51,2.45,1.25,2.06,3.31,1.27,2.09,3.36,2024,32,50,18,50
1628973,Jalen Brunson,NYK,2444.0,1.69,0.51,2.17,2.85,0.85,3.7,3.07,0.91,3.98,2024,29,23,48,36
1629011,Mitchell Robinson,NYK,688.0,1.15,1.15,2.16,0.52,0.52,1.04,1.93,1.93,3.86,2024,73,77,68,39
1629656,Quentin Grimes,NYK,929.0,-0.31,-0.41,-0.99,-0.11,-0.14,-0.25,-0.11,-0.15,-0.26,2024,187,197,191,160
1626171,Bobby Portis,MIL,1732.0,0.05,0.11,0.19,0.11,0.17,0.28,0.2,0.28,0.48,2024,120,125,113,128
1626192,Pat Connaughton,MIL,1442.0,-1.01,-0.97,-1.77,-0.64,-0.61,-1.25,-0.91,-0.84,-1.75,2024,336,349,319,243
203109,Jae Crowder,MIL,992.0,0.14,0.38,0.86,0.11,0.23,0.34,0.35,0.61,0.96,2024,117,126,104,106
1626166,Cameron Payne,MIL,1169.0,0.05,-0.07,0.07,0.02,-0.03,-0.01,0.02,-0.04,-0.02,2024,146,146,157,149
1630699,MarJon Beauchamp,MIL,497.0,-1.28,-2.84,-4.38,-0.34,-0.76,-1.11,-1.67,-3.77,-5.44,2024,319,300,342,403
1628392,Isaiah Hartenstein,NYK,1730.0,1.6,1.18,2.64,1.56,1.14,2.7,2.18,1.59,3.77,2024,45,43,40,42
1628978,Donte DiVincenzo,NYK,2161.0,0.27,0.3,0.54,0.26,0.3,0.57,0.27,0.32,0.59,2024,97,107,94,121
1630193,Immanuel Quickley,TOR,1781.0,1.03,0.5,1.32,0.94,0.42,1.36,1.37,0.59,1.97,2024,62,58,72,72
1630540,Miles McBride,NYK,1204.0,-0.19,0.03,-0.43,-0.55,-0.21,-0.75,-1.8,-0.81,-2.61,2024,281,334,220,310
200768,Kyle Lowry,MIA,1539.0,0.62,0.42,1.62,0.48,0.33,0.81,0.73,0.5,1.23,2024,84,82,89,97
202710,Jimmy Butler,MIA,1845.0,2.66,0.96,4.01,3.72,1.38,5.1,5.57,2.08,7.65,2024,22,16,35,15
1628389,Bam Adebayo,MIA,2215.0,1.85,3.09,4.84,2.27,3.69,5.96,2.62,4.2,6.81,2024,18,29,3,21
1629312,Haywood Highsmith,MIA,1196.0,-1.91,-2.93,-4.87,-1.16,-1.8,-2.96,-2.18,-3.41,-5.6,2024,403,393,404,405
1629639,Tyler Herro,MIA,1261.0,0.57,1.45,1.82,0.31,0.81,1.12,0.46,1.25,1.7,2024,70,99,51,80
1626145,Tyus Jones,WAS,1711.0,0.5,0.13,0.6,0.61,0.16,0.77,1.02,0.27,1.29,2024,88,69,118,94
1628398,Kyle Kuzma,WAS,2065.0,-0.42,-1.37,-1.76,-0.41,-1.33,-1.74,-0.49,-1.63,-2.13,2024,365,312,388,273
1629655,Daniel Gafford,WAS,1687.0,0.86,0.48,1.19,0.78,0.41,1.2,1.22,0.63,1.86,2024,67,63,74,74
1629673,Jordan Poole,WAS,2173.0,0.04,-0.36,-0.52,0.01,-0.43,-0.42,-0.01,-0.52,-0.53,2024,231,148,285,170
1630166,Deni Avdija,WAS,2087.0,-0.87,-0.67,-1.81,-1.01,-0.79,-1.8,-1.29,-1.01,-2.3,2024,368,389,347,287
1629130,Duncan Robinson,MIA,1704.0,-0.55,-0.62,-1.09,-0.65,-0.74,-1.39,-1.05,-1.19,-2.24,2024,349,350,339,284
1641731,Bilal Coulibaly,WAS,1531.0,-1.0,-1.0,-1.0,-0.61,-0.76,-1.37,-0.87,-1.25,-2.11,2024,343,346,343,271
1628418,Thomas Bryant,MIA,371.0,-0.8,-0.65,-1.54,-0.05,-0.04,-0.08,0.1,0.08,0.17,2024,155,169,159,143
1626196,Josh Richardson,MIA,977.0,-0.45,-0.52,-0.82,-0.27,-0.32,-0.6,-0.74,-0.9,-1.64,2024,264,278,262,222
1631170,Jaime Jaquez Jr.,MIA,1882.0,-1.0,-1.0,-1.0,-0.95,-1.04,-1.99,-1.25,-1.4,-2.65,2024,376,378,375,314
1631098,Johnny Davis,WAS,551.0,-1.06,-3.61,-5.05,-0.29,-1.01,-1.3,-1.32,-4.66,-5.98,2024,339,285,372,408
201568,Danilo Gallinari,WAS,576.0,-0.98,-1.36,-1.5,-0.18,-0.27,-0.45,-0.48,-0.81,-1.3,2024,238,235,242,196
1626153,Delon Wright,WAS,693.0,1.0,0.91,2.12,0.4,0.36,0.76,1.57,1.45,3.02,2024,89,89,84,57
1629013,Landry Shamet,WAS,659.0,-0.44,-0.86,-1.4,-0.17,-0.32,-0.48,-0.7,-1.29,-1.99,2024,242,228,263,260
203488,Mike Muscala,WAS,512.0,0.19,0.16,0.62,0.06,0.05,0.11,0.33,0.3,0.63,2024,136,136,140,119
1630264,Anthony Gill,WAS,415.0,-0.99,-1.55,-2.33,-0.21,-0.36,-0.56,-1.27,-2.3,-3.57,2024,257,250,271,360
1630647,Eugene Omoruyi,WAS,325.0,-0.95,-1.63,-2.67,-0.18,-0.33,-0.51,-1.53,-2.8,-4.33,2024,252,236,266,379
201942,DeMar DeRozan,CHI,2611.0,1.29,0.1,1.78,2.06,0.25,2.31,2.09,0.29,2.37,2024,47,32,100,65
202696,Nikola Vucevic,CHI,2301.0,-0.48,-0.47,-0.62,-0.14,-0.15,-0.3,0.01,-0.0,0.01,2024,200,215,199,148
203897,Zach LaVine,CHI,786.0,1.03,0.71,1.77,0.55,0.38,0.93,2.01,1.38,3.39,2024,76,73,80,49
1628470,Torrey Craig,CHI,922.0,-2.71,-2.32,-4.7,-1.0,-0.86,-1.86,-1.82,-1.54,-3.36,2024,371,387,356,347
1629632,Coby White,CHI,2582.0,0.94,0.59,1.26,0.84,0.58,1.42,0.67,0.48,1.15,2024,59,62,64,101
203915,Spencer Dinwiddie,BRK,1931.0,-0.24,-0.2,-0.29,-0.14,-0.13,-0.27,-0.14,-0.15,-0.28,2024,191,216,185,162
1627732,Ben Simmons,BRK,319.0,0.81,0.55,1.33,0.13,0.11,0.25,1.05,0.96,2.0,2024,124,121,125,71
1627827,Dorian Finney-Smith,BRK,1755.0,0.06,0.29,0.5,-0.04,0.09,0.06,-0.1,0.04,-0.06,2024,143,166,130,150
1628969,Mikal Bridges,BRK,2588.0,1.22,1.47,2.66,1.77,2.04,3.81,1.78,2.01,3.78,2024,28,37,19,41
1630560,Cam Thomas,BRK,1886.0,-2.1,-1.76,-4.19,-2.08,-1.74,-3.82,-2.8,-2.35,-5.15,2024,412,409,403,398
1627936,Alex Caruso,CHI,1787.0,2.0,2.08,4.17,1.59,1.66,3.26,2.11,2.2,4.31,2024,33,40,25,34
1628975,Jevon Carter,CHI,894.0,-0.35,-1.1,-1.43,-0.15,-0.49,-0.64,-0.36,-1.21,-1.57,2024,269,221,297,211
1630172,Patrick Williams,CHI,1058.0,-0.31,-1.83,-2.47,-0.19,-0.94,-1.13,-0.45,-1.93,-2.38,2024,322,241,367,295
1626220,Royce O'Neale,BRK,1719.0,-0.63,-0.94,-1.42,-0.48,-0.71,-1.19,-0.64,-0.95,-1.59,2024,325,326,335,213
1629022,Lonnie Walker IV,BRK,855.0,-1.1,-4.04,-5.3,-0.41,-1.48,-1.88,-0.92,-3.31,-4.24,2024,373,313,393,378
203083,Andre Drummond,CHI,1211.0,0.51,0.54,1.19,0.2,0.21,0.41,0.16,0.17,0.33,2024,114,112,108,134
1628372,Dennis Smith Jr.,BRK,936.0,-0.18,-0.52,-0.8,-0.17,-0.43,-0.6,-0.63,-1.52,-2.15,2024,265,229,286,274
1630549,Day'Ron Sharpe,BRK,789.0,-0.08,0.01,-0.39,-0.24,-0.16,-0.4,-1.27,-0.93,-2.2,2024,222,265,206,278
1629652,Luguentz Dort,OKC,2047.0,0.29,0.3,0.38,-0.12,-0.17,-0.28,-0.33,-0.42,-0.74,2024,194,205,209,180
1630581,Josh Giddey,OKC,1876.0,0.16,-0.03,-0.25,0.23,0.14,0.37,0.33,0.26,0.59,2024,116,109,121,122
1631096,Chet Holmgren,OKC,2229.0,-1.0,-1.0,-1.0,-1.24,-1.22,-2.45,-1.4,-1.37,-2.77,2024,392,395,383,320
1631114,Jalen Williams,OKC,2089.0,-1.28,-0.58,-2.18,-1.15,-0.51,-1.66,-1.25,-0.55,-1.8,2024,362,392,301,249
1641717,Cason Wallace,OKC,1518.0,-1.0,-1.0,-1.0,-0.8,-0.8,-1.6,-1.23,-1.24,-2.47,2024,357,367,349,302
201939,Stephen Curry,GSW,2156.0,4.71,1.63,6.78,6.12,2.12,8.23,7.45,2.58,10.02,2024,7,3,17,6
202691,Klay Thompson,GSW,2062.0,-0.98,-0.9,-1.55,-0.98,-0.89,-1.87,-1.15,-1.05,-2.21,2024,372,382,364,279
203110,Draymond Green,GSW,1329.0,0.6,0.32,1.25,0.44,0.34,0.78,0.8,0.79,1.59,2024,86,87,86,82
203952,Andrew Wiggins,GSW,1710.0,-0.12,-0.14,-0.22,-0.11,-0.13,-0.24,-0.16,-0.19,-0.35,2024,183,198,186,164
1626172,Kevon Looney,GSW,1054.0,0.75,0.46,1.17,0.47,0.28,0.75,1.15,0.69,1.84,2024,90,85,96,75
203967,Dario Saric,GSW,968.0,-0.89,-0.65,-1.45,-0.53,-0.38,-0.91,-1.47,-1.03,-2.5,2024,296,331,276,304
1630198,Isaiah Joe,OKC,1244.0,0.68,0.58,1.04,0.26,0.23,0.49,0.15,0.15,0.3,2024,108,108,105,137
101108,Chris Paul,GSW,1334.0,0.93,-0.07,1.49,1.08,0.32,1.4,2.56,1.12,3.68,2024,60,56,90,43
1630228,Jonathan Kuminga,GSW,1758.0,-0.54,-0.23,-1.16,-0.63,-0.31,-0.94,-0.96,-0.5,-1.46,2024,300,348,258,202
1631119,Jaylin Williams,OKC,792.0,-0.97,-1.42,-2.78,-0.36,-0.53,-0.89,-0.94,-1.33,-2.26,2024,293,304,303,285
1627780,Gary Payton II,GSW,571.0,1.0,0.92,2.13,0.35,0.32,0.66,1.59,1.46,3.05,2024,94,94,91,55
203995,Vasilije Micic,CHO,1063.0,-1.0,-1.0,-1.0,-0.4,-0.53,-0.93,-0.66,-1.22,-1.87,2024,299,311,304,255
1630598,Aaron Wiggins,OKC,1104.0,-1.19,-0.81,-2.16,-0.92,-0.63,-1.55,-2.34,-1.63,-3.96,2024,354,376,326,373
1630541,Moses Moody,GSW,1004.0,-1.35,-1.22,-2.96,-0.72,-0.66,-1.38,-1.71,-1.57,-3.29,2024,347,358,332,344
1631172,Ousmane Dieng,OKC,328.0,-0.12,-1.1,-1.67,-0.08,-0.31,-0.39,-0.77,-2.78,-3.55,2024,220,180,259,359
203484,Kentavious Caldwell-Pope,DEN,2209.0,-0.41,-0.52,-0.78,-0.59,-0.72,-1.31,-0.72,-0.87,-1.58,2024,340,342,337,212
203932,Aaron Gordon,DEN,2105.0,1.35,0.71,2.09,1.39,0.74,2.13,1.63,0.86,2.5,2024,49,46,55,63
203999,Nikola Jokic,DEN,2484.0,8.17,3.2,11.4,12.25,4.78,17.03,13.03,5.08,18.1,2024,1,1,1,1
1627750,Jamal Murray,DEN,1724.0,-0.6,-0.27,-0.96,-0.16,-0.06,-0.22,0.0,0.03,0.04,2024,179,225,167,147
1629008,Michael Porter Jr.,DEN,2363.0,1.33,1.31,2.49,1.58,1.55,3.14,1.67,1.63,3.3,2024,38,41,26,52
202681,Kyrie Irving,DAL,1821.0,3.97,1.38,5.56,4.12,1.45,5.57,5.78,2.05,7.82,2024,20,13,32,12
1627884,Derrick Jones Jr.,DAL,1605.0,-0.1,-0.09,-0.28,-0.19,-0.18,-0.37,-0.38,-0.37,-0.74,2024,215,242,212,181
1629029,Luka Doncic,DAL,2339.0,2.25,0.99,3.03,4.5,1.85,6.34,5.46,2.21,7.66,2024,13,11,23,14
1629684,Grant Williams,DAL,1914.0,-0.67,-1.66,-2.47,-0.69,-1.69,-2.37,-0.9,-2.2,-3.1,2024,389,354,402,337
1641726,Dereck Lively II,DAL,1187.0,-1.0,-1.0,-1.0,-0.65,-0.56,-1.21,-1.27,-0.95,-2.23,2024,327,351,309,282
203501,Tim Hardaway Jr.,DAL,1883.0,0.24,0.81,1.27,0.07,0.48,0.55,0.01,0.48,0.49,2024,99,135,71,126
203939,Dwight Powell,DAL,724.0,1.0,0.22,1.49,0.16,0.03,0.19,-0.15,-0.1,-0.24,2024,129,118,143,158
202704,Reggie Jackson,DEN,1636.0,-4.94,3.14,-1.47,-3.61,1.53,-2.08,-4.94,1.35,-3.59,2024,381,414,27,361
1630182,Josh Green,DAL,1331.0,0.59,0.48,0.79,0.09,0.0,0.09,-0.37,-0.53,-0.89,2024,140,130,149,184
1631128,Christian Braun,DEN,1471.0,-0.45,-0.62,-1.4,-0.49,-0.64,-1.13,-0.97,-1.24,-2.22,2024,323,328,328,281
1631212,Peyton Watson,DEN,1327.0,0.02,-0.7,-1.07,-0.06,-0.63,-0.7,-0.24,-1.36,-1.6,2024,278,171,327,216
1630702,Jaden Hardy,DAL,876.0,-0.52,-2.33,-3.24,-0.24,-0.99,-1.23,-0.61,-2.35,-2.96,2024,332,266,371,328
1630192,Zeke Nnaji,DEN,517.0,-0.47,-1.01,-1.75,-0.21,-0.41,-0.63,-1.29,-2.39,-3.68,2024,268,251,283,362
203552,Seth Curry,DAL,549.0,-1.0,-2.59,-3.26,-0.21,-0.59,-0.8,-0.62,-2.01,-2.63,2024,286,252,313,313
203957,Dante Exum,DAL,970.0,-1.13,-0.41,-1.63,-0.71,-0.25,-0.96,-1.97,-0.69,-2.65,2024,303,356,236,315
1641765,Olivier-Maxence Prosper,DAL,295.0,-1.0,-1.0,-1.0,-0.11,-0.13,-0.24,-0.72,-0.98,-1.7,2024,184,199,187,233
203924,Jerami Grant,POR,1677.0,-0.41,-0.26,-0.58,-0.23,-0.16,-0.39,-0.26,-0.18,-0.44,2024,221,259,207,167
1627763,Malcolm Brogdon,POR,1038.0,0.42,-0.02,0.6,0.54,0.1,0.64,1.91,0.48,2.39,2024,96,75,126,64
1629028,Deandre Ayton,POR,1625.0,-0.19,-0.22,-0.56,0.08,0.08,0.16,0.33,0.35,0.68,2024,131,132,134,117
1629680,Matisse Thybulle,POR,1325.0,0.21,0.5,0.63,0.14,0.37,0.52,0.25,0.73,0.98,2024,103,120,82,105
1631101,Shaedon Sharpe,POR,944.0,-0.71,-3.26,-4.42,-0.35,-1.47,-1.82,-0.9,-3.47,-4.37,2024,369,302,392,381
203935,Marcus Smart,MEM,550.0,-1.58,1.09,-0.4,-0.25,0.09,-0.15,-0.41,-0.3,-0.71,2024,166,271,131,178
1628991,Jaren Jackson Jr.,MEM,1945.0,0.44,1.32,1.55,0.48,1.49,1.97,0.63,1.99,2.63,2024,54,83,30,62
1630217,Desmond Bane,MEM,1288.0,1.48,1.12,2.45,1.14,0.82,1.96,2.3,1.62,3.92,2024,55,54,50,38
1630533,Ziaire Williams,MEM,924.0,-0.78,-3.24,-4.35,-0.42,-1.62,-2.03,-1.14,-4.21,-5.35,2024,380,316,399,401
1631223,David Roddy,MEM,1018.0,-0.47,-2.18,-2.98,-0.33,-1.37,-1.7,-0.95,-3.6,-4.55,2024,364,296,389,387
1630214,Xavier Tillman,MEM,893.0,-0.27,-1.26,-1.68,-0.02,-0.18,-0.2,0.19,0.56,0.74,2024,175,161,213,113
1628379,Luke Kennard,MEM,902.0,0.17,0.09,0.23,0.08,0.04,0.12,0.21,0.1,0.31,2024,135,133,141,136
1630219,Skylar Mays,POR,364.0,-0.31,-0.82,-1.22,-0.04,-0.1,-0.13,-0.17,-0.46,-0.63,2024,162,167,177,174
1631133,Jabari Walker,POR,1512.0,-1.73,-1.84,-3.95,-1.57,-1.66,-3.23,-2.78,-2.94,-5.72,2024,406,403,401,406
1641739,Toumani Camara,POR,1633.0,-1.0,-1.0,-1.0,-0.75,-0.85,-1.6,-1.06,-1.3,-2.36,2024,358,364,354,292
1629723,John Konchar,MEM,1043.0,0.21,0.56,0.74,0.12,0.34,0.47,0.3,0.86,1.16,2024,110,122,87,100
1631246,Vince Williams Jr.,MEM,1300.0,-1.36,-1.95,-3.58,-0.98,-1.41,-2.39,-1.87,-2.68,-4.55,2024,391,383,391,388
1631367,Jacob Gilyard,MEM,624.0,-0.94,-0.74,-1.83,-0.33,-0.26,-0.58,-1.33,-1.02,-2.35,2024,260,297,240,290
1630165,Killian Hayes,DET,888.0,-0.91,-3.82,-5.06,-0.47,-1.86,-2.34,-1.32,-4.91,-6.23,2024,388,325,407,409
1630191,Isaiah Stewart,DET,1243.0,-0.85,-0.7,-1.88,-0.72,-0.59,-1.32,-1.62,-1.33,-2.95,2024,341,359,314,327
1630595,Cade Cunningham,DET,1859.0,0.17,0.12,-0.04,0.0,-0.08,-0.08,-0.07,-0.2,-0.28,2024,156,154,172,163
1631105,Jalen Duren,DET,1591.0,0.19,0.3,0.05,0.06,0.17,0.23,-0.01,0.17,0.16,2024,127,137,114,144
1641709,Ausar Thompson,DET,1400.0,-1.0,-1.0,-1.0,-0.65,-0.81,-1.47,-0.95,-1.45,-2.4,2024,352,352,350,297
202699,Tobias Harris,PHI,2156.0,0.01,-0.04,0.18,0.15,0.07,0.21,0.23,0.12,0.35,2024,128,119,137,133
203954,Joel Embiid,PHI,1172.0,5.92,2.63,8.63,4.35,1.86,6.21,9.75,4.06,13.81,2024,14,12,22,2
1626162,Kelly Oubre Jr.,PHI,1890.0,-0.55,-1.79,-2.3,-0.57,-1.89,-2.46,-0.76,-2.53,-3.29,2024,393,339,408,345
1629001,De'Anthony Melton,PHI,915.0,0.13,0.11,0.09,0.17,0.25,0.42,0.71,1.11,1.82,2024,113,115,101,76
1630178,Tyrese Maxey,PHI,2407.0,-0.42,0.04,-0.64,-0.34,0.1,-0.24,-0.27,0.12,-0.15,2024,185,301,127,153
1631204,Marcus Sasser,DET,1183.0,-1.0,-1.0,-1.0,-0.56,-0.65,-1.21,-0.96,-1.27,-2.23,2024,328,337,331,283
1628963,Marvin Bagley III,WAS,962.0,-1.18,-0.23,-1.62,-0.62,-0.15,-0.77,-1.72,-0.47,-2.19,2024,282,347,200,277
201587,Nicolas Batum,PHI,1406.0,0.35,0.69,1.49,0.29,0.56,0.85,0.52,0.99,1.5,2024,81,101,65,85
201976,Patrick Beverley,PHI,1325.0,0.81,-2.17,-0.91,0.4,-1.22,-0.82,0.42,-1.65,-1.23,2024,288,90,384,193
203496,Robert Covington,PHI,446.0,0.98,1.46,2.77,0.12,0.17,0.29,0.2,0.29,0.49,2024,119,123,115,127
202694,Marcus Morris Sr.,PHI,734.0,0.32,-2.15,-1.44,-0.01,-0.81,-0.82,-0.43,-2.46,-2.89,2024,289,157,351,324
1630194,Paul Reed,PHI,1460.0,0.38,0.38,0.55,0.27,0.27,0.54,0.4,0.39,0.8,2024,100,105,99,111
1630531,Jaden Springer,PHI,440.0,0.31,0.19,0.1,0.02,-0.01,0.02,-0.03,-0.22,-0.25,2024,144,147,153,159
1630164,James Wiseman,DET,979.0,-5.12,-2.87,-8.32,-2.35,-1.32,-3.68,-4.72,-2.66,-7.38,2024,410,411,387,412
202330,Gordon Hayward,CHO,1096.0,-0.27,-0.21,0.12,-0.15,-0.14,-0.29,-0.32,-0.37,-0.7,2024,197,222,192,177
1629023,P.J. Washington,CHO,1989.0,-0.05,-0.53,-0.73,-0.09,-0.59,-0.68,-0.13,-0.79,-0.92,2024,276,187,315,185
1630163,LaMelo Ball,CHO,642.0,0.08,0.14,-0.11,0.31,0.25,0.56,2.02,1.56,3.58,2024,98,100,102,44
1631109,Mark Williams,CHO,471.0,0.47,0.38,0.52,0.06,0.04,0.11,0.19,0.08,0.28,2024,137,138,142,138
1641706,Brandon Miller,CHO,2162.0,-1.0,-1.0,-1.0,-0.96,-1.12,-2.08,-1.08,-1.34,-2.42,2024,382,380,380,298
1630557,Corey Kispert,WAS,1879.0,-1.11,-0.19,-1.52,-1.13,-0.23,-1.37,-1.59,-0.34,-1.93,2024,344,391,228,257
1630550,JT Thor,CHO,686.0,-0.88,-1.32,-2.59,-0.43,-0.61,-1.04,-1.9,-2.64,-4.54,2024,315,318,320,386
1630208,Nick Richards,CHO,1599.0,-1.07,-0.29,-1.45,-0.95,-0.27,-1.22,-1.58,-0.46,-2.03,2024,330,379,243,264
1631121,Bryce McGowens,CHO,769.0,-3.16,-2.17,-5.72,-1.2,-0.82,-2.02,-3.76,-2.59,-6.34,2024,379,394,352,410
201950,Jrue Holiday,BOS,2074.0,3.07,2.51,5.92,3.36,2.76,6.12,4.06,3.34,7.4,2024,15,18,10,18
204001,Kristaps Porzingis,BOS,1541.0,0.06,0.05,0.14,0.72,0.41,1.13,1.84,1.04,2.88,2024,68,64,75,59
1627759,Jaylen Brown,BOS,2137.0,0.25,0.52,0.75,0.51,0.8,1.3,0.69,1.02,1.71,2024,63,78,52,79
1628369,Jayson Tatum,BOS,2399.0,4.01,2.85,6.71,5.56,3.83,9.39,5.98,4.08,10.06,2024,3,7,2,5
1628401,Derrick White,BOS,2183.0,3.02,1.66,4.77,3.35,1.85,5.2,3.79,2.1,5.88,2024,21,19,24,25
1629661,Cameron Johnson,BRK,1456.0,1.49,1.29,2.75,1.17,0.93,2.1,2.01,1.5,3.51,2024,50,51,44,47
1629052,Oshae Brissett,BOS,550.0,-0.06,-0.07,-0.28,-0.2,-0.21,-0.41,-1.46,-1.52,-2.98,2024,229,247,221,331
1630573,Sam Hauser,BOS,1545.0,0.57,0.44,0.93,0.51,0.39,0.9,0.84,0.63,1.47,2024,78,79,78,88
1630570,Trendon Watford,BRK,725.0,-1.19,-1.08,-2.54,-0.41,-0.37,-0.78,-1.23,-1.13,-2.36,2024,283,314,274,293
1630202,Payton Pritchard,BOS,1615.0,-1.25,-0.62,-1.96,-0.98,-0.48,-1.46,-1.41,-0.67,-2.08,2024,351,384,294,270
1629004,Svi Mykhailiuk,BOS,361.0,-0.6,-0.43,-1.11,-0.19,-0.14,-0.33,-1.58,-1.16,-2.74,2024,205,243,193,319
1628436,Luke Kornet,BOS,894.0,-0.59,-0.28,-0.84,-0.1,-0.05,-0.16,0.17,0.06,0.23,2024,169,193,162,141
1630625,Dalano Banton,POR,949.0,-0.36,-1.54,-2.1,-0.2,-0.78,-0.98,-0.55,-2.04,-2.59,2024,305,248,344,308
1627832,Fred VanVleet,HOU,2427.0,2.07,1.08,3.24,2.85,1.5,4.35,3.04,1.6,4.65,2024,25,24,29,30
1628415,Dillon Brooks,HOU,2022.0,-0.0,0.14,0.16,-0.26,-0.67,-0.92,-0.42,-1.18,-1.6,2024,297,275,333,217
1630224,Jalen Green,HOU,2360.0,-0.39,-2.25,-3.03,-0.55,-2.9,-3.46,-0.62,-3.15,-3.77,2024,408,335,414,366
1630578,Alperen Sengun,HOU,1853.0,0.67,0.6,0.89,0.69,0.6,1.29,0.96,0.82,1.78,2024,64,65,62,77
1631095,Jabari Smith Jr.,HOU,2235.0,-0.99,-1.3,-2.74,-1.41,-1.83,-3.24,-1.7,-2.18,-3.88,2024,407,400,406,368
202685,Jonas Valanciunas,NOP,1768.0,-0.2,-0.2,-0.19,-0.02,-0.05,-0.07,0.06,-0.0,0.06,2024,153,162,163,146
1627742,Brandon Ingram,NOP,1835.0,0.66,0.56,1.14,0.85,0.71,1.56,1.25,1.05,2.3,2024,58,61,60,69
1629627,Zion Williamson,NOP,1970.0,3.14,1.88,4.75,3.85,2.25,6.1,5.18,3.0,8.18,2024,16,15,16,10
1630700,Dyson Daniels,NOP,1164.0,0.05,-0.58,-0.99,-0.06,-0.48,-0.54,-0.29,-1.21,-1.5,2024,255,172,295,207
1641722,Jordan Hawkins,NOP,988.0,-1.0,-1.0,-1.0,-0.41,-0.53,-0.95,-0.72,-1.3,-2.02,2024,302,315,305,262
1630256,Jae'Sean Tate,HOU,888.0,-0.24,-0.62,-0.83,-0.19,-0.53,-0.72,-0.7,-2.01,-2.7,2024,280,244,306,318
1628988,Aaron Holiday,HOU,1108.0,-0.61,-0.52,-1.16,-0.56,-0.48,-1.04,-1.62,-1.38,-3.0,2024,316,338,296,333
1631106,Tari Eason,HOU,431.0,0.36,0.4,0.43,-0.02,-0.11,-0.13,-0.42,-1.32,-1.73,2024,163,163,181,237
1630346,Matt Ryan,NOP,322.0,-0.2,-0.29,-0.58,-0.13,-0.18,-0.31,-1.36,-1.87,-3.23,2024,202,210,214,342
1629111,Jock Landale,HOU,675.0,0.69,0.41,1.13,-0.01,-0.0,-0.01,-0.76,-0.44,-1.2,2024,147,158,150,190
1626204,Larry Nance Jr.,NOP,1052.0,1.02,0.83,2.06,0.48,0.39,0.87,0.89,0.73,1.62,2024,79,84,79,81
201145,Jeff Green,HOU,1172.0,-2.46,-2.07,-3.96,-1.48,-1.22,-2.7,-2.93,-2.39,-5.32,2024,397,401,385,400
203469,Cody Zeller,NOP,256.0,-1.07,-1.01,-1.87,-0.14,-0.13,-0.26,-1.29,-1.19,-2.49,2024,189,217,188,303
1630526,Jeremiah Robinson-Earl,NOP,260.0,-1.09,-2.1,-3.46,-0.11,-0.2,-0.3,-0.84,-1.54,-2.38,2024,201,200,218,296
202687,Bismack Biyombo,MEM,721.0,-1.0,-2.78,-3.57,-0.31,-0.91,-1.22,-0.79,-2.61,-3.4,2024,331,290,366,350
203903,Jordan Clarkson,UTA,1455.0,0.28,0.35,0.84,0.04,0.09,0.13,-0.12,-0.05,-0.16,2024,133,144,132,155
1628374,Lauri Markkanen,UTA,1631.0,2.45,0.87,3.23,1.95,0.66,2.61,2.98,0.98,3.97,2024,46,34,61,37
1628381,John Collins,UTA,1733.0,0.33,0.22,0.47,0.28,0.17,0.45,0.4,0.24,0.64,2024,112,103,116,118
1630534,Ochai Agbaji,UTA,1471.0,0.31,0.38,0.42,0.01,-0.23,-0.22,-0.24,-0.98,-1.22,2024,180,149,229,191
1641718,Keyonte George,UTA,1807.0,-1.0,-1.0,-1.0,-0.8,-0.88,-1.69,-1.1,-1.24,-2.34,2024,363,368,360,289
1630583,Santi Aldama,MEM,1436.0,0.1,-0.27,-0.44,0.05,-0.18,-0.13,0.06,-0.27,-0.21,2024,164,142,215,157
1629012,Collin Sexton,UTA,1846.0,-3.69,-0.99,-4.84,-2.88,-0.78,-3.66,-3.77,-1.02,-4.79,2024,409,412,345,393
1629659,Talen Horton-Tucker,UTA,919.0,-0.57,-1.0,-1.84,-0.31,-0.51,-0.83,-0.95,-1.49,-2.44,2024,290,291,302,300
203482,Kelly Olynyk,UTA,1575.0,0.68,0.0,0.95,0.49,0.03,0.52,0.73,0.08,0.81,2024,104,81,144,109
1631323,Simone Fontecchio,UTA,1500.0,-5.43,-2.17,-7.57,-3.78,-1.48,-5.26,-5.97,-2.3,-8.28,2024,414,415,394,414
1628380,Zach Collins,SAS,1327.0,0.59,1.61,2.11,0.29,0.79,1.08,0.34,0.9,1.24,2024,71,102,53,96
1629640,Keldon Johnson,SAS,1759.0,-1.77,-1.62,-3.61,-1.49,-1.37,-2.86,-2.05,-1.88,-3.94,2024,402,402,390,372
1630170,Devin Vassell,SAS,1985.0,-0.3,-0.16,-0.73,-0.28,-0.15,-0.43,-0.34,-0.18,-0.53,2024,235,284,201,171
1631110,Jeremy Sochan,SAS,1957.0,0.04,-0.88,-1.28,-0.17,-1.48,-1.65,-0.31,-2.16,-2.46,2024,361,230,395,301
1641705,Victor Wembanyama,SAS,1935.0,-1.0,-1.0,-1.0,-0.91,-1.09,-2.0,-1.15,-1.45,-2.59,2024,377,375,378,309
201144,Mike Conley,MIN,2039.0,1.7,0.79,2.99,1.87,0.91,2.79,2.33,1.16,3.49,2024,42,36,45,48
203497,Rudy Gobert,MIN,2380.0,1.12,1.02,2.35,1.66,1.52,3.18,1.85,1.69,3.54,2024,36,38,28,46
1626157,Karl-Anthony Towns,MIN,1854.0,1.77,2.8,4.59,1.97,2.95,4.93,2.79,4.12,6.91,2024,23,33,7,19
1630162,Anthony Edwards,MIN,2473.0,0.93,1.6,2.2,1.17,2.0,3.17,1.18,1.99,3.17,2024,37,52,20,53
1630183,Jaden McDaniels,MIN,1922.0,-0.13,-0.17,-0.57,-0.36,-0.43,-0.79,-0.58,-0.67,-1.25,2024,284,305,287,194
1626224,Cedi Osman,SAS,1106.0,-0.72,-0.61,-1.3,-0.43,-0.36,-0.79,-0.95,-0.79,-1.75,2024,285,319,272,244
1629638,Nickeil Alexander-Walker,MIN,1703.0,-0.93,-1.66,-2.75,-0.85,-1.51,-2.37,-1.26,-2.21,-3.47,2024,390,369,396,353
1629675,Naz Reid,MIN,1736.0,-0.41,-1.62,-2.24,-0.27,-1.09,-1.36,-0.32,-1.33,-1.65,2024,342,279,379,223
1630200,Tre Jones,SAS,1900.0,0.02,0.12,-0.07,-0.15,0.03,-0.12,-0.27,0.0,-0.27,2024,160,223,145,161
1631103,Malaki Branham,SAS,1447.0,-0.61,-2.97,-4.03,-0.6,-2.61,-3.21,-1.18,-4.79,-5.97,2024,405,344,413,407
203937,Kyle Anderson,MIN,1555.0,0.19,0.52,0.87,0.32,0.73,1.05,0.66,1.45,2.11,2024,72,97,57,70
203926,Doug McDermott,SAS,807.0,-3.23,-1.67,-4.63,-1.29,-0.64,-1.92,-3.55,-1.68,-5.23,2024,374,397,329,399
1629003,Shake Milton,MIN,486.0,0.05,0.04,0.06,-0.21,-0.1,-0.31,-1.84,-0.84,-2.67,2024,203,253,178,316
201566,Russell Westbrook,LAC,1351.0,-0.22,-0.92,-0.7,-0.13,-0.54,-0.67,-0.19,-0.77,-0.95,2024,274,211,308,186
201935,James Harden,LAC,2250.0,1.69,0.33,2.41,2.78,0.74,3.52,3.42,0.97,4.38,2024,30,25,56,33
202331,Paul George,LAC,2275.0,3.22,2.51,6.06,3.91,2.94,6.85,4.35,3.23,7.58,2024,10,14,8,16
202695,Kawhi Leonard,LAC,2068.0,4.77,2.5,7.54,5.64,2.85,8.5,7.06,3.53,10.59,2024,5,6,9,4
1627826,Ivica Zubac,LAC,1652.0,-1.22,-0.54,-1.85,-0.85,-0.37,-1.23,-1.11,-0.49,-1.59,2024,333,370,275,214
1630538,Bones Hyland,LAC,485.0,-0.06,-0.78,-1.11,-0.02,-0.15,-0.17,-0.13,-0.55,-0.68,2024,170,164,202,175
1629611,Terance Mann,LAC,1691.0,0.55,0.31,0.83,0.32,0.19,0.51,0.34,0.23,0.57,2024,107,98,110,123
200782,P.J. Tucker,LAC,441.0,14.2,-16.32,-1.49,1.31,-1.93,-0.62,0.39,-4.28,-3.89,2024,267,48,409,370
1626181,Norman Powell,LAC,1735.0,-4.6,-2.08,-6.53,-3.42,-1.55,-4.97,-4.45,-2.01,-6.46,2024,413,413,397,411
1629599,Amir Coffey,LAC,1300.0,-0.46,-1.33,-1.88,-0.37,-1.03,-1.39,-0.75,-2.06,-2.81,2024,350,307,374,321
1641738,Kobe Brown,LAC,351.0,-1.0,-1.0,-1.0,-0.11,-0.17,-0.28,-0.48,-1.17,-1.65,2024,195,201,210,224
201142,Kevin Durant,PHO,2490.0,3.79,2.03,6.26,5.73,3.12,8.85,6.05,3.31,9.37,2024,4,5,5,8
203078,Bradley Beal,PHO,1601.0,1.25,0.9,2.29,1.15,0.78,1.92,1.83,1.21,3.04,2024,56,53,54,56
203994,Jusuf Nurkic,PHO,1871.0,0.18,0.36,0.63,0.18,0.36,0.54,0.25,0.49,0.74,2024,101,114,85,114
1628960,Grayson Allen,PHO,2194.0,-1.12,-0.51,-1.6,-1.11,-0.5,-1.62,-1.2,-0.54,-1.74,2024,359,390,299,241
1628966,Keita Bates-Diop,PHO,541.0,-0.07,-0.08,-0.12,-0.1,-0.15,-0.25,-0.72,-1.06,-1.79,2024,188,194,203,248
2544,LeBron James,LAL,2324.0,3.5,1.23,5.42,5.13,1.93,7.06,5.85,2.24,8.1,2024,9,10,21,11
203076,Anthony Davis,LAL,2453.0,2.25,1.87,4.27,3.59,2.75,6.35,3.92,2.94,6.86,2024,12,17,11,20
1626156,D'Angelo Russell,LAL,2290.0,0.27,0.15,0.39,0.54,0.29,0.83,0.68,0.36,1.03,2024,83,76,95,104
1627752,Taurean Prince,LAL,1923.0,-0.59,-1.78,-2.29,-0.66,-2.06,-2.71,-0.89,-2.8,-3.68,2024,399,353,411,363
1629629,Cam Reddish,LAL,894.0,-1.51,-5.41,-7.14,-0.58,-2.07,-2.65,-1.18,-4.19,-5.37,2024,396,340,412,402
1630559,Austin Reaves,LAL,2394.0,0.13,0.15,0.14,0.12,0.15,0.27,0.11,0.15,0.25,2024,122,124,120,140
201569,Eric Gordon,PHO,1650.0,-0.96,-1.15,-1.67,-0.96,-1.2,-2.16,-1.53,-1.95,-3.48,2024,383,381,381,354
1629006,Josh Okogie,PHO,846.0,-0.36,-0.37,-0.89,-0.24,-0.24,-0.48,-0.86,-0.87,-1.73,2024,243,267,233,238
1629139,Yuta Watanabe,PHO,379.0,-1.04,-1.74,-2.69,-0.14,-0.24,-0.37,-0.63,-1.13,-1.75,2024,216,218,234,245
1629234,Drew Eubanks,PHO,1037.0,-1.17,-1.08,-2.35,-0.48,-0.44,-0.92,-0.74,-0.68,-1.42,2024,298,327,288,199
1626174,Christian Wood,LAL,781.0,-0.24,-0.75,-0.96,0.01,0.06,0.07,0.33,1.21,1.54,2024,142,150,138,84
1629060,Rui Hachimura,LAL,1659.0,-1.27,-0.59,-2.01,-1.31,-0.62,-1.93,-2.08,-1.01,-3.09,2024,375,398,323,335
1629637,Jaxson Hayes,LAL,800.0,-0.5,-0.29,-1.06,-0.12,-0.07,-0.19,-0.1,-0.05,-0.15,2024,173,206,168,154
1630692,Jordan Goodwin,PHO,910.0,-0.12,-0.7,-0.97,-0.02,-0.13,-0.15,0.07,0.15,0.22,2024,167,165,189,142
203084,Harrison Barnes,SAC,2133.0,-0.18,-0.2,-0.17,-0.31,-0.25,-0.56,-0.41,-0.31,-0.72,2024,258,292,237,179
1627734,Domantas Sabonis,SAC,2550.0,3.45,1.51,4.93,5.3,2.3,7.6,5.44,2.36,7.8,2024,8,8,15,13
1628989,Kevin Huerter,SAC,1406.0,1.9,1.66,3.41,1.1,0.96,2.06,1.43,1.25,2.69,2024,51,55,43,61
1631099,Keegan Murray,SAC,2277.0,0.28,0.28,0.28,0.23,0.23,0.46,0.21,0.22,0.43,2024,111,110,106,130
1631165,Keon Ellis,SAC,861.0,-0.32,-0.32,-0.84,-0.13,-0.14,-0.27,-0.34,-0.34,-0.69,2024,192,212,194,176
1628983,Shai Gilgeous-Alexander,OKC,2300.0,4.22,1.67,5.74,6.0,2.32,8.32,6.81,2.62,9.44,2024,6,4,14,7
1628370,Malik Monk,SAC,1576.0,0.9,0.87,1.62,0.57,0.56,1.13,0.7,0.69,1.39,2024,69,72,66,90
203458,Alex Len,SAC,404.0,-1.4,-1.48,-2.73,-0.26,-0.28,-0.54,-1.42,-1.53,-2.96,2024,256,276,248,329
1630558,Davion Mitchell,SAC,922.0,-1.44,-0.97,-2.55,-0.88,-0.6,-1.48,-2.68,-1.84,-4.51,2024,353,373,318,385
1630537,Chris Duarte,SAC,633.0,-0.49,-1.77,-2.35,-0.22,-0.79,-1.01,-1.0,-3.56,-4.57,2024,310,256,348,390
1628426,Sasha Vezenkov,SAC,443.0,-1.0,-1.0,-1.0,-0.19,-0.19,-0.37,-0.86,-0.86,-1.72,2024,217,245,216,235
201567,Kevin Love,MIA,796.0,-0.69,-0.66,-0.89,0.0,-0.01,-0.01,0.81,0.68,1.49,2024,148,155,154,86
202397,Ish Smith,CHO,621.0,-1.04,-2.35,-2.95,-0.31,-0.88,-1.19,-1.18,-3.95,-5.13,2024,326,293,361,397
1641733,Nick Smith Jr.,CHO,622.0,-1.0,-1.0,-1.0,-0.22,-0.28,-0.5,-0.63,-1.0,-1.63,2024,248,257,249,221
203991,Clint Capela,ATL,1698.0,1.43,0.54,2.06,1.46,0.56,2.01,2.25,0.86,3.12,2024,52,44,67,54
203992,Bogdan Bogdanovic,ATL,2138.0,0.8,0.19,1.2,1.0,0.28,1.28,1.22,0.35,1.58,2024,65,57,97,83
1627749,Dejounte Murray,ATL,2493.0,1.2,0.55,1.72,1.9,0.87,2.76,2.03,0.93,2.95,2024,44,35,47,58
1629631,De'Andre Hunter,ATL,1507.0,-2.07,-0.67,-2.83,-1.89,-0.62,-2.51,-3.31,-1.1,-4.4,2024,394,406,324,382
1630552,Jalen Johnson,ATL,1684.0,-0.14,-0.03,-0.5,-0.09,-0.01,-0.11,-0.11,-0.01,-0.12,2024,159,188,155,152
202692,Alec Burks,DET,1056.0,0.45,0.74,1.46,0.27,0.38,0.65,0.62,0.73,1.35,2024,95,106,81,91
1628995,Kevin Knox II,DET,510.0,-1.4,-2.59,-4.2,-0.36,-0.67,-1.03,-1.61,-2.95,-4.56,2024,314,306,334,389
1630168,Onyeka Okongwu,ATL,1228.0,0.65,0.38,0.76,0.46,0.22,0.68,0.94,0.38,1.33,2024,93,86,107,92
1630180,Saddiq Bey,ATL,1841.0,-0.63,-0.03,-0.87,-0.54,-0.04,-0.58,-0.71,-0.06,-0.77,2024,261,333,160,182
1631093,Jaden Ivey,DET,1998.0,-1.13,-4.63,-6.15,-1.24,-4.97,-6.21,-1.56,-6.22,-7.78,2024,415,396,415,413
1630235,Trent Forrest,ATL,367.0,-0.97,-0.89,-2.01,-0.21,-0.19,-0.4,-1.48,-1.37,-2.86,2024,223,254,217,323
1629726,Garrison Mathews,ATL,894.0,-1.58,-0.46,-2.07,-0.86,-0.25,-1.11,-2.56,-0.73,-3.28,2024,320,371,238,343
204456,T.J. McConnell,IND,1172.0,1.14,0.29,1.64,0.59,0.16,0.75,0.99,0.29,1.28,2024,91,71,119,95
1630543,Isaiah Jackson,IND,660.0,0.02,0.18,-0.14,-0.09,-0.01,-0.1,-0.62,-0.24,-0.86,2024,158,189,156,183
1627863,Danuel House Jr.,PHI,455.0,-1.07,-1.27,-2.19,-0.32,-0.38,-0.7,-1.87,-2.29,-4.15,2024,279,295,277,375
1627788,Furkan Korkmaz,PHI,254.0,-0.43,-1.6,-2.12,-0.08,-0.27,-0.35,-0.81,-2.88,-3.7,2024,210,181,244,364
1630231,KJ Martin,PHI,646.0,-0.18,-0.42,-0.6,-0.1,-0.23,-0.33,-0.45,-1.09,-1.55,2024,206,195,230,208
1629651,Nic Claxton,BRK,1964.0,1.41,1.23,2.43,1.57,1.35,2.92,2.07,1.79,3.86,2024,41,42,37,40
1629048,Goga Bitadze,ORL,837.0,1.55,1.52,2.86,0.38,0.37,0.75,0.3,0.3,0.6,2024,92,91,83,120
1630532,Franz Wagner,ORL,2160.0,3.03,3.28,5.98,2.93,3.17,6.1,3.21,3.48,6.7,2024,17,22,4,23
1630591,Jalen Suggs,ORL,1840.0,-0.6,-1.42,-2.35,-0.72,-1.61,-2.32,-1.05,-2.31,-3.36,2024,387,360,398,348
1631094,Paolo Banchero,ORL,2527.0,-0.06,-0.81,-1.27,-0.17,-1.21,-1.37,-0.19,-1.25,-1.44,2024,345,231,382,201
1641710,Anthony Black,ORL,1045.0,-1.0,-1.0,-1.0,-0.43,-0.57,-0.99,-0.7,-1.32,-2.02,2024,307,320,312,263
204060,Joe Ingles,ORL,1010.0,0.02,0.15,0.68,0.03,0.08,0.1,0.1,0.18,0.28,2024,139,145,135,139
1630175,Cole Anthony,ORL,1606.0,0.1,-0.59,-0.76,0.05,-0.45,-0.4,0.04,-0.64,-0.61,2024,224,143,291,173
1629021,Moritz Wagner,ORL,1280.0,0.55,0.34,0.8,0.33,0.2,0.52,0.54,0.32,0.86,2024,105,95,109,108
1628371,Jonathan Isaac,ORL,816.0,0.26,0.3,0.46,0.11,0.13,0.25,0.33,0.41,0.74,2024,125,127,124,115
1631216,Caleb Houstan,ORL,722.0,-0.63,-0.68,-1.69,-0.42,-0.45,-0.87,-1.91,-2.02,-3.93,2024,292,317,292,371
1629643,Chuma Okeke,ORL,358.0,-0.69,-2.59,-3.43,-0.07,-0.26,-0.33,-0.27,-0.95,-1.22,2024,207,173,241,192
1630577,Julian Champagnie,SAS,1327.0,-0.26,-0.75,-1.34,-0.3,-0.72,-1.02,-0.72,-1.58,-2.3,2024,312,288,338,288
1629026,Kenrich Williams,OKC,922.0,1.22,1.34,2.65,0.38,0.41,0.79,0.37,0.4,0.77,2024,85,92,76,112
1628984,Devonte' Graham,SAS,269.0,-0.1,-0.26,-0.33,-0.01,-0.04,-0.06,-0.13,-0.45,-0.57,2024,152,159,161,172
1630544,Tre Mann,CHO,895.0,-1.14,-1.9,-3.38,-0.6,-0.98,-1.58,-1.87,-2.95,-4.82,2024,355,345,370,395
1631230,Dominick Barlow,SAS,353.0,-0.23,0.04,-0.64,-0.25,-0.12,-0.37,-2.51,-1.3,-3.81,2024,218,272,183,367
1630197,Aleksej Pokusevski,CHO,349.0,-1.46,-2.09,-3.88,-0.21,-0.29,-0.5,-1.34,-1.86,-3.2,2024,249,255,251,340
1630529,Herbert Jones,NOP,2085.0,1.76,1.51,3.12,1.61,1.38,2.99,1.81,1.55,3.35,2024,39,39,36,51
1630230,Naji Marshall,NOP,1081.0,-0.45,-0.69,-1.24,-0.37,-0.56,-0.94,-1.05,-1.57,-2.62,2024,301,308,310,311
1626158,Richaun Holmes,WAS,494.0,-1.62,-0.72,-2.19,-0.25,-0.1,-0.35,-0.78,-0.3,-1.08,2024,211,273,179,188
1641871,Duop Reath,POR,1125.0,-1.0,-1.0,-1.0,-0.55,-0.5,-1.05,-1.11,-0.9,-2.01,2024,318,336,300,261
1631200,Kris Murray,POR,1212.0,-1.0,-1.0,-1.0,-0.5,-0.64,-1.14,-0.77,-1.3,-2.07,2024,324,330,330,268
1631303,Justin Minaya,POR,336.0,-0.49,-1.38,-2.08,-0.1,-0.32,-0.42,-0.77,-2.71,-3.49,2024,232,196,264,355
1641712,Rayan Rupert,POR,558.0,-1.0,-1.0,-1.0,-0.18,-0.28,-0.46,-0.46,-1.22,-1.68,2024,239,237,250,228
1627739,Kris Dunn,UTA,1142.0,-0.06,-0.07,-0.04,-0.08,-0.07,-0.15,-0.27,-0.21,-0.48,2024,168,182,169,169
1629677,Luka Samanic,UTA,367.0,-0.1,-0.61,-0.92,-0.07,-0.27,-0.34,-0.68,-2.42,-3.09,2024,208,174,245,336
1630209,Omer Yurtseven,UTA,490.0,0.27,0.29,0.41,-0.05,-0.07,-0.12,-0.64,-0.79,-1.42,2024,161,170,170,200
203200,Justin Holiday,DEN,772.0,-2.77,-2.59,-4.97,-0.94,-0.88,-1.82,-2.44,-2.26,-4.69,2024,370,377,362,391
1641764,Brandin Podziemski,GSW,1694.0,-1.0,-1.0,-1.0,-0.88,-0.86,-1.74,-1.28,-1.24,-2.52,2024,366,374,357,305
1631218,Trayce Jackson-Davis,GSW,1008.0,-1.0,-1.0,-1.0,-0.53,-0.44,-0.97,-1.22,-0.8,-2.03,2024,304,332,289,265
1628972,Troy Brown Jr.,DET,755.0,-0.33,-0.53,-1.07,-0.2,-0.29,-0.49,-0.79,-1.11,-1.9,2024,245,249,252,256
1631108,Max Christie,LAL,863.0,-0.3,-1.75,-2.5,-0.18,-0.84,-1.02,-0.6,-2.38,-2.99,2024,313,238,353,332
1628970,Miles Bridges,CHO,2235.0,0.52,1.22,1.38,0.62,1.39,2.01,0.73,1.59,2.32,2024,53,68,34,67
1641748,Andre Jackson Jr.,MIL,499.0,-1.0,-1.0,-1.0,-0.22,-0.21,-0.43,-0.9,-0.84,-1.74,2024,236,258,222,242
203095,Evan Fournier,DET,512.0,-0.56,-2.31,-2.66,-0.12,-0.47,-0.59,-0.43,-1.59,-2.03,2024,263,207,293,266
1630215,Jared Butler,WAS,505.0,-0.71,-0.65,-1.64,-0.18,-0.16,-0.34,-0.88,-0.81,-1.69,2024,209,239,208,230
1630579,Jericho Sims,NYK,525.0,-0.71,-0.53,-1.24,-0.23,-0.17,-0.4,-1.07,-0.77,-1.85,2024,225,260,211,253
1629027,Trae Young,ATL,1711.0,1.78,0.63,2.26,2.23,0.72,2.95,3.64,1.14,4.79,2024,40,30,58,28
202083,Wesley Matthews,ATL,364.0,-1.4,-1.69,-2.51,-0.29,-0.38,-0.67,-2.02,-2.77,-4.79,2024,275,286,278,394
1641854,Craig Porter,CLE,575.0,-1.0,-1.0,-1.0,-0.24,-0.27,-0.5,-0.77,-0.99,-1.76,2024,250,268,246,246
203471,Dennis Schroder,TOR,2215.0,-1.65,-0.68,-2.18,-1.96,-0.74,-2.7,-2.34,-0.86,-3.2,2024,398,407,340,341
1627751,Jakob Poeltl,TOR,1221.0,0.94,0.5,1.47,0.6,0.32,0.92,1.28,0.68,1.96,2024,77,70,92,73
1627783,Pascal Siakam,TOR,2392.0,1.99,0.57,2.66,2.52,0.72,3.24,2.76,0.79,3.55,2024,34,27,59,45
1629018,Gary Trent Jr.,TOR,1790.0,-1.42,-1.48,-3.05,-0.98,-1.02,-2.0,-1.29,-1.34,-2.62,2024,378,385,373,312
1630567,Scottie Barnes,TOR,1877.0,0.44,0.42,0.53,0.44,0.4,0.84,0.62,0.56,1.18,2024,82,88,77,98
201143,Al Horford,BOS,1578.0,0.56,0.24,1.38,0.86,0.51,1.37,1.71,1.08,2.79,2024,61,60,69,60
1641711,Gradey Dick,TOR,1155.0,-1.0,-1.0,-1.0,-0.43,-0.56,-0.99,-0.67,-1.18,-1.86,2024,308,321,311,254
1628449,Chris Boucher,TOR,624.0,0.24,0.09,0.54,0.08,0.03,0.11,0.32,0.14,0.47,2024,138,134,146,129
1629667,Jalen McDaniels,TOR,461.0,-0.41,-1.57,-2.07,-0.11,-0.39,-0.5,-0.64,-2.27,-2.91,2024,251,202,280,326
1630173,Precious Achiuwa,NYK,1455.0,-0.61,-0.91,-1.73,-0.73,-1.05,-1.78,-1.44,-2.05,-3.5,2024,367,361,376,356
1630201,Malachi Flynn,TOR,779.0,-0.88,-3.14,-4.17,-0.3,-1.07,-1.37,-0.87,-3.1,-3.97,2024,346,289,377,374
1628368,De'Aaron Fox,SAC,2343.0,-0.17,-0.14,-0.4,0.06,0.06,0.13,0.17,0.16,0.33,2024,134,139,139,135
1631104,Blake Wesley,SAS,741.0,-2.26,-4.14,-6.85,-0.99,-1.82,-2.81,-3.51,-6.43,-9.94,2024,401,386,405,415
201580,JaVale McGee,SAC,288.0,-1.25,-2.84,-3.58,-0.11,-0.29,-0.4,-0.59,-1.98,-2.57,2024,226,203,253,307
1630572,Sandro Mamukelashvili,SAS,396.0,-2.32,-1.44,-3.97,-0.33,-0.2,-0.53,-1.5,-0.92,-2.42,2024,253,298,219,299
203914,Gary Harris,ORL,1168.0,-1.77,-2.19,-3.87,-1.0,-1.24,-2.25,-1.88,-2.34,-4.22,2024,385,388,386,376
1630245,Ayo Dosunmu,CHI,1925.0,-1.62,-0.78,-2.61,-1.77,-0.87,-2.64,-2.37,-1.17,-3.54,2024,395,405,358,357
1631124,Julian Strawther,DEN,456.0,-1.0,-1.0,-1.0,-0.14,-0.23,-0.38,-0.44,-1.24,-1.67,2024,219,219,231,226
1626164,Devin Booker,PHO,2138.0,2.53,0.89,3.39,3.2,1.08,4.28,3.92,1.3,5.22,2024,26,21,41,26
1629642,Nassir Little,PHO,388.0,-0.58,-0.76,-1.61,-0.18,-0.22,-0.4,-1.35,-1.66,-3.01,2024,227,240,225,334
1628464,Daniel Theis,LAC,896.0,-1.09,-0.91,-1.8,-0.49,-0.4,-0.89,-1.22,-0.98,-2.21,2024,294,329,282,280
1628384,OG Anunoby,TOR,1531.0,0.38,0.31,0.6,0.28,0.25,0.53,0.44,0.43,0.87,2024,102,104,103,107
202066,Garrett Temple,TOR,252.0,-1.61,-3.89,-4.93,-0.12,-0.36,-0.48,-0.95,-3.28,-4.23,2024,244,208,273,377
1641767,Ben Sheppard,IND,721.0,-1.0,-1.0,-1.0,-0.31,-0.33,-0.64,-0.84,-0.97,-1.82,2024,270,294,267,251
202684,Tristan Thompson,CLE,496.0,-1.08,-1.21,-1.81,-0.37,-0.44,-0.81,-2.11,-2.58,-4.69,2024,287,309,290,392
1630241,Sam Merrill,CLE,937.0,-1.24,-0.59,-1.86,-0.58,-0.27,-0.84,-1.37,-0.61,-1.98,2024,291,341,247,259
1629002,Chimezie Metu,PHO,751.0,-0.14,-0.64,-0.86,-0.08,-0.34,-0.42,-0.35,-1.3,-1.66,2024,233,183,269,225
201565,Derrick Rose,MEM,360.0,-0.02,0.01,0.44,-0.0,-0.0,-0.01,-0.02,-0.05,-0.07,2024,149,156,151,151
1641713,GG Jackson,MEM,1081.0,-1.0,-1.0,-1.0,-0.45,-0.59,-1.04,-0.73,-1.34,-2.07,2024,317,322,316,269
1629628,RJ Barrett,TOR,1663.0,-1.69,-1.1,-3.06,-1.33,-0.88,-2.21,-2.0,-1.32,-3.33,2024,384,399,363,346
1628997,Caleb Martin,MIA,1562.0,-0.32,-1.0,-1.29,-0.26,-0.85,-1.12,-0.41,-1.35,-1.76,2024,321,277,355,247
1641763,Julian Phillips,CHI,275.0,-1.0,-1.0,-1.0,-0.07,-0.14,-0.21,-0.39,-1.23,-1.62,2024,178,175,195,220
1630587,Isaiah Livers,DET,399.0,-0.09,-0.58,-0.81,-0.07,-0.29,-0.36,-0.65,-2.32,-2.97,2024,212,176,254,330
1631260,AJ Green,MIL,526.0,-0.42,-0.08,-0.71,-0.15,-0.05,-0.2,-0.83,-0.31,-1.14,2024,176,224,164,189
1626168,Trey Lyles,SAC,973.0,-1.77,-1.28,-3.02,-0.73,-0.53,-1.25,-1.31,-0.94,-2.26,2024,337,362,307,286
1630631,Jose Alvarado,NOP,886.0,0.62,1.16,1.63,0.17,0.31,0.48,0.15,0.25,0.4,2024,109,116,93,131
1631207,Dalen Terry,CHI,606.0,0.11,-0.36,-0.64,0.01,-0.09,-0.08,-0.04,-0.31,-0.35,2024,157,151,173,165
1630205,Lamar Stevens,MEM,489.0,-1.02,-3.5,-4.61,-0.23,-0.78,-1.01,-0.99,-3.5,-4.49,2024,311,261,346,384
1628981,Bruno Fernando,ATL,615.0,-0.92,-0.73,-1.8,-0.35,-0.29,-0.64,-1.56,-1.25,-2.81,2024,271,303,255,322
1626179,Terry Rozier,CHO,1849.0,0.33,0.18,0.6,0.33,0.19,0.52,0.47,0.27,0.74,2024,106,96,111,116
1629670,Jordan Nwora,TOR,633.0,-1.12,-3.96,-5.23,-0.27,-0.96,-1.23,-0.85,-3.02,-3.88,2024,334,280,369,369
1641716,Jarace Walker,IND,288.0,-1.0,-1.0,-1.0,-0.08,-0.14,-0.22,-0.46,-1.15,-1.61,2024,181,184,196,219
1631116,Patrick Baldwin,WAS,455.0,-0.44,-1.74,-2.57,-0.08,-0.29,-0.36,-0.35,-1.24,-1.59,2024,213,185,256,215
1628365,Markelle Fultz,ORL,826.0,0.38,0.39,0.61,0.11,0.14,0.25,0.18,0.35,0.53,2024,126,128,122,125
1628976,Wendell Carter Jr.,ORL,1293.0,0.82,0.65,1.26,0.55,0.42,0.97,1.0,0.75,1.75,2024,75,74,73,78
1641708,Amen Thompson,HOU,1244.0,-1.0,-1.0,-1.0,-0.59,-0.61,-1.21,-1.04,-1.11,-2.15,2024,329,343,321,275
203493,Reggie Bullock Jr.,HOU,371.0,-0.15,0.13,0.25,-0.07,-0.21,-0.28,-0.65,-2.24,-2.89,2024,196,177,223,325
1641715,Cam Whitmore,HOU,754.0,-1.0,-1.0,-1.0,-0.29,-0.38,-0.68,-0.64,-1.19,-1.83,2024,277,287,279,252
203468,CJ McCollum,NOP,1955.0,0.5,0.22,0.99,0.68,0.34,1.02,0.94,0.49,1.43,2024,74,66,88,89
1631222,Jake LaRavia,MEM,696.0,-1.14,-2.76,-4.23,-0.37,-0.89,-1.25,-1.1,-2.66,-3.76,2024,338,310,365,365
1631117,Walker Kessler,UTA,1334.0,1.85,1.35,2.87,1.28,0.9,2.18,2.43,1.67,4.1,2024,48,49,46,35
1641707,Taylor Hendricks,UTA,772.0,-1.0,-1.0,-1.0,-0.33,-0.31,-0.64,-0.91,-0.78,-1.69,2024,272,299,260,231
1641729,Brice Sensabaugh,UTA,520.0,-1.0,-1.0,-1.0,-0.16,-0.25,-0.4,-0.42,-1.14,-1.56,2024,228,226,239,209
1628467,Maxi Kleber,DAL,736.0,-0.54,-0.71,-0.99,-0.25,-0.31,-0.56,-0.88,-1.09,-1.96,2024,259,274,261,258
1629014,Anfernee Simons,POR,1440.0,-0.51,-0.0,-0.72,-0.45,-0.05,-0.49,-0.84,-0.14,-0.97,2024,246,323,165,187
1630703,Scoot Henderson,POR,1610.0,-1.0,-1.0,-1.0,-0.71,-0.87,-1.58,-0.98,-1.36,-2.35,2024,356,357,359,291
203486,Mason Plumlee,LAC,593.0,-0.55,-0.21,-0.42,0.06,0.02,0.08,0.95,0.36,1.31,2024,141,140,147,93
1631107,Nikola Jovic,MIA,823.0,-0.18,-0.67,-1.3,-0.17,-0.41,-0.58,-0.7,-1.48,-2.18,2024,262,232,284,276
1629162,Jordan McLaughlin,MIN,566.0,1.54,0.99,2.5,0.17,0.1,0.28,-0.2,-0.17,-0.37,2024,121,117,128,166
1631115,Orlando Robinson,MIA,265.0,-0.17,-0.22,-0.65,-0.08,-0.09,-0.18,-0.98,-1.13,-2.12,2024,171,186,174,272
1629626,Bol Bol,PHO,431.0,-0.9,-0.53,-1.64,-0.17,-0.1,-0.27,-0.84,-0.53,-1.37,2024,193,233,180,198
1628964,Mo Bamba,PHI,682.0,0.08,0.01,-0.06,0.06,0.08,0.14,0.28,0.53,0.81,2024,132,141,136,110
202722,Davis Bertans,CHO,591.0,-0.73,-0.91,-1.43,-0.23,-0.3,-0.53,-1.0,-1.37,-2.37,2024,254,262,257,294
1630592,Jalen Wilson,BRK,574.0,-1.0,-1.0,-1.0,-0.27,-0.22,-0.49,-1.02,-0.69,-1.71,2024,247,281,226,234
201152,Thaddeus Young,TOR,403.0,0.27,0.22,0.93,0.1,0.09,0.19,0.77,0.71,1.48,2024,130,129,133,87
201599,DeAndre Jordan,DEN,361.0,-2.19,-2.07,-3.81,-0.24,-0.23,-0.47,-1.06,-0.98,-2.04,2024,241,269,232,267
1631311,Lester Quinones,GSW,326.0,-0.38,-0.35,-1.0,-0.09,-0.09,-0.18,-0.81,-0.75,-1.56,2024,172,190,175,210
1629674,Neemias Queta,BOS,293.0,-1.35,-0.87,-2.43,-0.23,-0.14,-0.36,-2.0,-1.17,-3.17,2024,214,263,197,339
1641730,Noah Clowney,BRK,315.0,-1.0,-1.0,-1.0,-0.13,-0.11,-0.24,-0.91,-0.69,-1.6,2024,186,213,182,218
201988,Patty Mills,MIA,360.0,-0.67,-1.18,-1.4,-0.12,-0.34,-0.46,-0.8,-2.74,-3.54,2024,240,209,270,358
1630639,A.J. Lawson,DAL,259.0,-0.65,-1.75,-2.67,-0.07,-0.22,-0.29,-0.6,-2.08,-2.68,2024,198,178,227,317
1630530,Trey Murphy III,NOP,1493.0,-0.03,0.1,-0.2,0.22,0.19,0.41,0.64,0.44,1.08,2024,115,111,112,102
202711,Bojan Bogdanovic,DET,1369.0,-0.22,0.25,0.42,-0.14,0.1,-0.04,-0.22,0.05,-0.17,2024,151,220,129,156
1629020,Jarred Vanderbilt,LAL,525.0,0.37,0.57,0.73,0.09,0.17,0.26,0.36,0.82,1.18,2024,123,131,117,99
1641877,Nathan Mensah,CHO,277.0,-1.0,-1.0,-1.0,-0.07,-0.13,-0.19,-0.35,-1.13,-1.48,2024,174,179,190,205
1630527,Brandon Boston Jr.,LAC,301.0,-0.51,-2.09,-2.93,-0.09,-0.32,-0.41,-0.74,-2.66,-3.4,2024,230,191,265,351
1629630,Ja Morant,MEM,296.0,2.84,1.69,4.31,0.5,0.28,0.78,4.38,2.42,6.8,2024,87,80,98,22
1628998,Cody Martin,CHO,659.0,-0.22,-0.91,-1.1,-0.09,-0.33,-0.42,-0.36,-1.31,-1.68,2024,234,192,268,229
1641741,Ricky Council IV,PHI,250.0,-1.0,-1.0,-1.0,-0.13,-0.07,-0.2,-1.24,-0.45,-1.69,2024,177,214,171,232
1629007,Jontay Porter,TOR,304.0,0.04,-0.33,-1.1,-0.04,-0.09,-0.13,-0.47,-0.88,-1.35,2024,165,168,176,197
1631241,Javon Freeman-Liberty,TOR,368.0,-1.0,-1.0,-1.0,-0.11,-0.15,-0.26,-0.54,-0.92,-1.46,2024,190,204,204,203
1630590,Scotty Pippen Jr.,MEM,482.0,-0.56,-0.51,-1.34,-0.16,-0.15,-0.31,-0.87,-0.8,-1.67,2024,204,227,205,227
1628420,Monte Morris,MIN,409.0,0.0,-0.0,0.03,0.01,0.01,0.01,0.06,0.06,0.12,2024,145,152,148,145
1641998,Trey Jemison,MEM,500.0,-1.0,-1.0,-1.0,-0.19,-0.24,-0.43,-0.65,-1.07,-1.72,2024,237,246,235,236
1641787,Tosan Evbuomwan,DET,349.0,-1.0,-1.0,-1.0,-0.17,-0.12,-0.29,-1.16,-0.57,-1.73,2024,199,234,184,239
1630204,Ashton Hagans,POR,275.0,0.4,-0.02,-0.43,0.01,-0.03,-0.02,-0.09,-0.38,-0.47,2024,150,153,158,168
1630249,Vit Krejci,ATL,475.0,-2.54,-0.69,-3.5,-0.76,-0.21,-0.98,-4.33,-1.22,-5.55,2024,306,365,224,404
1630548,Johnny Juzang,UTA,319.0,-3.37,-1.2,-4.9,-0.46,-0.14,-0.6,-3.37,-0.96,-4.33,2024,266,324,198,380
201143,Al Horford,BOS,1506.0,0.85,1.01,2.49,0.96,1.11,2.07,1.82,2.07,3.9,2025,49,59,41,43
201950,Jrue Holiday,BOS,1735.0,2.17,1.52,4.08,2.08,1.49,3.57,2.98,2.16,5.14,2025,30,26,27,34
1627759,Jaylen Brown,BOS,1994.0,-0.76,-0.88,-1.61,-0.55,-0.63,-1.19,-0.57,-0.65,-1.22,2025,331,331,334,211
1628369,Jayson Tatum,BOS,2328.0,2.81,2.09,4.82,4.22,3.12,7.34,4.77,3.53,8.3,2025,8,10,5,14
1628401,Derrick White,BOS,2368.0,3.78,2.23,6.16,4.93,2.93,7.85,5.2,3.09,8.29,2025,7,7,8,15
203991,Clint Capela,ATL,1075.0,1.78,1.43,3.36,1.0,0.81,1.8,1.73,1.39,3.12,2025,58,56,53,54
1630552,Jalen Johnson,ATL,1120.0,-0.71,-1.47,-2.44,-0.25,-0.55,-0.8,-0.03,-0.15,-0.18,2025,292,258,320,167
1630700,Dyson Daniels,ATL,2260.0,0.62,0.96,1.2,0.79,1.22,2.01,0.83,1.3,2.13,2025,51,67,34,81
1630811,Keaton Wallace,ATL,441.0,-1.0,-1.0,-1.0,-0.17,-0.28,-0.44,-0.53,-1.52,-2.05,2025,234,228,255,258
1642258,Zaccharie Risacher,ATL,1729.0,-1.0,-1.0,-1.0,-1.03,-1.12,-2.15,-1.44,-1.63,-3.06,2025,392,394,394,325
1626204,Larry Nance Jr.,ATL,399.0,0.98,0.56,1.8,0.23,0.13,0.36,1.36,0.78,2.14,2025,123,117,125,79
1629726,Garrison Mathews,ATL,694.0,-1.45,-0.71,-2.13,-0.8,-0.38,-1.18,-3.21,-1.48,-4.68,2025,330,370,289,385
1629674,Neemias Queta,BOS,766.0,0.68,0.55,1.08,0.17,0.13,0.3,0.16,0.13,0.29,2025,126,122,126,143
1630202,Payton Pritchard,BOS,1985.0,-0.06,-0.01,-0.1,0.02,0.03,0.05,0.07,0.05,0.12,2025,158,157,157,154
1630168,Onyeka Okongwu,ATL,1780.0,2.11,1.05,2.94,2.06,1.01,3.07,2.74,1.35,4.09,2025,34,27,44,42
1630573,Sam Hauser,BOS,1389.0,1.72,1.26,2.94,1.18,0.86,2.05,1.83,1.33,3.16,2025,50,47,52,53
1628436,Luke Kornet,BOS,1198.0,0.08,-0.01,0.16,0.41,0.15,0.56,1.46,0.58,2.04,2025,105,93,118,84
1631223,David Roddy,ATL,362.0,-0.76,-3.02,-4.05,-0.22,-0.79,-1.01,-1.61,-5.73,-7.33,2025,315,247,366,423
1641775,Jordan Walsh,BOS,332.0,0.47,0.49,0.5,-0.0,-0.09,-0.1,-0.36,-1.37,-1.72,2025,180,169,187,225
202699,Tobias Harris,DET,2028.0,-0.11,-0.08,0.08,-0.06,-0.03,-0.09,-0.05,-0.01,-0.06,2025,179,187,169,159
203501,Tim Hardaway Jr.,DET,1933.0,-0.89,-0.66,-1.28,-1.38,-0.96,-2.34,-1.95,-1.33,-3.28,2025,395,407,380,335
1630595,Cade Cunningham,DET,2165.0,0.7,0.66,1.09,0.77,0.72,1.48,0.83,0.78,1.61,2025,68,68,58,94
1631093,Jaden Ivey,DET,789.0,-0.52,-1.66,-2.51,-0.35,-0.97,-1.32,-1.34,-3.38,-4.72,2025,343,291,382,387
1631105,Jalen Duren,DET,1801.0,0.51,0.45,0.57,0.45,0.4,0.85,0.57,0.52,1.09,2025,92,88,87,110
1626179,Terry Rozier,MIA,1467.0,-0.1,0.33,0.38,-0.02,0.42,0.39,0.05,0.81,0.86,2025,118,177,85,118
1628389,Bam Adebayo,MIA,2447.0,0.73,0.86,1.56,1.45,1.66,3.11,1.6,1.82,3.42,2025,33,41,24,50
1629312,Haywood Highsmith,MIA,1632.0,-1.71,-2.49,-4.17,-1.67,-2.43,-4.1,-2.4,-3.5,-5.9,2025,423,416,423,410
1629639,Tyler Herro,MIA,2468.0,1.54,0.89,2.28,2.38,1.37,3.74,2.39,1.37,3.76,2025,27,23,32,45
1631107,Nikola Jović,MIA,1051.0,1.17,1.17,1.96,0.55,0.55,1.1,0.69,0.69,1.38,2025,82,79,72,103
1631170,Jaime Jaquez Jr.,MIA,1231.0,0.38,0.59,0.7,0.1,-0.04,0.06,-0.16,-0.96,-1.11,2025,156,132,173,206
1627736,Malik Beasley,DET,1970.0,-2.04,-1.19,-3.2,-2.42,-1.41,-3.82,-3.08,-1.79,-4.88,2025,418,428,404,393
1630191,Isaiah Stewart,DET,1250.0,0.04,0.04,-0.19,-0.32,-0.3,-0.62,-1.19,-1.15,-2.34,2025,269,280,265,281
1629130,Duncan Robinson,MIA,1626.0,-0.45,-0.45,-0.76,-0.66,-0.65,-1.31,-1.14,-1.14,-2.28,2025,342,352,340,276
1631323,Simone Fontecchio,DET,1100.0,-0.65,-1.53,-2.09,-0.46,-1.14,-1.6,-1.04,-2.67,-3.71,2025,368,317,396,355
1641842,Ronald Holland II,DET,1130.0,-1.0,-1.0,-1.0,-0.63,-0.63,-1.26,-1.21,-1.21,-2.41,2025,337,345,335,286
1641796,Pelle Larsson,MIA,686.0,-1.0,-1.0,-1.0,-0.36,-0.39,-0.76,-1.03,-1.2,-2.23,2025,287,295,292,273
1642276,Kel'el Ware,MIA,1317.0,-1.0,-1.0,-1.0,-0.78,-0.83,-1.6,-1.28,-1.45,-2.74,2025,369,366,370,310
203484,Kentavious Caldwell-Pope,ORL,2062.0,-0.12,-0.05,0.04,-0.3,-0.38,-0.67,-0.43,-0.6,-1.02,2025,276,271,290,202
1629048,Goga Bitadze,ORL,1293.0,2.01,1.99,3.85,1.24,1.22,2.46,1.88,1.86,3.74,2025,41,43,35,46
1630532,Franz Wagner,ORL,1846.0,1.88,2.75,4.36,1.72,2.48,4.2,2.23,3.21,5.44,2025,24,31,10,32
1630591,Jalen Suggs,ORL,890.0,0.19,0.01,-0.07,0.04,-0.08,-0.05,-0.05,-0.44,-0.48,2025,171,153,184,177
1641783,Tristan da Silva,ORL,1467.0,-1.0,-1.0,-1.0,-0.71,-0.88,-1.6,-1.03,-1.5,-2.53,2025,370,358,374,295
201959,Taj Gibson,CHO,352.0,-0.87,-1.23,-1.41,-0.19,-0.53,-0.72,-1.37,-4.69,-6.06,2025,282,236,318,414
1629684,Grant Williams,CHO,409.0,-0.83,-1.04,-1.96,-0.21,-0.26,-0.47,-1.27,-1.57,-2.84,2025,242,243,246,317
1630163,LaMelo Ball,CHO,1359.0,0.81,0.87,1.41,0.95,1.05,2.01,2.1,2.34,4.43,2025,52,60,42,38
1630182,Josh Green,CHO,1704.0,-0.48,-1.31,-2.0,-0.61,-1.56,-2.17,-0.96,-2.42,-3.39,2025,393,342,409,340
1641706,Brandon Miller,CHO,778.0,-0.53,-2.46,-3.32,-0.27,-1.11,-1.37,-0.85,-3.22,-4.07,2025,347,264,393,373
1631217,Moussa Diabate,CHO,1039.0,-0.19,-0.09,-0.55,-0.18,-0.12,-0.3,-0.55,-0.4,-0.95,2025,209,231,193,197
1628371,Jonathan Isaac,ORL,932.0,1.65,4.11,5.73,0.75,1.94,2.69,1.61,4.31,5.93,2025,38,71,19,29
1641710,Anthony Black,ORL,1663.0,-0.37,-2.04,-2.8,-0.43,-2.1,-2.53,-0.71,-3.23,-3.94,2025,401,309,418,364
203552,Seth Curry,CHO,934.0,-1.75,-0.89,-2.25,-1.07,-0.47,-1.54,-2.88,-1.13,-4.01,2025,365,397,307,368
1628998,Cody Martin,CHO,961.0,-0.46,-1.3,-1.67,-0.3,-0.94,-1.23,-0.81,-2.7,-3.51,2025,335,272,379,346
203914,Gary Harris,ORL,618.0,-0.73,-2.09,-2.67,-0.21,-0.64,-0.85,-0.66,-2.22,-2.87,2025,298,244,337,318
1629021,Moritz Wagner,ORL,492.0,0.68,0.38,1.03,0.25,0.14,0.39,1.47,0.77,2.24,2025,119,115,121,75
203995,Vasilije Micić,CHO,678.0,-0.55,-1.25,-1.59,-0.34,-1.04,-1.38,-1.53,-5.22,-6.75,2025,350,287,389,417
1630175,Cole Anthony,ORL,1070.0,0.19,-0.94,-0.96,0.09,-0.35,-0.25,0.16,-0.28,-0.12,2025,194,138,280,164
1642275,Tidjane Salaün,CHO,1046.0,-1.0,-1.0,-1.0,-0.49,-0.66,-1.15,-0.82,-1.53,-2.34,2025,325,322,344,282
202709,Cory Joseph,ORL,531.0,-0.49,-0.55,-0.71,-0.27,-0.36,-0.63,-1.64,-2.24,-3.89,2025,272,265,285,361
1630243,Trevelin Queen,ORL,350.0,-0.09,-0.29,-0.41,-0.08,-0.28,-0.36,-0.8,-2.82,-3.62,2025,221,193,256,352
1631216,Caleb Houstan,ORL,685.0,-0.75,-0.67,-1.76,-0.42,-0.38,-0.8,-1.81,-1.66,-3.47,2025,293,306,291,344
1641724,Jett Howard,ORL,592.0,0.01,-0.58,-0.97,-0.03,-0.22,-0.25,-0.23,-0.95,-1.18,2025,195,181,234,210
1641733,Nick Smith Jr.,CHO,1248.0,-0.93,-3.83,-5.21,-0.78,-3.05,-3.83,-1.61,-6.06,-7.67,2025,419,367,426,425
200768,Kyle Lowry,PHI,590.0,-0.19,-0.4,0.04,-0.1,-0.11,-0.21,-0.52,-0.38,-0.9,2025,189,201,192,193
202331,Paul George,PHI,1226.0,0.62,1.84,2.85,0.46,1.47,1.93,0.97,3.2,4.17,2025,55,87,29,40
203954,Joel Embiid,PHI,513.0,4.78,2.41,7.34,1.81,0.92,2.73,10.01,5.09,15.1,2025,36,29,49,2
1626162,Kelly Oubre Jr.,PHI,1892.0,-1.33,-1.42,-2.65,-1.45,-1.55,-2.99,-1.95,-2.09,-4.04,2025,411,410,408,369
1628997,Caleb Martin,PHI,1091.0,-0.39,-1.09,-1.38,-0.24,-0.72,-0.96,-0.51,-1.68,-2.19,2025,310,254,357,268
1626157,Karl-Anthony Towns,NYK,2323.0,2.28,1.46,3.83,3.25,2.02,5.27,3.64,2.24,5.87,2025,16,19,17,30
1628384,OG Anunoby,NYK,2477.0,1.03,0.73,1.73,1.24,0.88,2.13,1.2,0.85,2.05,2025,47,44,50,83
1628404,Josh Hart,NYK,2644.0,0.86,0.24,1.18,1.2,0.36,1.55,1.11,0.34,1.45,2025,63,46,94,98
1628969,Mikal Bridges,NYK,2755.0,0.96,0.46,1.45,1.48,0.72,2.2,1.36,0.66,2.02,2025,46,40,59,85
1628973,Jalen Brunson,NYK,2065.0,3.2,0.91,4.13,4.14,1.17,5.31,5.24,1.49,6.73,2025,14,11,37,19
203083,Andre Drummond,PHI,692.0,-0.16,-0.03,0.02,-0.04,-0.02,-0.06,-0.07,-0.11,-0.18,2025,176,184,167,168
1627824,Guerschon Yabusele,PHI,1736.0,-1.0,-1.0,-1.0,-1.03,-0.86,-1.89,-1.51,-1.17,-2.68,2025,380,395,372,304
1630288,Jeff Dowtin Jr.,PHI,569.0,-0.76,-0.25,-1.04,-0.22,-0.07,-0.29,-0.88,-0.26,-1.14,2025,203,248,182,208
1630540,Miles McBride,NYK,1397.0,-0.23,-0.11,-0.55,-0.28,-0.17,-0.45,-0.62,-0.41,-1.03,2025,237,267,213,203
1630579,Jericho Sims,NYK,518.0,-0.78,-1.01,-1.87,-0.23,-0.29,-0.52,-1.06,-1.37,-2.44,2025,249,252,259,288
1642272,Jared McCain,PHI,532.0,-1.0,-1.0,-1.0,-0.3,-0.19,-0.48,-1.34,-0.5,-1.84,2025,246,273,221,240
1626166,Cameron Payne,NYK,990.0,-0.05,-0.08,0.02,-0.18,-0.14,-0.32,-0.75,-0.55,-1.31,2025,211,232,197,214
1641737,Adem Bona,PHI,820.0,-1.0,-1.0,-1.0,-0.43,-0.37,-0.8,-1.17,-0.83,-2.01,2025,294,310,288,255
1641741,Ricky Council IV,PHI,1131.0,-0.01,-0.57,-0.85,0.02,-0.18,-0.16,0.08,-0.01,0.07,2025,185,158,218,156
201572,Brook Lopez,MIL,2310.0,0.31,0.1,0.92,0.48,0.21,0.69,0.55,0.27,0.82,2025,100,86,110,121
203507,Giannis Antetokounmpo,MIL,2025.0,5.14,2.22,7.51,6.81,2.94,9.75,8.94,3.86,12.8,2025,3,3,6,4
1627752,Taurean Prince,MIL,1937.0,-2.01,-3.0,-4.85,-2.11,-3.18,-5.3,-2.75,-4.14,-6.88,2025,429,425,427,419
1631157,Ryan Rollins,MIL,738.0,0.76,0.87,1.3,0.1,0.11,0.21,-0.24,-0.35,-0.59,2025,134,133,129,183
1631260,AJ Green,MIL,1422.0,0.51,0.43,0.79,0.07,0.08,0.15,-0.32,-0.2,-0.52,2025,143,144,135,181
1627751,Jakob Pöltl,TOR,1490.0,1.27,1.27,2.62,0.99,0.99,1.98,1.53,1.53,3.06,2025,53,58,46,55
1629628,RJ Barrett,TOR,1674.0,-0.88,-2.53,-3.62,-0.8,-2.25,-3.05,-1.17,-3.25,-4.42,2025,412,371,419,379
1630534,Ochai Agbaji,TOR,1551.0,-0.23,-0.18,-0.62,-0.72,-0.6,-1.32,-1.65,-1.41,-3.06,2025,344,360,329,326
1630558,Davion Mitchell,TOR,1775.0,-0.95,-1.09,-2.14,-1.23,-1.41,-2.64,-1.89,-2.16,-4.05,2025,403,402,405,371
1641711,Gradey Dick,TOR,1421.0,-1.22,-4.76,-6.37,-1.01,-3.84,-4.84,-1.76,-6.56,-8.32,2025,427,390,429,427
1626171,Bobby Portis,MIL,1101.0,-0.36,-0.6,-0.87,-0.17,-0.3,-0.47,-0.28,-0.5,-0.78,2025,243,229,266,186
1628449,Chris Boucher,TOR,763.0,0.42,0.11,0.81,-0.01,-0.03,-0.05,-0.56,-0.34,-0.9,2025,172,173,170,194
1629018,Gary Trent Jr.,MIL,1642.0,-0.66,-0.65,-1.4,-0.62,-0.6,-1.22,-0.94,-0.92,-1.86,2025,333,344,330,243
1626153,Delon Wright,MIL,561.0,1.44,0.8,2.51,0.41,0.24,0.64,1.63,0.98,2.61,2025,102,94,105,68
1626192,Pat Connaughton,MIL,534.0,-2.24,-2.1,-4.07,-0.43,-0.4,-0.83,-1.19,-1.1,-2.29,2025,297,311,294,277
1641748,Andre Jackson Jr.,MIL,908.0,-1.35,-4.54,-6.16,-0.56,-1.91,-2.48,-1.19,-4.11,-5.3,2025,398,333,414,403
1642347,Jamal Shead,TOR,1251.0,-1.0,-1.0,-1.0,-0.57,-0.73,-1.3,-0.87,-1.44,-2.31,2025,340,335,358,279
1642367,Jonathan Mogbo,TOR,1135.0,-1.0,-1.0,-1.0,-0.51,-0.66,-1.16,-0.8,-1.42,-2.22,2025,326,325,345,271
1642419,Jamison Battle,TOR,902.0,-1.0,-1.0,-1.0,-0.47,-0.42,-0.89,-1.17,-0.89,-2.06,2025,304,320,299,259
1642358,AJ Johnson,WAS,578.0,-1.0,-1.0,-1.0,-0.3,-0.27,-0.57,-1.09,-0.89,-1.98,2025,258,274,252,252
1628374,Lauri Markkanen,UTA,1325.0,2.21,0.67,2.86,1.88,0.56,2.44,3.72,1.08,4.8,2025,42,28,71,36
1628381,John Collins,UTA,1086.0,-0.66,-0.27,-0.96,-0.39,-0.16,-0.55,-0.81,-0.34,-1.16,2025,252,304,207,209
1629012,Collin Sexton,UTA,1607.0,0.02,0.07,0.0,0.18,0.1,0.28,0.43,0.18,0.61,2025,129,121,131,129
1641718,Keyonte George,UTA,1819.0,-3.23,-0.71,-4.34,-3.64,-0.86,-4.49,-5.18,-1.24,-6.43,2025,425,430,373,415
1642262,Cody Williams,UTA,932.0,-1.0,-1.0,-1.0,-0.43,-0.51,-0.94,-0.87,-1.24,-2.11,2025,309,312,314,261
203078,Bradley Beal,PHO,1549.0,0.36,-0.04,0.53,0.38,0.01,0.39,0.66,0.07,0.73,2025,120,98,160,124
203486,Mason Plumlee,PHO,1169.0,-0.37,-0.56,-0.21,-0.08,-0.21,-0.29,0.12,-0.15,-0.02,2025,204,194,229,158
1626145,Tyus Jones,PHO,1981.0,0.04,-0.01,0.07,0.3,0.07,0.36,0.49,0.11,0.6,2025,124,107,140,130
1626164,Devin Booker,PHO,2538.0,2.53,0.83,3.4,3.95,1.26,5.21,4.09,1.29,5.38,2025,18,14,33,33
1642346,Ryan Dunn,PHO,1281.0,-1.0,-1.0,-1.0,-0.57,-0.71,-1.29,-0.87,-1.37,-2.24,2025,339,336,353,274
203903,Jordan Clarkson,UTA,843.0,-1.43,-1.34,-2.5,-0.76,-0.71,-1.47,-2.33,-2.16,-4.49,2025,358,363,354,382
1630548,Johnny Juzang,UTA,1148.0,-2.22,-0.55,-3.03,-1.68,-0.44,-2.12,-3.92,-1.06,-4.98,2025,391,418,302,396
1642271,Kyle Filipowski,UTA,1388.0,-1.0,-1.0,-1.0,-0.78,-0.71,-1.49,-1.33,-1.11,-2.45,2025,360,368,355,289
1626220,Royce O'Neale,PHO,1619.0,-0.25,-0.23,-0.27,-0.24,-0.21,-0.46,-0.39,-0.33,-0.72,2025,240,255,230,185
1628960,Grayson Allen,PHO,1359.0,-1.03,-0.37,-1.31,-0.43,-0.16,-0.59,-0.29,-0.14,-0.43,2025,260,313,208,174
1642345,Oso Ighodaro,PHO,918.0,-1.0,-1.0,-1.0,-0.48,-0.4,-0.88,-1.2,-0.79,-1.99,2025,303,321,295,254
1642268,Isaiah Collier,UTA,1685.0,-1.0,-1.0,-1.0,-0.84,-1.01,-1.85,-1.15,-1.54,-2.68,2025,373,373,387,305
1628420,Monté Morris,PHO,507.0,0.13,-0.03,0.19,0.04,0.0,0.04,0.19,0.05,0.24,2025,160,154,162,146
1641729,Brice Sensabaugh,UTA,1280.0,-3.79,-1.04,-5.22,-2.81,-0.79,-3.6,-5.32,-1.52,-6.84,2025,414,429,367,418
1629006,Josh Okogie,PHO,547.0,-0.63,-0.68,-1.41,-0.14,-0.16,-0.3,-0.5,-0.54,-1.04,2025,210,215,209,204
1629234,Drew Eubanks,UTA,640.0,-2.02,-2.77,-4.82,-0.46,-0.64,-1.1,-0.92,-1.26,-2.18,2025,319,318,338,266
201939,Stephen Curry,GSW,1999.0,3.2,1.53,5.24,4.02,1.91,5.94,5.32,2.53,7.84,2025,10,13,21,16
203110,Draymond Green,GSW,1808.0,0.53,1.39,2.31,0.51,1.42,1.93,0.71,2.02,2.73,2025,56,81,30,63
203952,Andrew Wiggins,GSW,1678.0,-1.58,-1.31,-2.8,-1.36,-1.13,-2.49,-1.96,-1.62,-3.58,2025,399,405,395,351
1631218,Trayce Jackson-Davis,GSW,858.0,0.42,0.36,0.57,0.43,0.31,0.74,1.78,1.24,3.02,2025,97,92,101,57
202681,Kyrie Irving,DAL,1632.0,4.44,1.41,6.13,4.38,1.42,5.79,6.64,2.17,8.81,2025,13,9,31,11
202691,Klay Thompson,DAL,1838.0,-1.63,-2.17,-3.41,-1.56,-2.09,-3.65,-2.04,-2.73,-4.78,2025,415,413,417,390
1629029,Luka Dončić,LAL,1601.0,3.22,2.24,5.31,3.48,2.39,5.87,6.17,4.22,10.39,2025,12,18,11,6
1629655,Daniel Gafford,DAL,1112.0,1.63,0.58,2.12,1.16,0.39,1.56,2.63,0.85,3.48,2025,62,49,89,48
1630230,Naji Marshall,DAL,1707.0,0.0,0.03,0.01,-0.29,-0.17,-0.46,-0.62,-0.39,-1.01,2025,241,270,214,201
1627780,Gary Payton II,GSW,837.0,1.04,0.94,2.25,0.45,0.41,0.85,1.19,1.1,2.29,2025,93,89,86,72
1641726,Dereck Lively II,DAL,771.0,0.49,0.47,0.52,0.24,0.19,0.43,0.79,0.49,1.28,2025,114,116,114,105
1629656,Quentin Grimes,DAL,1794.0,-1.26,-0.62,-2.09,-1.25,-0.62,-1.87,-1.71,-0.85,-2.57,2025,377,403,332,298
203915,Spencer Dinwiddie,DAL,1900.0,0.98,0.32,1.51,0.75,0.22,0.97,0.84,0.23,1.07,2025,86,72,107,111
1627741,Buddy Hield,GSW,1595.0,-0.23,-0.14,-0.1,-0.14,-0.04,-0.18,-0.16,0.0,-0.16,2025,186,216,174,165
1626172,Kevon Looney,GSW,960.0,1.0,0.88,1.91,0.49,0.43,0.92,1.13,0.99,2.12,2025,87,84,84,82
1630228,Jonathan Kuminga,GSW,960.0,0.08,-0.32,-0.57,-0.01,-0.22,-0.24,-0.16,-0.67,-0.83,2025,193,174,235,188
1630702,Jaden Hardy,DAL,793.0,-0.93,-3.66,-4.93,-0.42,-1.59,-2.01,-1.2,-4.37,-5.57,2025,385,307,411,405
1630541,Moses Moody,GSW,1505.0,-1.15,-1.12,-2.6,-0.85,-0.82,-1.67,-1.26,-1.23,-2.49,2025,371,375,369,291
1641764,Brandin Podziemski,GSW,1498.0,0.53,0.55,0.69,0.36,0.37,0.72,0.49,0.51,1.0,2025,98,101,93,115
203924,Jerami Grant,POR,1375.0,-1.14,-1.92,-2.91,-0.69,-1.16,-1.85,-0.9,-1.53,-2.42,2025,374,355,397,287
1629014,Anfernee Simons,POR,2076.0,0.28,0.22,0.34,0.19,0.19,0.37,0.17,0.2,0.36,2025,122,120,115,141
1631101,Shaedon Sharpe,POR,2005.0,-1.63,-2.03,-4.05,-1.95,-2.42,-4.37,-2.49,-3.08,-5.57,2025,424,423,422,406
1641739,Toumani Camara,POR,2228.0,0.88,0.86,1.53,0.51,0.5,1.02,0.34,0.34,0.68,2025,84,82,75,126
1642270,Donovan Clingan,POR,1222.0,-1.0,-1.0,-1.0,-0.64,-0.66,-1.3,-1.14,-1.2,-2.34,2025,341,346,346,283
201144,Mike Conley,MIN,1657.0,0.87,0.4,1.84,1.0,0.54,1.54,1.64,0.92,2.56,2025,65,57,73,69
203497,Rudy Gobert,MIN,2207.0,0.54,0.23,1.04,0.94,0.45,1.39,1.17,0.59,1.76,2025,72,61,81,91
203944,Julius Randle,MIN,1980.0,1.49,0.95,2.58,1.8,1.16,2.96,2.35,1.51,3.86,2025,35,30,38,44
1630162,Anthony Edwards,MIN,2537.0,3.38,2.81,5.92,4.79,3.95,8.75,4.72,3.88,8.6,2025,4,8,2,12
1630183,Jaden McDaniels,MIN,2355.0,-0.61,-1.2,-2.28,-0.88,-1.67,-2.55,-0.97,-1.8,-2.77,2025,402,381,413,314
1630703,Scoot Henderson,POR,1513.0,-1.51,-5.24,-7.2,-1.36,-4.61,-5.97,-2.25,-7.47,-9.72,2025,430,406,430,431
1630166,Deni Avdija,POR,1915.0,1.47,1.15,2.41,1.1,0.87,1.97,1.23,0.98,2.21,2025,54,51,51,77
1629638,Nickeil Alexander-Walker,MIN,1773.0,0.14,0.14,0.18,0.01,0.01,0.03,-0.04,-0.05,-0.09,2025,163,165,161,162
1629057,Robert Williams III,POR,300.0,1.94,2.08,3.99,0.37,0.39,0.76,3.16,3.4,6.57,2025,94,100,90,21
1628978,Donte DiVincenzo,MIN,1381.0,-0.02,-0.02,-0.01,0.2,0.26,0.46,0.66,0.84,1.49,2025,111,119,103,96
1629675,Naz Reid,MIN,1942.0,-0.56,-0.74,-1.45,-0.35,-0.47,-0.82,-0.34,-0.47,-0.81,2025,295,292,308,187
1630625,Dalano Banton,POR,947.0,-0.61,-2.31,-3.07,-0.3,-1.09,-1.39,-0.65,-2.35,-3.0,2025,351,275,392,324
1641712,Rayan Rupert,POR,371.0,-0.55,-2.33,-3.33,-0.2,-0.73,-0.93,-1.59,-5.68,-7.27,2025,308,238,359,421
1626167,Myles Turner,IND,1938.0,1.02,1.51,2.56,1.09,1.62,2.71,1.41,2.09,3.5,2025,37,53,25,47
1627783,Pascal Siakam,IND,2272.0,0.95,0.36,1.46,1.62,0.66,2.27,1.95,0.8,2.75,2025,45,35,64,62
1630169,Tyrese Haliburton,IND,2178.0,3.78,1.25,4.82,5.52,1.76,7.28,6.74,2.12,8.86,2025,9,5,23,10
1631097,Bennedict Mathurin,IND,1953.0,-1.39,-1.95,-4.05,-1.66,-2.29,-3.95,-2.21,-3.01,-5.22,2025,421,415,420,400
1641767,Ben Sheppard,IND,1086.0,-0.38,-0.33,-0.98,-0.51,-0.46,-0.97,-1.68,-1.54,-3.22,2025,312,326,303,332
204456,T.J. McConnell,IND,1246.0,1.04,1.1,2.4,0.71,0.75,1.46,1.32,1.38,2.7,2025,71,74,56,65
1630167,Obi Toppin,IND,1364.0,1.74,1.01,2.65,1.21,0.69,1.9,1.93,1.09,3.02,2025,57,45,61,58
1641716,Jarace Walker,IND,1047.0,0.9,1.9,2.41,0.36,0.76,1.13,0.45,0.95,1.4,2025,79,102,55,100
1642277,Johnny Furphy,IND,340.0,-1.0,-1.0,-1.0,-0.1,-0.19,-0.29,-0.43,-1.33,-1.77,2025,205,202,222,231
1631245,Quenton Jackson,IND,318.0,-1.35,-0.93,-2.37,-0.25,-0.16,-0.41,-1.97,-1.21,-3.18,2025,228,259,210,329
201569,Eric Gordon,PHI,691.0,-2.19,-1.01,-2.69,-0.88,-0.33,-1.22,-3.15,-0.99,-4.13,2025,334,382,276,375
1631111,Wendell Moore Jr.,CHO,428.0,-1.19,-1.6,-3.06,-0.24,-0.32,-0.56,-1.11,-1.53,-2.65,2025,254,256,273,302
1631204,Marcus Sasser,DET,677.0,-1.79,-1.3,-3.3,-0.7,-0.51,-1.21,-2.33,-1.72,-4.05,2025,332,357,315,372
1629027,Trae Young,ATL,2383.0,0.15,0.11,0.17,1.26,0.44,1.7,1.71,0.57,2.29,2025,59,42,83,73
1628398,Kyle Kuzma,MIL,1775.0,-0.7,-2.16,-2.77,-0.64,-2.01,-2.64,-0.88,-2.79,-3.67,2025,404,347,416,353
1629673,Jordan Poole,WAS,1815.0,-1.41,-0.82,-2.38,-1.67,-0.98,-2.65,-2.39,-1.41,-3.81,2025,405,417,383,359
1641731,Bilal Coulibaly,WAS,1765.0,-0.71,-3.33,-4.49,-0.85,-3.7,-4.55,-1.26,-5.37,-6.63,2025,426,376,428,416
1642259,Alexandre Sarr,WAS,1667.0,-1.0,-1.0,-1.0,-0.96,-0.96,-1.92,-1.4,-1.4,-2.79,2025,383,385,381,316
1642267,Carlton Carrington,WAS,2249.0,-1.0,-1.0,-1.0,-1.34,-1.34,-2.67,-1.5,-1.5,-2.99,2025,406,404,403,322
1630557,Corey Kispert,WAS,1415.0,-2.92,-0.75,-3.83,-2.3,-0.6,-2.9,-3.68,-0.98,-4.66,2025,410,427,331,384
1629631,De'Andre Hunter,ATL,1437.0,-1.82,-0.78,-2.63,-1.97,-0.84,-2.81,-3.69,-1.57,-5.25,2025,409,424,371,401
202685,Jonas Valančiūnas,WAS,1338.0,0.43,-0.0,0.7,0.36,0.05,0.41,0.67,0.17,0.85,2025,117,103,147,119
1642273,Kyshawn George,WAS,1620.0,-1.0,-1.0,-1.0,-0.84,-1.02,-1.86,-1.16,-1.6,-2.75,2025,376,374,388,312
1627777,Georges Niang,CLE,1486.0,-2.03,-1.79,-3.61,-1.69,-1.48,-3.17,-2.75,-2.4,-5.16,2025,413,419,407,399
1628378,Donovan Mitchell,CLE,1999.0,4.6,2.48,7.11,5.46,2.94,8.39,7.02,3.78,10.8,2025,5,6,7,5
1628386,Jarrett Allen,CLE,2075.0,1.64,0.85,2.39,2.26,1.15,3.4,2.89,1.46,4.35,2025,32,24,39,39
1629636,Darius Garland,CLE,2073.0,3.56,1.41,4.82,3.79,1.49,5.28,4.47,1.75,6.22,2025,15,15,28,24
1630171,Isaac Okoro,CLE,937.0,-0.01,0.07,-0.15,-0.13,-0.05,-0.18,-0.63,-0.35,-0.98,2025,187,214,176,198
202696,Nikola Vučević,CHI,2000.0,-0.13,-0.12,0.14,0.02,-0.04,-0.01,0.1,-0.01,0.09,2025,166,159,175,155
203897,Zach LaVine,CHI,2278.0,-0.32,-0.17,-0.4,0.01,-0.06,-0.06,0.17,-0.01,0.15,2025,177,166,180,151
1629632,Coby White,CHI,2161.0,1.18,0.67,1.64,1.03,0.6,1.64,1.05,0.63,1.68,2025,60,54,68,92
1630172,Patrick Williams,CHI,1404.0,0.36,0.59,0.68,0.12,0.03,0.15,0.0,-0.52,-0.52,2025,144,128,158,182
1630581,Josh Giddey,CHI,1852.0,-0.25,-0.15,-0.72,-0.0,0.05,0.05,0.11,0.15,0.26,2025,159,170,148,144
1630245,Ayo Dosunmu,CHI,1211.0,-1.48,-0.88,-2.51,-0.96,-0.56,-1.52,-1.83,-1.06,-2.89,2025,364,386,323,320
1629731,Dean Wade,CLE,1119.0,1.03,1.24,2.29,0.4,0.48,0.89,0.37,0.45,0.82,2025,89,96,77,122
1627747,Caris LeVert,CLE,1362.0,-0.52,-0.38,-0.75,-0.36,-0.26,-0.62,-0.59,-0.41,-1.0,2025,270,296,247,199
1629660,Ty Jerome,CLE,1200.0,-1.49,-0.6,-2.13,-0.99,-0.4,-1.39,-1.94,-0.77,-2.71,2025,352,389,296,308
1630188,Jalen Smith,CHI,829.0,0.83,0.65,1.27,0.27,0.21,0.48,0.48,0.36,0.84,2025,110,111,111,120
1641763,Julian Phillips,CHI,970.0,-0.31,-0.15,-0.85,-0.51,-0.35,-0.86,-2.03,-1.46,-3.49,2025,300,327,281,345
1631207,Dalen Terry,CHI,852.0,0.16,-0.17,-0.34,-0.02,-0.3,-0.32,-0.32,-1.4,-1.71,2025,212,178,267,224
202684,Tristan Thompson,CLE,283.0,-0.51,-0.88,-1.06,-0.09,-0.27,-0.36,-0.83,-2.89,-3.72,2025,222,198,253,356
1641824,Matas Buzelis,CHI,1307.0,-1.0,-1.0,-1.0,-0.61,-0.73,-1.35,-0.95,-1.36,-2.31,2025,346,343,360,280
1641854,Craig Porter Jr.,CLE,453.0,0.46,0.49,0.74,0.07,0.08,0.15,0.22,0.24,0.46,2025,145,145,136,137
1629659,Talen Horton-Tucker,CHI,601.0,-0.74,-0.53,-1.47,-0.31,-0.23,-0.55,-1.47,-1.12,-2.6,2025,253,277,236,299
203471,Dennis Schröder,BRK,1837.0,-1.53,-0.89,-2.21,-1.76,-0.99,-2.75,-2.52,-1.4,-3.92,2025,407,420,386,362
1627732,Ben Simmons,BRK,992.0,0.16,0.45,0.64,0.1,0.28,0.39,0.28,0.76,1.04,2025,121,134,102,113
1627827,Dorian Finney-Smith,LAL,1607.0,-0.77,-0.73,-1.29,-0.69,-0.65,-1.33,-1.12,-1.04,-2.16,2025,345,356,341,265
1629661,Cameron Johnson,BRK,1592.0,0.11,0.06,0.2,0.39,0.14,0.53,0.88,0.29,1.17,2025,108,97,122,109
1630560,Cam Thomas,BRK,690.0,-2.4,-0.99,-3.67,-0.75,-0.32,-1.06,-2.07,-0.92,-2.99,2025,317,361,274,323
1630533,Ziaire Williams,BRK,1366.0,-1.22,-3.8,-5.29,-0.97,-2.94,-3.9,-1.75,-5.23,-6.98,2025,420,387,425,420
1641730,Noah Clowney,BRK,914.0,-0.01,-0.89,-1.34,-0.02,-0.36,-0.39,-0.11,-0.73,-0.85,2025,226,179,286,190
1629003,Shake Milton,BRK,741.0,-0.68,-0.41,-1.06,-0.5,-0.29,-0.79,-2.24,-1.29,-3.53,2025,291,323,260,348
1630553,Keon Johnson,BRK,1757.0,-1.38,-5.18,-6.89,-1.38,-5.12,-6.5,-1.99,-7.35,-9.35,2025,431,408,431,430
1642278,Tyler Kolek,NYK,265.0,-1.0,-1.0,-1.0,-0.08,-0.14,-0.21,-0.49,-1.23,-1.72,2025,190,195,198,226
1630592,Jalen Wilson,BRK,1761.0,-0.32,-0.33,-0.85,-0.57,-0.59,-1.16,-0.96,-0.99,-1.94,2025,327,337,328,251
101108,Chris Paul,SAS,2082.0,0.94,-0.23,1.4,1.61,-0.06,1.55,2.11,0.03,2.14,2025,64,37,181,80
203084,Harrison Barnes,SAS,2046.0,-3.06,-1.08,-3.88,-3.7,-1.28,-4.99,-4.47,-1.54,-6.01,2025,428,431,401,412
1630577,Julian Champagnie,SAS,1712.0,-0.53,-0.42,-1.22,-0.77,-0.63,-1.4,-1.26,-1.03,-2.29,2025,354,365,336,278
1641705,Victor Wembanyama,SAS,1373.0,1.82,3.82,5.25,1.62,3.6,5.23,2.92,6.73,9.65,2025,17,36,3,8
1642264,Stephon Castle,SAS,1929.0,-1.0,-1.0,-1.0,-1.09,-1.29,-2.38,-1.37,-1.72,-3.09,2025,396,398,402,327
2544,LeBron James,LAL,2172.0,3.23,1.37,5.35,4.07,1.83,5.9,4.96,2.27,7.23,2025,11,12,22,17
203076,Anthony Davis,LAL,1531.0,0.46,3.21,3.89,0.56,2.89,3.45,1.1,5.08,6.18,2025,31,78,9,25
1629629,Cam Reddish,LAL,530.0,-1.44,-5.02,-6.61,-0.28,-0.98,-1.26,-0.95,-3.36,-4.31,2025,338,268,384,378
1630559,Austin Reaves,LAL,2308.0,-0.39,-0.12,-0.6,-0.35,-0.1,-0.45,-0.34,-0.1,-0.45,2025,238,293,190,176
1642261,Dalton Knecht,LAL,1318.0,-1.0,-1.0,-1.0,-0.65,-0.57,-1.23,-1.17,-0.92,-2.09,2025,336,349,325,260
1628380,Zach Collins,CHI,866.0,-0.91,-0.56,-1.49,-0.44,-0.27,-0.71,-1.23,-0.75,-1.98,2025,281,315,254,253
1629640,Keldon Johnson,SAS,1533.0,-2.02,-0.77,-2.94,-1.81,-0.7,-2.51,-2.74,-1.07,-3.81,2025,400,421,351,360
1630170,Devin Vassell,SAS,1736.0,-0.09,-0.19,-0.49,-0.06,-0.14,-0.2,-0.07,-0.17,-0.23,2025,188,188,199,171
1626156,D'Angelo Russell,LAL,1324.0,0.45,0.49,0.96,0.31,0.39,0.7,0.58,0.81,1.39,2025,99,106,91,101
1631108,Max Christie,LAL,1864.0,-0.91,-1.33,-2.63,-1.02,-1.45,-2.47,-1.46,-2.06,-3.52,2025,397,392,406,347
1631104,Blake Wesley,SAS,551.0,-0.53,-2.46,-3.38,-0.32,-1.23,-1.55,-1.83,-6.62,-8.45,2025,366,281,398,428
1629216,Gabe Vincent,LAL,1320.0,-0.75,-2.08,-2.8,-0.55,-1.56,-2.11,-1.08,-3.12,-4.19,2025,389,332,410,377
1630572,Sandro Mamukelashvili,SAS,592.0,-0.44,-0.07,-0.66,-0.27,-0.08,-0.34,-1.41,-0.46,-1.87,2025,214,266,185,244
1631103,Malaki Branham,SAS,360.0,-0.83,-3.6,-4.82,-0.25,-0.93,-1.17,-1.89,-6.76,-8.65,2025,329,260,378,429
1631132,Christian Koloko,LAL,294.0,-0.98,-0.65,-2.11,-0.2,-0.15,-0.35,-1.96,-1.44,-3.39,2025,216,239,203,341
1627832,Fred VanVleet,HOU,1873.0,2.02,1.88,4.05,2.25,2.17,4.42,3.07,2.98,6.05,2025,23,25,13,27
1628415,Dillon Brooks,HOU,2091.0,0.54,0.68,1.31,-0.09,0.15,0.06,-0.41,-0.1,-0.51,2025,157,199,119,179
1630224,Jalen Green,HOU,2362.0,-1.04,-1.78,-3.15,-1.4,-2.36,-3.75,-1.48,-2.49,-3.97,2025,417,409,421,366
1630578,Alperen Sengun,HOU,2141.0,1.14,1.43,2.24,1.69,1.97,3.66,2.11,2.4,4.52,2025,28,33,18,37
1631095,Jabari Smith Jr.,HOU,1521.0,-0.48,-0.54,-1.42,-0.53,-0.58,-1.11,-0.96,-1.05,-2.01,2025,320,329,326,256
201935,James Harden,LAC,2505.0,0.45,0.44,1.34,1.15,1.14,2.29,1.36,1.35,2.71,2025,44,50,40,64
1626181,Norman Powell,LAC,1824.0,-2.52,-1.92,-4.23,-2.11,-1.6,-3.71,-2.78,-2.1,-4.88,2025,416,426,412,394
1627739,Kris Dunn,LAC,1658.0,0.44,1.79,2.38,0.29,1.18,1.47,0.35,1.46,1.82,2025,70,110,36,90
1627826,Ivica Zubac,LAC,2402.0,-1.11,-0.68,-1.82,-1.21,-0.74,-1.95,-1.19,-0.73,-1.93,2025,384,400,361,249
1627884,Derrick Jones Jr.,LAC,1667.0,-0.75,-0.85,-1.63,-0.68,-0.78,-1.47,-1.03,-1.18,-2.22,2025,359,354,365,272
1630539,Kai Jones,DAL,416.0,-0.37,-0.53,-1.37,-0.25,-0.31,-0.56,-1.98,-2.45,-4.43,2025,255,261,272,380
1631106,Tari Eason,HOU,1221.0,1.14,1.37,2.24,0.51,0.61,1.12,0.48,0.56,1.04,2025,80,83,67,114
1641708,Amen Thompson,HOU,1985.0,0.85,0.79,1.31,1.1,1.01,2.11,1.46,1.33,2.79,2025,48,52,45,60
1629645,Kevin Porter Jr.,LAC,1292.0,0.22,0.28,0.01,0.13,0.16,0.29,0.22,0.24,0.46,2025,128,124,117,138
1629599,Amir Coffey,LAC,1495.0,-1.01,-0.63,-1.76,-0.92,-0.58,-1.5,-1.62,-1.04,-2.66,2025,362,383,327,303
203500,Steven Adams,HOU,703.0,1.55,1.65,3.56,0.44,0.48,0.92,0.95,1.08,2.02,2025,88,91,78,86
1629611,Terance Mann,LAC,1272.0,-0.4,-0.29,-0.66,-0.34,-0.25,-0.59,-0.76,-0.54,-1.3,2025,261,288,241,213
1642263,Reed Sheppard,HOU,591.0,-1.0,-1.0,-1.0,-0.22,-0.34,-0.56,-0.54,-1.38,-1.92,2025,256,249,279,248
201587,Nicolas Batum,LAC,1235.0,0.07,0.19,0.77,0.02,0.07,0.09,-0.02,0.04,0.03,2025,154,160,141,157
1628988,Aaron Holiday,HOU,711.0,0.68,0.42,1.13,-0.07,-0.05,-0.12,-1.26,-0.77,-2.03,2025,182,191,177,257
1641757,Jordan Miller,LAC,387.0,-0.29,-0.85,-1.3,-0.06,-0.19,-0.25,-0.36,-1.25,-1.61,2025,196,189,223,220
1630256,Jae'Sean Tate,HOU,496.0,-0.62,-0.58,-1.12,-0.31,-0.29,-0.6,-1.97,-1.82,-3.79,2025,264,278,261,358
1629111,Jock Landale,HOU,443.0,1.46,0.94,2.49,0.08,0.05,0.14,-0.52,-0.33,-0.85,2025,147,141,149,191
1627742,Brandon Ingram,NOP,545.0,0.16,0.94,1.08,0.08,0.34,0.43,0.47,1.74,2.21,2025,115,142,98,78
1629750,Javonte Green,NOP,1140.0,0.19,0.07,0.47,0.13,0.07,0.2,0.31,0.18,0.49,2025,138,125,142,134
1630527,Brandon Boston Jr.,NOP,913.0,-1.69,-3.88,-5.85,-0.85,-1.94,-2.78,-2.22,-5.06,-7.29,2025,408,377,415,422
1630530,Trey Murphy III,NOP,1662.0,0.46,0.31,0.56,0.76,0.35,1.11,1.4,0.57,1.96,2025,81,70,95,88
1642274,Yves Missi,NOP,1798.0,-1.0,-1.0,-1.0,-1.01,-0.88,-1.9,-1.44,-1.2,-2.64,2025,381,391,375,301
1627750,Jamal Murray,DEN,2201.0,-0.1,-0.01,-0.15,0.57,0.2,0.76,0.93,0.31,1.24,2025,95,76,113,107
1629008,Michael Porter Jr.,DEN,2334.0,0.07,0.08,0.06,0.09,0.1,0.19,0.1,0.1,0.2,2025,139,139,132,148
1631128,Christian Braun,DEN,2368.0,-1.22,-0.18,-1.67,-1.88,-0.33,-2.22,-2.1,-0.39,-2.49,2025,394,422,277,292
1631212,Peyton Watson,DEN,1470.0,-0.6,-0.93,-1.86,-0.6,-0.9,-1.5,-1.11,-1.62,-2.74,2025,363,340,376,311
1630526,Jeremiah Robinson-Earl,NOP,1099.0,-2.93,-0.96,-4.1,-1.52,-0.5,-2.02,-2.8,-0.94,-3.74,2025,387,412,313,357
1630192,Zeke Nnaji,DEN,572.0,-1.36,-1.25,-2.82,-0.52,-0.48,-1.0,-2.45,-2.26,-4.7,2025,314,328,311,386
1631288,Jamal Cain,NOP,442.0,-0.36,-0.69,-1.19,-0.09,-0.16,-0.25,-0.49,-0.9,-1.39,2025,197,200,211,215
1631124,Julian Strawther,DEN,1238.0,-2.4,-3.54,-6.28,-1.65,-2.44,-4.09,-3.12,-4.6,-7.72,2025,422,414,424,426
1641998,Trey Jemison III,LAL,332.0,-0.77,-2.34,-3.26,-0.14,-0.49,-0.63,-1.13,-4.0,-5.13,2025,273,217,312,398
201566,Russell Westbrook,DEN,1893.0,-0.5,-0.5,-0.49,-0.5,-0.65,-1.14,-0.65,-0.91,-1.56,2025,323,324,342,218
1641816,Hunter Tyson,DEN,363.0,-0.4,-0.97,-1.58,-0.1,-0.26,-0.35,-0.73,-1.95,-2.68,2025,217,203,248,306
1628983,Shai Gilgeous-Alexander,OKC,2329.0,6.06,2.32,8.29,8.79,3.34,12.13,9.81,3.71,13.52,2025,2,2,4,3
1629652,Luguentz Dort,OKC,1889.0,-0.62,-0.8,-1.57,-0.85,-1.07,-1.91,-1.21,-1.52,-2.73,2025,382,378,390,309
1630198,Isaiah Joe,OKC,1418.0,1.16,0.87,1.88,0.77,0.57,1.34,1.08,0.8,1.88,2025,74,69,70,89
1631114,Jalen Williams,OKC,2053.0,0.22,0.22,0.18,0.49,0.49,0.98,0.69,0.7,1.39,2025,85,85,76,102
1641717,Cason Wallace,OKC,1689.0,0.29,0.22,0.12,0.26,0.23,0.49,0.37,0.36,0.73,2025,109,113,106,125
203994,Jusuf Nurkić,PHO,985.0,0.0,0.36,0.52,0.02,0.21,0.24,0.11,0.55,0.66,2025,132,161,112,128
1629026,Kenrich Williams,OKC,981.0,1.13,1.25,2.53,0.36,0.4,0.76,0.25,0.28,0.53,2025,96,104,88,132
1630598,Aaron Wiggins,OKC,1551.0,-0.84,-0.77,-1.71,-0.78,-0.71,-1.49,-1.25,-1.15,-2.4,2025,361,369,356,285
1631172,Ousmane Dieng,OKC,353.0,-0.6,-2.47,-3.46,-0.12,-0.46,-0.59,-0.87,-3.12,-4.0,2025,262,211,304,367
1642349,Ajay Mitchell,OKC,515.0,-1.0,-1.0,-1.0,-0.22,-0.25,-0.47,-0.8,-1.05,-1.85,2025,244,250,242,242
1641794,Dillon Jones,OKC,463.0,-1.0,-1.0,-1.0,-0.16,-0.26,-0.42,-0.48,-1.35,-1.83,2025,231,221,249,237
1629626,Bol Bol,PHO,402.0,-0.86,-0.34,-1.35,-0.07,-0.03,-0.1,-0.06,-0.02,-0.09,2025,181,192,171,163
1630322,Lindy Waters III,GSW,687.0,0.32,0.93,1.23,0.08,0.26,0.34,0.19,0.62,0.82,2025,125,143,104,123
1628991,Jaren Jackson Jr.,MEM,1993.0,-0.21,-0.19,-0.55,-0.02,-0.01,-0.04,0.06,0.07,0.13,2025,168,180,165,153
1629634,Brandon Clarke,MEM,1041.0,1.18,0.69,1.9,0.93,0.54,1.48,2.64,1.53,4.17,2025,69,62,74,41
1630583,Santi Aldama,MEM,1404.0,-1.41,-0.83,-2.45,-0.86,-0.51,-1.37,-1.12,-0.67,-1.79,2025,348,379,316,234
1630590,Scotty Pippen Jr.,MEM,1480.0,0.22,0.24,-0.02,0.0,0.04,0.04,-0.21,-0.14,-0.35,2025,161,171,152,172
1642377,Jaylen Wells,MEM,1844.0,-1.0,-1.0,-1.0,-1.05,-0.98,-2.03,-1.45,-1.31,-2.76,2025,388,396,385,313
1630217,Desmond Bane,MEM,1951.0,2.76,1.71,4.38,3.13,1.92,5.05,4.09,2.51,6.59,2025,20,20,20,20
203935,Marcus Smart,MEM,572.0,0.38,1.63,2.16,0.02,0.13,0.15,-0.22,-0.72,-0.94,2025,146,162,127,196
1641744,Zach Edey,MEM,1315.0,-1.0,-1.0,-1.0,-0.71,-0.67,-1.39,-1.25,-1.12,-2.37,2025,353,359,348,284
1631222,Jake LaRavia,MEM,1149.0,-1.38,-1.37,-3.02,-0.93,-0.92,-1.85,-1.98,-1.95,-3.93,2025,375,384,377,363
1631246,Vince Williams Jr.,MEM,436.0,0.5,1.1,1.38,0.02,0.0,0.02,-0.23,-0.89,-1.12,2025,164,163,163,207
203937,Kyle Anderson,GSW,884.0,-0.14,-0.14,-0.07,0.1,0.11,0.22,0.71,0.76,1.46,2025,133,135,130,97
1628379,Luke Kennard,MEM,1282.0,0.6,0.27,0.9,0.3,0.14,0.44,0.36,0.16,0.51,2025,112,108,123,133
1630643,Jay Huff,MEM,639.0,0.54,0.37,0.82,0.11,0.08,0.18,0.15,0.1,0.25,2025,140,131,137,145
203458,Alex Len,SAC,324.0,-0.24,-0.26,-0.28,-0.1,-0.16,-0.26,-0.93,-1.69,-2.62,2025,199,204,212,300
1627734,Domantas Sabonis,SAC,2178.0,4.04,1.5,5.57,5.94,2.14,8.09,7.18,2.56,9.74,2025,6,4,14,7
1628368,De'Aaron Fox,SAC,2006.0,1.13,0.82,1.92,1.56,1.05,2.61,2.06,1.35,3.42,2025,40,38,43,51
1628989,Kevin Huerter,SAC,1503.0,-0.11,0.12,-0.08,-0.1,0.05,-0.05,-0.18,0.02,-0.16,2025,173,205,150,166
1631099,Keegan Murray,SAC,2337.0,-0.2,-0.12,-0.54,-0.36,-0.24,-0.6,-0.42,-0.29,-0.71,2025,265,297,240,184
1626168,Trey Lyles,SAC,1189.0,-0.5,-0.44,-0.85,-0.4,-0.35,-0.75,-0.9,-0.77,-1.67,2025,286,305,282,221
1629162,Jordan McLaughlin,SAC,256.0,0.63,2.04,2.7,0.06,0.22,0.28,0.52,1.82,2.33,2025,130,148,108,70
1631165,Keon Ellis,SAC,1685.0,0.86,0.69,1.4,0.85,0.67,1.52,1.24,0.98,2.22,2025,66,65,63,76
203926,Doug McDermott,SAC,284.0,-4.35,-1.56,-5.57,-0.58,-0.18,-0.76,-4.56,-1.31,-5.87,2025,288,338,219,409
1642265,Rob Dillingham,MIN,457.0,-1.0,-1.0,-1.0,-0.16,-0.26,-0.41,-0.48,-1.35,-1.83,2025,229,222,250,238
1630241,Sam Merrill,CLE,1229.0,0.1,0.07,0.19,0.06,0.04,0.1,0.1,0.07,0.17,2025,153,149,153,150
1630596,Evan Mobley,CLE,1940.0,-0.94,-0.54,-1.75,-0.46,-0.23,-0.69,-0.36,-0.15,-0.51,2025,279,319,237,180
1628970,Miles Bridges,CHO,1802.0,0.01,-0.01,-0.09,-0.01,-0.03,-0.04,-0.02,-0.06,-0.08,2025,169,175,172,160
1630570,Trendon Watford,BRK,793.0,-0.49,-2.09,-2.79,-0.18,-0.74,-0.92,-0.46,-1.74,-2.2,2025,305,233,362,269
1630544,Tre Mann,CHO,255.0,-0.68,-1.42,-2.37,-0.15,-0.28,-0.43,-1.62,-2.97,-4.58,2025,232,220,257,383
201599,DeAndre Jordan,DEN,676.0,-2.43,-2.29,-4.2,-0.75,-0.7,-1.45,-2.14,-1.99,-4.13,2025,357,362,352,376
1629723,John Konchar,MEM,485.0,0.54,0.75,1.32,0.09,0.12,0.21,0.23,0.31,0.54,2025,135,140,128,131
1629023,P.J. Washington,DAL,1682.0,0.08,0.07,0.07,-0.03,-0.29,-0.33,-0.13,-0.7,-0.83,2025,213,182,262,189
1628467,Maxi Kleber,DAL,553.0,-0.55,-1.05,-1.26,-0.16,-0.43,-0.59,-0.65,-2.13,-2.78,2025,263,223,300,315
1631255,Karlo Matkovic,NOP,721.0,-1.0,-1.0,-1.0,-0.36,-0.3,-0.67,-1.13,-0.75,-1.88,2025,277,298,268,245
1641810,Antonio Reeves,NOP,585.0,-1.0,-1.0,-1.0,-0.32,-0.21,-0.52,-1.3,-0.5,-1.8,2025,250,282,231,235
203939,Dwight Powell,DAL,473.0,0.82,0.13,1.28,0.02,-0.02,0.0,-0.61,-0.26,-0.87,2025,165,164,168,192
1641765,Olivier-Maxence Prosper,DAL,515.0,-1.39,-2.1,-3.82,-0.34,-0.51,-0.85,-1.28,-1.96,-3.24,2025,299,289,317,333
1629646,Charles Bassey,SAS,307.0,0.18,0.18,0.15,0.06,0.06,0.12,0.57,0.63,1.21,2025,149,150,145,108
1630200,Tre Jones,CHI,801.0,1.88,0.66,2.39,0.41,0.15,0.56,0.11,0.07,0.18,2025,106,95,120,149
1627936,Alex Caruso,OKC,918.0,1.25,1.59,2.99,0.57,0.74,1.31,1.29,1.68,2.97,2025,75,77,57,59
1630178,Tyrese Maxey,PHI,1790.0,1.53,0.63,1.95,1.72,0.66,2.38,2.51,0.95,3.46,2025,43,32,65,49
202704,Reggie Jackson,PHI,355.0,-1.06,-2.65,-3.32,-0.2,-0.62,-0.82,-1.35,-4.69,-6.04,2025,296,240,333,413
1629651,Nic Claxton,BRK,1694.0,0.06,0.04,-0.05,0.3,0.35,0.65,0.6,0.73,1.34,2025,101,109,96,104
1630231,KJ Martin,PHI,810.0,-2.19,-0.51,-2.91,-1.15,-0.29,-1.44,-3.79,-1.03,-4.82,2025,356,399,263,391
1627763,Malcolm Brogdon,WAS,520.0,0.4,-0.07,0.6,0.35,0.07,0.43,2.4,0.65,3.05,2025,116,105,143,56
203081,Damian Lillard,MIL,1864.0,3.49,0.88,4.76,3.68,0.97,4.66,5.04,1.35,6.39,2025,21,16,47,23
203992,Bogdan Bogdanović,LAC,1174.0,1.91,1.39,3.57,0.87,0.63,1.5,1.16,0.84,2.0,2025,67,64,66,87
1630249,Vít Krejčí,ATL,1008.0,-1.68,-0.61,-2.5,-1.46,-0.56,-2.01,-4.23,-1.68,-5.91,2025,386,411,324,411
1631200,Kris Murray,POR,915.0,0.33,0.58,0.7,-0.05,-0.39,-0.44,-0.69,-2.68,-3.37,2025,235,186,293,339
1641871,Duop Reath,POR,402.0,0.18,0.11,0.32,-0.08,-0.05,-0.13,-0.92,-0.56,-1.48,2025,184,196,178,217
1631133,Jabari Walker,POR,635.0,-0.03,-0.01,-0.37,-0.37,-0.33,-0.7,-2.46,-2.26,-4.72,2025,280,300,278,388
201145,Jeff Green,HOU,355.0,-4.16,-2.12,-5.64,-0.66,-0.3,-0.96,-3.93,-1.62,-5.55,2025,311,353,269,404
203901,Elfrid Payton,NOP,457.0,-1.88,-2.94,-4.55,-0.38,-0.64,-1.02,-1.73,-3.1,-4.84,2025,316,301,339,392
1628464,Daniel Theis,NOP,572.0,-1.38,-0.97,-2.08,-0.45,-0.3,-0.74,-1.96,-1.23,-3.19,2025,285,316,270,330
1641722,Jordan Hawkins,NOP,1200.0,-0.9,-1.81,-3.03,-0.64,-1.24,-1.88,-1.36,-2.58,-3.94,2025,379,348,399,365
203999,Nikola Jokić,DEN,2220.0,9.76,2.83,12.68,13.89,4.0,17.89,16.43,4.72,21.15,2025,1,1,1,1
201942,DeMar DeRozan,SAC,2471.0,-0.48,-0.46,-0.49,-0.2,-0.47,-0.68,-0.02,-0.41,-0.43,2025,278,241,309,175
1628964,Mo Bamba,LAC,366.0,0.15,0.29,0.35,0.01,0.03,0.04,0.04,0.11,0.15,2025,162,167,159,152
1641732,Colby Jones,WAS,458.0,-0.32,-1.31,-1.96,-0.12,-0.46,-0.58,-0.77,-2.76,-3.54,2025,259,212,305,349
1630264,Anthony Gill,WAS,332.0,-2.39,-0.97,-3.09,-0.56,-0.18,-0.73,-4.45,-1.28,-5.73,2025,283,334,220,408
1630215,Jared Butler,PHI,938.0,-1.05,-0.3,-1.56,-0.65,-0.21,-0.86,-1.87,-0.64,-2.51,2025,301,350,232,294
1628975,Jevon Carter,CHI,263.0,0.22,0.7,1.0,-0.06,-0.15,-0.21,-0.9,-2.42,-3.32,2025,191,190,204,338
202710,Jimmy Butler,GSW,1546.0,2.78,0.5,3.72,3.08,0.68,3.76,5.64,1.35,6.99,2025,26,21,62,18
202692,Alec Burks,MIA,770.0,-0.3,-0.3,-0.26,-0.18,-0.17,-0.35,-0.65,-0.61,-1.25,2025,218,234,215,212
1631117,Walker Kessler,UTA,1554.0,0.53,0.39,0.65,0.75,0.45,1.2,1.48,0.81,2.28,2025,78,73,82,74
201142,Kevin Durant,PHO,2006.0,2.76,0.7,3.97,3.64,0.95,4.59,4.86,1.28,6.14,2025,22,17,48,26
1629060,Rui Hachimura,LAL,1691.0,-0.78,-0.35,-1.22,-0.76,-0.35,-1.11,-1.19,-0.55,-1.74,2025,321,364,283,227
1629637,Jaxson Hayes,LAL,999.0,-1.46,-0.75,-2.42,-0.6,-0.32,-0.92,-1.16,-0.62,-1.78,2025,306,341,275,233
1642354,KJ Simpson,CHO,742.0,-1.0,-1.0,-1.0,-0.32,-0.46,-0.77,-0.64,-1.48,-2.12,2025,290,283,306,263
1642281,Jaylon Tyson,CLE,402.0,-1.0,-1.0,-1.0,-0.16,-0.19,-0.35,-0.72,-1.05,-1.77,2025,219,224,224,232
1629630,Ja Morant,MEM,1358.0,3.61,2.57,6.03,2.97,2.1,5.07,5.54,3.89,9.43,2025,19,22,15,9
203468,CJ McCollum,NOP,1641.0,-0.38,-0.34,-0.39,0.1,-0.14,-0.04,0.5,-0.07,0.43,2025,170,136,200,139
1627749,Dejounte Murray,NOP,913.0,0.06,0.27,0.36,0.13,0.47,0.6,0.57,2.05,2.62,2025,104,126,79,67
1631213,Tyrese Martin,BRK,1156.0,-0.0,-0.7,-1.06,-0.1,-0.66,-0.76,-0.39,-1.76,-2.15,2025,289,206,347,264
1628976,Wendell Carter Jr.,ORL,1592.0,0.57,0.72,0.94,0.58,0.81,1.38,0.94,1.38,2.32,2025,73,75,54,71
1641709,Ausar Thompson,DET,1163.0,0.25,0.22,0.14,-0.08,-0.19,-0.27,-0.64,-1.04,-1.68,2025,200,197,225,223
1630567,Scottie Barnes,TOR,1942.0,0.26,0.24,0.23,0.38,0.72,1.09,0.53,1.13,1.66,2025,83,99,60,93
1642266,Ja'Kobe Walter,TOR,980.0,-1.0,-1.0,-1.0,-0.43,-0.55,-0.98,-0.78,-1.34,-2.11,2025,313,314,321,262
204001,Kristaps Porziņģis,BOS,1132.0,0.12,0.12,0.33,0.81,0.47,1.28,3.12,1.76,4.88,2025,76,66,80,35
1628366,Lonzo Ball,CHI,672.0,0.72,1.37,1.82,0.27,0.6,0.87,0.95,2.43,3.38,2025,90,112,69,52
1628470,Torrey Craig,BOS,284.0,-2.85,-2.67,-5.13,-0.26,-0.25,-0.51,-1.61,-1.49,-3.09,2025,248,262,243,328
1628392,Isaiah Hartenstein,OKC,1483.0,1.84,2.68,4.42,1.54,2.1,3.65,2.52,3.25,5.77,2025,29,39,16,31
1629028,Deandre Ayton,POR,1075.0,0.31,0.47,0.69,0.26,0.35,0.61,0.7,0.91,1.61,2025,103,114,97,95
1628370,Malik Monk,SAC,1824.0,0.03,0.11,0.05,0.07,0.14,0.21,0.11,0.2,0.32,2025,136,146,124,142
1631115,Orlando Robinson,TOR,665.0,0.43,0.58,0.81,-0.0,-0.05,-0.05,-0.49,-0.96,-1.45,2025,174,172,179,216
1630208,Nick Richards,PHO,1127.0,-1.31,-1.21,-2.56,-0.82,-0.76,-1.58,-1.76,-1.63,-3.39,2025,367,372,364,342
1631109,Mark Williams,CHO,1097.0,0.97,0.62,1.32,0.53,0.33,0.86,0.92,0.53,1.45,2025,91,80,99,99
1626158,Richaun Holmes,WAS,473.0,-2.75,-1.21,-3.75,-0.65,-0.26,-0.92,-2.97,-1.11,-4.07,2025,307,351,251,374
1630194,Paul Reed,DET,369.0,1.11,1.58,2.55,0.12,0.18,0.3,0.38,0.57,0.96,2025,127,129,116,116
1629614,Andrew Nembhard,IND,1688.0,-0.71,-1.06,-1.92,-0.86,-1.25,-2.11,-1.39,-2.02,-3.4,2025,390,380,400,343
1629004,Svi Mykhailiuk,UTA,690.0,-0.49,-0.87,-1.39,-0.23,-0.41,-0.63,-0.88,-1.6,-2.48,2025,274,253,297,290
1631110,Jeremy Sochan,SAS,1200.0,-1.16,-0.55,-2.1,-1.22,-0.65,-1.87,-3.02,-1.7,-4.72,2025,378,401,343,389
203932,Aaron Gordon,DEN,1281.0,0.45,0.07,0.61,0.45,0.09,0.54,1.02,0.25,1.26,2025,107,90,134,106
1630174,Aaron Nesmith,IND,986.0,-0.12,0.02,-0.25,-0.31,-0.12,-0.43,-1.3,-0.59,-1.89,2025,233,279,194,247
1631094,Paolo Banchero,ORL,1420.0,0.11,-0.1,-0.33,0.12,0.04,0.16,0.24,0.23,0.47,2025,141,130,154,136
1628418,Thomas Bryant,IND,848.0,0.01,0.01,-0.01,-0.01,-0.0,-0.01,-0.04,-0.04,-0.08,2025,167,176,164,161
1630193,Immanuel Quickley,TOR,867.0,2.24,0.8,2.88,0.92,0.32,1.24,2.1,0.68,2.77,2025,77,63,100,61
1641715,Cam Whitmore,HOU,712.0,0.2,0.02,-0.24,0.07,0.04,0.11,0.18,0.24,0.42,2025,151,147,155,140
1630529,Herbert Jones,NOP,597.0,0.17,0.13,0.2,0.03,0.04,0.07,0.08,0.15,0.23,2025,155,156,156,147
1630631,Jose Alvarado,NOP,1230.0,-0.02,0.02,-0.1,-0.04,-0.01,-0.05,-0.12,-0.06,-0.18,2025,175,185,166,169
201988,Patty Mills,UTA,275.0,-1.75,-1.24,-2.48,-0.38,-0.14,-0.53,-3.86,-1.13,-5.0,2025,251,302,201,397
1630611,Gui Santos,GSW,625.0,-0.51,-0.53,-1.37,-0.14,-0.15,-0.29,-0.44,-0.46,-0.91,2025,206,218,205,195
1631248,Baylor Scheierman,BOS,332.0,-1.0,-1.0,-1.0,-0.11,-0.17,-0.28,-0.57,-1.19,-1.75,2025,201,209,216,228
1630531,Jaden Springer,UTA,300.0,-0.52,-1.05,-1.9,-0.12,-0.23,-0.35,-1.13,-2.07,-3.2,2025,220,213,238,331
1630551,Justin Champagnie,WAS,1214.0,-1.43,-0.95,-2.65,-1.02,-0.69,-1.71,-1.98,-1.34,-3.31,2025,372,393,350,337
1631096,Chet Holmgren,OKC,839.0,2.48,3.81,5.95,1.03,1.62,2.65,2.5,4.06,6.56,2025,39,55,26,22
1629618,Jalen Pickett,DEN,572.0,-0.9,-0.31,-1.37,-0.36,-0.12,-0.48,-1.7,-0.58,-2.27,2025,247,299,195,275
1629627,Zion Williamson,NOP,775.0,1.91,0.77,2.46,1.18,0.39,1.57,4.65,1.38,6.03,2025,61,48,92,28
1631221,Collin Gillespie,PHO,394.0,-1.27,-0.42,-1.84,-0.3,-0.09,-0.38,-1.94,-0.55,-2.49,2025,224,276,188,293
1631243,Mouhamed Gueye,ATL,481.0,-0.56,-1.06,-1.96,-0.14,-0.25,-0.39,-0.56,-1.03,-1.59,2025,227,219,244,219
1630314,Brandon Williams,DAL,422.0,-4.04,-1.8,-5.99,-0.97,-0.41,-1.37,-5.41,-2.21,-7.62,2025,349,388,298,424
1630556,Kessler Edwards,DAL,555.0,-1.77,-1.63,-3.62,-0.59,-0.54,-1.13,-2.54,-2.34,-4.88,2025,322,339,319,395
1630658,Colin Castleton,TOR,375.0,-1.25,-1.48,-2.93,-0.2,-0.25,-0.45,-1.14,-1.4,-2.54,2025,239,242,245,297
1630545,Terrence Shannon Jr.,MIN,275.0,-1.0,-1.0,-1.0,-0.11,-0.12,-0.23,-0.79,-0.96,-1.75,2025,192,210,196,229
1631230,Dominick Barlow,ATL,322.0,0.19,0.3,0.09,-0.21,-0.07,-0.28,-2.56,-0.98,-3.54,2025,202,245,183,350
1641721,Maxwell Lewis,BRK,263.0,-1.69,-4.03,-6.05,-0.16,-0.47,-0.63,-1.19,-4.11,-5.29,2025,275,225,310,402
1642348,Justin Edwards,PHI,1071.0,-1.0,-1.0,-1.0,-0.54,-0.55,-1.09,-1.05,-1.13,-2.18,2025,318,330,322,267
1630695,Micah Potter,UTA,654.0,-0.74,-0.99,-1.82,-0.26,-0.36,-0.62,-0.93,-1.28,-2.21,2025,271,263,287,270
1641720,Jalen Hood-Schifino,PHI,259.0,-2.47,-2.33,-5.19,-0.32,-0.3,-0.61,-2.93,-2.71,-5.64,2025,266,284,271,407
1630549,Day'Ron Sharpe,BRK,808.0,1.12,1.12,1.97,0.22,0.22,0.44,-0.09,-0.09,-0.18,2025,113,118,109,170
1629610,DaQuan Jeffries,CHO,946.0,-0.61,-1.77,-2.41,-0.35,-1.08,-1.43,-0.86,-2.85,-3.7,2025,355,294,391,354
1630173,Precious Achiuwa,NYK,1046.0,-0.49,-1.21,-1.85,-0.34,-0.8,-1.14,-0.87,-2.0,-2.87,2025,324,290,368,319
203114,Khris Middleton,MIL,748.0,0.12,0.07,0.53,0.13,0.08,0.21,0.66,0.4,1.06,2025,137,127,138,112
203482,Kelly Olynyk,NOP,809.0,-0.09,-0.06,0.18,0.06,0.08,0.13,0.42,0.5,0.92,2025,148,151,139,117
1629622,Max Strus,CLE,1146.0,-0.24,-0.15,-0.36,-0.24,-0.14,-0.38,-0.68,-0.38,-1.06,2025,225,257,202,205
1641736,Reece Beekman,BRK,400.0,-1.0,-1.0,-1.0,-0.17,-0.17,-0.34,-0.91,-0.84,-1.75,2025,215,230,217,230
1630639,A.J. Lawson,TOR,420.0,-0.74,-0.68,-1.64,-0.32,-0.29,-0.61,-2.33,-2.15,-4.48,2025,267,285,264,381
1629013,Landry Shamet,NYK,693.0,-0.61,-0.57,-1.21,-0.38,-0.35,-0.73,-1.71,-1.58,-3.29,2025,284,303,284,336
1631119,Jaylin Williams,OKC,664.0,-1.07,-1.13,-2.53,-0.21,-0.23,-0.44,-0.2,-0.21,-0.41,2025,236,246,239,173
1641774,Tristan Vukcevic,WAS,454.0,-0.33,-0.46,-1.18,-0.16,-0.21,-0.37,-1.13,-1.4,-2.53,2025,223,226,233,296
1642366,Quinten Post,GSW,619.0,-1.0,-1.0,-1.0,-0.28,-0.28,-0.56,-0.9,-0.92,-1.82,2025,257,269,258,236
1628971,Bruce Brown,NOP,825.0,-1.07,-1.91,-2.95,-0.42,-0.75,-1.16,-1.03,-1.86,-2.89,2025,328,308,363,321
1642269,Devin Carter,SAC,327.0,-1.0,-1.0,-1.0,-0.1,-0.19,-0.29,-0.45,-1.39,-1.84,2025,207,207,226,241
1641787,Tosan Evbuomwan,BRK,608.0,-0.6,-2.16,-3.03,-0.19,-0.68,-0.87,-0.71,-2.53,-3.24,2025,302,237,349,334
202695,Kawhi Leonard,LAC,1095.0,2.76,3.75,6.84,1.69,2.18,3.87,3.82,4.73,8.55,2025,25,34,12,13
1629020,Jarred Vanderbilt,LAL,487.0,0.22,0.26,0.33,0.04,0.06,0.11,0.19,0.3,0.49,2025,152,155,146,135
1630692,Jordan Goodwin,LAL,481.0,-0.13,-0.55,-0.77,-0.03,-0.1,-0.12,-0.11,-0.37,-0.48,2025,183,183,191,178
202687,Bismack Biyombo,SAS,498.0,-0.39,-0.57,-0.69,-0.18,-0.43,-0.61,-1.11,-2.92,-4.04,2025,268,235,301,370
1641740,Jaylen Clark,MIN,451.0,-1.0,-1.0,-1.0,-0.22,-0.19,-0.41,-1.04,-0.78,-1.83,2025,230,251,227,239
1641713,GG Jackson,MEM,402.0,0.64,1.01,1.2,0.01,-0.08,-0.06,-0.4,-1.54,-1.93,2025,178,168,186,250
1631232,Keion Brooks Jr.,NOP,309.0,-1.0,-1.0,-1.0,-0.16,-0.09,-0.25,-1.25,-0.42,-1.67,2025,198,227,189,222
203957,Danté Exum,DAL,343.0,2.46,1.2,3.74,0.1,0.05,0.16,-0.69,-0.31,-1.0,2025,142,137,151,200
1641878,Damion Baugh,CHO,320.0,-1.0,-1.0,-1.0,-0.1,-0.19,-0.29,-0.46,-1.42,-1.88,2025,208,208,228,246
1629022,Lonnie Walker IV,PHI,425.0,-1.39,-0.61,-2.09,-0.32,-0.15,-0.47,-1.84,-0.84,-2.68,2025,245,286,206,307
1629011,Mitchell Robinson,NYK,260.0,0.9,0.57,1.38,0.16,0.1,0.26,1.69,0.97,2.66,2025,131,123,133,66
1629680,Matisse Thybulle,POR,282.0,0.57,0.77,1.31,0.05,0.07,0.12,0.29,0.4,0.68,2025,150,152,144,127
1629028,Deandre Ayton,LAL,1137.0,-0.84,-1.04,-1.91,-0.44,-0.54,-0.98,-0.51,-0.63,-1.14,2026,277,286,281,179
1629029,Luka Dončić,LAL,1685.0,3.94,2.71,6.56,5.4,3.69,9.09,8.63,5.89,14.51,2026,3,3,4,5
1629060,Rui Hachimura,LAL,1525.0,0.93,0.48,1.38,0.5,0.26,0.76,0.29,0.17,0.46,2026,90,80,97,131
1629216,Gabe Vincent,LAL,772.0,-1.1,-2.95,-3.96,-0.61,-1.7,-2.31,-1.96,-5.71,-7.67,2026,368,319,382,384
1630559,Austin Reaves,LAL,1128.0,0.12,0.05,0.14,0.34,0.12,0.46,1.19,0.41,1.6,2026,107,93,121,101
201939,Stephen Curry,GSW,703.0,2.42,1.11,4.1,1.93,0.91,2.84,8.15,3.85,12.0,2026,26,25,35,8
202710,Jimmy Butler III,GSW,889.0,1.67,0.13,2.32,2.13,0.45,2.58,7.98,2.06,10.04,2026,30,19,72,13
203110,Draymond Green,GSW,996.0,0.09,0.27,0.8,0.09,0.29,0.38,0.25,0.85,1.1,2026,113,128,93,111
1630228,Jonathan Kuminga,ATL,648.0,0.21,0.11,0.05,0.02,-0.08,-0.06,-0.19,-0.67,-0.86,2026,153,142,163,170
1641764,Brandin Podziemski,GSW,1414.0,0.47,0.49,0.63,0.52,0.55,1.08,0.87,0.93,1.8,2026,75,77,62,98
203935,Marcus Smart,LAL,1154.0,-0.03,0.38,0.56,-0.14,-0.21,-0.35,-0.49,-1.39,-1.88,2026,185,175,208,196
1627741,Buddy Hield,GSW,586.0,-0.4,-0.56,-0.64,-0.11,-0.17,-0.27,-0.18,-0.36,-0.54,2026,171,165,188,160
1627780,Gary Payton II,GSW,756.0,0.28,0.23,0.84,0.19,0.16,0.35,0.64,0.58,1.22,2026,118,111,117,110
201143,Al Horford,GSW,723.0,0.71,0.86,2.26,0.49,0.56,1.05,1.82,2.04,3.86,2026,78,84,61,55
1631222,Jake LaRavia,LAL,1399.0,0.31,0.31,0.42,0.1,0.1,0.2,-0.1,-0.09,-0.19,2026,130,126,127,151
1629020,Jarred Vanderbilt,LAL,766.0,0.11,0.13,0.15,0.03,0.02,0.05,-0.01,-0.04,-0.05,2026,141,138,143,144
1629637,Jaxson Hayes,LAL,1089.0,-1.42,-0.76,-2.33,-0.88,-0.47,-1.35,-1.58,-0.86,-2.44,2026,310,364,267,221
1630611,Gui Santos,GSW,795.0,-0.27,-0.29,-0.83,-0.29,-0.31,-0.6,-1.18,-1.23,-2.42,2026,224,239,231,220
1642954,Will Richard,GSW,839.0,-1.0,-1.0,-1.0,-0.6,-0.6,-1.19,-1.46,-1.46,-2.92,2026,299,318,291,252
1628392,Isaiah Hartenstein,OKC,577.0,1.87,2.75,4.6,0.89,1.14,2.02,3.41,3.79,7.2,2026,39,46,28,26
1628983,Shai Gilgeous-Alexander,OKC,1760.0,8.15,3.07,11.19,14.15,5.29,19.43,20.78,7.74,28.52,2026,2,2,1,1
1629652,Luguentz Dort,OKC,1067.0,-0.35,-0.45,-0.89,-0.44,-0.55,-0.99,-1.17,-1.45,-2.63,2026,279,287,283,230
1631096,Chet Holmgren,OKC,1041.0,1.8,2.77,4.3,1.64,2.58,4.22,3.57,5.76,9.33,2026,13,29,8,17
1641717,Cason Wallace,OKC,1176.0,0.23,0.17,0.07,0.32,0.37,0.69,0.77,1.1,1.87,2026,94,96,81,93
201142,Kevin Durant,HOU,1791.0,1.86,0.14,2.56,3.38,0.5,3.88,5.09,0.85,5.95,2026,18,6,66,32
203500,Steven Adams,HOU,420.0,1.09,1.34,2.71,0.15,0.19,0.34,0.14,0.18,0.32,2026,120,120,110,135
1630578,Alperen Sengun,HOU,1319.0,1.91,2.31,3.96,2.34,2.61,4.95,4.72,4.96,9.68,2026,10,18,7,14
1631095,Jabari Smith Jr.,HOU,1542.0,-0.32,-0.37,-1.02,-0.53,-0.59,-1.12,-0.97,-1.07,-2.04,2026,292,307,288,204
1641708,Amen Thompson,HOU,1845.0,1.93,1.74,3.4,3.17,2.83,6.0,4.48,3.99,8.47,2026,7,9,5,18
1631106,Tari Eason,HOU,1016.0,0.86,1.03,1.68,0.73,0.9,1.63,1.77,2.21,3.98,2026,47,59,38,53
1631119,Jaylin Williams,OKC,702.0,0.56,0.57,0.86,0.5,0.51,1.01,2.09,2.18,4.26,2026,81,81,65,46
1642263,Reed Sheppard,HOU,1259.0,-0.25,-1.59,-2.24,-0.28,-1.52,-1.81,-0.58,-2.72,-3.3,2026,350,232,376,280
1630598,Aaron Wiggins,OKC,717.0,0.91,0.85,1.73,0.4,0.37,0.77,0.76,0.71,1.47,2026,88,90,82,104
203991,Clint Capela,HOU,571.0,0.06,0.01,0.28,0.01,-0.0,0.0,-0.03,-0.04,-0.07,2026,147,145,151,146
1627936,Alex Caruso,OKC,777.0,1.81,2.27,4.28,1.12,1.43,2.55,3.01,3.92,6.93,2026,32,40,17,28
1642349,Ajay Mitchell,OKC,830.0,0.36,0.39,0.48,-0.02,-0.07,-0.09,-0.8,-1.17,-1.97,2026,155,150,160,200
1629006,Josh Okogie,HOU,960.0,0.16,0.17,0.31,0.11,0.12,0.23,0.23,0.25,0.48,2026,129,124,122,129
1628970,Miles Bridges,CHO,1252.0,0.59,0.73,1.29,0.54,0.68,1.23,0.86,1.09,1.95,2026,68,73,52,90
1630163,LaMelo Ball,CHO,911.0,1.23,1.35,2.37,1.17,1.3,2.46,3.48,3.9,7.38,2026,35,37,23,24
1641706,Brandon Miller,CHO,1167.0,-0.32,-1.69,-2.28,-0.37,-1.7,-2.06,-0.81,-3.37,-4.18,2026,360,265,383,309
1641750,Ryan Kalkbrenner,CHO,839.0,-1.0,-1.0,-1.0,-0.64,-0.64,-1.29,-1.58,-1.58,-3.16,2026,307,327,301,270
1642851,Kon Knueppel,CHO,1269.0,-1.0,-1.0,-1.0,-1.04,-1.04,-2.07,-1.82,-1.82,-3.64,2026,361,381,345,293
1629008,Michael Porter Jr.,BRK,945.0,-1.62,-0.57,-2.22,-0.77,-0.27,-1.04,-0.94,-0.33,-1.27,2026,284,348,223,183
1629611,Terance Mann,BRK,1028.0,-1.19,-0.87,-1.98,-0.89,-0.64,-1.53,-1.92,-1.37,-3.29,2026,325,365,302,279
1629651,Nic Claxton,BRK,1107.0,-0.58,-0.77,-1.44,-0.13,-0.18,-0.3,0.47,0.58,1.05,2026,178,173,194,113
1630560,Cam Thomas,BRK,624.0,-1.48,-0.59,-2.27,-0.54,-0.22,-0.76,-1.55,-0.68,-2.23,2026,247,312,210,207
1642879,Ben Saraf,BRK,666.0,-1.0,-1.0,-1.0,-0.43,-0.43,-0.87,-1.32,-1.32,-2.63,2026,261,281,255,231
1629012,Collin Sexton,CHO,1025.0,-1.11,-0.31,-1.45,-0.61,-0.17,-0.78,-0.55,-0.15,-0.7,2026,250,320,189,166
1642883,Sion James,CHO,1154.0,-1.0,-1.0,-1.0,-0.93,-0.93,-1.86,-1.75,-1.75,-3.5,2026,352,370,333,285
1631217,Moussa Diabaté,CHO,1106.0,1.58,1.28,2.66,0.72,0.6,1.32,-0.09,-0.01,-0.11,2026,65,60,56,148
1630533,Ziaire Williams,BRK,898.0,-1.23,-3.7,-5.15,-0.8,-2.37,-3.16,-1.96,-5.73,-7.69,2026,390,352,393,385
1630549,Day'Ron Sharpe,BRK,910.0,0.24,0.24,0.28,0.14,0.14,0.28,0.3,0.3,0.6,2026,122,121,118,124
1642856,Egor Dëmin,BRK,791.0,-1.0,-1.0,-1.0,-0.53,-0.53,-1.06,-1.37,-1.37,-2.74,2026,286,308,276,239
1642275,Tidjane Salaün,CHO,380.0,-0.44,-2.19,-3.07,-0.27,-1.03,-1.29,-2.15,-7.73,-9.89,2026,308,229,344,397
1641730,Noah Clowney,BRK,1155.0,-0.72,-3.13,-4.23,-0.67,-2.74,-3.41,-1.43,-5.52,-6.94,2026,392,332,396,376
1631213,Tyrese Martin,BRK,459.0,-0.6,-2.01,-2.7,-0.22,-0.75,-0.97,-1.17,-4.14,-5.32,2026,274,206,315,343
1630592,Jalen Wilson,BRK,538.0,-1.52,-1.56,-3.24,-0.74,-0.76,-1.5,-3.69,-3.78,-7.47,2026,323,344,317,382
1642962,Drake Powell,BRK,914.0,-1.0,-1.0,-1.0,-0.63,-0.63,-1.25,-1.43,-1.43,-2.85,2026,302,325,299,248
203484,Kentavious Caldwell-Pope,MEM,679.0,-0.63,-0.95,-1.31,-0.36,-0.61,-0.97,-1.33,-2.41,-3.74,2026,275,261,295,295
1628991,Jaren Jackson Jr.,MEM,907.0,0.8,1.03,1.74,0.7,0.78,1.48,2.1,2.1,4.2,2026,55,63,45,48
1629111,Jock Landale,MEM,927.0,-0.31,-0.26,-0.42,-0.26,-0.2,-0.46,-0.73,-0.5,-1.24,2026,199,228,203,181
1629630,Ja Morant,MEM,317.0,2.05,1.47,3.43,0.58,0.41,0.99,4.78,3.31,8.09,2026,82,71,77,21
1642377,Jaylen Wells,MEM,1078.0,-0.91,-0.45,-1.69,-0.95,-0.52,-1.47,-2.42,-1.4,-3.82,2026,320,373,275,297
1629627,Zion Williamson,NOP,1124.0,2.86,1.17,3.89,3.09,1.09,4.18,7.78,2.47,10.25,2026,14,10,29,11
1629673,Jordan Poole,NOP,594.0,-2.0,-1.21,-3.3,-0.73,-0.44,-1.17,-2.43,-1.48,-3.91,2026,296,340,259,303
1630529,Herbert Jones,NOP,1029.0,0.16,0.37,0.51,0.03,0.06,0.1,-0.12,-0.37,-0.49,2026,136,139,134,159
1630530,Trey Murphy III,NOP,1512.0,-0.26,0.03,-0.38,0.27,0.17,0.44,1.07,0.42,1.49,2026,109,105,116,103
1642274,Yves Missi,NOP,999.0,-3.0,-1.05,-4.45,-2.11,-0.77,-2.87,-4.6,-1.75,-6.35,2026,385,398,318,368
1641765,Olivier-Maxence Prosper,MEM,695.0,-1.26,-1.97,-3.5,-0.61,-0.95,-1.56,-1.84,-2.83,-4.67,2026,328,321,336,329
1630583,Santi Aldama,MEM,818.0,-0.08,0.0,-0.23,0.28,0.2,0.48,1.68,1.09,2.78,2026,104,102,108,73
1630180,Saddiq Bey,NOP,1426.0,-0.58,-0.01,-0.83,-0.77,-0.09,-0.86,-1.48,-0.25,-1.73,2026,257,349,169,190
1642914,Javon Small,MEM,589.0,-1.0,-1.0,-1.0,-0.39,-0.39,-0.78,-1.34,-1.34,-2.68,2026,251,274,248,234
1642907,Cedric Coward,MEM,990.0,-1.0,-1.0,-1.0,-0.71,-0.71,-1.43,-1.52,-1.52,-3.04,2026,315,336,310,261
1641722,Jordan Hawkins,NOP,413.0,-1.84,-3.44,-5.54,-0.55,-1.01,-1.56,-3.17,-5.8,-8.97,2026,329,313,341,393
1642847,Jeremiah Fears,NOP,1278.0,-1.0,-1.0,-1.0,-0.9,-0.9,-1.81,-1.58,-1.58,-3.15,2026,351,366,330,269
1629723,John Konchar,UTA,571.0,0.17,0.05,0.32,0.08,0.06,0.15,0.32,0.38,0.7,2026,134,130,135,122
1642852,Derik Queen,NOP,1137.0,-1.0,-1.0,-1.0,-0.79,-0.79,-1.58,-1.51,-1.51,-3.01,2026,330,351,321,257
1642285,Cam Spencer,MEM,1019.0,-0.07,0.07,-0.15,-0.09,0.02,-0.07,-0.28,-0.02,-0.3,2026,154,161,144,153
1628374,Lauri Markkanen,UTA,848.0,1.55,0.47,2.05,1.46,0.43,1.89,4.52,1.29,5.81,2026,41,32,73,34
1629004,Svi Mykhailiuk,UTA,581.0,-0.83,-1.42,-2.23,-0.53,-0.95,-1.48,-2.39,-4.34,-6.72,2026,322,309,337,374
1641718,Keyonte George,UTA,1033.0,-4.45,-1.1,-5.88,-4.11,-1.05,-5.16,-8.48,-2.26,-10.74,2026,400,401,346,399
1642271,Kyle Filipowski,UTA,992.0,-1.21,-0.65,-2.18,-0.97,-0.54,-1.51,-1.85,-1.06,-2.91,2026,324,374,282,251
201935,James Harden,LAC,2079.0,0.79,0.78,2.07,2.07,2.05,4.12,2.81,2.78,5.59,2026,16,21,10,36
202695,Kawhi Leonard,LAC,892.0,1.64,2.54,4.57,1.48,2.02,3.5,4.56,5.68,10.24,2026,22,31,11,12
1627826,Ivica Zubac,LAC,739.0,0.84,0.67,1.53,0.61,0.43,1.04,2.26,1.46,3.71,2026,79,69,74,59
1627884,Derrick Jones Jr.,LAC,839.0,-0.41,-0.47,-0.85,-0.31,-0.35,-0.66,-0.93,-1.06,-1.99,2026,235,243,240,202
1641729,Brice Sensabaugh,UTA,1051.0,-1.17,-0.16,-1.66,-1.42,-0.29,-1.72,-3.66,-0.93,-4.58,2026,344,391,226,325
1642846,Ace Bailey,UTA,914.0,-1.0,-1.0,-1.0,-0.8,-0.8,-1.6,-1.82,-1.82,-3.64,2026,334,353,322,294
1641707,Taylor Hendricks,MEM,685.0,-0.26,-0.68,-1.28,-0.22,-0.47,-0.69,-1.01,-1.92,-2.92,2026,240,207,268,253
1628381,John Collins,LAC,1107.0,-0.23,-0.12,-0.32,-0.28,-0.13,-0.41,-0.71,-0.32,-1.03,2026,193,233,176,176
1627739,Kris Dunn,LAC,1335.0,0.09,0.26,0.56,0.1,0.29,0.39,0.17,0.52,0.69,2026,111,127,94,123
203994,Jusuf Nurkić,UTA,528.0,-0.19,-0.13,-0.1,-0.06,-0.09,-0.15,-0.18,-0.47,-0.65,2026,159,158,170,164
1642383,Walter Clayton Jr.,MEM,785.0,-1.0,-1.0,-1.0,-0.55,-0.55,-1.09,-1.42,-1.42,-2.84,2026,288,314,284,246
201572,Brook Lopez,LAC,1022.0,-0.05,0.01,0.54,0.08,0.09,0.17,0.45,0.37,0.83,2026,132,131,130,121
201587,Nicolas Batum,LAC,962.0,-0.17,-0.08,0.32,-0.14,-0.11,-0.25,-0.37,-0.38,-0.75,2026,169,176,172,168
1626164,Devin Booker,PHO,1689.0,2.16,0.57,2.81,2.8,0.75,3.55,4.11,1.1,5.22,2026,21,13,47,40
1628415,Dillon Brooks,PHO,1177.0,-0.32,-0.29,-0.46,-0.77,-0.67,-1.44,-2.44,-2.1,-4.54,2026,316,350,305,322
1628960,Grayson Allen,PHO,1000.0,-1.5,-0.55,-1.89,-0.71,-0.26,-0.97,-0.67,-0.27,-0.93,2026,276,337,221,174
1642345,Oso Ighodaro,PHO,1260.0,0.47,0.38,0.58,-0.18,0.01,-0.17,-1.4,-0.57,-1.98,2026,162,192,146,201
1642346,Ryan Dunn,PHO,858.0,-0.26,-1.21,-1.74,-0.37,-1.34,-1.71,-1.55,-5.05,-6.6,2026,342,266,365,372
201942,DeMar DeRozan,SAC,1371.0,-1.02,-0.66,-1.17,-0.65,-0.46,-1.11,-0.6,-0.52,-1.12,2026,290,329,266,178
203471,Dennis Schröder,SAC,1351.0,-1.59,-0.96,-2.28,-1.8,-1.02,-2.82,-3.5,-1.92,-5.42,2026,384,395,343,349
203897,Zach LaVine,SAC,790.0,-0.31,-0.21,-0.37,0.06,-0.01,0.04,0.83,0.24,1.07,2026,143,134,152,112
1629234,Drew Eubanks,SAC,389.0,-1.33,-1.79,-3.09,-0.21,-0.29,-0.5,-0.75,-1.03,-1.77,2026,208,205,227,193
1642363,Nique Clifford,SAC,1252.0,-1.0,-1.0,-1.0,-0.85,-0.85,-1.71,-1.51,-1.51,-3.03,2026,343,360,326,259
1631221,Collin Gillespie,PHO,1452.0,-0.35,-0.05,-0.49,-0.12,0.01,-0.11,0.14,0.09,0.23,2026,156,171,147,137
1628370,Malik Monk,SAC,958.0,-0.04,-0.09,-0.16,-0.05,-0.07,-0.12,-0.16,-0.19,-0.35,2026,157,156,161,154
1642875,Maxime Raynaud,SAC,1092.0,-1.0,-1.0,-1.0,-0.73,-0.73,-1.46,-1.44,-1.44,-2.87,2026,318,341,312,250
1626220,Royce O'Neale,PHO,1453.0,-0.06,-0.12,0.09,-0.18,-0.2,-0.38,-0.45,-0.4,-0.86,2026,190,193,204,171
1631109,Mark Williams,PHO,961.0,-0.16,0.03,-0.34,0.44,0.26,0.7,2.39,1.19,3.58,2026,92,87,98,63
201566,Russell Westbrook,SAC,1125.0,-0.93,-1.94,-2.3,-0.61,-1.4,-2.01,-0.99,-2.53,-3.52,2026,359,322,369,287
1631165,Keon Ellis,SAC,1033.0,0.91,0.72,1.54,0.77,0.6,1.37,1.94,1.48,3.41,2026,60,57,57,66
1642928,Dylan Cardwell,SAC,671.0,-1.0,-1.0,-1.0,-0.42,-0.42,-0.83,-1.25,-1.25,-2.51,2026,254,280,252,223
1628976,Wendell Carter Jr.,ORL,1336.0,0.04,0.01,-0.04,-0.04,-0.12,-0.16,-0.2,-0.41,-0.61,2026,161,154,173,163
1630217,Desmond Bane,ORL,1575.0,2.16,1.32,3.46,3.19,1.94,5.13,5.19,3.14,8.34,2026,9,8,12,20
1630532,Franz Wagner,ORL,616.0,1.33,2.54,3.66,0.64,1.01,1.65,2.29,2.88,5.17,2026,46,68,32,41
1630591,Jalen Suggs,ORL,1005.0,0.46,1.04,1.29,0.31,0.77,1.08,0.54,1.5,2.04,2026,76,99,46,89
1631094,Paolo Banchero,ORL,1477.0,-0.39,-1.02,-1.67,-0.15,-0.53,-0.68,0.17,0.03,0.21,2026,238,182,277,138
203952,Andrew Wiggins,MIA,1373.0,-1.68,-1.4,-2.93,-1.43,-1.19,-2.62,-2.1,-1.74,-3.84,2026,379,392,355,300
1626181,Norman Powell,MIA,1205.0,0.53,0.32,1.12,0.38,0.23,0.61,0.57,0.36,0.93,2026,96,91,104,116
1628389,Bam Adebayo,MIA,1571.0,0.88,1.01,1.92,1.17,1.31,2.48,1.96,2.16,4.13,2026,33,38,21,50
1630558,Davion Mitchell,MIA,1195.0,0.47,0.52,0.96,-0.17,-0.19,-0.36,-1.37,-1.57,-2.94,2026,186,187,199,254
1631107,Nikola Jović,MIA,575.0,0.62,0.62,0.91,0.18,0.18,0.35,0.46,0.46,0.91,2026,119,112,114,117
1626145,Tyus Jones,ORL,598.0,-2.08,-0.68,-2.66,-0.45,-0.15,-0.61,0.09,-0.0,0.09,2026,226,293,180,140
1631170,Jaime Jaquez Jr.,MIA,1629.0,-0.28,-1.29,-1.78,-0.38,-1.6,-1.98,-0.62,-2.45,-3.07,2026,357,271,379,264
1628371,Jonathan Isaac,ORL,416.0,0.76,2.0,2.79,0.22,0.59,0.81,1.09,3.05,4.14,2026,85,109,59,49
1629048,Goga Bitadze,ORL,628.0,1.49,1.47,2.87,0.75,0.74,1.49,2.69,2.67,5.36,2026,53,58,50,38
1641710,Anthony Black,ORL,1132.0,-0.3,-1.75,-2.38,-0.37,-1.79,-2.16,-0.93,-3.89,-4.82,2026,364,267,384,332
1631323,Simone Fontecchio,MIA,806.0,-0.78,-1.78,-2.41,-0.49,-1.2,-1.69,-1.51,-3.92,-5.43,2026,340,300,356,350
1642276,Kel'el Ware,MIA,1139.0,0.24,0.2,0.05,0.16,0.14,0.31,0.26,0.26,0.52,2026,121,117,119,126
1630696,Dru Smith,MIA,837.0,-0.19,-0.31,-0.47,-0.02,-0.02,-0.04,0.21,0.4,0.6,2026,150,151,153,125
1641783,Tristan da Silva,ORL,1037.0,-0.75,-2.72,-3.68,-0.65,-2.32,-2.97,-1.45,-5.03,-6.48,2026,387,330,391,370
201950,Jrue Holiday,POR,946.0,0.55,0.35,1.35,0.5,0.35,0.85,1.46,1.1,2.57,2026,84,82,87,78
1630166,Deni Avdija,POR,1315.0,1.99,1.53,3.36,1.58,1.21,2.79,2.13,1.63,3.76,2026,27,30,26,58
1631101,Shaedon Sharpe,POR,987.0,-1.1,-1.39,-2.82,-0.84,-1.05,-1.89,-1.98,-2.43,-4.41,2026,353,358,347,318
1641739,Toumani Camara,POR,1671.0,1.26,1.22,2.33,1.11,1.07,2.19,1.24,1.2,2.43,2026,37,42,30,82
1642270,Donovan Clingan,POR,1030.0,1.04,1.12,1.77,0.56,0.6,1.17,0.68,0.72,1.4,2026,70,72,58,108
203497,Rudy Gobert,MIN,1417.0,0.27,0.03,0.63,0.52,0.21,0.73,1.18,0.58,1.76,2026,91,78,107,99
203944,Julius Randle,MIN,1875.0,0.68,0.51,1.4,1.28,0.91,2.19,1.86,1.31,3.17,2026,38,34,36,70
1628978,Donte DiVincenzo,MIN,1209.0,0.71,0.92,1.72,0.81,1.03,1.84,1.85,2.36,4.21,2026,42,54,31,47
1630162,Anthony Edwards,MIN,1577.0,2.23,1.85,3.86,2.88,2.34,5.22,4.67,3.74,8.42,2026,8,12,9,19
1630183,Jaden McDaniels,MIN,1422.0,-0.54,-0.92,-1.61,-0.49,-0.82,-1.31,-0.69,-1.16,-1.85,2026,309,301,323,195
203924,Jerami Grant,POR,1158.0,-1.27,-2.11,-3.16,-0.94,-1.59,-2.54,-1.53,-2.63,-4.16,2026,375,371,378,308
1629675,Naz Reid,MIN,1531.0,0.47,0.57,0.96,0.69,0.85,1.55,1.25,1.55,2.8,2026,49,65,40,72
1631200,Kris Murray,POR,756.0,0.21,0.35,0.41,-0.13,-0.6,-0.73,-1.12,-4.15,-5.27,2026,243,174,292,342
1630545,Terrence Shannon Jr.,MIN,590.0,-0.92,-1.12,-2.19,-0.39,-0.47,-0.86,-1.5,-1.84,-3.34,2026,258,275,269,281
1629680,Matisse Thybulle,POR,399.0,0.73,1.0,1.75,0.17,0.23,0.39,0.8,1.1,1.9,2026,112,115,105,92
201144,Mike Conley,MIN,754.0,0.59,0.13,1.34,0.41,0.19,0.6,1.51,0.91,2.42,2026,97,89,111,83
1641740,Jaylen Clark,MIN,795.0,0.53,0.45,0.77,0.14,0.12,0.26,-0.08,-0.03,-0.11,2026,128,122,123,149
203507,Giannis Antetokounmpo,MIL,596.0,5.87,2.52,8.6,3.23,1.39,4.62,14.26,6.16,20.41,2026,12,7,19,3
1626167,Myles Turner,MIL,1187.0,0.27,0.44,0.81,0.31,0.48,0.78,0.69,1.05,1.74,2026,87,100,71,100
1629018,Gary Trent Jr.,MIL,931.0,-1.09,-1.07,-2.2,-0.8,-0.78,-1.58,-1.97,-1.93,-3.9,2026,331,354,319,302
1629645,Kevin Porter Jr.,MIL,838.0,0.01,0.05,-0.09,-0.0,0.01,0.01,-0.04,-0.01,-0.05,2026,144,146,148,145
1631260,AJ Green,MIL,1389.0,-0.86,-0.78,-1.73,-1.18,-1.01,-2.19,-2.35,-1.91,-4.26,2026,365,385,342,314
203114,Khris Middleton,WAS,851.0,-1.17,-0.88,-1.67,-0.44,-0.34,-0.77,-0.23,-0.22,-0.45,2026,248,288,238,157
203468,CJ McCollum,ATL,1548.0,-0.75,-0.5,-0.85,-0.61,-0.43,-1.05,-0.69,-0.53,-1.23,2026,285,323,256,180
1642259,Alex Sarr,WAS,730.0,0.05,0.3,0.35,-0.06,-0.16,-0.21,-0.43,-1.45,-1.88,2026,166,159,184,197
1642267,Bub Carrington,WAS,1300.0,-1.13,-3.8,-4.93,-0.98,-3.32,-4.3,-1.45,-4.92,-6.37,2026,399,375,399,369
1642273,Kyshawn George,WAS,847.0,0.04,-0.59,-0.88,-0.24,-1.18,-1.42,-1.38,-5.26,-6.64,2026,314,216,354,373
1628963,Marvin Bagley III,WAS,764.0,0.52,0.29,0.72,0.04,0.04,0.08,-0.64,-0.27,-0.91,2026,139,136,137,172
1642848,Tre Johnson,WAS,925.0,-1.0,-1.0,-1.0,-0.68,-0.68,-1.35,-1.52,-1.52,-3.05,2026,311,333,308,262
1628398,Kyle Kuzma,MIL,1170.0,-0.83,-2.47,-3.15,-0.82,-2.58,-3.4,-1.71,-5.65,-7.36,2026,391,356,394,380
1626171,Bobby Portis,MIL,1036.0,-0.15,-0.16,-0.16,-0.12,-0.16,-0.28,-0.27,-0.42,-0.69,2026,173,172,185,165
1631157,Ryan Rollins,MIL,1387.0,0.04,-0.03,-0.26,-0.04,-0.12,-0.17,-0.2,-0.34,-0.54,2026,163,155,174,161
1641715,Cam Whitmore,WAS,280.0,0.06,-0.17,-0.5,0.03,0.04,0.07,0.35,0.61,0.96,2026,140,140,138,115
1630557,Corey Kispert,ATL,636.0,-2.85,-0.78,-3.72,-1.28,-0.35,-1.63,-4.52,-1.27,-5.79,2026,336,387,241,355
1630175,Cole Anthony,MIL,333.0,0.19,0.15,0.2,0.04,0.09,0.13,0.24,0.81,1.05,2026,135,137,131,114
1627752,Taurean Prince,MIL,340.0,-2.34,-3.51,-5.64,-0.44,-0.67,-1.11,-2.47,-3.82,-6.29,2026,291,289,306,366
1630551,Justin Champagnie,WAS,960.0,-0.3,-0.15,-0.66,-0.28,-0.17,-0.45,-0.8,-0.52,-1.32,2026,198,234,190,185
1629599,Amir Coffey,MIL,298.0,-3.18,-2.13,-5.28,-0.5,-0.33,-0.84,-3.23,-2.11,-5.34,2026,255,304,236,345
202691,Klay Thompson,DAL,956.0,-1.84,-2.44,-3.83,-1.33,-1.79,-3.11,-2.36,-3.25,-5.61,2026,389,390,385,353
203076,Anthony Davis,DAL,310.0,0.34,2.81,3.42,0.29,1.21,1.5,3.05,11.0,14.05,2026,52,101,27,6
1629023,P.J. Washington,DAL,873.0,-0.27,-1.0,-1.31,-0.28,-1.0,-1.27,-0.86,-3.05,-3.91,2026,303,235,340,304
1642843,Cooper Flagg,DAL,1099.0,-1.0,-1.0,-1.0,-0.98,-0.98,-1.97,-1.92,-1.92,-3.84,2026,356,376,339,301
203084,Harrison Barnes,SAS,1086.0,-0.01,-0.24,0.08,-0.31,-0.21,-0.52,-1.29,-0.52,-1.81,2026,214,244,209,194
1630170,Devin Vassell,SAS,1515.0,-1.14,-1.56,-2.85,-0.99,-1.35,-2.34,-1.35,-1.84,-3.19,2026,371,377,368,272
1630577,Julian Champagnie,SAS,1603.0,-0.53,-0.43,-1.17,-0.75,-0.61,-1.36,-1.28,-1.06,-2.35,2026,312,347,296,213
1641705,Victor Wembanyama,SAS,1308.0,2.1,5.39,7.17,1.99,5.09,7.08,3.75,9.54,13.29,2026,5,23,2,7
1642264,Stephon Castle,SAS,1302.0,-0.37,-2.1,-2.86,-0.45,-2.11,-2.56,-1.0,-4.2,-5.2,2026,378,294,389,339
1630230,Naji Marshall,DAL,1231.0,-0.62,-0.44,-1.03,-0.85,-0.6,-1.45,-1.82,-1.28,-3.1,2026,317,361,293,265
1631108,Max Christie,DAL,1089.0,-0.94,-1.35,-2.62,-1.16,-1.63,-2.79,-2.85,-3.9,-6.75,2026,383,384,380,375
1642948,Ryan Nembhard,DAL,489.0,-1.0,-1.0,-1.0,-0.38,-0.38,-0.77,-1.59,-1.59,-3.17,2026,249,272,245,271
1628436,Luke Kornet,SAS,1125.0,2.74,1.11,4.0,2.09,0.85,2.94,4.28,1.76,6.04,2026,25,20,41,30
1629640,Keldon Johnson,SAS,1589.0,-1.99,-0.79,-2.88,-2.16,-0.87,-3.03,-3.28,-1.32,-4.61,2026,388,399,328,327
1642844,Dylan Harper,SAS,1329.0,-1.0,-1.0,-1.0,-0.87,-0.87,-1.74,-1.47,-1.47,-2.95,2026,346,363,329,256
203939,Dwight Powell,DAL,527.0,-0.33,-0.37,-0.31,-0.33,-0.18,-0.51,-2.01,-0.83,-2.84,2026,212,252,195,247
1630314,Brandon Williams,DAL,1083.0,-0.11,0.0,-0.19,-0.14,-0.02,-0.17,-0.37,-0.11,-0.48,2026,164,177,154,158
1630702,Jaden Hardy,WAS,482.0,-0.82,-3.23,-4.32,-0.35,-1.31,-1.66,-1.87,-6.7,-8.57,2026,337,257,362,389
202696,Nikola Vučević,CHI,1082.0,0.48,0.17,1.1,0.53,0.23,0.77,1.5,0.71,2.22,2026,89,75,106,86
1630171,Isaac Okoro,CHI,955.0,0.02,0.07,-0.06,-0.11,-0.04,-0.15,-0.54,-0.3,-0.85,2026,160,166,156,169
1630200,Tre Jones,CHI,1344.0,0.16,0.11,0.19,0.11,0.08,0.19,0.12,0.09,0.21,2026,131,125,132,139
1630581,Josh Giddey,CHI,909.0,0.08,0.11,-0.07,0.42,0.37,0.79,2.0,1.67,3.67,2026,86,88,83,61
1641824,Matas Buzelis,CHI,1154.0,-0.51,-1.74,-2.64,-0.48,-1.48,-1.96,-1.1,-3.11,-4.22,2026,354,299,374,311
202699,Tobias Harris,DET,1224.0,0.93,1.14,2.4,0.66,0.8,1.46,0.88,1.07,1.95,2026,56,66,43,91
1629130,Duncan Robinson,DET,1347.0,-0.57,-0.57,-0.94,-0.83,-0.83,-1.66,-1.82,-1.81,-3.62,2026,338,357,324,292
1630595,Cade Cunningham,DET,1359.0,1.87,1.7,3.35,1.99,1.8,3.79,3.53,3.18,6.71,2026,20,24,14,29
1631105,Jalen Duren,DET,1180.0,0.64,0.44,0.75,0.8,0.49,1.3,2.02,1.15,3.18,2026,66,55,69,69
1641709,Ausar Thompson,DET,1179.0,0.8,1.25,1.78,0.54,0.84,1.37,0.72,1.11,1.82,2026,61,74,42,96
1630191,Isaiah Stewart,DET,911.0,-0.03,-0.02,-0.26,-0.14,-0.14,-0.28,-0.67,-0.64,-1.31,2026,174,178,177,184
1628989,Kevin Huerter,CHI,978.0,-0.15,-0.19,-0.37,-0.19,-0.23,-0.42,-0.66,-0.75,-1.41,2026,194,199,212,187
1630245,Ayo Dosunmu,CHI,1348.0,-1.76,-1.05,-2.9,-1.6,-0.95,-2.55,-2.69,-1.58,-4.28,2026,377,394,338,316
1627747,Caris LeVert,DET,1048.0,-0.03,-0.11,0.07,-0.0,-0.05,-0.05,0.05,-0.03,0.02,2026,151,147,157,143
1630172,Patrick Williams,CHI,1114.0,-0.28,-1.44,-1.93,-0.33,-1.42,-1.75,-0.92,-3.56,-4.47,2026,347,253,370,320
1641842,Ronald Holland II,DET,977.0,-0.24,-0.24,-0.48,-0.3,-0.3,-0.6,-1.0,-1.0,-1.99,2026,225,240,229,203
1630188,Jalen Smith,CHI,807.0,0.65,0.51,1.01,0.33,0.25,0.57,0.82,0.6,1.43,2026,99,95,101,106
1630194,Paul Reed,DET,656.0,1.33,1.95,3.19,0.46,0.68,1.14,1.03,1.55,2.58,2026,73,86,53,77
1629750,Javonte Green,DET,753.0,-0.6,-0.5,-0.83,-0.51,-0.38,-0.89,-2.04,-1.45,-3.49,2026,263,305,246,284
1631207,Dalen Terry,CHI,372.0,-0.52,-2.18,-2.97,-0.16,-0.61,-0.78,-1.17,-4.19,-5.36,2026,252,184,297,346
1627759,Jaylen Brown,BOS,1607.0,-0.51,-0.57,-0.99,-0.43,-0.48,-0.91,-0.47,-0.52,-0.99,2026,267,282,271,175
1628401,Derrick White,BOS,1439.0,2.46,1.44,4.11,2.91,1.73,4.64,5.02,3.0,8.02,2026,11,11,15,22
1629674,Neemias Queta,BOS,1064.0,0.12,0.11,0.14,-0.0,0.01,0.01,-0.23,-0.15,-0.38,2026,145,148,149,155
1630202,Payton Pritchard,BOS,1617.0,-0.07,-0.05,-0.09,0.53,0.18,0.7,1.34,0.47,1.81,2026,93,76,115,97
1630573,Sam Hauser,BOS,1117.0,1.11,0.81,1.92,0.89,0.65,1.54,1.72,1.24,2.95,2026,50,47,54,71
203954,Joel Embiid,PHI,758.0,3.65,1.81,5.67,2.75,1.38,4.13,10.67,5.41,16.07,2026,15,14,20,4
1626162,Kelly Oubre Jr.,PHI,1193.0,-2.5,-2.68,-5.03,-1.92,-2.06,-3.98,-3.39,-3.64,-7.03,2026,396,396,388,377
1630178,Tyrese Maxey,PHI,1894.0,1.6,0.61,2.06,2.5,0.91,3.41,3.48,1.24,4.72,2026,23,16,37,43
1631230,Dominick Barlow,PHI,985.0,0.75,0.51,0.93,-0.11,0.06,-0.05,-1.73,-0.55,-2.28,2026,152,167,136,209
1642845,VJ Edgecombe,PHI,1517.0,-1.0,-1.0,-1.0,-1.05,-1.05,-2.1,-1.62,-1.62,-3.25,2026,363,382,348,275
1629014,Anfernee Simons,BOS,815.0,-0.57,-0.16,-0.82,-0.27,-0.08,-0.36,-0.56,-0.19,-0.74,2026,187,230,164,167
1631169,Josh Minott,BOS,531.0,0.54,0.58,0.85,0.23,0.26,0.5,1.09,1.25,2.35,2026,103,108,99,84
1629656,Quentin Grimes,PHI,1472.0,-1.53,-0.79,-2.48,-1.29,-0.67,-1.96,-1.7,-0.89,-2.59,2026,355,388,307,227
1641737,Adem Bona,PHI,914.0,-0.76,-0.35,-1.44,-0.72,-0.38,-1.1,-2.38,-1.35,-3.74,2026,289,339,247,296
1631133,Jabari Walker,PHI,564.0,0.39,0.38,0.51,-0.24,-0.22,-0.46,-2.32,-2.14,-4.46,2026,200,217,211,319
1630568,Luka Garza,BOS,723.0,-0.03,-0.02,-0.08,-0.28,-0.19,-0.47,-1.64,-1.13,-2.78,2026,204,236,200,242
1642348,Justin Edwards,PHI,854.0,-2.27,-2.63,-5.22,-1.29,-1.49,-2.77,-3.26,-3.77,-7.03,2026,382,389,375,378
204001,Kristaps Porziņģis,GSW,422.0,0.26,0.09,0.5,0.7,0.38,1.08,6.15,3.41,9.56,2026,77,64,78,15
1630552,Jalen Johnson,ATL,1671.0,0.29,0.36,0.44,0.5,0.73,1.23,0.83,1.29,2.12,2026,69,83,51,88
1630700,Dyson Daniels,ATL,1465.0,0.83,1.57,2.06,0.83,1.65,2.48,1.26,2.62,3.88,2026,34,53,16,54
1642258,Zaccharie Risacher,ATL,844.0,-0.96,-1.83,-3.24,-0.71,-1.28,-2.0,-2.25,-3.89,-6.14,2026,358,338,360,363
1627742,Brandon Ingram,TOR,1727.0,0.0,0.12,0.16,0.07,0.38,0.45,0.15,0.69,0.84,2026,108,133,79,120
1627751,Jakob Poeltl,TOR,703.0,1.89,1.41,3.54,0.66,0.5,1.16,1.48,1.12,2.6,2026,72,67,67,75
1629628,RJ Barrett,TOR,1033.0,-0.24,-0.81,-1.2,-0.18,-0.57,-0.75,-0.44,-1.25,-1.69,2026,245,194,285,189
1630193,Immanuel Quickley,TOR,1204.0,1.14,0.41,1.45,1.12,0.37,1.49,2.5,0.8,3.3,2026,54,41,84,67
1630567,Scottie Barnes,TOR,1954.0,0.44,1.0,1.23,0.71,1.87,2.58,0.96,2.63,3.59,2026,31,61,13,62
1629638,Nickeil Alexander-Walker,ATL,1815.0,0.68,0.72,1.37,0.71,0.75,1.46,0.89,0.94,1.83,2026,57,62,48,94
1628379,Luke Kennard,LAL,1270.0,0.4,0.14,0.63,0.34,0.13,0.48,0.65,0.26,0.91,2026,105,94,120,118
1630811,Keaton Wallace,ATL,323.0,-0.38,-1.15,-1.61,-0.1,-0.35,-0.46,-0.85,-2.98,-3.83,2026,201,163,242,299
1630534,Ochai Agbaji,TOR,703.0,0.02,0.04,-0.09,-0.3,-0.26,-0.56,-1.93,-1.66,-3.59,2026,218,241,222,291
1630572,Sandro Mamukelashvili,TOR,1405.0,1.09,0.45,1.45,0.9,0.37,1.27,1.31,0.52,1.83,2026,67,45,85,95
1641711,Gradey Dick,TOR,751.0,-1.16,-4.53,-6.01,-0.57,-2.14,-2.71,-1.69,-6.16,-7.85,2026,381,316,390,386
1630168,Onyeka Okongwu,ATL,1417.0,2.99,1.4,4.24,2.67,1.24,3.91,3.81,1.75,5.56,2026,17,15,25,37
1642347,Jamal Shead,TOR,1616.0,-0.51,-2.25,-3.03,-0.73,-2.99,-3.72,-1.25,-4.93,-6.18,2026,394,342,398,364
1642419,Jamison Battle,TOR,380.0,-1.73,-1.11,-3.06,-0.39,-0.25,-0.65,-2.32,-1.5,-3.82,2026,233,276,219,298
1631243,Mouhamed Gueye,ATL,971.0,0.49,0.65,0.87,0.17,0.2,0.37,-0.01,-0.16,-0.17,2026,114,116,109,150
1626157,Karl-Anthony Towns,NYK,1236.0,2.56,1.51,4.22,2.42,1.4,3.82,4.7,2.68,7.38,2026,19,17,18,25
1628384,OG Anunoby,NYK,1590.0,0.59,0.41,1.03,0.61,0.42,1.02,0.84,0.58,1.42,2026,80,70,76,107
1628969,Mikal Bridges,NYK,1730.0,0.34,0.05,0.48,0.32,0.04,0.36,0.4,0.04,0.43,2026,117,97,139,133
1628973,Jalen Brunson,NYK,2175.0,2.39,0.64,3.13,4.78,1.31,6.08,5.88,1.61,7.5,2026,6,5,22,23
1630574,Ariel Hukporti,NYK,371.0,-0.97,-2.79,-4.03,-0.22,-0.72,-0.94,-1.31,-4.57,-5.89,2026,268,208,311,357
1628378,Donovan Mitchell,CLE,2085.0,3.01,1.59,4.7,4.96,2.63,7.6,6.24,3.31,9.56,2026,4,4,6,16
1628386,Jarrett Allen,CLE,1369.0,1.47,0.74,2.18,1.86,0.92,2.78,3.9,1.9,5.81,2026,28,26,34,35
1630241,Sam Merrill,CLE,1125.0,0.24,0.17,0.5,0.16,0.11,0.27,0.27,0.2,0.47,2026,126,118,124,130
1630596,Evan Mobley,CLE,1727.0,1.01,0.75,1.56,1.78,1.26,3.04,2.93,2.04,4.97,2026,24,27,24,42
1642281,Jaylon Tyson,CLE,1254.0,-1.03,-1.64,-2.95,-0.9,-1.42,-2.32,-1.7,-2.66,-4.36,2026,369,367,371,317
1627824,Guerschon Yabusele,CHI,596.0,0.18,-0.04,0.29,-0.19,-0.08,-0.27,-1.59,-0.52,-2.1,2026,172,200,165,205
1629731,Dean Wade,CLE,1141.0,0.38,0.48,0.95,0.2,0.24,0.44,0.19,0.24,0.44,2026,110,110,102,132
1628366,Lonzo Ball,CLE,561.0,0.47,1.15,1.66,0.08,0.19,0.28,0.02,0.02,0.04,2026,123,132,112,142
1630540,Miles McBride,NYK,879.0,0.96,0.83,1.64,0.35,0.32,0.67,0.25,0.26,0.51,2026,95,92,91,127
1641854,Craig Porter Jr.,CLE,764.0,-0.59,-0.66,-1.4,-0.11,-0.12,-0.23,0.24,0.26,0.5,2026,168,168,175,128
1629013,Landry Shamet,NYK,924.0,-0.03,-0.03,-0.03,-0.45,-0.42,-0.87,-2.2,-2.03,-4.24,2026,262,295,253,312
1626204,Larry Nance Jr.,CLE,265.0,0.94,0.43,1.7,0.18,0.1,0.28,1.76,1.01,2.77,2026,124,113,128,74
203903,Jordan Clarkson,NYK,817.0,-1.19,-1.13,-1.99,-0.92,-0.86,-1.78,-3.15,-2.92,-6.08,2026,349,369,327,362
203932,Aaron Gordon,DEN,684.0,0.74,0.11,1.01,0.49,0.11,0.6,2.01,0.53,2.54,2026,98,85,125,80
203999,Nikola Jokić,DEN,1788.0,10.14,2.85,13.14,15.22,4.28,19.5,22.25,6.26,28.52,2026,1,1,3,2
1627750,Jamal Murray,DEN,1764.0,1.13,0.36,1.52,1.75,0.55,2.3,2.63,0.83,3.46,2026,36,28,63,64
1629661,Cameron Johnson,DEN,1040.0,1.31,0.43,1.83,1.19,0.38,1.57,3.08,0.96,4.05,2026,48,35,80,51
1631128,Christian Braun,DEN,987.0,0.29,0.23,0.31,0.02,0.08,0.1,-0.38,-0.02,-0.4,2026,137,143,133,156
203501,Tim Hardaway Jr.,DEN,1583.0,-1.77,-1.22,-2.66,-2.3,-1.54,-3.83,-3.75,-2.46,-6.21,2026,395,400,377,365
1628971,Bruce Brown,DEN,1343.0,-1.53,-2.68,-4.12,-1.49,-2.64,-4.13,-2.59,-4.62,-7.21,2026,397,393,395,379
202685,Jonas Valančiūnas,DEN,251.0,-0.88,0.04,-0.52,-0.03,0.01,-0.02,0.16,0.11,0.27,2026,148,153,150,136
1631212,Peyton Watson,DEN,1083.0,-1.24,-1.78,-3.29,-0.94,-1.34,-2.27,-1.91,-2.69,-4.59,2026,367,372,366,326
1642461,Spencer Jones,DEN,1037.0,-1.05,-1.91,-3.17,-0.9,-1.64,-2.54,-2.24,-4.09,-6.33,2026,376,368,381,367
1627783,Pascal Siakam,IND,1197.0,1.12,0.67,2.01,1.19,0.65,1.84,2.67,1.35,4.03,2026,43,36,55,52
1629614,Andrew Nembhard,IND,1117.0,-0.51,-1.56,-2.16,-0.66,-1.43,-2.09,-1.84,-3.23,-5.07,2026,362,331,372,336
1630174,Aaron Nesmith,IND,799.0,-0.57,-0.24,-0.9,-0.44,-0.2,-0.64,-1.56,-0.73,-2.29,2026,232,290,205,210
1630543,Isaiah Jackson,IND,620.0,0.84,0.79,1.42,0.28,0.26,0.55,0.74,0.69,1.44,2026,100,103,100,105
1631097,Bennedict Mathurin,IND,1052.0,-1.06,-1.41,-2.74,-1.01,-1.33,-2.34,-2.63,-3.4,-6.03,2026,372,379,364,360
1630167,Obi Toppin,IND,318.0,0.43,0.25,0.65,0.18,0.1,0.28,1.66,0.9,2.56,2026,125,114,129,79
1643007,Taelon Peter,IND,261.0,-1.0,-1.0,-1.0,-0.14,-0.14,-0.29,-1.16,-1.16,-2.33,2026,176,179,178,212
1641767,Ben Sheppard,IND,871.0,-0.69,-0.63,-1.53,-0.64,-0.59,-1.23,-2.21,-2.03,-4.24,2026,300,328,289,313
1631172,Ousmane Dieng,MIL,531.0,-0.65,-2.67,-3.65,-0.24,-0.93,-1.17,-0.97,-3.53,-4.5,2026,297,218,334,321
1630643,Jay Huff,IND,984.0,0.77,0.48,1.22,0.89,0.53,1.42,2.85,1.66,4.51,2026,58,48,64,45
1641716,Jarace Walker,IND,1291.0,-0.72,-3.03,-4.07,-0.56,-2.32,-2.87,-0.79,-3.23,-4.02,2026,386,315,392,305
1628396,Tony Bradley,IND,316.0,0.93,0.65,1.61,0.06,0.04,0.1,-0.14,-0.08,-0.22,2026,138,135,140,152
1642382,Branden Carlson,OKC,284.0,-0.75,-0.84,-1.68,-0.06,-0.06,-0.12,0.03,0.03,0.06,2026,158,160,159,141
1630249,Vít Krejčí,ATL,914.0,0.21,0.18,0.24,-0.02,0.03,0.01,-0.46,-0.14,-0.59,2026,146,152,142,162
1641724,Jett Howard,ORL,353.0,-1.08,-3.62,-5.03,-0.3,-1.05,-1.36,-2.04,-7.2,-9.24,2026,313,242,349,394
1627734,Domantas Sabonis,SAC,349.0,3.64,1.16,4.89,1.15,0.37,1.52,8.9,2.92,11.81,2026,51,39,86,9
1642366,Quinten Post,GSW,685.0,-0.95,-0.98,-2.08,-0.31,-0.32,-0.63,-0.45,-0.46,-0.91,2026,231,245,234,173
1630541,Moses Moody,GSW,939.0,-1.37,-1.34,-2.98,-0.8,-0.78,-1.58,-1.42,-1.39,-2.81,2026,332,355,320,245
1631218,Trayce Jackson-Davis,GSW,315.0,-0.47,-0.29,-0.91,0.16,0.11,0.27,2.28,1.55,3.83,2026,127,119,126,56
1630311,Pat Spencer,GSW,737.0,-0.85,-2.2,-2.95,-0.4,-1.15,-1.55,-1.01,-3.26,-4.27,2026,326,278,352,315
1641712,Rayan Rupert,POR,627.0,-0.83,-3.28,-4.5,-0.49,-1.84,-2.34,-2.15,-7.73,-9.88,2026,373,302,386,396
1628404,Josh Hart,NYK,1517.0,0.78,0.13,1.05,1.01,0.32,1.33,1.75,0.71,2.46,2026,64,43,92,81
1631248,Baylor Scheierman,BOS,825.0,-0.39,-0.93,-1.47,-0.28,-0.66,-0.95,-0.89,-2.05,-2.94,2026,272,237,304,255
1642864,Hugo González,BOS,841.0,-1.0,-1.0,-1.0,-0.58,-0.58,-1.16,-1.43,-1.43,-2.85,2026,294,317,286,249
1641775,Jordan Walsh,BOS,844.0,-0.1,-1.05,-1.54,-0.22,-1.05,-1.27,-0.99,-3.87,-4.86,2026,304,209,350,334
1642261,Dalton Knecht,LAL,315.0,-2.55,-1.38,-4.14,-0.35,-0.19,-0.53,-2.02,-1.09,-3.11,2026,216,258,201,266
1630538,Bones Hyland,MIN,820.0,-0.74,-2.68,-3.57,-0.35,-1.25,-1.6,-0.7,-2.5,-3.19,2026,335,259,359,273
1642265,Rob Dillingham,CHI,504.0,-0.32,-1.6,-2.31,-0.19,-0.75,-0.94,-1.16,-4.21,-5.38,2026,269,201,316,347
1631159,Leonard Miller,CHI,361.0,0.02,-0.27,-0.59,0.0,-0.03,-0.03,-0.01,-0.06,-0.07,2026,149,149,155,147
1642860,Will Riley,WAS,996.0,-1.0,-1.0,-1.0,-0.74,-0.74,-1.47,-1.56,-1.56,-3.12,2026,321,345,314,267
1630619,Moussa Cisse,DAL,315.0,-1.0,-1.0,-1.0,-0.23,-0.23,-0.46,-1.52,-1.52,-3.03,2026,202,212,213,260
1630631,Jose Alvarado,NOP,885.0,0.36,-0.82,-0.49,-0.05,-0.48,-0.53,-0.85,-1.1,-1.95,2026,217,157,272,199
1630208,Nick Richards,CHI,408.0,-1.51,-1.4,-2.87,-0.45,-0.41,-0.86,-2.72,-2.51,-5.23,2026,259,296,249,340
1642863,Khaman Maluach,PHO,286.0,-1.0,-1.0,-1.0,-0.16,-0.16,-0.32,-1.19,-1.19,-2.38,2026,180,185,186,216
1629618,Jalen Pickett,DEN,461.0,0.43,0.23,0.57,-0.18,-0.05,-0.22,-2.02,-0.67,-2.69,2026,167,195,158,235
1630192,Zeke Nnaji,DEN,404.0,-1.05,-0.97,-2.17,-0.39,-0.35,-0.74,-2.57,-2.38,-4.95,2026,244,277,243,335
1631124,Julian Strawther,DEN,524.0,-3.1,-4.55,-7.92,-1.0,-1.47,-2.47,-3.93,-5.78,-9.71,2026,374,378,373,395
1630692,Jordan Goodwin,PHO,991.0,-0.35,-1.08,-1.46,-0.22,-0.68,-0.89,-0.41,-1.26,-1.67,2026,264,210,309,188
1642853,Rasheer Fleming,PHO,403.0,-1.0,-1.0,-1.0,-0.24,-0.24,-0.48,-1.22,-1.22,-2.44,2026,206,219,215,222
1641763,Julian Phillips,CHI,251.0,-0.42,-0.24,-1.0,-0.25,-0.18,-0.43,-3.13,-2.31,-5.44,2026,195,224,196,351
1630544,Tre Mann,CHO,375.0,-0.45,-0.96,-1.62,-0.24,-0.45,-0.69,-1.87,-3.45,-5.32,2026,241,220,263,344
203083,Andre Drummond,PHI,789.0,-0.67,-1.58,-1.98,-0.33,-0.9,-1.23,-0.86,-2.71,-3.56,2026,301,254,331,289
1642269,Devin Carter,SAC,350.0,-0.32,-1.25,-1.83,-0.11,-0.41,-0.52,-0.91,-3.23,-4.14,2026,215,169,250,307
1642450,Daniss Jenkins,DET,949.0,-0.96,-0.68,-1.86,-0.74,-0.53,-1.27,-1.91,-1.37,-3.28,2026,305,346,278,278
1642868,Carter Bryant,SAS,582.0,-1.0,-1.0,-1.0,-0.33,-0.33,-0.67,-1.16,-1.16,-2.32,2026,237,255,237,211
203992,Bogdan Bogdanović,LAC,289.0,-0.32,-0.32,-0.31,-0.1,-0.08,-0.19,-0.99,-0.75,-1.74,2026,165,164,166,191
1642867,Collin Murray-Boyles,TOR,1008.0,-1.0,-1.0,-1.0,-0.63,-0.63,-1.27,-1.33,-1.33,-2.65,2026,306,326,300,232
1628997,Caleb Martin,DAL,609.0,-0.61,-1.71,-2.17,-0.37,-1.17,-1.55,-1.49,-5.1,-6.59,2026,327,268,353,371
1641796,Pelle Larsson,MIA,1114.0,0.0,-0.04,-0.25,-0.37,-0.48,-0.84,-1.52,-1.89,-3.41,2026,256,269,273,283
1629631,De'Andre Hunter,CLE,871.0,-0.97,-0.44,-1.38,-0.69,-0.3,-1.0,-2.14,-0.92,-3.06,2026,280,334,230,263
1630579,Jericho Sims,MIL,834.0,-1.67,-2.13,-3.83,-1.02,-1.31,-2.33,-2.63,-3.38,-6.02,2026,370,380,363,358
1642869,Noah Penda,ORL,450.0,-1.0,-1.0,-1.0,-0.31,-0.31,-0.61,-1.38,-1.38,-2.77,2026,227,246,232,241
1631126,Caleb Love,POR,702.0,-1.0,-1.0,-1.0,-0.47,-0.47,-0.94,-1.36,-1.36,-2.72,2026,270,298,270,236
1631321,Sidy Cissoko,POR,874.0,0.14,-0.03,-0.29,-0.17,-0.44,-0.61,-1.14,-2.23,-3.37,2026,228,188,260,282
1642849,Nolan Traore,BRK,789.0,-1.0,-1.0,-1.0,-0.53,-0.53,-1.06,-1.37,-1.37,-2.74,2026,287,310,279,240
1628988,Aaron Holiday,HOU,549.0,-0.13,-0.11,-0.15,-0.23,-0.15,-0.38,-1.6,-0.99,-2.59,2026,191,213,181,228
1630256,Jae'Sean Tate,HOU,285.0,-0.65,-0.62,-1.12,-0.24,-0.23,-0.47,-2.48,-2.29,-4.77,2026,205,221,214,330
1630623,Tyson Etienne,BRK,298.0,-1.77,-2.74,-4.6,-0.36,-0.62,-0.98,-2.84,-5.16,-8.01,2026,278,262,298,387
1641738,Kobe Brown,IND,561.0,-1.27,-3.81,-5.17,-0.41,-1.29,-1.7,-1.32,-4.5,-5.82,2026,341,279,361,356
1642885,Mohamed Diawara,NYK,425.0,-1.0,-1.0,-1.0,-0.25,-0.25,-0.5,-1.2,-1.2,-2.4,2026,209,225,220,218
1630570,Trendon Watford,PHI,648.0,-0.16,-0.86,-1.17,-0.15,-0.6,-0.75,-0.76,-2.8,-3.56,2026,246,183,294,290
1642266,Ja'Kobe Walter,TOR,1131.0,-0.06,-0.73,-1.18,-0.23,-0.94,-1.17,-0.85,-2.69,-3.54,2026,298,214,335,288
1642877,Micah Peavy,NOP,696.0,-1.0,-1.0,-1.0,-0.45,-0.45,-0.9,-1.31,-1.31,-2.61,2026,266,297,264,229
1641731,Bilal Coulibaly,WAS,903.0,-0.9,-3.95,-5.24,-0.69,-2.81,-3.5,-1.86,-7.05,-8.92,2026,393,335,397,392
1630198,Isaiah Joe,OKC,828.0,1.4,1.34,2.66,0.89,0.79,1.68,2.11,1.68,3.79,2026,45,49,44,57
1631246,Vince Williams Jr.,MEM,432.0,-0.21,-0.99,-1.35,-0.11,-0.41,-0.51,-0.71,-2.56,-3.27,2026,213,170,251,277
1629057,Robert Williams III,POR,916.0,1.22,1.31,2.56,0.93,1.0,1.93,2.52,2.71,5.23,2026,40,44,33,39
1629011,Mitchell Robinson,NYK,1027.0,0.97,0.59,1.53,0.85,0.5,1.36,2.17,1.26,3.43,2026,63,51,68,65
1631245,Quenton Jackson,IND,452.0,-1.12,-0.74,-1.89,-0.31,-0.2,-0.5,-1.4,-0.87,-2.26,2026,210,247,206,208
1642277,Johnny Furphy,IND,364.0,-0.24,-1.25,-1.88,-0.09,-0.37,-0.46,-0.7,-2.54,-3.25,2026,203,162,244,276
1630526,Jeremiah Robinson-Earl,IND,281.0,-2.69,-0.93,-3.77,-0.44,-0.15,-0.59,-3.37,-1.17,-4.54,2026,222,291,182,323
201567,Kevin Love,UTA,452.0,-0.19,0.63,1.01,0.02,0.35,0.37,0.5,2.08,2.59,2026,115,144,88,76
1641774,Tristan Vukcevic,WAS,429.0,-0.75,-0.96,-2.04,-0.19,-0.24,-0.44,-0.85,-1.05,-1.9,2026,196,202,216,198
1641989,Elijah Harkless,UTA,274.0,-0.32,-0.56,-1.03,-0.16,-0.29,-0.44,-1.71,-3.13,-4.84,2026,197,186,228,333
1629655,Daniel Gafford,DAL,651.0,1.88,0.63,2.48,1.36,0.43,1.8,5.5,1.7,7.2,2026,44,33,75,27
1642874,Danny Wolf,BRK,770.0,-1.0,-1.0,-1.0,-0.51,-0.51,-1.03,-1.36,-1.36,-2.72,2026,282,306,274,237
1642949,Yanic Konan Niederhäuser,LAC,274.0,-1.0,-1.0,-1.0,-0.17,-0.17,-0.33,-1.28,-1.28,-2.55,2026,181,189,191,225
203914,Gary Harris,MIL,457.0,-0.51,-1.19,-1.49,-0.18,-0.53,-0.71,-0.93,-3.16,-4.09,2026,242,196,280,306
1642272,Jared McCain,PHI,786.0,0.81,0.53,0.96,0.32,0.19,0.51,0.58,0.29,0.87,2026,102,98,113,119
1631255,Karlo Matković,NOP,622.0,0.3,0.26,0.35,-0.2,-0.09,-0.29,-1.82,-0.97,-2.79,2026,177,203,171,243
1629636,Darius Garland,CLE,828.0,1.27,0.53,1.71,0.84,0.33,1.17,2.69,0.99,3.68,2026,71,52,90,60
1628418,Thomas Bryant,CLE,487.0,0.01,0.0,0.04,0.03,0.02,0.05,0.21,0.19,0.41,2026,142,141,145,134
1641772,Nae'Qwan Tomlin,CLE,586.0,-0.44,-0.41,-1.0,-0.31,-0.28,-0.59,-1.67,-1.54,-3.21,2026,223,248,224,274
1631110,Jeremy Sochan,SAS,359.0,-0.54,-0.2,-1.07,-0.32,-0.18,-0.5,-2.86,-1.69,-4.55,2026,211,249,197,324
1630173,Precious Achiuwa,SAC,1063.0,-1.23,-2.73,-4.05,-0.84,-1.85,-2.69,-1.6,-3.53,-5.13,2026,380,359,387,338
1630224,Jalen Green,PHO,538.0,-1.69,-2.73,-4.69,-0.36,-0.58,-0.95,-0.53,-0.85,-1.38,2026,273,263,287,186
1642268,Isaiah Collier,UTA,944.0,-0.72,-3.17,-4.28,-0.86,-3.42,-4.28,-2.6,-9.68,-12.28,2026,398,362,400,400
1642364,Jamir Watkins,WAS,643.0,-1.0,-1.0,-1.0,-0.44,-0.44,-0.89,-1.39,-1.39,-2.79,2026,265,292,261,244
1628467,Maxi Kleber,LAL,278.0,-0.82,-1.74,-2.17,-0.14,-0.42,-0.56,-1.2,-4.19,-5.4,2026,219,180,254,348
1628368,De'Aaron Fox,SAS,1780.0,0.12,0.14,0.29,0.52,0.35,0.87,0.92,0.59,1.51,2026,83,79,89,102
1631121,Bryce McGowens,NOP,578.0,-2.21,-2.04,-4.52,-1.14,-1.05,-2.19,-5.27,-4.87,-10.14,2026,366,383,351,398
204456,T.J. McConnell,IND,651.0,0.38,0.41,1.12,0.25,0.27,0.52,1.13,1.19,2.32,2026,101,106,96,85
1642262,Cody Williams,UTA,742.0,-3.1,-5.61,-9.1,-2.09,-3.81,-5.9,-6.25,-11.4,-17.64,2026,401,397,401,401
1631342,Daeqwon Plowden,SAC,521.0,-0.5,-0.18,-0.72,-0.25,-0.08,-0.33,-1.36,-0.39,-1.75,2026,182,226,167,192
203926,Doug McDermott,SAC,251.0,-3.81,-1.46,-4.88,-0.62,-0.2,-0.81,-5.88,-1.68,-7.56,2026,253,324,207,383
1631250,Pete Nance,MIL,394.0,-1.42,-1.32,-2.89,-0.49,-0.45,-0.94,-3.15,-2.91,-6.07,2026,271,303,265,361
1642920,Kobe Sanders,LAC,978.0,-1.0,-1.0,-1.0,-0.73,-0.73,-1.46,-1.57,-1.57,-3.13,2026,319,343,313,268
1641757,Jordan Miller,LAC,897.0,-0.41,-1.39,-1.9,-0.36,-1.23,-1.59,-1.07,-3.74,-4.81,2026,333,264,358,331
1631288,Jamal Cain,ORL,355.0,-0.62,-1.1,-1.81,-0.24,-0.44,-0.68,-1.85,-3.39,-5.25,2026,239,222,262,341
1629632,Coby White,CHI,810.0,-0.27,-0.05,-0.46,-0.23,-0.08,-0.31,-0.89,-0.37,-1.26,2026,179,215,168,182
202331,Paul George,PHI,764.0,0.58,1.71,2.75,0.28,0.87,1.14,0.74,2.48,3.22,2026,74,104,39,68
2544,LeBron James,LAL,1549.0,1.01,0.16,1.98,2.0,0.75,2.75,4.12,1.77,5.89,2026,29,22,49,33
203937,Kyle Anderson,MIN,655.0,-0.19,-0.53,-0.45,0.12,0.04,0.16,1.08,1.05,2.13,2026,133,123,141,87
1631099,Keegan Murray,SAC,467.0,-0.47,-0.36,-0.98,-0.2,-0.16,-0.36,-1.2,-0.97,-2.17,2026,188,204,187,206
1631093,Jaden Ivey,DET,476.0,-1.03,-2.77,-4.06,-0.32,-0.83,-1.16,-1.47,-3.62,-5.09,2026,295,250,325,337
1629639,Tyler Herro,MIA,707.0,1.7,0.95,2.57,0.89,0.49,1.38,3.03,1.62,4.64,2026,59,50,70,44
1631114,Jalen Williams,OKC,567.0,-0.73,-0.75,-1.69,0.24,0.24,0.48,2.95,3.02,5.97,2026,106,107,103,31
1631123,Jamaree Bouyea,PHO,294.0,-1.77,-2.79,-4.66,-0.37,-0.64,-1.02,-3.04,-5.53,-8.57,2026,281,270,303,390
1630679,Ethan Thompson,IND,404.0,-1.0,-1.0,-1.0,-0.24,-0.24,-0.48,-1.2,-1.2,-2.41,2026,207,223,217,219
1642857,Kasparas Jakučionis,MIA,689.0,-1.0,-1.0,-1.0,-0.43,-0.43,-0.86,-1.27,-1.27,-2.54,2026,260,283,257,224
1629001,De'Anthony Melton,GSW,731.0,0.15,0.42,0.54,0.09,0.28,0.37,0.29,1.0,1.29,2026,116,129,95,109
1630264,Anthony Gill,WAS,634.0,-1.15,-0.59,-1.41,-1.24,-0.43,-1.67,-6.64,-1.96,-8.6,2026,339,386,258,391
1631204,Marcus Sasser,DET,345.0,-1.52,-1.11,-2.79,-0.32,-0.24,-0.56,-2.02,-1.49,-3.51,2026,220,251,218,286
1630182,Josh Green,CHO,562.0,-0.91,-2.17,-3.23,-0.53,-1.22,-1.75,-2.51,-5.73,-8.24,2026,348,311,357,388
1642942,,MEM,446.0,-1.0,-1.0,-1.0,-0.28,-0.28,-0.56,-1.28,-1.28,-2.57,2026,221,238,225,226
1641713,GG Jackson,MEM,537.0,-0.32,-1.84,-2.55,-0.22,-0.91,-1.12,-1.22,-4.48,-5.7,2026,293,211,332,354
1627827,Dorian Finney-Smith,HOU,470.0,-0.56,-0.54,-0.82,-0.34,-0.32,-0.65,-2.18,-2.01,-4.19,2026,234,256,235,310
1630695,Micah Potter,IND,564.0,-0.66,-0.89,-1.58,-0.43,-0.59,-1.03,-2.33,-3.22,-5.55,2026,283,284,290,352
1642880,Kam Jones,IND,302.0,-1.0,-1.0,-1.0,-0.17,-0.17,-0.34,-1.17,-1.17,-2.35,2026,184,190,192,214
1631131,Oscar Tshiebwe,UTA,272.0,-0.39,-0.15,-0.64,-0.18,-0.07,-0.25,-1.97,-0.76,-2.73,2026,170,197,162,238
1629684,Grant Williams,CHO,430.0,-0.32,-0.4,-0.75,-0.27,-0.34,-0.61,-2.07,-2.55,-4.62,2026,229,231,239,328
1630536,Sharife Cooper,WAS,499.0,-1.0,-1.0,-1.0,-0.35,-0.31,-0.66,-1.51,-1.16,-2.67,2026,236,260,233,233
1630703,Scoot Henderson,POR,577.0,-0.73,-2.9,-4.02,-0.38,-1.34,-1.73,-1.76,-5.68,-7.45,2026,345,273,367,381
1630165,Killian Hayes,SAC,255.0,-2.45,-1.06,-3.72,-0.43,-0.19,-0.62,-4.14,-1.88,-6.02,2026,230,285,202,359
1628369,Jayson Tatum,BOS,342.0,1.89,1.4,3.26,0.79,0.58,1.37,6.73,4.92,11.64,2026,62,56,60,10
1643052,,BRK,255.0,-1.0,-1.0,-1.0,-0.14,-0.14,-0.28,-1.18,-1.18,-2.36,2026,175,181,179,215
1643016,,UTA,252.0,-1.0,-1.0,-1.0,-0.18,-0.18,-0.36,-1.51,-1.51,-3.01,2026,189,198,198,258
1641869,,BRK,293.0,-1.0,-1.0,-1.0,-0.17,-0.17,-0.33,-1.19,-1.19,-2.38,2026,183,191,193,217
1629622,Max Strus,CLE,693.0,-0.66,-0.4,-0.97,-0.25,-0.15,-0.4,-0.68,-0.38,-1.06,2026,192,227,183,177
